tag,host,element,operation,layout,ran_layout,kernel,geom,warp,threads,pack_size,cube_n,nodes,elements,dofs,bsr_nnz,bsr_values_MiB,bsr_storage,repeat,seconds_per_call,MDOF_s,MDOF_s_element_visits,MELEM_s,GFLOP_s_model,n_colors,packs_per_color_min,packs_per_color_max,checksum,rhie_chow,rhie_chow_scale,boundary,ran_kernel,ran_rc,ran_boundary,exact_rc,pgrad_per_apply,live_vectors,upwind_eps,transient,s_qgrad,frac_qgrad,pa_bytes_per_dof,ms_zero_global,ms_zero_local,ms_gather_u,ms_element_kernel,ms_local_to_global,ms_ghost_reduce,ms_qgrad
residual_bare_n64,nid005742,hex8,residual,packed,packed,sumfact,affine,0.000000e+00,72,128,64,274625,262144,1098500,0,0.0000,n/a,20,4.053354263e-04,2710.1011,20695.4721,646.7335,487.6371,0,0,0,-1.235979634612e-14,0,0.000000,0,sumfact,off,off,0,0,0,0,0,,,0.000,,,,,,,
residual_bare_n64,nid005742,hex8,residual,ecolor,ecolor,sumfact,affine,0.000000e+00,72,128,64,274625,262144,1098500,0,0.0000,n/a,20,5.183458328e-04,2119.2415,16183.4194,505.7319,381.3218,0,0,0,-1.251418673548e-14,0,0.000000,0,sumfact,off,off,0,0,0,0,0,,,0.000,,,,,,,
residual_bare_n64,nid005742,hex8,residual,atomic,atomic,sumfact,affine,0.000000e+00,72,0,64,274625,262144,1098500,0,0.0000,n/a,20,1.022386551e-03,1074.4468,8204.9280,256.4040,193.3286,0,0,0,-1.254020758762e-14,0,0.000000,0,sumfact,off,off,0,0,0,0,0,,,0.000,,,,,,,
jac_bare_n64,nid005742,hex8,jac_action,packed,packed,sumfact,affine,0.000000e+00,72,128,64,274625,262144,1098500,0,0.0000,n/a,20,5.207657814e-04,2109.3936,16108.2166,503.3818,427.8745,0,0,0,-1.151812315230e-12,0,0.000000,0,n/a,off,off,0,0,0,0,0,,,0.000,,,,,,,
jac_bare_n64,nid005742,hex8,jac_action,ecolor,ecolor,sumfact,affine,0.000000e+00,72,128,64,274625,262144,1098500,0,0.0000,n/a,20,5.972862244e-04,1839.1517,14044.5362,438.8918,373.0580,0,0,0,-2.097774373915e-12,0,0.000000,0,n/a,off,off,0,0,0,0,0,,,0.000,,,,,,,
jac_bare_n64,nid005742,hex8,jac_action,atomic,atomic,sumfact,affine,0.000000e+00,72,0,64,274625,262144,1098500,0,0.0000,n/a,20,1.246762276e-03,881.0822,6728.3139,210.2598,178.7208,0,0,0,-1.151479248323e-12,0,0.000000,0,n/a,off,off,0,0,0,0,0,,,0.000,,,,,,,
residual_current_n64,nid005742,hex8,residual,atomic,atomic,current,affine,0.000000e+00,72,0,64,274625,262144,1098500,0,0.0000,n/a,20,1.315021515e-03,835.3475,6379.0652,199.3458,150.3067,0,0,0,-1.240218865106e-14,0,0.000000,0,current,off,off,0,0,0,0,0,,,0.000,,,,,,,
residual_current_n64,nid005742,hex8,residual,packed,packed,current,affine,0.000000e+00,72,128,64,274625,262144,1098500,0,0.0000,n/a,20,4.987001419e-04,2202.7265,16820.9457,525.6546,396.3435,0,0,0,-1.272137777064e-14,0,0.000000,0,current,off,off,0,0,0,0,0,,,0.000,,,,,,,
residual_rc_n64,nid005742,hex8,residual,packed,packed,sumfact,affine,0.000000e+00,72,128,64,274625,262144,1098500,0,0.0000,n/a,20,5.624890327e-04,1952.9270,14913.3717,466.0429,351.3963,0,0,0,-1.282860536550e-14,1,1.000000,0,sumfact,on,off,0,0,0,0,0,,,0.000,,,,,,,
residual_rc_n64,nid005742,hex8,residual,ecolor,ecolor,sumfact,affine,0.000000e+00,72,128,64,274625,262144,1098500,0,0.0000,n/a,20,7.202744484e-04,1525.1131,11646.4051,363.9502,274.4184,0,0,0,-1.256666212063e-14,1,1.000000,0,sumfact,on,off,0,0,0,0,0,,,0.000,,,,,,,
residual_rc_n64,nid005742,hex8,residual,atomic,atomic,sumfact,affine,0.000000e+00,72,0,64,274625,262144,1098500,0,0.0000,n/a,20,1.235914230e-03,888.8157,6787.3707,212.1053,159.9274,0,0,0,-1.256492739715e-14,1,1.000000,0,sumfact,on,off,0,0,0,0,0,,,0.000,,,,,,,
residual_rc_bnd_n64,nid005742,hex8,residual,packed,packed,sumfact,affine,0.000000e+00,72,128,64,274625,262144,1098500,0,0.0000,n/a,20,6.409883499e-04,1713.7597,13086.9898,408.9684,308.3622,0,0,0,3.727500000000e+00,1,1.000000,1,sumfact,on,on,0,0,0,0,0,,,0.000,,,,,,,
residual_rc_bnd_n64,nid005742,hex8,residual,ecolor,ecolor,sumfact,affine,0.000000e+00,72,128,64,274625,262144,1098500,0,0.0000,n/a,20,7.713079453e-04,1424.2042,10875.8221,339.8694,256.2616,0,0,0,3.727500000000e+00,1,1.000000,1,sumfact,on,on,0,0,0,0,0,,,0.000,,,,,,,
residual_rc_bnd_n64,nid005742,hex8,residual,atomic,atomic,sumfact,affine,0.000000e+00,72,0,64,274625,262144,1098500,0,0.0000,n/a,20,1.332569122e-03,824.3475,6295.0641,196.7208,148.3274,0,0,0,3.727500000000e+00,1,1.000000,1,sumfact,on,on,0,0,0,0,0,,,0.000,,,,,,,
residual_rc_bnd_dt_n64,nid005742,hex8,residual,packed,packed,sumfact,affine,0.000000e+00,72,128,64,274625,262144,1098500,0,0.0000,n/a,20,6.580829620e-04,1669.2424,12747.0372,398.3449,300.3521,0,0,0,6.759042994895e+00,1,1.000000,1,sumfact,on,on,0,0,0,0,1,,,0.000,,,,,,,
residual_rc_bnd_dt_n64,nid005742,hex8,residual,ecolor,ecolor,sumfact,affine,0.000000e+00,72,128,64,274625,262144,1098500,0,0.0000,n/a,20,8.199572563e-04,1339.7040,10230.5430,319.7045,241.0572,0,0,0,6.759448953731e+00,1,1.000000,1,sumfact,on,on,0,0,0,0,1,,,0.000,,,,,,,
residual_rc_bnd_dt_n64,nid005742,hex8,residual,atomic,atomic,sumfact,affine,0.000000e+00,72,0,64,274625,262144,1098500,0,0.0000,n/a,20,1.301431656e-03,844.0704,6445.6769,201.4274,151.8763,0,0,0,6.759448953731e+00,1,1.000000,1,sumfact,on,on,0,0,0,0,1,,,0.000,,,,,,,
residual_rc_perapply_n64,nid005742,hex8,residual,packed,packed,sumfact,affine,0.000000e+00,72,128,64,274625,262144,1098500,0,0.0000,n/a,20,6.509542465e-04,1687.5226,12886.6323,402.7073,303.6413,0,0,0,-1.282860536550e-14,1,1.000000,0,sumfact,on,off,0,1,0,0,0,,,0.000,,,,,,,
residual_rc_perapply_n64,nid005742,hex8,residual,atomic,atomic,sumfact,affine,0.000000e+00,72,0,64,274625,262144,1098500,0,0.0000,n/a,20,1.887595654e-03,581.9573,4444.0704,138.8772,104.7134,0,0,0,-1.256492739715e-14,1,1.000000,0,sumfact,on,off,0,1,0,0,0,,,0.000,,,,,,,
jac_rc_n64,nid005742,hex8,jac_action,packed,packed,sumfact,affine,0.000000e+00,72,128,64,274625,262144,1098500,0,0.0000,n/a,20,9.764313698e-04,1125.0151,8591.0882,268.4715,228.2008,0,0,0,3.033959260039e-13,1,1.000000,0,n/a,exact,off,1,0,0,0,0,2.209024000e-04,0.226234,0.000,,,,,,,
jac_rc_n64,nid005742,hex8,jac_action,ecolor,ecolor,sumfact,affine,0.000000e+00,72,128,64,274625,262144,1098500,0,0.0000,n/a,20,1.268815994e-03,865.7678,6611.3668,206.6052,175.6144,0,0,0,-6.895899866757e-14,1,1.000000,0,n/a,exact,off,1,0,0,0,0,4.675328000e-04,0.368480,0.000,,,,,,,
jac_rc_n64,nid005742,hex8,jac_action,atomic,atomic,sumfact,affine,0.000000e+00,72,0,64,274625,262144,1098500,0,0.0000,n/a,20,2.621924877e-03,418.9670,3199.4082,99.9815,84.9843,0,0,0,2.991632007225e-13,1,1.000000,0,n/a,exact,off,1,0,0,0,0,1.366579200e-03,0.521212,0.000,,,,,,,
jac_rc_bnd_n64,nid005742,hex8,jac_action,packed,packed,sumfact,affine,0.000000e+00,72,128,64,274625,262144,1098500,0,0.0000,n/a,20,1.056146622e-03,1040.1018,7942.6548,248.2080,210.9768,0,0,0,5.047023127365e+00,1,1.000000,1,n/a,exact,on,1,0,0,0,0,2.306688000e-04,0.218406,0.000,,,,,,,
jac_rc_bnd_n64,nid005742,hex8,jac_action,ecolor,ecolor,sumfact,affine,0.000000e+00,72,128,64,274625,262144,1098500,0,0.0000,n/a,20,1.391637325e-03,789.3580,6027.8694,188.3709,160.1153,0,0,0,5.044934535980e+00,1,1.000000,1,n/a,exact,on,1,0,0,0,0,4.760192000e-04,0.342057,0.000,,,,,,,
jac_rc_bnd_n64,nid005742,hex8,jac_action,atomic,atomic,sumfact,affine,0.000000e+00,72,0,64,274625,262144,1098500,0,0.0000,n/a,20,2.694582939e-03,407.6698,3113.1378,97.2856,82.6927,0,0,0,5.047023127365e+00,1,1.000000,1,n/a,exact,on,1,0,0,0,0,1.367347200e-03,0.507443,0.000,,,,,,,
assemble_n64,nid005742,hex8,assemble,packed,packed,sumfact,affine,0.000000e+00,72,128,64,274625,262144,1098500,7189057,877.5704,f64,20,1.231049299e-02,89.2328,681.4193,21.2944,49.0622,0,0,0,2.702547346339e-10,0,0.000000,0,sumfact,off,off,0,0,0,0,0,,,0.000,,,,,,,
assemble_n64,nid005742,hex8,assemble,atomic,atomic,sumfact,affine,0.000000e+00,72,0,64,274625,262144,1098500,7189057,877.5704,f64,20,2.769942284e-02,39.6579,302.8441,9.4639,21.8048,0,0,0,2.702932316173e-10,0,0.000000,0,sumfact,off,off,0,0,0,0,0,,,0.000,,,,,,,
assemble_n64,nid005742,hex8,assemble,colored,colored,sumfact,affine,0.000000e+00,72,128,64,274625,262144,1098500,7189057,877.5704,f64,20,1.140518188e-02,96.3159,735.5085,22.9846,52.9566,14,146,147,2.702547346339e-10,0,0.000000,0,sumfact,off,off,0,0,0,0,0,,,0.000,,,,,,,
assemble_n64,nid005742,hex8,assemble,store,store,sumfact,affine,0.000000e+00,72,128,64,274625,262144,1098500,7189057,877.5704,f64,20,9.449470043e-03,116.2499,887.7332,27.7417,63.9168,0,0,0,2.702547346339e-10,0,0.000000,0,sumfact,off,off,0,0,0,0,0,,,0.000,,,,,,,
assemble_sympy_n64,nid005742,hex8,assemble,atomic,atomic,sympy,affine,0.000000e+00,72,0,64,274625,262144,1098500,7189057,877.5704,f64,20,1.934149265e-02,56.7950,433.7105,13.5535,31.2272,0,0,0,2.702932318341e-10,0,0.000000,0,sympy,off,off,0,0,0,0,0,,,0.000,,,,,,,
assemble_sympy_n64,nid005742,hex8,assemble,colored,colored,sympy,affine,0.000000e+00,72,128,64,274625,262144,1098500,7189057,877.5704,f64,20,1.183911562e-02,92.7856,708.5502,22.1422,51.0156,14,146,147,2.702547348507e-10,0,0.000000,0,sympy,off,off,0,0,0,0,0,,,0.000,,,,,,,
assemble_diag_n64,nid005742,hex8,assemble_diag,atomic,atomic,sumfact,affine,0.000000e+00,72,0,64,274625,262144,1098500,0,0.0000,n/a,20,1.016774178e-02,108.0378,825.0217,25.7819,19.4396,0,0,0,5.801523603040e+02,0,0.000000,0,n/a,off,off,0,0,0,0,0,,,0.000,,,,,,,
spmv_f64_n64,nid005742,hex8,bsr_apply,packed,n/a,sumfact,affine,0.000000e+00,72,128,64,274625,262144,1098500,7189057,877.5704,f64,20,2.295017242e-03,478.6456,0.0000,0.0000,0.0000,0,0,0,-1.151445421215e-12,0,0.000000,0,n/a,off,off,0,0,0,0,0,,,0.000,,,,,,,
spmv_f32_n64,nid005742,hex8,bsr_apply,packed,n/a,sumfact,affine,0.000000e+00,72,128,64,274625,262144,1098500,7189057,438.7852,f32,20,9.958505630e-04,1103.0771,0.0000,0.0000,0.0000,0,0,0,1.266337291522e-05,0,0.000000,0,n/a,off,off,0,0,0,0,0,,,0.000,,,,,,,
residual_bare_n96,nid005742,hex8,residual,packed,packed,sumfact,affine,0.000000e+00,72,512,96,912673,884736,3650692,0,0.0000,n/a,20,1.271736622e-03,2870.6353,22262.1190,695.6912,524.5512,0,0,0,9.553718493399e-14,0,0.000000,0,sumfact,off,off,0,0,0,0,0,,,0.000,,,,,,,
residual_bare_n96,nid005742,hex8,residual,ecolor,ecolor,sumfact,affine,0.000000e+00,72,512,96,912673,884736,3650692,0,0.0000,n/a,20,2.072286606e-03,1761.6733,13661.9867,426.9371,321.9106,0,0,0,1.006580886351e-13,0,0.000000,0,sumfact,off,off,0,0,0,0,0,,,0.000,,,,,,,
residual_bare_n96,nid005742,hex8,residual,atomic,atomic,sumfact,affine,0.000000e+00,72,0,96,912673,884736,3650692,0,0.0000,n/a,20,3.234791756e-03,1128.5709,8752.2023,273.5063,206.2238,0,0,0,9.868744276637e-14,0,0.000000,0,sumfact,off,off,0,0,0,0,0,,,0.000,,,,,,,
jac_bare_n96,nid005742,hex8,jac_action,packed,packed,sumfact,affine,0.000000e+00,72,512,96,912673,884736,3650692,0,0.0000,n/a,20,1.754689217e-03,2080.5348,16134.7957,504.2124,428.5805,0,0,0,-2.009048702682e-12,0,0.000000,0,n/a,off,off,0,0,0,0,0,,,0.000,,,,,,,
jac_bare_n96,nid005742,hex8,jac_action,ecolor,ecolor,sumfact,affine,0.000000e+00,72,512,96,912673,884736,3650692,0,0.0000,n/a,20,2.467155457e-03,1479.7171,11475.3823,358.6057,304.8148,0,0,0,-3.581897758541e-12,0,0.000000,0,n/a,off,off,0,0,0,0,0,,,0.000,,,,,,,
jac_bare_n96,nid005742,hex8,jac_action,atomic,atomic,sumfact,affine,0.000000e+00,72,0,96,912673,884736,3650692,0,0.0000,n/a,20,3.887081146e-03,939.1860,7283.4991,227.6093,193.4679,0,0,0,-1.946265590640e-12,0,0.000000,0,n/a,off,off,0,0,0,0,0,,,0.000,,,,,,,
residual_current_n96,nid005742,hex8,residual,atomic,atomic,current,affine,0.000000e+00,72,0,96,912673,884736,3650692,0,0.0000,n/a,20,4.203701019e-03,868.4471,6734.9109,210.4660,158.6913,0,0,0,1.028125609821e-13,0,0.000000,0,current,off,off,0,0,0,0,0,,,0.000,,,,,,,
residual_current_n96,nid005742,hex8,residual,packed,packed,current,affine,0.000000e+00,72,512,96,912673,884736,3650692,0,0.0000,n/a,20,1.859521866e-03,1963.2423,15225.1783,475.7868,358.7433,0,0,0,1.028819499212e-13,0,0.000000,0,current,off,off,0,0,0,0,0,,,0.000,,,,,,,
residual_rc_n96,nid005742,hex8,residual,packed,packed,sumfact,affine,0.000000e+00,72,512,96,912673,884736,3650692,0,0.0000,n/a,20,1.951277256e-03,1870.9243,14509.2410,453.4138,341.8740,0,0,0,1.003804244587e-13,1,1.000000,0,sumfact,on,off,0,0,0,0,0,,,0.000,,,,,,,
residual_rc_n96,nid005742,hex8,residual,ecolor,ecolor,sumfact,affine,0.000000e+00,72,512,96,912673,884736,3650692,0,0.0000,n/a,20,2.891945839e-03,1262.3653,9789.7933,305.9310,230.6720,0,0,0,1.043078384083e-13,1,1.000000,0,sumfact,on,off,0,0,0,0,0,,,0.000,,,,,,,
residual_rc_n96,nid005742,hex8,residual,atomic,atomic,sumfact,affine,0.000000e+00,72,0,96,912673,884736,3650692,0,0.0000,n/a,20,3.958725929e-03,922.1886,7151.6828,223.4901,168.5115,0,0,0,1.025453593567e-13,1,1.000000,0,sumfact,on,off,0,0,0,0,0,,,0.000,,,,,,,
residual_rc_bnd_n96,nid005742,hex8,residual,packed,packed,sumfact,affine,0.000000e+00,72,512,96,912673,884736,3650692,0,0.0000,n/a,20,2.177703381e-03,1676.3954,13000.6466,406.2702,306.3277,0,0,0,3.727500000000e+00,1,1.000000,1,sumfact,on,on,0,0,0,0,0,,,0.000,,,,,,,
residual_rc_bnd_n96,nid005742,hex8,residual,ecolor,ecolor,sumfact,affine,0.000000e+00,72,512,96,912673,884736,3650692,0,0.0000,n/a,20,3.250074387e-03,1123.2641,8711.0474,272.2202,205.2541,0,0,0,3.727500000000e+00,1,1.000000,1,sumfact,on,on,0,0,0,0,0,,,0.000,,,,,,,
residual_rc_bnd_n96,nid005742,hex8,residual,atomic,atomic,sumfact,affine,0.000000e+00,72,0,96,912673,884736,3650692,0,0.0000,n/a,20,4.095244408e-03,891.4467,6913.2753,216.0399,162.8940,0,0,0,3.727500000000e+00,1,1.000000,1,sumfact,on,on,0,0,0,0,0,,,0.000,,,,,,,
residual_rc_bnd_dt_n96,nid005742,hex8,residual,packed,packed,sumfact,affine,0.000000e+00,72,512,96,912673,884736,3650692,0,0.0000,n/a,20,2.303659916e-03,1584.7357,12289.8140,384.0567,289.5787,0,0,0,6.759195490287e+00,1,1.000000,1,sumfact,on,on,0,0,0,0,1,,,0.000,,,,,,,
residual_rc_bnd_dt_n96,nid005742,hex8,residual,ecolor,ecolor,sumfact,affine,0.000000e+00,72,512,96,912673,884736,3650692,0,0.0000,n/a,20,3.368318081e-03,1083.8323,8405.2489,262.6640,198.0487,0,0,0,6.759287405709e+00,1,1.000000,1,sumfact,on,on,0,0,0,0,1,,,0.000,,,,,,,
residual_rc_bnd_dt_n96,nid005742,hex8,residual,atomic,atomic,sumfact,affine,0.000000e+00,72,0,96,912673,884736,3650692,0,0.0000,n/a,20,4.226005077e-03,863.8636,6699.3654,209.3552,157.8538,0,0,0,6.759287405709e+00,1,1.000000,1,sumfact,on,on,0,0,0,0,1,,,0.000,,,,,,,
residual_rc_perapply_n96,nid005742,hex8,residual,packed,packed,sumfact,affine,0.000000e+00,72,512,96,912673,884736,3650692,0,0.0000,n/a,20,2.322888374e-03,1571.6175,12188.0811,380.8775,287.1817,0,0,0,1.003804244587e-13,1,1.000000,0,sumfact,on,off,0,1,0,0,0,,,0.000,,,,,,,
residual_rc_perapply_n96,nid005742,hex8,residual,atomic,atomic,sumfact,affine,0.000000e+00,72,0,96,912673,884736,3650692,0,0.0000,n/a,20,5.865859985e-03,622.3626,4826.4964,150.8280,113.7243,0,0,0,1.025453593567e-13,1,1.000000,0,sumfact,on,off,0,1,0,0,0,,,0.000,,,,,,,
jac_rc_n96,nid005742,hex8,jac_action,packed,packed,sumfact,affine,0.000000e+00,72,512,96,912673,884736,3650692,0,0.0000,n/a,20,3.818333149e-03,956.0957,7414.6364,231.7074,196.9513,0,0,0,2.763892901440e-13,1,1.000000,0,n/a,exact,off,1,0,0,0,0,9.762432000e-04,0.255673,0.000,,,,,,,
jac_rc_n96,nid005742,hex8,jac_action,ecolor,ecolor,sumfact,affine,0.000000e+00,72,512,96,912673,884736,3650692,0,0.0000,n/a,20,6.773650646e-03,538.9549,4179.6593,130.6144,111.0222,0,0,0,5.559625297028e-13,1,1.000000,0,n/a,exact,off,1,0,0,0,0,2.447769600e-03,0.361366,0.000,,,,,,,
jac_rc_n96,nid005742,hex8,jac_action,atomic,atomic,sumfact,affine,0.000000e+00,72,0,96,912673,884736,3650692,0,0.0000,n/a,20,8.518612385e-03,428.5548,3323.4934,103.8592,88.2803,0,0,0,2.773607352905e-13,1,1.000000,0,n/a,exact,off,1,0,0,0,0,4.281664000e-03,0.502625,0.000,,,,,,,
jac_rc_bnd_n96,nid005742,hex8,jac_action,packed,packed,sumfact,affine,0.000000e+00,72,512,96,912673,884736,3650692,0,0.0000,n/a,20,4.109311104e-03,888.3951,6889.6103,215.3003,183.0053,0,0,0,5.047058237368e+00,1,1.000000,1,n/a,exact,on,1,0,0,0,0,1.005888000e-03,0.244783,0.000,,,,,,,
jac_rc_bnd_n96,nid005742,hex8,jac_action,ecolor,ecolor,sumfact,affine,0.000000e+00,72,512,96,912673,884736,3650692,0,0.0000,n/a,20,7.570171356e-03,482.2469,3739.8826,116.8713,99.3406,0,0,0,5.043879373204e+00,1,1.000000,1,n/a,exact,on,1,0,0,0,0,2.646438400e-03,0.349588,0.000,,,,,,,
jac_rc_bnd_n96,nid005742,hex8,jac_action,atomic,atomic,sumfact,affine,0.000000e+00,72,0,96,912673,884736,3650692,0,0.0000,n/a,20,8.753633499e-03,417.0488,3234.2629,101.0707,85.9101,0,0,0,5.047058237368e+00,1,1.000000,1,n/a,exact,on,1,0,0,0,0,4.276160000e-03,0.488501,0.000,,,,,,,
assemble_n96,nid005742,hex8,assemble,packed,packed,sumfact,affine,0.000000e+00,72,512,96,912673,884736,3650692,24137569,2946.4806,f64,20,6.009707451e-02,60.7466,471.0970,14.7218,33.9190,0,0,0,7.386596588159e-11,0,0.000000,0,sumfact,off,off,0,0,0,0,0,,,0.000,,,,,,,
assemble_n96,nid005742,hex8,assemble,atomic,atomic,sumfact,affine,0.000000e+00,72,0,96,912673,884736,3650692,24137569,2946.4806,f64,20,9.352378845e-02,39.0349,302.7203,9.4600,21.7959,0,0,0,7.342422201788e-11,0,0.000000,0,sumfact,off,off,0,0,0,0,0,,,0.000,,,,,,,
assemble_n96,nid005742,hex8,assemble,colored,colored,sumfact,affine,0.000000e+00,72,512,96,912673,884736,3650692,24137569,2946.4806,f64,20,3.689075708e-02,98.9595,767.4430,23.9826,55.2559,19,90,91,7.389472065792e-11,0,0.000000,0,sumfact,off,off,0,0,0,0,0,,,0.000,,,,,,,
assemble_n96,nid005742,hex8,assemble,store,store,sumfact,affine,0.000000e+00,72,512,96,912673,884736,3650692,24137569,2946.4806,f64,20,4.186419249e-02,87.2032,676.2713,21.1335,48.6915,0,0,0,7.386596588159e-11,0,0.000000,0,sumfact,off,off,0,0,0,0,0,,,0.000,,,,,,,
assemble_sympy_n96,nid005742,hex8,assemble,atomic,atomic,sympy,affine,0.000000e+00,72,0,96,912673,884736,3650692,24137569,2946.4806,f64,20,6.570886374e-02,55.5586,430.8635,13.4645,31.0222,0,0,0,6.578006241380e-11,0,0.000000,0,sympy,off,off,0,0,0,0,0,,,0.000,,,,,,,
assemble_sympy_n96,nid005742,hex8,assemble,colored,colored,sympy,affine,0.000000e+00,72,512,96,912673,884736,3650692,24137569,2946.4806,f64,20,4.077461958e-02,89.5334,694.3425,21.6982,49.9927,19,90,91,6.632765216512e-11,0,0.000000,0,sympy,off,off,0,0,0,0,0,,,0.000,,,,,,,
assemble_diag_n96,nid005742,hex8,assemble_diag,atomic,atomic,sumfact,affine,0.000000e+00,72,0,96,912673,884736,3650692,0,0.0000,n/a,20,3.243204355e-02,112.5644,872.9500,27.2797,20.5689,0,0,0,1.054549351220e+03,0,0.000000,0,n/a,off,off,0,0,0,0,0,,,0.000,,,,,,,
spmv_f64_n96,nid005742,hex8,bsr_apply,packed,n/a,sumfact,affine,0.000000e+00,72,512,96,912673,884736,3650692,24137569,2946.4806,f64,20,8.294928074e-03,440.1114,0.0000,0.0000,0.0000,0,0,0,-2.227890574390e-12,0,0.000000,0,n/a,off,off,0,0,0,0,0,,,0.000,,,,,,,
spmv_f32_n96,nid005742,hex8,bsr_apply,packed,n/a,sumfact,affine,0.000000e+00,72,512,96,912673,884736,3650692,24137569,1473.2403,f32,20,4.367637634e-03,835.8505,0.0000,0.0000,0.0000,0,0,0,-1.159811748818e-06,0,0.000000,0,n/a,off,off,0,0,0,0,0,,,0.000,,,,,,,
residual_bare_n128,nid005742,hex8,residual,packed,packed,sumfact,affine,0.000000e+00,72,1024,128,2146689,2097152,8586756,0,0.0000,n/a,20,3.338825703e-03,2571.7892,20099.5410,628.1107,473.5954,0,0,0,1.366551186446e-13,0,0.000000,0,sumfact,off,off,0,0,0,0,0,,,0.000,,,,,,,
residual_bare_n128,nid005742,hex8,residual,ecolor,ecolor,sumfact,affine,0.000000e+00,72,1024,128,2146689,2097152,8586756,0,0.0000,n/a,20,4.839432240e-03,1774.3313,13867.0945,433.3467,326.7434,0,0,0,1.381344040888e-13,0,0.000000,0,sumfact,off,off,0,0,0,0,0,,,0.000,,,,,,,
residual_bare_n128,nid005742,hex8,residual,atomic,atomic,sumfact,affine,0.000000e+00,72,0,128,2146689,2097152,8586756,0,0.0000,n/a,20,7.940828800e-03,1081.3425,8451.1158,264.0974,199.1294,0,0,0,1.381469808340e-13,0,0.000000,0,sumfact,off,off,0,0,0,0,0,,,0.000,,,,,,,
jac_bare_n128,nid005742,hex8,jac_action,packed,packed,sumfact,affine,0.000000e+00,72,1024,128,2146689,2097152,8586756,0,0.0000,n/a,20,4.461956024e-03,1924.4376,15040.2343,470.0073,399.5062,0,0,0,-2.268767828771e-12,0,0.000000,0,n/a,off,off,0,0,0,0,0,,,0.000,,,,,,,
jac_bare_n128,nid005742,hex8,jac_action,ecolor,ecolor,sumfact,affine,0.000000e+00,72,1024,128,2146689,2097152,8586756,0,0.0000,n/a,20,6.719326973e-03,1277.9191,9987.4384,312.1074,265.2913,0,0,0,-2.925569671502e-13,0,0.000000,0,n/a,off,off,0,0,0,0,0,,,0.000,,,,,,,
jac_bare_n128,nid005742,hex8,jac_action,atomic,atomic,sumfact,affine,0.000000e+00,72,0,128,2146689,2097152,8586756,0,0.0000,n/a,20,8.851468563e-03,970.0939,7581.6644,236.9270,201.3880,0,0,0,-2.268767828771e-12,0,0.000000,0,n/a,off,off,0,0,0,0,0,,,0.000,,,,,,,
residual_current_n128,nid005742,hex8,residual,atomic,atomic,current,affine,0.000000e+00,72,0,128,2146689,2097152,8586756,0,0.0000,n/a,20,1.012398005e-02,848.1601,6628.7037,207.1470,156.1888,0,0,0,1.381248631097e-13,0,0.000000,0,current,off,off,0,0,0,0,0,,,0.000,,,,,,,
residual_current_n128,nid005742,hex8,residual,packed,packed,current,affine,0.000000e+00,72,1024,128,2146689,2097152,8586756,0,0.0000,n/a,20,4.040586948e-03,2125.1259,16608.6920,519.0216,391.3423,0,0,0,1.366330009203e-13,0,0.000000,0,current,off,off,0,0,0,0,0,,,0.000,,,,,,,
residual_rc_n128,nid005742,hex8,residual,packed,packed,sumfact,affine,0.000000e+00,72,1024,128,2146689,2097152,8586756,0,0.0000,n/a,20,4.888963699e-03,1756.3550,13726.6030,428.9563,323.4331,0,0,0,1.366482339608e-13,1,1.000000,0,sumfact,on,off,0,0,0,0,0,,,0.000,,,,,,,
residual_rc_n128,nid005742,hex8,residual,ecolor,ecolor,sumfact,affine,0.000000e+00,72,1024,128,2146689,2097152,8586756,0,0.0000,n/a,20,7.440876961e-03,1153.9978,9018.9455,281.8420,212.5089,0,0,0,1.381327235754e-13,1,1.000000,0,sumfact,on,off,0,0,0,0,0,,,0.000,,,,,,,
residual_rc_n128,nid005742,hex8,residual,atomic,atomic,sumfact,affine,0.000000e+00,72,0,128,2146689,2097152,8586756,0,0.0000,n/a,20,9.524655342e-03,901.5293,7045.8050,220.1814,166.0168,0,0,0,1.381470350441e-13,1,1.000000,0,sumfact,on,off,0,0,0,0,0,,,0.000,,,,,,,
residual_rc_bnd_n128,nid005742,hex8,residual,packed,packed,sumfact,affine,0.000000e+00,72,1024,128,2146689,2097152,8586756,0,0.0000,n/a,20,5.469381809e-03,1569.9683,12269.9176,383.4349,289.1099,0,0,0,3.727500000000e+00,1,1.000000,1,sumfact,on,on,0,0,0,0,0,,,0.000,,,,,,,
residual_rc_bnd_n128,nid005742,hex8,residual,ecolor,ecolor,sumfact,affine,0.000000e+00,72,1024,128,2146689,2097152,8586756,0,0.0000,n/a,20,7.897746563e-03,1087.2413,8497.2167,265.5380,200.2157,0,0,0,3.727500000000e+00,1,1.000000,1,sumfact,on,on,0,0,0,0,0,,,0.000,,,,,,,
residual_rc_bnd_n128,nid005742,hex8,residual,atomic,atomic,sumfact,affine,0.000000e+00,72,0,128,2146689,2097152,8586756,0,0.0000,n/a,20,1.002616882e-02,856.4344,6693.3706,209.1678,157.7125,0,0,0,3.727500000000e+00,1,1.000000,1,sumfact,on,on,0,0,0,0,0,,,0.000,,,,,,,
residual_rc_bnd_dt_n128,nid005742,hex8,residual,packed,packed,sumfact,affine,0.000000e+00,72,1024,128,2146689,2097152,8586756,0,0.0000,n/a,20,5.930626392e-03,1447.8666,11315.6452,353.6139,266.6249,0,0,0,6.759412313613e+00,1,1.000000,1,sumfact,on,on,0,0,0,0,1,,,0.000,,,,,,,
residual_rc_bnd_dt_n128,nid005742,hex8,residual,ecolor,ecolor,sumfact,affine,0.000000e+00,72,1024,128,2146689,2097152,8586756,0,0.0000,n/a,20,8.567905426e-03,1002.2001,7832.5869,244.7683,184.5553,0,0,0,6.759329548060e+00,1,1.000000,1,sumfact,on,on,0,0,0,0,1,,,0.000,,,,,,,
residual_rc_bnd_dt_n128,nid005742,hex8,residual,atomic,atomic,sumfact,affine,0.000000e+00,72,0,128,2146689,2097152,8586756,0,0.0000,n/a,20,1.053962708e-02,814.7116,6367.2902,198.9778,150.0293,0,0,0,6.759329548060e+00,1,1.000000,1,sumfact,on,on,0,0,0,0,1,,,0.000,,,,,,,
residual_rc_perapply_n128,nid005742,hex8,residual,packed,packed,sumfact,affine,0.000000e+00,72,1024,128,2146689,2097152,8586756,0,0.0000,n/a,20,6.042826176e-03,1420.9835,11105.5427,347.0482,261.6743,0,0,0,1.366482339608e-13,1,1.000000,0,sumfact,on,off,0,1,0,0,0,,,0.000,,,,,,,
residual_rc_perapply_n128,nid005742,hex8,residual,atomic,atomic,sumfact,affine,0.000000e+00,72,0,128,2146689,2097152,8586756,0,0.0000,n/a,20,1.488313675e-02,576.9453,4509.0538,140.9079,106.2446,0,0,0,1.381470350441e-13,1,1.000000,0,sumfact,on,off,0,1,0,0,0,,,0.000,,,,,,,
jac_rc_n128,nid005742,hex8,jac_action,packed,packed,sumfact,affine,0.000000e+00,72,1024,128,2146689,2097152,8586756,0,0.0000,n/a,20,9.505152702e-03,903.3791,7060.2615,220.6332,187.5382,0,0,0,-3.069362255678e-13,1,1.000000,0,n/a,exact,off,1,0,0,0,0,2.433331200e-03,0.256001,0.000,,,,,,,
jac_rc_n128,nid005742,hex8,jac_action,ecolor,ecolor,sumfact,affine,0.000000e+00,72,1024,128,2146689,2097152,8586756,0,0.0000,n/a,20,1.875919104e-02,457.7359,3577.3858,111.7933,95.0243,0,0,0,7.779667752020e-13,1,1.000000,0,n/a,exact,off,1,0,0,0,0,8.090380800e-03,0.431276,0.000,,,,,,,
jac_rc_n128,nid005742,hex8,jac_action,atomic,atomic,sumfact,affine,0.000000e+00,72,0,128,2146689,2097152,8586756,0,0.0000,n/a,20,2.430964708e-02,353.2242,2760.5857,86.2683,73.3281,0,0,0,-3.078244039875e-13,1,1.000000,0,n/a,exact,off,1,0,0,0,0,1.476715520e-02,0.607461,0.000,,,,,,,
jac_rc_bnd_n128,nid005742,hex8,jac_action,packed,packed,sumfact,affine,0.000000e+00,72,1024,128,2146689,2097152,8586756,0,0.0000,n/a,20,1.019595861e-02,842.1725,6581.9082,205.6846,174.8319,0,0,0,5.048053297186e+00,1,1.000000,1,n/a,exact,on,1,0,0,0,0,2.521548800e-03,0.247309,0.000,,,,,,,
jac_rc_bnd_n128,nid005742,hex8,jac_action,ecolor,ecolor,sumfact,affine,0.000000e+00,72,1024,128,2146689,2097152,8586756,0,0.0000,n/a,20,1.974524260e-02,434.8772,3398.7359,106.2105,90.2789,0,0,0,5.045353208780e+00,1,1.000000,1,n/a,exact,on,1,0,0,0,0,8.367219200e-03,0.423759,0.000,,,,,,,
jac_rc_bnd_n128,nid005742,hex8,jac_action,atomic,atomic,sumfact,affine,0.000000e+00,72,0,128,2146689,2097152,8586756,0,0.0000,n/a,20,2.476826906e-02,346.6837,2709.4693,84.6709,71.9703,0,0,0,5.048053297186e+00,1,1.000000,1,n/a,exact,on,1,0,0,0,0,1.448906240e-02,0.584985,0.000,,,,,,,
assemble_n128,nid005742,hex8,assemble,packed,packed,sumfact,affine,0.000000e+00,72,1024,128,2146689,2097152,8586756,57066625,6966.1407,f64,20,1.486385226e-01,57.7694,451.4904,14.1091,32.5073,0,0,0,-3.076235482948e-08,0,0.000000,0,sumfact,off,off,0,0,0,0,0,,,0.000,,,,,,,
assemble_n128,nid005742,hex8,assemble,atomic,atomic,sumfact,affine,0.000000e+00,72,0,128,2146689,2097152,8586756,57066625,6966.1407,f64,20,2.232312441e-01,38.4657,300.6249,9.3945,21.6450,0,0,0,-3.076550014682e-08,0,0.000000,0,sumfact,off,off,0,0,0,0,0,,,0.000,,,,,,,
assemble_n128,nid005742,hex8,assemble,colored,colored,sumfact,affine,0.000000e+00,72,1024,128,2146689,2097152,8586756,57066625,6966.1407,f64,20,8.201562166e-02,104.6966,818.2449,25.5702,58.9136,14,146,147,-3.076235482948e-08,0,0.000000,0,sumfact,off,off,0,0,0,0,0,,,0.000,,,,,,,
assemble_n128,nid005742,hex8,assemble,store,store,sumfact,affine,0.000000e+00,72,1024,128,2146689,2097152,8586756,57066625,6966.1407,f64,20,1.083177924e-01,79.2737,619.5553,19.3611,44.6080,0,0,0,-3.076235482948e-08,0,0.000000,0,sumfact,off,off,0,0,0,0,0,,,0.000,,,,,,,
assemble_sympy_n128,nid005742,hex8,assemble,atomic,atomic,sympy,affine,0.000000e+00,72,0,128,2146689,2097152,8586756,57066625,6966.1407,f64,20,1.575696707e-01,54.4950,425.8996,13.3094,30.6648,0,0,0,-3.076550013728e-08,0,0.000000,0,sympy,off,off,0,0,0,0,0,,,0.000,,,,,,,
assemble_sympy_n128,nid005742,hex8,assemble,colored,colored,sympy,affine,0.000000e+00,72,1024,128,2146689,2097152,8586756,57066625,6966.1407,f64,20,8.603565693e-02,99.8046,780.0122,24.3754,56.1609,14,146,147,-3.076235482687e-08,0,0.000000,0,sympy,off,off,0,0,0,0,0,,,0.000,,,,,,,
assemble_diag_n128,nid005742,hex8,assemble_diag,atomic,atomic,sumfact,affine,0.000000e+00,72,0,128,2146689,2097152,8586756,0,0.0000,n/a,20,7.556669712e-02,113.6315,888.0746,27.7523,20.9253,0,0,0,1.651826180067e+03,0,0.000000,0,n/a,off,off,0,0,0,0,0,,,0.000,,,,,,,
spmv_f64_n128,nid005742,hex8,bsr_apply,packed,n/a,sumfact,affine,0.000000e+00,72,1024,128,2146689,2097152,8586756,57066625,6966.1407,f64,20,1.946412325e-02,441.1581,0.0000,0.0000,0.0000,0,0,0,-2.271657308876e-12,0,0.000000,0,n/a,off,off,0,0,0,0,0,,,0.000,,,,,,,
spmv_f32_n128,nid005742,hex8,bsr_apply,packed,n/a,sumfact,affine,0.000000e+00,72,1024,128,2146689,2097152,8586756,57066625,3483.0704,f32,20,1.034938097e-02,829.6879,0.0000,0.0000,0.0000,0,0,0,4.661746579456e-05,0,0.000000,0,n/a,off,off,0,0,0,0,0,,,0.000,,,,,,,
residual_bare_n160,nid005742,hex8,residual,packed,packed,sumfact,affine,0.000000e+00,72,2048,160,4173281,4096000,16693124,0,0.0000,n/a,20,6.691825390e-03,2494.5546,19586.8829,612.0901,461.5159,0,0,0,-6.683819079797e-14,0,0.000000,0,sumfact,off,off,0,0,0,0,0,,,0.000,,,,,,,
residual_bare_n160,nid005742,hex8,residual,ecolor,ecolor,sumfact,affine,0.000000e+00,72,2048,160,4173281,4096000,16693124,0,0.0000,n/a,20,2.354210615e-02,709.0752,5567.5562,173.9861,131.1855,0,0,0,-6.929976341039e-14,0,0.000000,0,sumfact,off,off,0,0,0,0,0,,,0.000,,,,,,,
residual_bare_n160,nid005742,hex8,residual,atomic,atomic,sumfact,affine,0.000000e+00,72,0,160,4173281,4096000,16693124,0,0.0000,n/a,20,1.564552784e-02,1066.9582,8377.6017,261.8001,197.3972,0,0,0,-7.000232641816e-14,0,0.000000,0,sumfact,off,off,0,0,0,0,0,,,0.000,,,,,,,
jac_bare_n160,nid005742,hex8,jac_action,packed,packed,sumfact,affine,0.000000e+00,72,2048,160,4173281,4096000,16693124,0,0.0000,n/a,20,9.023332596e-03,1849.9954,14525.8970,453.9343,385.8441,0,0,0,7.483083570110e-13,0,0.000000,0,n/a,off,off,0,0,0,0,0,,,0.000,,,,,,,
jac_bare_n160,nid005742,hex8,jac_action,ecolor,ecolor,sumfact,affine,0.000000e+00,72,2048,160,4173281,4096000,16693124,0,0.0000,n/a,20,2.978396416e-02,560.4735,4400.7574,137.5237,116.8951,0,0,0,5.436072422825e-12,0,0.000000,0,n/a,off,off,0,0,0,0,0,,,0.000,,,,,,,
jac_bare_n160,nid005742,hex8,jac_action,atomic,atomic,sumfact,affine,0.000000e+00,72,0,160,4173281,4096000,16693124,0,0.0000,n/a,20,1.720360518e-02,970.3271,7618.8682,238.0896,202.3762,0,0,0,7.694581056301e-13,0,0.000000,0,n/a,off,off,0,0,0,0,0,,,0.000,,,,,,,
residual_current_n160,nid005742,hex8,residual,atomic,atomic,current,affine,0.000000e+00,72,0,160,4173281,4096000,16693124,0,0.0000,n/a,20,2.032631636e-02,821.2567,6448.3893,201.5122,151.9402,0,0,0,-7.131918482433e-14,0,0.000000,0,current,off,off,0,0,0,0,0,,,0.000,,,,,,,
residual_current_n160,nid005742,hex8,residual,packed,packed,current,affine,0.000000e+00,72,2048,160,4173281,4096000,16693124,0,0.0000,n/a,20,7.895886898e-03,2114.1544,16600.0351,518.7511,391.1383,0,0,0,-6.568480297436e-14,0,0.000000,0,current,off,off,0,0,0,0,0,,,0.000,,,,,,,
residual_rc_n160,nid005742,hex8,residual,packed,packed,sumfact,affine,0.000000e+00,72,2048,160,4173281,4096000,16693124,0,0.0000,n/a,20,9.787499905e-03,1705.5555,13391.7754,418.4930,315.5437,0,0,0,-6.590924637659e-14,1,1.000000,0,sumfact,on,off,0,0,0,0,0,,,0.000,,,,,,,
residual_rc_n160,nid005742,hex8,residual,ecolor,ecolor,sumfact,affine,0.000000e+00,72,2048,160,4173281,4096000,16693124,0,0.0000,n/a,20,3.225811720e-02,517.4860,4063.2254,126.9758,95.7397,0,0,0,-6.929802868691e-14,1,1.000000,0,sumfact,on,off,0,0,0,0,0,,,0.000,,,,,,,
residual_rc_n160,nid005742,hex8,residual,atomic,atomic,sumfact,affine,0.000000e+00,72,0,160,4173281,4096000,16693124,0,0.0000,n/a,20,1.897166967e-02,879.8975,6908.8279,215.9009,162.7893,0,0,0,-7.109953901671e-14,1,1.000000,0,sumfact,on,off,0,0,0,0,0,,,0.000,,,,,,,
residual_rc_bnd_n160,nid005742,hex8,residual,packed,packed,sumfact,affine,0.000000e+00,72,2048,160,4173281,4096000,16693124,0,0.0000,n/a,20,1.072194576e-02,1556.9118,12224.6468,382.0202,288.0432,0,0,0,3.727500000000e+00,1,1.000000,1,sumfact,on,on,0,0,0,0,0,,,0.000,,,,,,,
residual_rc_bnd_n160,nid005742,hex8,residual,ecolor,ecolor,sumfact,affine,0.000000e+00,72,2048,160,4173281,4096000,16693124,0,0.0000,n/a,20,3.629406691e-02,459.9409,3611.3892,112.8559,85.0934,0,0,0,3.727500000000e+00,1,1.000000,1,sumfact,on,on,0,0,0,0,0,,,0.000,,,,,,,
residual_rc_bnd_n160,nid005742,hex8,residual,atomic,atomic,sumfact,affine,0.000000e+00,72,0,160,4173281,4096000,16693124,0,0.0000,n/a,20,1.986762285e-02,840.2175,6597.2664,206.1646,155.4481,0,0,0,3.727500000000e+00,1,1.000000,1,sumfact,on,on,0,0,0,0,0,,,0.000,,,,,,,
residual_rc_bnd_dt_n160,nid005742,hex8,residual,packed,packed,sumfact,affine,0.000000e+00,72,2048,160,4173281,4096000,16693124,0,0.0000,n/a,20,1.183513403e-02,1410.4719,11074.8218,346.0882,260.9505,0,0,0,6.759317416976e+00,1,1.000000,1,sumfact,on,on,0,0,0,0,1,,,0.000,,,,,,,
residual_rc_bnd_dt_n160,nid005742,hex8,residual,ecolor,ecolor,sumfact,affine,0.000000e+00,72,2048,160,4173281,4096000,16693124,0,0.0000,n/a,20,3.631259203e-02,459.7062,3609.5468,112.7983,85.0499,0,0,0,6.759324573300e+00,1,1.000000,1,sumfact,on,on,0,0,0,0,1,,,0.000,,,,,,,
residual_rc_bnd_dt_n160,nid005742,hex8,residual,atomic,atomic,sumfact,affine,0.000000e+00,72,0,160,4173281,4096000,16693124,0,0.0000,n/a,20,2.073971033e-02,804.8870,6319.8568,197.4955,148.9116,0,0,0,6.759324573300e+00,1,1.000000,1,sumfact,on,on,0,0,0,0,1,,,0.000,,,,,,,
residual_rc_perapply_n160,nid005742,hex8,residual,packed,packed,sumfact,affine,0.000000e+00,72,2048,160,4173281,4096000,16693124,0,0.0000,n/a,20,1.195353270e-02,1396.5013,10965.1267,342.6602,258.3658,0,0,0,-6.590924637659e-14,1,1.000000,0,sumfact,on,off,0,1,0,0,0,,,0.000,,,,,,,
residual_rc_perapply_n160,nid005742,hex8,residual,atomic,atomic,sumfact,affine,0.000000e+00,72,0,160,4173281,4096000,16693124,0,0.0000,n/a,20,2.872818708e-02,581.0713,4562.4877,142.5777,107.5036,0,0,0,-7.109953901671e-14,1,1.000000,0,sumfact,on,off,0,1,0,0,0,,,0.000,,,,,,,
jac_rc_n160,nid005742,hex8,jac_action,packed,packed,sumfact,affine,0.000000e+00,72,2048,160,4173281,4096000,16693124,0,0.0000,n/a,20,1.806932688e-02,923.8376,7253.8397,226.6825,192.6801,0,0,0,-5.547403831327e-13,1,1.000000,0,n/a,exact,off,1,0,0,0,0,4.753241600e-03,0.263056,0.000,,,,,,,
jac_rc_n160,nid005742,hex8,jac_action,ecolor,ecolor,sumfact,affine,0.000000e+00,72,2048,160,4173281,4096000,16693124,0,0.0000,n/a,20,8.286917210e-02,201.4395,1581.6738,49.4273,42.0132,0,0,0,4.218664331171e-13,1,1.000000,0,n/a,exact,off,1,0,0,0,0,4.195196160e-02,0.506243,0.000,,,,,,,
jac_rc_n160,nid005742,hex8,jac_action,atomic,atomic,sumfact,affine,0.000000e+00,72,0,160,4173281,4096000,16693124,0,0.0000,n/a,20,4.694044590e-02,355.6235,2792.3041,87.2595,74.1706,0,0,0,-5.609576320706e-13,1,1.000000,0,n/a,exact,off,1,0,0,0,0,2.843595520e-02,0.605788,0.000,,,,,,,
jac_rc_bnd_n160,nid005742,hex8,jac_action,packed,packed,sumfact,affine,0.000000e+00,72,2048,160,4173281,4096000,16693124,0,0.0000,n/a,20,1.907044649e-02,875.3400,6873.0431,214.7826,182.5652,0,0,0,5.046148336219e+00,1,1.000000,1,n/a,exact,on,1,0,0,0,0,4.864614400e-03,0.255087,0.000,,,,,,,
jac_rc_bnd_n160,nid005742,hex8,jac_action,ecolor,ecolor,sumfact,affine,0.000000e+00,72,2048,160,4173281,4096000,16693124,0,0.0000,n/a,20,8.559991121e-02,195.0133,1531.2165,47.8505,40.6729,0,0,0,5.041938959493e+00,1,1.000000,1,n/a,exact,on,1,0,0,0,0,4.250164480e-02,0.496515,0.000,,,,,,,
jac_rc_bnd_n160,nid005742,hex8,jac_action,atomic,atomic,sumfact,affine,0.000000e+00,72,0,160,4173281,4096000,16693124,0,0.0000,n/a,20,4.804494381e-02,347.4481,2728.1123,85.2535,72.4655,0,0,0,5.046148336219e+00,1,1.000000,1,n/a,exact,on,1,0,0,0,0,2.870474240e-02,0.597456,0.000,,,,,,,
assemble_n160,nid005742,hex8,assemble,packed,packed,sumfact,affine,0.000000e+00,72,2048,160,4173281,4096000,16693124,111284641,13584.5509,f64,20,3.002347112e-01,55.6002,436.5651,13.6427,31.4327,0,0,0,1.165429404451e-08,0,0.000000,0,sumfact,off,off,0,0,0,0,0,,,0.000,,,,,,,
assemble_n160,nid005742,hex8,assemble,atomic,atomic,sumfact,affine,0.000000e+00,72,0,160,4173281,4096000,16693124,111284641,13584.5509,f64,20,4.265984058e-01,39.1308,307.2492,9.6015,22.1219,0,0,0,1.164916721901e-08,0,0.000000,0,sumfact,off,off,0,0,0,0,0,,,0.000,,,,,,,
assemble_n160,nid005742,hex8,assemble,colored,colored,sumfact,affine,0.000000e+00,72,2048,160,4173281,4096000,16693124,111284641,13584.5509,f64,20,1.546323538e-01,107.9536,847.6363,26.4886,61.0298,20,99,101,1.165426806529e-08,0,0.000000,0,sumfact,off,off,0,0,0,0,0,,,0.000,,,,,,,
assemble_n160,nid005742,hex8,assemble,store,store,sumfact,affine,0.000000e+00,72,2048,160,4173281,4096000,16693124,111284641,13584.5509,f64,20,2.342047811e-01,71.2758,559.6470,17.4890,40.2946,0,0,0,1.165429404451e-08,0,0.000000,0,sumfact,off,off,0,0,0,0,0,,,0.000,,,,,,,
assemble_sympy_n160,nid005742,hex8,assemble,atomic,atomic,sympy,affine,0.000000e+00,72,0,160,4173281,4096000,16693124,111284641,13584.5509,f64,20,2.976254463e-01,56.0877,440.3925,13.7623,31.7083,0,0,0,1.167343591505e-08,0,0.000000,0,sympy,off,off,0,0,0,0,0,,,0.000,,,,,,,
assemble_sympy_n160,nid005742,hex8,assemble,colored,colored,sympy,affine,0.000000e+00,72,2048,160,4173281,4096000,16693124,111284641,13584.5509,f64,20,1.646568060e-01,101.3813,796.0315,24.8760,57.3143,20,99,101,1.168506756832e-08,0,0.000000,0,sympy,off,off,0,0,0,0,0,,,0.000,,,,,,,
assemble_diag_n160,nid005742,hex8,assemble_diag,atomic,atomic,sumfact,affine,0.000000e+00,72,0,160,4173281,4096000,16693124,0,0.0000,n/a,20,1.447581053e-01,115.3174,905.4553,28.2955,21.3348,0,0,0,2.371982944015e+03,0,0.000000,0,n/a,off,off,0,0,0,0,0,,,0.000,,,,,,,
spmv_f64_n160,nid005742,hex8,bsr_apply,packed,n/a,sumfact,affine,0.000000e+00,72,2048,160,4173281,4096000,16693124,111284641,13584.5509,f64,20,3.711481094e-02,449.7699,0.0000,0.0000,0.0000,0,0,0,7.157881465282e-13,0,0.000000,0,n/a,off,off,0,0,0,0,0,,,0.000,,,,,,,
spmv_f32_n160,nid005742,hex8,bsr_apply,packed,n/a,sumfact,affine,0.000000e+00,72,2048,160,4173281,4096000,16693124,111284641,6792.2755,f32,20,1.890872717e-02,882.8264,0.0000,0.0000,0.0000,0,0,0,4.118532892879e-05,0,0.000000,0,n/a,off,off,0,0,0,0,0,,,0.000,,,,,,,
residual_bare_n192,nid005742,hex8,residual,packed,packed,sumfact,affine,0.000000e+00,72,4096,192,7189057,7077888,28756228,0,0.0000,n/a,20,1.111097336e-02,2588.0926,20384.5702,637.0178,480.3114,0,0,0,-2.914920908814e-14,0,0.000000,0,sumfact,off,off,0,0,0,0,0,,,0.000,,,,,,,
residual_bare_n192,nid005742,hex8,residual,ecolor,ecolor,sumfact,affine,0.000000e+00,72,4096,192,7189057,7077888,28756228,0,0.0000,n/a,20,4.694663286e-02,612.5301,4824.4656,150.7646,113.6765,0,0,0,-1.949200349738e-14,0,0.000000,0,sumfact,off,off,0,0,0,0,0,,,0.000,,,,,,,
residual_bare_n192,nid005742,hex8,residual,atomic,atomic,sumfact,affine,0.000000e+00,72,0,192,7189057,7077888,28756228,0,0.0000,n/a,20,2.625772953e-02,1095.1529,8625.7426,269.5545,203.2441,0,0,0,-1.935149089582e-14,0,0.000000,0,sumfact,off,off,0,0,0,0,0,,,0.000,,,,,,,
jac_bare_n192,nid005742,hex8,jac_action,packed,packed,sumfact,affine,0.000000e+00,72,4096,192,7189057,7077888,28756228,0,0.0000,n/a,20,1.524194479e-02,1886.6508,14859.8108,464.3691,394.7137,0,0,0,2.572335378558e-11,0,0.000000,0,n/a,off,off,0,0,0,0,0,,,0.000,,,,,,,
jac_bare_n192,nid005742,hex8,jac_action,ecolor,ecolor,sumfact,affine,0.000000e+00,72,4096,192,7189057,7077888,28756228,0,0.0000,n/a,20,5.523091555e-02,520.6546,4100.8268,128.1508,108.9282,0,0,0,4.849060801330e-11,0,0.000000,0,n/a,off,off,0,0,0,0,0,,,0.000,,,,,,,
jac_bare_n192,nid005742,hex8,jac_action,atomic,atomic,sumfact,affine,0.000000e+00,72,0,192,7189057,7077888,28756228,0,0.0000,n/a,20,2.918292284e-02,985.3786,7761.1286,242.5353,206.1550,0,0,0,2.581439207359e-11,0,0.000000,0,n/a,off,off,0,0,0,0,0,,,0.000,,,,,,,
residual_current_n192,nid005742,hex8,residual,atomic,atomic,current,affine,0.000000e+00,72,0,192,7189057,7077888,28756228,0,0.0000,n/a,20,3.445874453e-02,834.5118,6572.8575,205.4018,154.8730,0,0,0,-1.950513589619e-14,0,0.000000,0,current,off,off,0,0,0,0,0,,,0.000,,,,,,,
residual_current_n192,nid005742,hex8,residual,packed,packed,current,affine,0.000000e+00,72,4096,192,7189057,7077888,28756228,0,0.0000,n/a,20,1.319739819e-02,2178.9316,17161.8991,536.3093,404.3772,0,0,0,-2.561136253163e-14,0,0.000000,0,current,off,off,0,0,0,0,0,,,0.000,,,,,,,
residual_rc_n192,nid005742,hex8,residual,packed,packed,sumfact,affine,0.000000e+00,72,4096,192,7189057,7077888,28756228,0,0.0000,n/a,20,1.722848415e-02,1669.1096,13146.3926,410.8248,309.7619,0,0,0,-3.009289865907e-14,1,1.000000,0,sumfact,on,off,0,0,0,0,0,,,0.000,,,,,,,
residual_rc_n192,nid005742,hex8,residual,ecolor,ecolor,sumfact,affine,0.000000e+00,72,4096,192,7189057,7077888,28756228,0,0.0000,n/a,20,6.184656620e-02,464.9608,3662.1664,114.4427,86.2898,0,0,0,-1.899240313630e-14,1,1.000000,0,sumfact,on,off,0,0,0,0,0,,,0.000,,,,,,,
residual_rc_n192,nid005742,hex8,residual,atomic,atomic,sumfact,affine,0.000000e+00,72,0,192,7189057,7077888,28756228,0,0.0000,n/a,20,3.188979626e-02,901.7376,7102.3475,221.9484,167.3491,0,0,0,-2.201602615493e-14,1,1.000000,0,sumfact,on,off,0,0,0,0,0,,,0.000,,,,,,,
residual_rc_bnd_n192,nid005742,hex8,residual,packed,packed,sumfact,affine,0.000000e+00,72,4096,192,7189057,7077888,28756228,0,0.0000,n/a,20,1.780269146e-02,1615.2742,12722.3693,397.5740,299.7708,0,0,0,3.727500000000e+00,1,1.000000,1,sumfact,on,on,0,0,0,0,0,,,0.000,,,,,,,
residual_rc_bnd_n192,nid005742,hex8,residual,ecolor,ecolor,sumfact,affine,0.000000e+00,72,4096,192,7189057,7077888,28756228,0,0.0000,n/a,20,6.481426954e-02,443.6713,3494.4838,109.2026,82.3388,0,0,0,3.727500000000e+00,1,1.000000,1,sumfact,on,on,0,0,0,0,0,,,0.000,,,,,,,
residual_rc_bnd_n192,nid005742,hex8,residual,atomic,atomic,sumfact,affine,0.000000e+00,72,0,192,7189057,7077888,28756228,0,0.0000,n/a,20,3.298190832e-02,871.8788,6867.1714,214.5991,161.8077,0,0,0,3.727500000000e+00,1,1.000000,1,sumfact,on,on,0,0,0,0,0,,,0.000,,,,,,,
residual_rc_bnd_dt_n192,nid005742,hex8,residual,packed,packed,sumfact,affine,0.000000e+00,72,4096,192,7189057,7077888,28756228,0,0.0000,n/a,20,2.005510330e-02,1433.8609,11293.5053,352.9220,266.1032,0,0,0,6.759335709367e+00,1,1.000000,1,sumfact,on,on,0,0,0,0,1,,,0.000,,,,,,,
residual_rc_bnd_dt_n192,nid005742,hex8,residual,ecolor,ecolor,sumfact,affine,0.000000e+00,72,4096,192,7189057,7077888,28756228,0,0.0000,n/a,20,6.679304838e-02,430.5273,3390.9579,105.9674,79.8994,0,0,0,6.759309506134e+00,1,1.000000,1,sumfact,on,on,0,0,0,0,1,,,0.000,,,,,,,
residual_rc_bnd_dt_n192,nid005742,hex8,residual,atomic,atomic,sumfact,affine,0.000000e+00,72,0,192,7189057,7077888,28756228,0,0.0000,n/a,20,3.569582701e-02,805.5907,6345.0671,198.2833,149.5056,0,0,0,6.759309506134e+00,1,1.000000,1,sumfact,on,on,0,0,0,0,1,,,0.000,,,,,,,
residual_rc_perapply_n192,nid005742,hex8,residual,packed,packed,sumfact,affine,0.000000e+00,72,4096,192,7189057,7077888,28756228,0,0.0000,n/a,20,2.025533915e-02,1419.6863,11181.8624,349.4332,263.4726,0,0,0,-3.009289865907e-14,1,1.000000,0,sumfact,on,off,0,1,0,0,0,,,0.000,,,,,,,
residual_rc_perapply_n192,nid005742,hex8,residual,atomic,atomic,sumfact,affine,0.000000e+00,72,0,192,7189057,7077888,28756228,0,0.0000,n/a,20,4.669458866e-02,615.8364,4850.5067,151.5783,114.2901,0,0,0,-2.201602615493e-14,1,1.000000,0,sumfact,on,off,0,1,0,0,0,,,0.000,,,,,,,
jac_rc_n192,nid005742,hex8,jac_action,packed,packed,sumfact,affine,0.000000e+00,72,4096,192,7189057,7077888,28756228,0,0.0000,n/a,20,3.133971691e-02,917.5650,7227.0090,225.8440,191.9674,0,0,0,-3.003928248995e-13,1,1.000000,0,n/a,exact,off,1,0,0,0,0,8.012083200e-03,0.255653,0.000,,,,,,,
jac_rc_n192,nid005742,hex8,jac_action,ecolor,ecolor,sumfact,affine,0.000000e+00,72,4096,192,7189057,7077888,28756228,0,0.0000,n/a,20,1.511029482e-01,190.3088,1498.9278,46.8415,39.8153,0,0,0,-1.781335363639e-12,1,1.000000,0,n/a,exact,off,1,0,0,0,0,7.636783360e-02,0.505403,0.000,,,,,,,
jac_rc_n192,nid005742,hex8,jac_action,atomic,atomic,sumfact,affine,0.000000e+00,72,0,192,7189057,7077888,28756228,0,0.0000,n/a,20,8.013947010e-02,358.8273,2826.2280,88.3196,75.0717,0,0,0,-3.094966537014e-13,1,1.000000,0,n/a,exact,off,1,0,0,0,0,4.794695680e-02,0.598294,0.000,,,,,,,
jac_rc_bnd_n192,nid005742,hex8,jac_action,packed,packed,sumfact,affine,0.000000e+00,72,4096,192,7189057,7077888,28756228,0,0.0000,n/a,20,3.267757893e-02,879.9987,6931.1260,216.5977,184.1080,0,0,0,5.049173453743e+00,1,1.000000,1,n/a,exact,on,1,0,0,0,0,7.948416000e-03,0.243238,0.000,,,,,,,
jac_rc_bnd_n192,nid005742,hex8,jac_action,ecolor,ecolor,sumfact,affine,0.000000e+00,72,4096,192,7189057,7077888,28756228,0,0.0000,n/a,20,1.537620544e-01,187.0177,1473.0059,46.0314,39.1267,0,0,0,5.049423490534e+00,1,1.000000,1,n/a,exact,on,1,0,0,0,0,7.632710400e-02,0.496398,0.000,,,,,,,
jac_rc_bnd_n192,nid005742,hex8,jac_action,atomic,atomic,sumfact,affine,0.000000e+00,72,0,192,7189057,7077888,28756228,0,0.0000,n/a,20,8.142017126e-02,353.1831,2781.7728,86.9304,73.8908,0,0,0,5.049173453743e+00,1,1.000000,1,n/a,exact,on,1,0,0,0,0,4.807308800e-02,0.590432,0.000,,,,,,,
assemble_n192,nid005742,hex8,assemble,packed,packed,sumfact,affine,0.000000e+00,72,4096,192,7189057,7077888,28756228,192100033,23449.7111,f64,20,5.182056546e-01,55.4919,437.0705,13.6585,31.4691,0,0,0,2.592910685214e-09,0,0.000000,0,sumfact,off,off,0,0,0,0,0,,,0.000,,,,,,,
assemble_n192,nid005742,hex8,assemble,atomic,atomic,sumfact,affine,0.000000e+00,72,0,192,7189057,7077888,28756228,192100033,23449.7111,f64,20,7.397315025e-01,38.8739,306.1819,9.5682,22.0451,0,0,0,2.591521534265e-09,0,0.000000,0,sumfact,off,off,0,0,0,0,0,,,0.000,,,,,,,
assemble_n192,nid005742,hex8,assemble,colored,colored,sumfact,affine,0.000000e+00,72,4096,192,7189057,7077888,28756228,192100033,23449.7111,f64,20,2.740944624e-01,104.9136,826.3298,25.8228,59.4957,19,90,91,2.592891644889e-09,0,0.000000,0,sumfact,off,off,0,0,0,0,0,,,0.000,,,,,,,
assemble_n192,nid005742,hex8,assemble,store,store,sumfact,affine,0.000000e+00,72,4096,192,7189057,7077888,28756228,192100033,23449.7111,f64,20,3.943277836e-01,72.9247,574.3760,17.9493,41.3551,0,0,0,2.592910685214e-09,0,0.000000,0,sumfact,off,off,0,0,0,0,0,,,0.000,,,,,,,
assemble_sympy_n192,nid005742,hex8,assemble,atomic,atomic,sympy,affine,0.000000e+00,72,0,192,7189057,7077888,28756228,192100033,23449.7111,f64,20,5.196990013e-01,55.3325,435.8146,13.6192,31.3787,0,0,0,2.579395400885e-09,0,0.000000,0,sympy,off,off,0,0,0,0,0,,,0.000,,,,,,,
assemble_sympy_n192,nid005742,hex8,assemble,colored,colored,sympy,affine,0.000000e+00,72,4096,192,7189057,7077888,28756228,192100033,23449.7111,f64,20,2.952881098e-01,97.3836,767.0218,23.9694,55.2256,19,90,91,2.580736401329e-09,0,0.000000,0,sympy,off,off,0,0,0,0,0,,,0.000,,,,,,,
assemble_diag_n192,nid005742,hex8,assemble_diag,atomic,atomic,sumfact,affine,0.000000e+00,72,0,192,7189057,7077888,28756228,0,0.0000,n/a,20,2.491372108e-01,115.4233,909.1071,28.4096,21.4208,0,0,0,3.215019675301e+03,0,0.000000,0,n/a,off,off,0,0,0,0,0,,,0.000,,,,,,,
spmv_f64_n192,nid005742,hex8,bsr_apply,packed,n/a,sumfact,affine,0.000000e+00,72,4096,192,7189057,7077888,28756228,192100033,23449.7111,f64,20,6.371750832e-02,451.3081,0.0000,0.0000,0.0000,0,0,0,2.533862061957e-11,0,0.000000,0,n/a,off,off,0,0,0,0,0,,,0.000,,,,,,,
spmv_f32_n192,nid005742,hex8,bsr_apply,packed,n/a,sumfact,affine,0.000000e+00,72,4096,192,7189057,7077888,28756228,192100033,11724.8555,f32,20,3.270136118e-02,879.3587,0.0000,0.0000,0.0000,0,0,0,-8.660309578814e-06,0,0.000000,0,n/a,off,off,0,0,0,0,0,,,0.000,,,,,,,
spmv_f32_n64,nid005742,hex8,bsr_apply,packed,n/a,sumfact,affine,0.000000e+00,72,128,64,274625,262144,1098500,7189057,438.7852,f32,20,9.526371956e-04,1153.1147,0.0000,0.0000,0.0000,0,0,0,1.266337291522e-05,0,0.000000,0,n/a,off,off,0,0,0,0,0,,,0.000,,,,,,,
spmv_f64_n64,nid005742,hex8,bsr_apply,packed,n/a,sumfact,affine,0.000000e+00,72,128,64,274625,262144,1098500,7189057,877.5704,f64,20,2.209806442e-03,497.1024,0.0000,0.0000,0.0000,0,0,0,-1.151445421215e-12,0,0.000000,0,n/a,off,off,0,0,0,0,0,,,0.000,,,,,,,
assemble_diag_n64,nid005742,hex8,assemble_diag,atomic,atomic,sumfact,affine,0.000000e+00,72,0,64,274625,262144,1098500,0,0.0000,n/a,20,1.011484861e-02,108.6027,829.3360,25.9167,19.5412,0,0,0,5.801523603040e+02,0,0.000000,0,n/a,off,off,0,0,0,0,0,,,0.000,,,,,,,
assemble_sympy_n64,nid005742,hex8,assemble,colored,colored,sympy,affine,0.000000e+00,72,128,64,274625,262144,1098500,7189057,877.5704,f64,20,1.207227707e-02,90.9936,694.8654,21.7145,50.0303,14,146,147,2.702547348507e-10,0,0.000000,0,sympy,off,off,0,0,0,0,0,,,0.000,,,,,,,
assemble_sympy_n64,nid005742,hex8,assemble,atomic,atomic,sympy,affine,0.000000e+00,72,0,64,274625,262144,1098500,7189057,877.5704,f64,20,1.930242777e-02,56.9099,434.5882,13.5809,31.2904,0,0,0,2.702932318341e-10,0,0.000000,0,sympy,off,off,0,0,0,0,0,,,0.000,,,,,,,
assemble_n64,nid005742,hex8,assemble,store,store,sumfact,affine,0.000000e+00,72,128,64,274625,262144,1098500,7189057,877.5704,f64,20,9.538304806e-03,115.1672,879.4653,27.4833,63.3215,0,0,0,2.702547346339e-10,0,0.000000,0,sumfact,off,off,0,0,0,0,0,,,0.000,,,,,,,
assemble_n64,nid005742,hex8,assemble,colored,colored,sumfact,affine,0.000000e+00,72,128,64,274625,262144,1098500,7189057,877.5704,f64,20,1.078351736e-02,101.8684,777.9102,24.3097,56.0095,14,146,147,2.702547346339e-10,0,0.000000,0,sumfact,off,off,0,0,0,0,0,,,0.000,,,,,,,
assemble_n64,nid005742,hex8,assemble,atomic,atomic,sumfact,affine,0.000000e+00,72,0,64,274625,262144,1098500,7189057,877.5704,f64,20,2.758452892e-02,39.8230,304.1055,9.5033,21.8956,0,0,0,2.702932316173e-10,0,0.000000,0,sumfact,off,off,0,0,0,0,0,,,0.000,,,,,,,
assemble_n64,nid005742,hex8,assemble,packed,packed,sumfact,affine,0.000000e+00,72,128,64,274625,262144,1098500,7189057,877.5704,f64,20,1.228919029e-02,89.3875,682.6005,21.3313,49.1472,0,0,0,2.702547346339e-10,0,0.000000,0,sumfact,off,off,0,0,0,0,0,,,0.000,,,,,,,
jac_rc_bnd_n64,nid005742,hex8,jac_action,atomic,atomic,sumfact,affine,0.000000e+00,72,0,64,274625,262144,1098500,0,0.0000,n/a,20,3.095996380e-03,354.8131,2709.5019,84.6719,71.9711,0,0,0,5.047023127365e+00,1,1.000000,1,n/a,exact,on,1,0,0,0,0,1.544204800e-03,0.498775,0.000,,,,,,,
jac_rc_bnd_n64,nid005742,hex8,jac_action,ecolor,ecolor,sumfact,affine,0.000000e+00,72,128,64,274625,262144,1098500,0,0.0000,n/a,20,1.392233372e-03,789.0200,6025.2887,188.2903,160.0467,0,0,0,5.044934535980e+00,1,1.000000,1,n/a,exact,on,1,0,0,0,0,4.750976000e-04,0.341249,0.000,,,,,,,
jac_rc_bnd_n64,nid005742,hex8,jac_action,packed,packed,sumfact,affine,0.000000e+00,72,128,64,274625,262144,1098500,0,0.0000,n/a,20,1.049053669e-03,1047.1342,7996.3573,249.8862,212.4032,0,0,0,5.047023127365e+00,1,1.000000,1,n/a,exact,on,1,0,0,0,0,2.179584000e-04,0.207767,0.000,,,,,,,
jac_rc_n64,nid005742,hex8,jac_action,atomic,atomic,sumfact,affine,0.000000e+00,72,0,64,274625,262144,1098500,0,0.0000,n/a,20,2.612781525e-03,420.4332,3210.6045,100.3314,85.2817,0,0,0,2.991632007225e-13,1,1.000000,0,n/a,exact,off,1,0,0,0,0,1.363532800e-03,0.521870,0.000,,,,,,,
jac_rc_n64,nid005742,hex8,jac_action,ecolor,ecolor,sumfact,affine,0.000000e+00,72,128,64,274625,262144,1098500,0,0.0000,n/a,20,1.258623600e-03,872.7788,6664.9060,208.2783,177.0366,0,0,0,-6.895899866757e-14,1,1.000000,0,n/a,exact,off,1,0,0,0,0,4.583936000e-04,0.364202,0.000,,,,,,,
jac_rc_n64,nid005742,hex8,jac_action,packed,packed,sumfact,affine,0.000000e+00,72,128,64,274625,262144,1098500,0,0.0000,n/a,20,9.681940079e-04,1134.5867,8664.1809,270.7557,230.1423,0,0,0,3.033959260039e-13,1,1.000000,0,n/a,exact,off,1,0,0,0,0,2.130560000e-04,0.220055,0.000,,,,,,,
residual_rc_perapply_n64,nid005742,hex8,residual,atomic,atomic,sumfact,affine,0.000000e+00,72,0,64,274625,262144,1098500,0,0.0000,n/a,20,1.845765114e-03,595.1461,4544.7863,142.0246,107.0865,0,0,0,-1.256492739715e-14,1,1.000000,0,sumfact,on,off,0,1,0,0,0,,,0.000,,,,,,,
residual_rc_perapply_n64,nid005742,hex8,residual,packed,packed,sumfact,affine,0.000000e+00,72,128,64,274625,262144,1098500,0,0.0000,n/a,20,6.511688232e-04,1686.9665,12882.3858,402.5746,303.5412,0,0,0,-1.282860536550e-14,1,1.000000,0,sumfact,on,off,0,1,0,0,0,,,0.000,,,,,,,
residual_rc_bnd_dt_n64,nid005742,hex8,residual,atomic,atomic,sumfact,affine,0.000000e+00,72,0,64,274625,262144,1098500,0,0.0000,n/a,20,1.329934597e-03,825.9805,6307.5342,197.1104,148.6213,0,0,0,6.759448953731e+00,1,1.000000,1,sumfact,on,on,0,0,0,0,1,,,0.000,,,,,,,
residual_rc_bnd_dt_n64,nid005742,hex8,residual,ecolor,ecolor,sumfact,affine,0.000000e+00,72,128,64,274625,262144,1098500,0,0.0000,n/a,20,8.099913597e-04,1356.1873,10356.4166,323.6380,244.0231,0,0,0,6.759448953731e+00,1,1.000000,1,sumfact,on,on,0,0,0,0,1,,,0.000,,,,,,,
residual_rc_bnd_dt_n64,nid005742,hex8,residual,packed,packed,sumfact,affine,0.000000e+00,72,128,64,274625,262144,1098500,0,0.0000,n/a,20,6.458997726e-04,1700.7283,12987.4763,405.8586,306.0174,0,0,0,6.759042994895e+00,1,1.000000,1,sumfact,on,on,0,0,0,0,1,,,0.000,,,,,,,
residual_rc_bnd_n64,nid005742,hex8,residual,atomic,atomic,sumfact,affine,0.000000e+00,72,0,64,274625,262144,1098500,0,0.0000,n/a,20,1.283609867e-03,855.7896,6535.1695,204.2240,153.9849,0,0,0,3.727500000000e+00,1,1.000000,1,sumfact,on,on,0,0,0,0,0,,,0.000,,,,,,,
residual_rc_bnd_n64,nid005742,hex8,residual,ecolor,ecolor,sumfact,affine,0.000000e+00,72,128,64,274625,262144,1098500,0,0.0000,n/a,20,9.533286095e-04,1152.2784,8799.2828,274.9776,207.3331,0,0,0,3.727500000000e+00,1,1.000000,1,sumfact,on,on,0,0,0,0,0,,,0.000,,,,,,,
residual_rc_bnd_n64,nid005742,hex8,residual,packed,packed,sumfact,affine,0.000000e+00,72,128,64,274625,262144,1098500,0,0.0000,n/a,20,6.175756454e-04,1778.7295,13583.1263,424.4727,320.0524,0,0,0,3.727500000000e+00,1,1.000000,1,sumfact,on,on,0,0,0,0,0,,,0.000,,,,,,,
residual_rc_n64,nid005742,hex8,residual,atomic,atomic,sumfact,affine,0.000000e+00,72,0,64,274625,262144,1098500,0,0.0000,n/a,20,1.211547852e-03,906.6914,6923.8767,216.3711,163.1438,0,0,0,-1.256492739715e-14,1,1.000000,0,sumfact,on,off,0,0,0,0,0,,,0.000,,,,,,,
residual_rc_n64,nid005742,hex8,residual,ecolor,ecolor,sumfact,affine,0.000000e+00,72,128,64,274625,262144,1098500,0,0.0000,n/a,20,7.178425789e-04,1530.2798,11685.8602,365.1831,275.3481,0,0,0,-1.256666212063e-14,1,1.000000,0,sumfact,on,off,0,0,0,0,0,,,0.000,,,,,,,
residual_rc_n64,nid005742,hex8,residual,packed,packed,sumfact,affine,0.000000e+00,72,128,64,274625,262144,1098500,0,0.0000,n/a,20,5.704283714e-04,1925.7457,14705.8043,459.5564,346.5055,0,0,0,-1.282860536550e-14,1,1.000000,0,sumfact,on,off,0,0,0,0,0,,,0.000,,,,,,,
residual_current_n64,nid005742,hex8,residual,packed,packed,current,affine,0.000000e+00,72,128,64,274625,262144,1098500,0,0.0000,n/a,20,4.999160767e-04,2197.3688,16780.0325,524.3760,395.3795,0,0,0,-1.272137777064e-14,0,0.000000,0,current,off,off,0,0,0,0,0,,,0.000,,,,,,,
residual_current_n64,nid005742,hex8,residual,atomic,atomic,current,affine,0.000000e+00,72,0,64,274625,262144,1098500,0,0.0000,n/a,20,1.302397251e-03,843.4447,6440.8981,201.2781,151.7637,0,0,0,-1.240218865106e-14,0,0.000000,0,current,off,off,0,0,0,0,0,,,0.000,,,,,,,
jac_bare_n64,nid005742,hex8,jac_action,atomic,atomic,sumfact,affine,0.000000e+00,72,0,64,274625,262144,1098500,0,0.0000,n/a,20,1.252746582e-03,876.8733,6696.1731,209.2554,177.8671,0,0,0,-1.151479248323e-12,0,0.000000,0,n/a,off,off,0,0,0,0,0,,,0.000,,,,,,,
jac_bare_n64,nid005742,hex8,jac_action,ecolor,ecolor,sumfact,affine,0.000000e+00,72,128,64,274625,262144,1098500,0,0.0000,n/a,20,5.936861038e-04,1850.3044,14129.7025,441.5532,375.3202,0,0,0,-2.097774373915e-12,0,0.000000,0,n/a,off,off,0,0,0,0,0,,,0.000,,,,,,,
jac_bare_n64,nid005742,hex8,jac_action,packed,packed,sumfact,affine,0.000000e+00,72,128,64,274625,262144,1098500,0,0.0000,n/a,20,5.235552788e-04,2098.1548,16022.3922,500.6998,425.5948,0,0,0,-1.151812315230e-12,0,0.000000,0,n/a,off,off,0,0,0,0,0,,,0.000,,,,,,,
residual_bare_n64,nid005742,hex8,residual,atomic,atomic,sumfact,affine,0.000000e+00,72,0,64,274625,262144,1098500,0,0.0000,n/a,20,1.022493839e-03,1074.3341,8204.0670,256.3771,193.3083,0,0,0,-1.254020758762e-14,0,0.000000,0,sumfact,off,off,0,0,0,0,0,,,0.000,,,,,,,
residual_bare_n64,nid005742,hex8,residual,ecolor,ecolor,sumfact,affine,0.000000e+00,72,128,64,274625,262144,1098500,0,0.0000,n/a,20,5.431652069e-04,2022.4049,15443.9347,482.6230,363.8977,0,0,0,-1.251418673548e-14,0,0.000000,0,sumfact,off,off,0,0,0,0,0,,,0.000,,,,,,,
residual_bare_n64,nid005742,hex8,residual,packed,packed,sumfact,affine,0.000000e+00,72,128,64,274625,262144,1098500,0,0.0000,n/a,20,3.835320473e-04,2864.1674,21871.9871,683.4996,515.3587,0,0,0,-1.235979634612e-14,0,0.000000,0,sumfact,off,off,0,0,0,0,0,,,0.000,,,,,,,
spmv_f32_n96,nid005742,hex8,bsr_apply,packed,n/a,sumfact,affine,0.000000e+00,72,512,96,912673,884736,3650692,24137569,1473.2403,f32,20,4.260492325e-03,856.8709,0.0000,0.0000,0.0000,0,0,0,-1.159811748818e-06,0,0.000000,0,n/a,off,off,0,0,0,0,0,,,0.000,,,,,,,
spmv_f64_n96,nid005742,hex8,bsr_apply,packed,n/a,sumfact,affine,0.000000e+00,72,512,96,912673,884736,3650692,24137569,2946.4806,f64,20,8.009660244e-03,455.7861,0.0000,0.0000,0.0000,0,0,0,-2.227890574390e-12,0,0.000000,0,n/a,off,off,0,0,0,0,0,,,0.000,,,,,,,
assemble_diag_n96,nid005742,hex8,assemble_diag,atomic,atomic,sumfact,affine,0.000000e+00,72,0,96,912673,884736,3650692,0,0.0000,n/a,20,3.219845295e-02,113.3810,879.2830,27.4776,20.7181,0,0,0,1.054549351220e+03,0,0.000000,0,n/a,off,off,0,0,0,0,0,,,0.000,,,,,,,
assemble_sympy_n96,nid005742,hex8,assemble,colored,colored,sympy,affine,0.000000e+00,72,512,96,912673,884736,3650692,24137569,2946.4806,f64,20,3.993058205e-02,91.4260,709.0193,22.1569,51.0494,19,90,91,6.632765216512e-11,0,0.000000,0,sympy,off,off,0,0,0,0,0,,,0.000,,,,,,,
assemble_sympy_n96,nid005742,hex8,assemble,atomic,atomic,sympy,affine,0.000000e+00,72,0,96,912673,884736,3650692,24137569,2946.4806,f64,20,6.462967396e-02,56.4863,438.0581,13.6893,31.5402,0,0,0,6.578006241380e-11,0,0.000000,0,sympy,off,off,0,0,0,0,0,,,0.000,,,,,,,
assemble_n96,nid005742,hex8,assemble,store,store,sumfact,affine,0.000000e+00,72,512,96,912673,884736,3650692,24137569,2946.4806,f64,20,4.261733294e-02,85.6621,664.3201,20.7600,47.8310,0,0,0,7.386596588159e-11,0,0.000000,0,sumfact,off,off,0,0,0,0,0,,,0.000,,,,,,,
assemble_n96,nid005742,hex8,assemble,colored,colored,sumfact,affine,0.000000e+00,72,512,96,912673,884736,3650692,24137569,2946.4806,f64,20,3.816852570e-02,95.6467,741.7513,23.1797,53.4061,19,90,91,7.389472065792e-11,0,0.000000,0,sumfact,off,off,0,0,0,0,0,,,0.000,,,,,,,
assemble_n96,nid005742,hex8,assemble,atomic,atomic,sumfact,affine,0.000000e+00,72,0,96,912673,884736,3650692,24137569,2946.4806,f64,20,9.253873825e-02,39.4504,305.9427,9.5607,22.0279,0,0,0,7.342422201788e-11,0,0.000000,0,sumfact,off,off,0,0,0,0,0,,,0.000,,,,,,,
assemble_n96,nid005742,hex8,assemble,packed,packed,sumfact,affine,0.000000e+00,72,512,96,912673,884736,3650692,24137569,2946.4806,f64,20,5.858039856e-02,62.3193,483.2939,15.1029,34.7972,0,0,0,7.386596588159e-11,0,0.000000,0,sumfact,off,off,0,0,0,0,0,,,0.000,,,,,,,
jac_rc_bnd_n96,nid005742,hex8,jac_action,atomic,atomic,sumfact,affine,0.000000e+00,72,0,96,912673,884736,3650692,0,0.0000,n/a,20,8.725631237e-03,418.3872,3244.6423,101.3951,86.1858,0,0,0,5.047058237368e+00,1,1.000000,1,n/a,exact,on,1,0,0,0,0,4.238284800e-03,0.485728,0.000,,,,,,,
jac_rc_bnd_n96,nid005742,hex8,jac_action,ecolor,ecolor,sumfact,affine,0.000000e+00,72,512,96,912673,884736,3650692,0,0.0000,n/a,20,7.208240032e-03,506.4609,3927.6650,122.7395,104.3286,0,0,0,5.043879373204e+00,1,1.000000,1,n/a,exact,on,1,0,0,0,0,2.395801600e-03,0.332370,0.000,,,,,,,
jac_rc_bnd_n96,nid005742,hex8,jac_action,packed,packed,sumfact,affine,0.000000e+00,72,512,96,912673,884736,3650692,0,0.0000,n/a,20,4.107987881e-03,888.6813,6891.8295,215.3697,183.0642,0,0,0,5.047058237368e+00,1,1.000000,1,n/a,exact,on,1,0,0,0,0,1.011993600e-03,0.246348,0.000,,,,,,,
jac_rc_n96,nid005742,hex8,jac_action,atomic,atomic,sumfact,affine,0.000000e+00,72,0,96,912673,884736,3650692,0,0.0000,n/a,20,8.475875854e-03,430.7156,3340.2509,104.3828,88.7254,0,0,0,2.773607352905e-13,1,1.000000,0,n/a,exact,off,1,0,0,0,0,4.277862400e-03,0.504710,0.000,,,,,,,
jac_rc_n96,nid005742,hex8,jac_action,ecolor,ecolor,sumfact,affine,0.000000e+00,72,512,96,912673,884736,3650692,0,0.0000,n/a,20,6.758165359e-03,540.1898,4189.2364,130.9136,111.2766,0,0,0,5.559625297028e-13,1,1.000000,0,n/a,exact,off,1,0,0,0,0,2.555955200e-03,0.378203,0.000,,,,,,,
jac_rc_n96,nid005742,hex8,jac_action,packed,packed,sumfact,affine,0.000000e+00,72,512,96,912673,884736,3650692,0,0.0000,n/a,20,3.824114799e-03,954.6502,7403.4263,231.3571,196.6535,0,0,0,2.763892901440e-13,1,1.000000,0,n/a,exact,off,1,0,0,0,0,9.974144000e-04,0.260822,0.000,,,,,,,
residual_rc_perapply_n96,nid005742,hex8,residual,atomic,atomic,sumfact,affine,0.000000e+00,72,0,96,912673,884736,3650692,0,0.0000,n/a,20,5.790889263e-03,630.4199,4888.9818,152.7807,115.1966,0,0,0,1.025453593567e-13,1,1.000000,0,sumfact,on,off,0,1,0,0,0,,,0.000,,,,,,,
residual_rc_perapply_n96,nid005742,hex8,residual,packed,packed,sumfact,affine,0.000000e+00,72,512,96,912673,884736,3650692,0,0.0000,n/a,20,2.313983440e-03,1577.6656,12234.9847,382.3433,288.2868,0,0,0,1.003804244587e-13,1,1.000000,0,sumfact,on,off,0,1,0,0,0,,,0.000,,,,,,,
residual_rc_bnd_dt_n96,nid005742,hex8,residual,atomic,atomic,sumfact,affine,0.000000e+00,72,0,96,912673,884736,3650692,0,0.0000,n/a,20,4.178714752e-03,873.6399,6775.1818,211.7244,159.6402,0,0,0,6.759287405709e+00,1,1.000000,1,sumfact,on,on,0,0,0,0,1,,,0.000,,,,,,,
residual_rc_bnd_dt_n96,nid005742,hex8,residual,ecolor,ecolor,sumfact,affine,0.000000e+00,72,512,96,912673,884736,3650692,0,0.0000,n/a,20,3.370523453e-03,1083.1232,8399.7493,262.4922,197.9191,0,0,0,6.759287405709e+00,1,1.000000,1,sumfact,on,on,0,0,0,0,1,,,0.000,,,,,,,
residual_rc_bnd_dt_n96,nid005742,hex8,residual,packed,packed,sumfact,affine,0.000000e+00,72,512,96,912673,884736,3650692,0,0.0000,n/a,20,2.286839485e-03,1596.3919,12380.2095,386.8815,291.7087,0,0,0,6.759195490287e+00,1,1.000000,1,sumfact,on,on,0,0,0,0,1,,,0.000,,,,,,,
residual_rc_bnd_n96,nid005742,hex8,residual,atomic,atomic,sumfact,affine,0.000000e+00,72,0,96,912673,884736,3650692,0,0.0000,n/a,20,4.070258141e-03,896.9190,6955.7141,217.3661,163.8940,0,0,0,3.727500000000e+00,1,1.000000,1,sumfact,on,on,0,0,0,0,0,,,0.000,,,,,,,
residual_rc_bnd_n96,nid005742,hex8,residual,ecolor,ecolor,sumfact,affine,0.000000e+00,72,512,96,912673,884736,3650692,0,0.0000,n/a,20,3.237092495e-03,1127.7688,8745.9818,273.3119,206.0772,0,0,0,3.727500000000e+00,1,1.000000,1,sumfact,on,on,0,0,0,0,0,,,0.000,,,,,,,
residual_rc_bnd_n96,nid005742,hex8,residual,packed,packed,sumfact,affine,0.000000e+00,72,512,96,912673,884736,3650692,0,0.0000,n/a,20,2.327239513e-03,1568.6791,12165.2936,380.1654,286.6447,0,0,0,3.727500000000e+00,1,1.000000,1,sumfact,on,on,0,0,0,0,0,,,0.000,,,,,,,
residual_rc_n96,nid005742,hex8,residual,atomic,atomic,sumfact,affine,0.000000e+00,72,0,96,912673,884736,3650692,0,0.0000,n/a,20,3.913617134e-03,932.8179,7234.1139,226.0661,170.4538,0,0,0,1.025453593567e-13,1,1.000000,0,sumfact,on,off,0,0,0,0,0,,,0.000,,,,,,,
residual_rc_n96,nid005742,hex8,residual,ecolor,ecolor,sumfact,affine,0.000000e+00,72,512,96,912673,884736,3650692,0,0.0000,n/a,20,2.875733376e-03,1269.4821,9844.9850,307.6558,231.9725,0,0,0,1.043078384083e-13,1,1.000000,0,sumfact,on,off,0,0,0,0,0,,,0.000,,,,,,,
residual_rc_n96,nid005742,hex8,residual,packed,packed,sumfact,affine,0.000000e+00,72,512,96,912673,884736,3650692,0,0.0000,n/a,20,1.941907406e-03,1879.9516,14579.2492,455.6015,343.5236,0,0,0,1.003804244587e-13,1,1.000000,0,sumfact,on,off,0,0,0,0,0,,,0.000,,,,,,,
residual_current_n96,nid005742,hex8,residual,packed,packed,current,affine,0.000000e+00,72,512,96,912673,884736,3650692,0,0.0000,n/a,20,1.606726646e-03,2272.1301,17620.6401,550.6450,415.1863,0,0,0,1.028819499212e-13,0,0.000000,0,current,off,off,0,0,0,0,0,,,0.000,,,,,,,
residual_current_n96,nid005742,hex8,residual,atomic,atomic,current,affine,0.000000e+00,72,0,96,912673,884736,3650692,0,0.0000,n/a,20,4.212427139e-03,866.6481,6720.9595,210.0300,158.3626,0,0,0,1.028125609821e-13,0,0.000000,0,current,off,off,0,0,0,0,0,,,0.000,,,,,,,
jac_bare_n96,nid005742,hex8,jac_action,atomic,atomic,sumfact,affine,0.000000e+00,72,0,96,912673,884736,3650692,0,0.0000,n/a,20,3.742456436e-03,975.4802,7564.9650,236.4052,200.9444,0,0,0,-1.946265590640e-12,0,0.000000,0,n/a,off,off,0,0,0,0,0,,,0.000,,,,,,,
jac_bare_n96,nid005742,hex8,jac_action,ecolor,ecolor,sumfact,affine,0.000000e+00,72,512,96,912673,884736,3650692,0,0.0000,n/a,20,2.471745014e-03,1476.9695,11454.0747,357.9398,304.2489,0,0,0,-3.581897758541e-12,0,0.000000,0,n/a,off,off,0,0,0,0,0,,,0.000,,,,,,,
jac_bare_n96,nid005742,hex8,jac_action,packed,packed,sumfact,affine,0.000000e+00,72,512,96,912673,884736,3650692,0,0.0000,n/a,20,1.737308502e-03,2101.3493,16296.2145,509.2567,432.8682,0,0,0,-2.009048702682e-12,0,0.000000,0,n/a,off,off,0,0,0,0,0,,,0.000,,,,,,,
residual_bare_n96,nid005742,hex8,residual,atomic,atomic,sumfact,affine,0.000000e+00,72,0,96,912673,884736,3650692,0,0.0000,n/a,20,3.229367733e-03,1130.4665,8766.9025,273.9657,206.5701,0,0,0,9.868744276637e-14,0,0.000000,0,sumfact,off,off,0,0,0,0,0,,,0.000,,,,,,,
residual_bare_n96,nid005742,hex8,residual,ecolor,ecolor,sumfact,affine,0.000000e+00,72,512,96,912673,884736,3650692,0,0.0000,n/a,20,2.043807507e-03,1786.2211,13852.3574,432.8862,326.3962,0,0,0,1.006580886351e-13,0,0.000000,0,sumfact,off,off,0,0,0,0,0,,,0.000,,,,,,,
residual_bare_n96,nid005742,hex8,residual,packed,packed,sumfact,affine,0.000000e+00,72,512,96,912673,884736,3650692,0,0.0000,n/a,20,1.248633862e-03,2923.7490,22674.0223,708.5632,534.2567,0,0,0,9.553718493399e-14,0,0.000000,0,sumfact,off,off,0,0,0,0,0,,,0.000,,,,,,,
spmv_f32_n128,nid005742,hex8,bsr_apply,packed,n/a,sumfact,affine,0.000000e+00,72,1024,128,2146689,2097152,8586756,57066625,3483.0704,f32,20,1.017903090e-02,843.5730,0.0000,0.0000,0.0000,0,0,0,4.661746579456e-05,0,0.000000,0,n/a,off,off,0,0,0,0,0,,,0.000,,,,,,,
spmv_f64_n128,nid005742,hex8,bsr_apply,packed,n/a,sumfact,affine,0.000000e+00,72,1024,128,2146689,2097152,8586756,57066625,6966.1407,f64,20,1.877031326e-02,457.4647,0.0000,0.0000,0.0000,0,0,0,-2.271657308876e-12,0,0.000000,0,n/a,off,off,0,0,0,0,0,,,0.000,,,,,,,
assemble_diag_n128,nid005742,hex8,assemble_diag,atomic,atomic,sumfact,affine,0.000000e+00,72,0,128,2146689,2097152,8586756,0,0.0000,n/a,20,7.502081394e-02,114.4583,894.5366,27.9543,21.0775,0,0,0,1.651826180067e+03,0,0.000000,0,n/a,off,off,0,0,0,0,0,,,0.000,,,,,,,
assemble_sympy_n128,nid005742,hex8,assemble,colored,colored,sympy,affine,0.000000e+00,72,1024,128,2146689,2097152,8586756,57066625,6966.1407,f64,20,8.548322916e-02,100.4496,785.0530,24.5329,56.5238,14,146,147,-3.076235482687e-08,0,0.000000,0,sympy,off,off,0,0,0,0,0,,,0.000,,,,,,,
assemble_sympy_n128,nid005742,hex8,assemble,atomic,atomic,sympy,affine,0.000000e+00,72,0,128,2146689,2097152,8586756,57066625,6966.1407,f64,20,1.546256542e-01,55.5325,434.0086,13.5628,31.2486,0,0,0,-3.076550013728e-08,0,0.000000,0,sympy,off,off,0,0,0,0,0,,,0.000,,,,,,,
assemble_n128,nid005742,hex8,assemble,store,store,sumfact,affine,0.000000e+00,72,1024,128,2146689,2097152,8586756,57066625,6966.1407,f64,20,1.072710514e-01,80.0473,625.6009,19.5500,45.0433,0,0,0,-3.076235482948e-08,0,0.000000,0,sumfact,off,off,0,0,0,0,0,,,0.000,,,,,,,
assemble_n128,nid005742,hex8,assemble,colored,colored,sumfact,affine,0.000000e+00,72,1024,128,2146689,2097152,8586756,57066625,6966.1407,f64,20,8.056023121e-02,106.5880,833.0272,26.0321,59.9780,14,146,147,-3.076235482948e-08,0,0.000000,0,sumfact,off,off,0,0,0,0,0,,,0.000,,,,,,,
assemble_n128,nid005742,hex8,assemble,atomic,atomic,sumfact,affine,0.000000e+00,72,0,128,2146689,2097152,8586756,57066625,6966.1407,f64,20,2.196750402e-01,39.0884,305.4915,9.5466,21.9954,0,0,0,-3.076550014682e-08,0,0.000000,0,sumfact,off,off,0,0,0,0,0,,,0.000,,,,,,,
assemble_n128,nid005742,hex8,assemble,packed,packed,sumfact,affine,0.000000e+00,72,1024,128,2146689,2097152,8586756,57066625,6966.1407,f64,20,1.489189148e-01,57.6606,450.6403,14.0825,32.4461,0,0,0,-3.076235482948e-08,0,0.000000,0,sumfact,off,off,0,0,0,0,0,,,0.000,,,,,,,
jac_rc_bnd_n128,nid005742,hex8,jac_action,atomic,atomic,sumfact,affine,0.000000e+00,72,0,128,2146689,2097152,8586756,0,0.0000,n/a,20,2.440134287e-02,351.8969,2750.2119,85.9441,73.0525,0,0,0,5.048053297186e+00,1,1.000000,1,n/a,exact,on,1,0,0,0,0,1.451356160e-02,0.594785,0.000,,,,,,,
jac_rc_bnd_n128,nid005742,hex8,jac_action,ecolor,ecolor,sumfact,affine,0.000000e+00,72,1024,128,2146689,2097152,8586756,0,0.0000,n/a,20,1.967628002e-02,436.4014,3410.6479,106.5827,90.5953,0,0,0,5.045353208780e+00,1,1.000000,1,n/a,exact,on,1,0,0,0,0,8.215027200e-03,0.417509,0.000,,,,,,,
jac_rc_bnd_n128,nid005742,hex8,jac_action,packed,packed,sumfact,affine,0.000000e+00,72,1024,128,2146689,2097152,8586756,0,0.0000,n/a,20,9.966218472e-03,861.5862,6733.6336,210.4261,178.8621,0,0,0,5.048053297186e+00,1,1.000000,1,n/a,exact,on,1,0,0,0,0,2.446809600e-03,0.245510,0.000,,,,,,,
jac_rc_n128,nid005742,hex8,jac_action,atomic,atomic,sumfact,affine,0.000000e+00,72,0,128,2146689,2097152,8586756,0,0.0000,n/a,20,2.396740913e-02,358.2680,2800.0049,87.5002,74.3751,0,0,0,-3.078244039875e-13,1,1.000000,0,n/a,exact,off,1,0,0,0,0,1.455998720e-02,0.607491,0.000,,,,,,,
jac_rc_n128,nid005742,hex8,jac_action,ecolor,ecolor,sumfact,affine,0.000000e+00,72,1024,128,2146689,2097152,8586756,0,0.0000,n/a,20,1.869975328e-02,459.1909,3588.7567,112.1486,95.3263,0,0,0,7.779667752020e-13,1,1.000000,0,n/a,exact,off,1,0,0,0,0,8.093094400e-03,0.432792,0.000,,,,,,,
jac_rc_n128,nid005742,hex8,jac_action,packed,packed,sumfact,affine,0.000000e+00,72,1024,128,2146689,2097152,8586756,0,0.0000,n/a,20,9.426653385e-03,910.9018,7119.0550,222.4705,189.0999,0,0,0,-3.069362255678e-13,1,1.000000,0,n/a,exact,off,1,0,0,0,0,2.423552000e-03,0.257096,0.000,,,,,,,
residual_rc_perapply_n128,nid005742,hex8,residual,atomic,atomic,sumfact,affine,0.000000e+00,72,0,128,2146689,2097152,8586756,0,0.0000,n/a,20,1.386226416e-02,619.4339,4841.1185,151.2850,114.0689,0,0,0,1.381470350441e-13,1,1.000000,0,sumfact,on,off,0,1,0,0,0,,,0.000,,,,,,,
residual_rc_perapply_n128,nid005742,hex8,residual,packed,packed,sumfact,affine,0.000000e+00,72,1024,128,2146689,2097152,8586756,0,0.0000,n/a,20,5.945324898e-03,1444.2871,11287.6697,352.7397,265.9657,0,0,0,1.366482339608e-13,1,1.000000,0,sumfact,on,off,0,1,0,0,0,,,0.000,,,,,,,
residual_rc_bnd_dt_n128,nid005742,hex8,residual,atomic,atomic,sumfact,affine,0.000000e+00,72,0,128,2146689,2097152,8586756,0,0.0000,n/a,20,1.035991907e-02,828.8439,6477.7402,202.4294,152.6318,0,0,0,6.759329548060e+00,1,1.000000,1,sumfact,on,on,0,0,0,0,1,,,0.000,,,,,,,
residual_rc_bnd_dt_n128,nid005742,hex8,residual,ecolor,ecolor,sumfact,affine,0.000000e+00,72,1024,128,2146689,2097152,8586756,0,0.0000,n/a,20,8.399498463e-03,1022.2939,7989.6275,249.6759,188.2556,0,0,0,6.759329548060e+00,1,1.000000,1,sumfact,on,on,0,0,0,0,1,,,0.000,,,,,,,
residual_rc_bnd_dt_n128,nid005742,hex8,residual,packed,packed,sumfact,affine,0.000000e+00,72,1024,128,2146689,2097152,8586756,0,0.0000,n/a,20,5.892527103e-03,1457.2281,11388.8087,355.9003,268.3488,0,0,0,6.759412313613e+00,1,1.000000,1,sumfact,on,on,0,0,0,0,1,,,0.000,,,,,,,
residual_rc_bnd_n128,nid005742,hex8,residual,atomic,atomic,sumfact,affine,0.000000e+00,72,0,128,2146689,2097152,8586756,0,0.0000,n/a,20,9.933662415e-03,864.4099,6755.7021,211.1157,159.1812,0,0,0,3.727500000000e+00,1,1.000000,1,sumfact,on,on,0,0,0,0,0,,,0.000,,,,,,,
residual_rc_bnd_n128,nid005742,hex8,residual,ecolor,ecolor,sumfact,affine,0.000000e+00,72,1024,128,2146689,2097152,8586756,0,0.0000,n/a,20,8.203327656e-03,1046.7406,8180.6880,255.6465,192.7575,0,0,0,3.727500000000e+00,1,1.000000,1,sumfact,on,on,0,0,0,0,0,,,0.000,,,,,,,
residual_rc_bnd_n128,nid005742,hex8,residual,packed,packed,sumfact,affine,0.000000e+00,72,1024,128,2146689,2097152,8586756,0,0.0000,n/a,20,5.426764488e-03,1582.2975,12366.2754,386.4461,291.3804,0,0,0,3.727500000000e+00,1,1.000000,1,sumfact,on,on,0,0,0,0,0,,,0.000,,,,,,,
residual_rc_n128,nid005742,hex8,residual,atomic,atomic,sumfact,affine,0.000000e+00,72,0,128,2146689,2097152,8586756,0,0.0000,n/a,20,9.396505356e-03,913.8244,7141.8960,223.1842,168.2809,0,0,0,1.381470350441e-13,1,1.000000,0,sumfact,on,off,0,0,0,0,0,,,0.000,,,,,,,
residual_rc_n128,nid005742,hex8,residual,ecolor,ecolor,sumfact,affine,0.000000e+00,72,1024,128,2146689,2097152,8586756,0,0.0000,n/a,20,7.072377205e-03,1214.1259,9488.8695,296.5272,223.5815,0,0,0,1.381327235754e-13,1,1.000000,0,sumfact,on,off,0,0,0,0,0,,,0.000,,,,,,,
residual_rc_n128,nid005742,hex8,residual,packed,packed,sumfact,affine,0.000000e+00,72,1024,128,2146689,2097152,8586756,0,0.0000,n/a,20,5.583333969e-03,1537.9263,12019.4967,375.6093,283.2094,0,0,0,1.366482339608e-13,1,1.000000,0,sumfact,on,off,0,0,0,0,0,,,0.000,,,,,,,
residual_current_n128,nid005742,hex8,residual,packed,packed,current,affine,0.000000e+00,72,1024,128,2146689,2097152,8586756,0,0.0000,n/a,20,4.365205765e-03,1967.0908,15373.5855,480.4245,362.2401,0,0,0,1.366330009203e-13,0,0.000000,0,current,off,off,0,0,0,0,0,,,0.000,,,,,,,
residual_current_n128,nid005742,hex8,residual,atomic,atomic,current,affine,0.000000e+00,72,0,128,2146689,2097152,8586756,0,0.0000,n/a,20,9.918451309e-03,865.7356,6766.0628,211.4395,159.4254,0,0,0,1.381248631097e-13,0,0.000000,0,current,off,off,0,0,0,0,0,,,0.000,,,,,,,
jac_bare_n128,nid005742,hex8,jac_action,atomic,atomic,sumfact,affine,0.000000e+00,72,0,128,2146689,2097152,8586756,0,0.0000,n/a,20,8.712136745e-03,985.6085,7702.9167,240.7161,204.6087,0,0,0,-2.268767828771e-12,0,0.000000,0,n/a,off,off,0,0,0,0,0,,,0.000,,,,,,,
jac_bare_n128,nid005742,hex8,jac_action,ecolor,ecolor,sumfact,affine,0.000000e+00,72,1024,128,2146689,2097152,8586756,0,0.0000,n/a,20,6.592416763e-03,1302.5202,10179.7059,318.1158,270.3984,0,0,0,-2.925569671502e-13,0,0.000000,0,n/a,off,off,0,0,0,0,0,,,0.000,,,,,,,
jac_bare_n128,nid005742,hex8,jac_action,packed,packed,sumfact,affine,0.000000e+00,72,1024,128,2146689,2097152,8586756,0,0.0000,n/a,20,4.436969757e-03,1935.2749,15124.9316,472.6541,401.7560,0,0,0,-2.268767828771e-12,0,0.000000,0,n/a,off,off,0,0,0,0,0,,,0.000,,,,,,,
residual_bare_n128,nid005742,hex8,residual,atomic,atomic,sumfact,affine,0.000000e+00,72,0,128,2146689,2097152,8586756,0,0.0000,n/a,20,7.788002491e-03,1102.5621,8616.9546,269.2798,203.0370,0,0,0,1.381469808340e-13,0,0.000000,0,sumfact,off,off,0,0,0,0,0,,,0.000,,,,,,,
residual_bare_n128,nid005742,hex8,residual,ecolor,ecolor,sumfact,affine,0.000000e+00,72,1024,128,2146689,2097152,8586756,0,0.0000,n/a,20,4.761338234e-03,1803.4333,14094.5383,440.4543,332.1026,0,0,0,1.381344040888e-13,0,0.000000,0,sumfact,off,off,0,0,0,0,0,,,0.000,,,,,,,
residual_bare_n128,nid005742,hex8,residual,packed,packed,sumfact,affine,0.000000e+00,72,1024,128,2146689,2097152,8586756,0,0.0000,n/a,20,3.272414207e-03,2623.9820,20507.4479,640.8577,483.2067,0,0,0,1.366551186446e-13,0,0.000000,0,sumfact,off,off,0,0,0,0,0,,,0.000,,,,,,,
spmv_f32_n160,nid005742,hex8,bsr_apply,packed,n/a,sumfact,affine,0.000000e+00,72,2048,160,4173281,4096000,16693124,111284641,6792.2755,f32,20,1.860793829e-02,897.0969,0.0000,0.0000,0.0000,0,0,0,4.118532892879e-05,0,0.000000,0,n/a,off,off,0,0,0,0,0,,,0.000,,,,,,,
spmv_f64_n160,nid005742,hex8,bsr_apply,packed,n/a,sumfact,affine,0.000000e+00,72,2048,160,4173281,4096000,16693124,111284641,13584.5509,f64,20,3.752796650e-02,444.8182,0.0000,0.0000,0.0000,0,0,0,7.157881465282e-13,0,0.000000,0,n/a,off,off,0,0,0,0,0,,,0.000,,,,,,,
assemble_diag_n160,nid005742,hex8,assemble_diag,atomic,atomic,sumfact,affine,0.000000e+00,72,0,160,4173281,4096000,16693124,0,0.0000,n/a,20,1.446052313e-01,115.4393,906.4126,28.3254,21.3573,0,0,0,2.371982944015e+03,0,0.000000,0,n/a,off,off,0,0,0,0,0,,,0.000,,,,,,,
assemble_sympy_n160,nid005742,hex8,assemble,colored,colored,sympy,affine,0.000000e+00,72,2048,160,4173281,4096000,16693124,111284641,13584.5509,f64,20,1.651246190e-01,101.0941,793.7762,24.8055,57.1519,20,99,101,1.168506756832e-08,0,0.000000,0,sympy,off,off,0,0,0,0,0,,,0.000,,,,,,,
assemble_sympy_n160,nid005742,hex8,assemble,atomic,atomic,sympy,affine,0.000000e+00,72,0,160,4173281,4096000,16693124,111284641,13584.5509,f64,20,2.975716591e-01,56.0978,440.4721,13.7648,31.7140,0,0,0,1.167343591505e-08,0,0.000000,0,sympy,off,off,0,0,0,0,0,,,0.000,,,,,,,
assemble_n160,nid005742,hex8,assemble,store,store,sumfact,affine,0.000000e+00,72,2048,160,4173281,4096000,16693124,111284641,13584.5509,f64,20,2.352779031e-01,70.9507,557.0944,17.4092,40.1108,0,0,0,1.165429404451e-08,0,0.000000,0,sumfact,off,off,0,0,0,0,0,,,0.000,,,,,,,
assemble_n160,nid005742,hex8,assemble,colored,colored,sumfact,affine,0.000000e+00,72,2048,160,4173281,4096000,16693124,111284641,13584.5509,f64,20,1.567758322e-01,106.4777,836.0472,26.1265,60.1954,20,99,101,1.165426806529e-08,0,0.000000,0,sumfact,off,off,0,0,0,0,0,,,0.000,,,,,,,
assemble_n160,nid005742,hex8,assemble,atomic,atomic,sumfact,affine,0.000000e+00,72,0,160,4173281,4096000,16693124,111284641,13584.5509,f64,20,4.268946171e-01,39.1036,307.0360,9.5949,22.1066,0,0,0,1.164916721901e-08,0,0.000000,0,sumfact,off,off,0,0,0,0,0,,,0.000,,,,,,,
assemble_n160,nid005742,hex8,assemble,packed,packed,sumfact,affine,0.000000e+00,72,2048,160,4173281,4096000,16693124,111284641,13584.5509,f64,20,3.019533515e-01,55.2838,434.0803,13.5650,31.2538,0,0,0,1.165429404451e-08,0,0.000000,0,sumfact,off,off,0,0,0,0,0,,,0.000,,,,,,,
jac_rc_bnd_n160,nid005742,hex8,jac_action,atomic,atomic,sumfact,affine,0.000000e+00,72,0,160,4173281,4096000,16693124,0,0.0000,n/a,20,4.784811735e-02,348.8773,2739.3345,85.6042,72.7636,0,0,0,5.046148336219e+00,1,1.000000,1,n/a,exact,on,1,0,0,0,0,2.852343040e-02,0.596124,0.000,,,,,,,
jac_rc_bnd_n160,nid005742,hex8,jac_action,ecolor,ecolor,sumfact,affine,0.000000e+00,72,2048,160,4173281,4096000,16693124,0,0.0000,n/a,20,8.500945568e-02,196.3678,1541.8520,48.1829,40.9554,0,0,0,5.041938959493e+00,1,1.000000,1,n/a,exact,on,1,0,0,0,0,4.212616960e-02,0.495547,0.000,,,,,,,
jac_rc_bnd_n160,nid005742,hex8,jac_action,packed,packed,sumfact,affine,0.000000e+00,72,2048,160,4173281,4096000,16693124,0,0.0000,n/a,20,1.896697283e-02,880.1154,6910.5387,215.9543,183.5612,0,0,0,5.046148336219e+00,1,1.000000,1,n/a,exact,on,1,0,0,0,0,4.777958400e-03,0.251909,0.000,,,,,,,
jac_rc_n160,nid005742,hex8,jac_action,atomic,atomic,sumfact,affine,0.000000e+00,72,0,160,4173281,4096000,16693124,0,0.0000,n/a,20,4.709477425e-02,354.4581,2783.1538,86.9736,73.9275,0,0,0,-5.591812752312e-13,1,1.000000,0,n/a,exact,off,1,0,0,0,0,2.859201280e-02,0.607116,0.000,,,,,,,
jac_rc_n160,nid005742,hex8,jac_action,ecolor,ecolor,sumfact,affine,0.000000e+00,72,2048,160,4173281,4096000,16693124,0,0.0000,n/a,20,8.258949518e-02,202.1216,1587.0299,49.5947,42.1555,0,0,0,4.218664331171e-13,1,1.000000,0,n/a,exact,off,1,0,0,0,0,4.153125120e-02,0.502864,0.000,,,,,,,
jac_rc_n160,nid005742,hex8,jac_action,packed,packed,sumfact,affine,0.000000e+00,72,2048,160,4173281,4096000,16693124,0,0.0000,n/a,20,1.799912453e-02,927.4409,7282.1320,227.5666,193.4316,0,0,0,-5.547403831327e-13,1,1.000000,0,n/a,exact,off,1,0,0,0,0,4.692556800e-03,0.260710,0.000,,,,,,,
residual_rc_perapply_n160,nid005742,hex8,residual,atomic,atomic,sumfact,affine,0.000000e+00,72,0,160,4173281,4096000,16693124,0,0.0000,n/a,20,2.799906731e-02,596.2029,4681.2988,146.2906,110.3031,0,0,0,-7.109953901671e-14,1,1.000000,0,sumfact,on,off,0,1,0,0,0,,,0.000,,,,,,,
residual_rc_perapply_n160,nid005742,hex8,residual,packed,packed,sumfact,affine,0.000000e+00,72,2048,160,4173281,4096000,16693124,0,0.0000,n/a,20,1.191151142e-02,1401.4279,11003.8093,343.8690,259.2773,0,0,0,-6.590924637659e-14,1,1.000000,0,sumfact,on,off,0,1,0,0,0,,,0.000,,,,,,,
residual_rc_bnd_dt_n160,nid005742,hex8,residual,atomic,atomic,sumfact,affine,0.000000e+00,72,0,160,4173281,4096000,16693124,0,0.0000,n/a,20,2.043421268e-02,816.9203,6414.3406,200.4481,151.1379,0,0,0,6.759324573300e+00,1,1.000000,1,sumfact,on,on,0,0,0,0,1,,,0.000,,,,,,,
residual_rc_bnd_dt_n160,nid005742,hex8,residual,ecolor,ecolor,sumfact,affine,0.000000e+00,72,2048,160,4173281,4096000,16693124,0,0.0000,n/a,20,3.612678051e-02,462.0706,3628.1118,113.3785,85.4874,0,0,0,6.759324573300e+00,1,1.000000,1,sumfact,on,on,0,0,0,0,1,,,0.000,,,,,,,
residual_rc_bnd_dt_n160,nid005742,hex8,residual,packed,packed,sumfact,affine,0.000000e+00,72,2048,160,4173281,4096000,16693124,0,0.0000,n/a,20,1.188039780e-02,1405.0981,11032.6272,344.7696,259.9563,0,0,0,6.759317416976e+00,1,1.000000,1,sumfact,on,on,0,0,0,0,1,,,0.000,,,,,,,
residual_rc_bnd_n160,nid005742,hex8,residual,atomic,atomic,sumfact,affine,0.000000e+00,72,0,160,4173281,4096000,16693124,0,0.0000,n/a,20,1.941748857e-02,859.6953,6750.2035,210.9439,159.0517,0,0,0,3.727500000000e+00,1,1.000000,1,sumfact,on,on,0,0,0,0,0,,,0.000,,,,,,,
residual_rc_bnd_n160,nid005742,hex8,residual,ecolor,ecolor,sumfact,affine,0.000000e+00,72,2048,160,4173281,4096000,16693124,0,0.0000,n/a,20,3.480834961e-02,479.5724,3765.5333,117.6729,88.7254,0,0,0,3.727500000000e+00,1,1.000000,1,sumfact,on,on,0,0,0,0,0,,,0.000,,,,,,,
residual_rc_bnd_n160,nid005742,hex8,residual,packed,packed,sumfact,affine,0.000000e+00,72,2048,160,4173281,4096000,16693124,0,0.0000,n/a,20,1.073997021e-02,1554.2989,12204.1307,381.3791,287.5598,0,0,0,3.727500000000e+00,1,1.000000,1,sumfact,on,on,0,0,0,0,0,,,0.000,,,,,,,
residual_rc_n160,nid005742,hex8,residual,atomic,atomic,sumfact,affine,0.000000e+00,72,0,160,4173281,4096000,16693124,0,0.0000,n/a,20,1.878923178e-02,888.4410,6975.9105,217.9972,164.3699,0,0,0,-7.109953901671e-14,1,1.000000,0,sumfact,on,off,0,0,0,0,0,,,0.000,,,,,,,
residual_rc_n160,nid005742,hex8,residual,ecolor,ecolor,sumfact,affine,0.000000e+00,72,2048,160,4173281,4096000,16693124,0,0.0000,n/a,20,3.272541761e-02,510.0966,4005.2048,125.1627,94.3726,0,0,0,-6.929802868691e-14,1,1.000000,0,sumfact,on,off,0,0,0,0,0,,,0.000,,,,,,,
residual_rc_n160,nid005742,hex8,residual,packed,packed,sumfact,affine,0.000000e+00,72,2048,160,4173281,4096000,16693124,0,0.0000,n/a,20,1.056052446e-02,1580.7098,12411.5048,387.8595,292.4461,0,0,0,-6.590924637659e-14,1,1.000000,0,sumfact,on,off,0,0,0,0,0,,,0.000,,,,,,,
residual_current_n160,nid005742,hex8,residual,packed,packed,current,affine,0.000000e+00,72,2048,160,4173281,4096000,16693124,0,0.0000,n/a,20,7.739031315e-03,2157.0043,16936.4866,529.2652,399.0660,0,0,0,-6.568480297436e-14,0,0.000000,0,current,off,off,0,0,0,0,0,,,0.000,,,,,,,
residual_current_n160,nid005742,hex8,residual,atomic,atomic,current,affine,0.000000e+00,72,0,160,4173281,4096000,16693124,0,0.0000,n/a,20,2.028372288e-02,822.9813,6461.9301,201.9353,152.2592,0,0,0,-7.131918482433e-14,0,0.000000,0,current,off,off,0,0,0,0,0,,,0.000,,,,,,,
jac_bare_n160,nid005742,hex8,jac_action,atomic,atomic,sumfact,affine,0.000000e+00,72,0,160,4173281,4096000,16693124,0,0.0000,n/a,20,1.693875790e-02,985.4987,7737.9936,241.8123,205.5405,0,0,0,7.694581056301e-13,0,0.000000,0,n/a,off,off,0,0,0,0,0,,,0.000,,,,,,,
jac_bare_n160,nid005742,hex8,jac_action,ecolor,ecolor,sumfact,affine,0.000000e+00,72,2048,160,4173281,4096000,16693124,0,0.0000,n/a,20,3.013321161e-02,553.9776,4349.7521,135.9298,115.5403,0,0,0,5.436072422825e-12,0,0.000000,0,n/a,off,off,0,0,0,0,0,,,0.000,,,,,,,
jac_bare_n160,nid005742,hex8,jac_action,packed,packed,sumfact,affine,0.000000e+00,72,2048,160,4173281,4096000,16693124,0,0.0000,n/a,20,9.034812450e-03,1847.6448,14507.4401,453.3575,385.3539,0,0,0,7.483083570110e-13,0,0.000000,0,n/a,off,off,0,0,0,0,0,,,0.000,,,,,,,
residual_bare_n160,nid005742,hex8,residual,atomic,atomic,sumfact,affine,0.000000e+00,72,0,160,4173281,4096000,16693124,0,0.0000,n/a,20,1.570487022e-02,1062.9266,8345.9461,260.8108,196.6514,0,0,0,-7.000232641816e-14,0,0.000000,0,sumfact,off,off,0,0,0,0,0,,,0.000,,,,,,,
residual_bare_n160,nid005742,hex8,residual,ecolor,ecolor,sumfact,affine,0.000000e+00,72,2048,160,4173281,4096000,16693124,0,0.0000,n/a,20,2.302652597e-02,724.9519,5692.2178,177.8818,134.1229,0,0,0,-6.929976341039e-14,0,0.000000,0,sumfact,off,off,0,0,0,0,0,,,0.000,,,,,,,
residual_bare_n160,nid005742,hex8,residual,packed,packed,sumfact,affine,0.000000e+00,72,2048,160,4173281,4096000,16693124,0,0.0000,n/a,20,6.597363949e-03,2530.2718,19867.3290,620.8540,468.1239,0,0,0,-6.683819079797e-14,0,0.000000,0,sumfact,off,off,0,0,0,0,0,,,0.000,,,,,,,
spmv_f32_n192,nid005742,hex8,bsr_apply,packed,n/a,sumfact,affine,0.000000e+00,72,4096,192,7189057,7077888,28756228,192100033,11724.8555,f32,20,3.208540678e-02,896.2401,0.0000,0.0000,0.0000,0,0,0,-8.660309578814e-06,0,0.000000,0,n/a,off,off,0,0,0,0,0,,,0.000,,,,,,,
spmv_f64_n192,nid005742,hex8,bsr_apply,packed,n/a,sumfact,affine,0.000000e+00,72,4096,192,7189057,7077888,28756228,192100033,23449.7111,f64,20,6.352638006e-02,452.6659,0.0000,0.0000,0.0000,0,0,0,2.533862061957e-11,0,0.000000,0,n/a,off,off,0,0,0,0,0,,,0.000,,,,,,,
assemble_diag_n192,nid005742,hex8,assemble_diag,atomic,atomic,sumfact,affine,0.000000e+00,72,0,192,7189057,7077888,28756228,0,0.0000,n/a,20,2.506879568e-01,114.7093,903.4834,28.2339,21.2883,0,0,0,3.215019675301e+03,0,0.000000,0,n/a,off,off,0,0,0,0,0,,,0.000,,,,,,,
assemble_sympy_n192,nid005742,hex8,assemble,colored,colored,sympy,affine,0.000000e+00,72,4096,192,7189057,7077888,28756228,192100033,23449.7111,f64,20,2.954408050e-01,97.3333,766.6254,23.9570,55.1970,19,90,91,2.580736401329e-09,0,0.000000,0,sympy,off,off,0,0,0,0,0,,,0.000,,,,,,,
assemble_sympy_n192,nid005742,hex8,assemble,atomic,atomic,sympy,affine,0.000000e+00,72,0,192,7189057,7077888,28756228,192100033,23449.7111,f64,20,5.254307389e-01,54.7289,431.0605,13.4706,31.0364,0,0,0,2.579395400885e-09,0,0.000000,0,sympy,off,off,0,0,0,0,0,,,0.000,,,,,,,
assemble_n192,nid005742,hex8,assemble,store,store,sumfact,affine,0.000000e+00,72,4096,192,7189057,7077888,28756228,192100033,23449.7111,f64,20,3.930289507e-01,73.1657,576.2741,18.0086,41.4917,0,0,0,2.592910685214e-09,0,0.000000,0,sumfact,off,off,0,0,0,0,0,,,0.000,,,,,,,
assemble_n192,nid005742,hex8,assemble,colored,colored,sumfact,affine,0.000000e+00,72,4096,192,7189057,7077888,28756228,192100033,23449.7111,f64,20,2.727977395e-01,105.4123,830.2577,25.9456,59.7786,19,90,91,2.592891644889e-09,0,0.000000,0,sumfact,off,off,0,0,0,0,0,,,0.000,,,,,,,
assemble_n192,nid005742,hex8,assemble,atomic,atomic,sumfact,affine,0.000000e+00,72,0,192,7189057,7077888,28756228,192100033,23449.7111,f64,20,7.554597378e-01,38.0645,299.8074,9.3690,21.5861,0,0,0,2.591521534265e-09,0,0.000000,0,sumfact,off,off,0,0,0,0,0,,,0.000,,,,,,,
assemble_n192,nid005742,hex8,assemble,packed,packed,sumfact,affine,0.000000e+00,72,4096,192,7189057,7077888,28756228,192100033,23449.7111,f64,20,5.143005133e-01,55.9133,440.3892,13.7622,31.7080,0,0,0,2.592910685214e-09,0,0.000000,0,sumfact,off,off,0,0,0,0,0,,,0.000,,,,,,,
jac_rc_bnd_n192,nid005742,hex8,jac_action,atomic,atomic,sumfact,affine,0.000000e+00,72,0,192,7189057,7077888,28756228,0,0.0000,n/a,20,8.150175810e-02,352.8295,2778.9881,86.8434,73.8169,0,0,0,5.049173453743e+00,1,1.000000,1,n/a,exact,on,1,0,0,0,0,4.823480320e-02,0.591825,0.000,,,,,,,
jac_rc_bnd_n192,nid005742,hex8,jac_action,ecolor,ecolor,sumfact,affine,0.000000e+00,72,4096,192,7189057,7077888,28756228,0,0.0000,n/a,20,1.534925461e-01,187.3461,1475.5923,46.1123,39.1954,0,0,0,5.049423490534e+00,1,1.000000,1,n/a,exact,on,1,0,0,0,0,7.691655680e-02,0.501109,0.000,,,,,,,
jac_rc_bnd_n192,nid005742,hex8,jac_action,packed,packed,sumfact,affine,0.000000e+00,72,4096,192,7189057,7077888,28756228,0,0.0000,n/a,20,3.243945837e-02,886.4583,6982.0036,218.1876,185.4595,0,0,0,5.049173453743e+00,1,1.000000,1,n/a,exact,on,1,0,0,0,0,7.874649600e-03,0.242749,0.000,,,,,,,
jac_rc_n192,nid005742,hex8,jac_action,atomic,atomic,sumfact,affine,0.000000e+00,72,0,192,7189057,7077888,28756228,0,0.0000,n/a,20,8.086233139e-02,355.6196,2800.9632,87.5301,74.4006,0,0,0,-3.094966537014e-13,1,1.000000,0,n/a,exact,off,1,0,0,0,0,4.969964800e-02,0.614621,0.000,,,,,,,
jac_rc_n192,nid005742,hex8,jac_action,ecolor,ecolor,sumfact,affine,0.000000e+00,72,4096,192,7189057,7077888,28756228,0,0.0000,n/a,20,1.506978631e-01,190.8204,1502.9571,46.9674,39.9223,0,0,0,-1.781335363639e-12,1,1.000000,0,n/a,exact,off,1,0,0,0,0,7.526417920e-02,0.499438,0.000,,,,,,,
jac_rc_n192,nid005742,hex8,jac_action,packed,packed,sumfact,affine,0.000000e+00,72,4096,192,7189057,7077888,28756228,0,0.0000,n/a,20,3.148442507e-02,913.3477,7193.7923,224.8060,191.0851,0,0,0,-3.003928248995e-13,1,1.000000,0,n/a,exact,off,1,0,0,0,0,8.078860800e-03,0.256599,0.000,,,,,,,
residual_rc_perapply_n192,nid005742,hex8,residual,atomic,atomic,sumfact,affine,0.000000e+00,72,0,192,7189057,7077888,28756228,0,0.0000,n/a,20,4.644162655e-02,619.1908,4876.9269,152.4040,114.9126,0,0,0,-2.201602615493e-14,1,1.000000,0,sumfact,on,off,0,1,0,0,0,,,0.000,,,,,,,
residual_rc_perapply_n192,nid005742,hex8,residual,packed,packed,sumfact,affine,0.000000e+00,72,4096,192,7189057,7077888,28756228,0,0.0000,n/a,20,2.004610300e-02,1434.5047,11298.5759,353.0805,266.2227,0,0,0,-3.009289865907e-14,1,1.000000,0,sumfact,on,off,0,1,0,0,0,,,0.000,,,,,,,
residual_rc_bnd_dt_n192,nid005742,hex8,residual,atomic,atomic,sumfact,affine,0.000000e+00,72,0,192,7189057,7077888,28756228,0,0.0000,n/a,20,3.533754349e-02,813.7585,6409.3990,200.2937,151.0215,0,0,0,6.759309506134e+00,1,1.000000,1,sumfact,on,on,0,0,0,0,1,,,0.000,,,,,,,
residual_rc_bnd_dt_n192,nid005742,hex8,residual,ecolor,ecolor,sumfact,affine,0.000000e+00,72,4096,192,7189057,7077888,28756228,0,0.0000,n/a,20,6.678315401e-02,430.5910,3391.4603,105.9831,79.9113,0,0,0,6.759309506134e+00,1,1.000000,1,sumfact,on,on,0,0,0,0,1,,,0.000,,,,,,,
residual_rc_bnd_dt_n192,nid005742,hex8,residual,packed,packed,sumfact,affine,0.000000e+00,72,4096,192,7189057,7077888,28756228,0,0.0000,n/a,20,1.976507902e-02,1454.9007,11459.2214,358.1007,270.0079,0,0,0,6.759335709367e+00,1,1.000000,1,sumfact,on,on,0,0,0,0,1,,,0.000,,,,,,,
residual_rc_bnd_n192,nid005742,hex8,residual,atomic,atomic,sumfact,affine,0.000000e+00,72,0,192,7189057,7077888,28756228,0,0.0000,n/a,20,3.306169510e-02,869.7748,6850.5990,214.0812,161.4172,0,0,0,3.727500000000e+00,1,1.000000,1,sumfact,on,on,0,0,0,0,0,,,0.000,,,,,,,
residual_rc_bnd_n192,nid005742,hex8,residual,ecolor,ecolor,sumfact,affine,0.000000e+00,72,4096,192,7189057,7077888,28756228,0,0.0000,n/a,20,6.555405855e-02,438.6643,3455.0480,107.9702,81.4096,0,0,0,3.727500000000e+00,1,1.000000,1,sumfact,on,on,0,0,0,0,0,,,0.000,,,,,,,
residual_rc_bnd_n192,nid005742,hex8,residual,packed,packed,sumfact,affine,0.000000e+00,72,4096,192,7189057,7077888,28756228,0,0.0000,n/a,20,1.793985367e-02,1602.9243,12625.0983,394.5343,297.4789,0,0,0,3.727500000000e+00,1,1.000000,1,sumfact,on,on,0,0,0,0,0,,,0.000,,,,,,,
residual_rc_n192,nid005742,hex8,residual,atomic,atomic,sumfact,affine,0.000000e+00,72,0,192,7189057,7077888,28756228,0,0.0000,n/a,20,3.246775866e-02,885.6857,6975.9178,217.9974,164.3701,0,0,0,-2.201602615493e-14,1,1.000000,0,sumfact,on,off,0,0,0,0,0,,,0.000,,,,,,,
residual_rc_n192,nid005742,hex8,residual,ecolor,ecolor,sumfact,affine,0.000000e+00,72,4096,192,7189057,7077888,28756228,0,0.0000,n/a,20,6.239819527e-02,460.8503,3629.7911,113.4310,85.5270,0,0,0,-1.899240313630e-14,1,1.000000,0,sumfact,on,off,0,0,0,0,0,,,0.000,,,,,,,
residual_rc_n192,nid005742,hex8,residual,packed,packed,sumfact,affine,0.000000e+00,72,4096,192,7189057,7077888,28756228,0,0.0000,n/a,20,1.647896767e-02,1745.0261,13744.3328,429.5104,323.8508,0,0,0,-3.009289865907e-14,1,1.000000,0,sumfact,on,off,0,0,0,0,0,,,0.000,,,,,,,
residual_current_n192,nid005742,hex8,residual,packed,packed,current,affine,0.000000e+00,72,4096,192,7189057,7077888,28756228,0,0.0000,n/a,20,1.356133223e-02,2120.4575,16701.3397,521.9169,393.5253,0,0,0,-2.561136253163e-14,0,0.000000,0,current,off,off,0,0,0,0,0,,,0.000,,,,,,,
residual_current_n192,nid005742,hex8,residual,atomic,atomic,current,affine,0.000000e+00,72,0,192,7189057,7077888,28756228,0,0.0000,n/a,20,3.388538361e-02,848.6322,6684.0741,208.8773,157.4935,0,0,0,-1.950513589619e-14,0,0.000000,0,current,off,off,0,0,0,0,0,,,0.000,,,,,,,
jac_bare_n192,nid005742,hex8,jac_action,atomic,atomic,sumfact,affine,0.000000e+00,72,0,192,7189057,7077888,28756228,0,0.0000,n/a,20,2.913595438e-02,986.9671,7773.6398,242.9262,206.4873,0,0,0,2.581439207359e-11,0,0.000000,0,n/a,off,off,0,0,0,0,0,,,0.000,,,,,,,
jac_bare_n192,nid005742,hex8,jac_action,ecolor,ecolor,sumfact,affine,0.000000e+00,72,4096,192,7189057,7077888,28756228,0,0.0000,n/a,20,5.551943779e-02,517.9488,4079.5157,127.4849,108.3621,0,0,0,4.849060801330e-11,0,0.000000,0,n/a,off,off,0,0,0,0,0,,,0.000,,,,,,,
jac_bare_n192,nid005742,hex8,jac_action,packed,packed,sumfact,affine,0.000000e+00,72,4096,192,7189057,7077888,28756228,0,0.0000,n/a,20,1.524294615e-02,1886.5269,14858.8346,464.3386,394.6878,0,0,0,2.572335378558e-11,0,0.000000,0,n/a,off,off,0,0,0,0,0,,,0.000,,,,,,,
residual_bare_n192,nid005742,hex8,residual,atomic,atomic,sumfact,affine,0.000000e+00,72,0,192,7189057,7077888,28756228,0,0.0000,n/a,20,2.610902786e-02,1101.3902,8674.8697,271.0897,204.4016,0,0,0,-1.935149089582e-14,0,0.000000,0,sumfact,off,off,0,0,0,0,0,,,0.000,,,,,,,
residual_bare_n192,nid005742,hex8,residual,ecolor,ecolor,sumfact,affine,0.000000e+00,72,4096,192,7189057,7077888,28756228,0,0.0000,n/a,20,4.717925787e-02,609.5100,4800.6778,150.0212,113.1160,0,0,0,-1.949200349738e-14,0,0.000000,0,sumfact,off,off,0,0,0,0,0,,,0.000,,,,,,,
residual_bare_n192,nid005742,hex8,residual,packed,packed,sumfact,affine,0.000000e+00,72,4096,192,7189057,7077888,28756228,0,0.0000,n/a,20,1.157724857e-02,2483.8568,19563.5789,611.3618,460.9668,0,0,0,-2.914920908814e-14,0,0.000000,0,sumfact,off,off,0,0,0,0,0,,,0.000,,,,,,,
residual_bare_n64,nid005742,hex8,residual,packed,packed,sumfact,affine,0.000000e+00,72,128,64,274625,262144,1098500,0,0.0000,n/a,20,3.869533539e-04,2838.8435,21678.6026,677.4563,510.8021,0,0,0,-1.235979634612e-14,0,0.000000,0,sumfact,off,off,0,0,0,0,0,,,0.000,,,,,,,
residual_bare_n64,nid005742,hex8,residual,ecolor,ecolor,sumfact,affine,0.000000e+00,72,128,64,274625,262144,1098500,0,0.0000,n/a,20,5.345582962e-04,2054.9676,15692.5972,490.3937,369.7568,0,0,0,-1.251418673548e-14,0,0.000000,0,sumfact,off,off,0,0,0,0,0,,,0.000,,,,,,,
residual_bare_n64,nid005742,hex8,residual,atomic,atomic,sumfact,affine,0.000000e+00,72,0,64,274625,262144,1098500,0,0.0000,n/a,20,1.020526886e-03,1076.4048,8219.8795,256.8712,193.6809,0,0,0,-1.254020758762e-14,0,0.000000,0,sumfact,off,off,0,0,0,0,0,,,0.000,,,,,,,
jac_bare_n64,nid005742,hex8,jac_action,packed,packed,sumfact,affine,0.000000e+00,72,128,64,274625,262144,1098500,0,0.0000,n/a,20,5.206465721e-04,2109.8766,16111.9048,503.4970,427.9725,0,0,0,-1.151812315230e-12,0,0.000000,0,n/a,off,off,0,0,0,0,0,,,0.000,,,,,,,
jac_bare_n64,nid005742,hex8,jac_action,ecolor,ecolor,sumfact,affine,0.000000e+00,72,128,64,274625,262144,1098500,0,0.0000,n/a,20,5.916476250e-04,1856.6795,14178.3853,443.0745,376.6134,0,0,0,-2.097774373915e-12,0,0.000000,0,n/a,off,off,0,0,0,0,0,,,0.000,,,,,,,
jac_bare_n64,nid005742,hex8,jac_action,atomic,atomic,sumfact,affine,0.000000e+00,72,0,64,274625,262144,1098500,0,0.0000,n/a,20,1.245164871e-03,882.2125,6736.9456,210.5295,178.9501,0,0,0,-1.151479248323e-12,0,0.000000,0,n/a,off,off,0,0,0,0,0,,,0.000,,,,,,,
residual_current_n64,nid005742,hex8,residual,atomic,atomic,current,affine,0.000000e+00,72,0,64,274625,262144,1098500,0,0.0000,n/a,20,1.310610771e-03,838.1588,6400.5334,200.0167,150.8126,0,0,0,-1.240218865106e-14,0,0.000000,0,current,off,off,0,0,0,0,0,,,0.000,,,,,,,
residual_current_n64,nid005742,hex8,residual,packed,packed,current,affine,0.000000e+00,72,128,64,274625,262144,1098500,0,0.0000,n/a,20,5.080699921e-04,2162.1037,16510.7330,515.9604,389.0341,0,0,0,-1.272137777064e-14,0,0.000000,0,current,off,off,0,0,0,0,0,,,0.000,,,,,,,
residual_rc_n64,nid005742,hex8,residual,packed,packed,sumfact,affine,0.000000e+00,72,128,64,274625,262144,1098500,0,0.0000,n/a,20,5.648732185e-04,1944.6842,14850.4261,464.0758,349.9132,0,0,0,-1.282860536550e-14,1,1.000000,0,sumfact,on,off,0,0,0,0,0,,,0.000,,,,,,,
residual_rc_n64,nid005742,hex8,residual,ecolor,ecolor,sumfact,affine,0.000000e+00,72,128,64,274625,262144,1098500,0,0.0000,n/a,20,6.994009018e-04,1570.6299,11993.9908,374.8122,282.6084,0,0,0,-1.256666212063e-14,1,1.000000,0,sumfact,on,off,0,0,0,0,0,,,0.000,,,,,,,
residual_rc_n64,nid005742,hex8,residual,atomic,atomic,sumfact,affine,0.000000e+00,72,0,64,274625,262144,1098500,0,0.0000,n/a,20,1.213717461e-03,905.0706,6911.4998,215.9844,162.8522,0,0,0,-1.256492739715e-14,1,1.000000,0,sumfact,on,off,0,0,0,0,0,,,0.000,,,,,,,
residual_rc_bnd_n64,nid005742,hex8,residual,packed,packed,sumfact,affine,0.000000e+00,72,128,64,274625,262144,1098500,0,0.0000,n/a,20,6.192088127e-04,1774.0381,13547.3007,423.3531,319.2083,0,0,0,3.727500000000e+00,1,1.000000,1,sumfact,on,on,0,0,0,0,0,,,0.000,,,,,,,
residual_rc_bnd_n64,nid005742,hex8,residual,ecolor,ecolor,sumfact,affine,0.000000e+00,72,128,64,274625,262144,1098500,0,0.0000,n/a,20,7.701754570e-04,1426.2984,10891.8142,340.3692,256.6384,0,0,0,3.727500000000e+00,1,1.000000,1,sumfact,on,on,0,0,0,0,0,,,0.000,,,,,,,
residual_rc_bnd_n64,nid005742,hex8,residual,atomic,atomic,sumfact,affine,0.000000e+00,72,0,64,274625,262144,1098500,0,0.0000,n/a,20,1.274979115e-03,861.5827,6579.4082,205.6065,155.0273,0,0,0,3.727500000000e+00,1,1.000000,1,sumfact,on,on,0,0,0,0,0,,,0.000,,,,,,,
residual_rc_bnd_dt_n64,nid005742,hex8,residual,packed,packed,sumfact,affine,0.000000e+00,72,128,64,274625,262144,1098500,0,0.0000,n/a,20,6.426572800e-04,1709.3092,13053.0039,407.9064,307.5614,0,0,0,6.759042994895e+00,1,1.000000,1,sumfact,on,on,0,0,0,0,1,,,0.000,,,,,,,
residual_rc_bnd_dt_n64,nid005742,hex8,residual,ecolor,ecolor,sumfact,affine,0.000000e+00,72,128,64,274625,262144,1098500,0,0.0000,n/a,20,7.914185524e-04,1388.0140,10599.4584,331.2331,249.7497,0,0,0,6.759448953731e+00,1,1.000000,1,sumfact,on,on,0,0,0,0,1,,,0.000,,,,,,,
residual_rc_bnd_dt_n64,nid005742,hex8,residual,atomic,atomic,sumfact,affine,0.000000e+00,72,0,64,274625,262144,1098500,0,0.0000,n/a,20,1.443517208e-03,760.9885,5811.2283,181.6009,136.9271,0,0,0,6.759448953731e+00,1,1.000000,1,sumfact,on,on,0,0,0,0,1,,,0.000,,,,,,,
residual_rc_perapply_n64,nid005742,hex8,residual,packed,packed,sumfact,affine,0.000000e+00,72,128,64,274625,262144,1098500,0,0.0000,n/a,20,6.484031677e-04,1694.1620,12937.3335,404.2917,304.8359,0,0,0,-1.282860536550e-14,1,1.000000,0,sumfact,on,off,0,1,0,0,0,,,0.000,,,,,,,
residual_rc_perapply_n64,nid005742,hex8,residual,atomic,atomic,sumfact,affine,0.000000e+00,72,0,64,274625,262144,1098500,0,0.0000,n/a,20,1.836287975e-03,598.2177,4568.2421,142.7576,107.6392,0,0,0,-1.256492739715e-14,1,1.000000,0,sumfact,on,off,0,1,0,0,0,,,0.000,,,,,,,
jac_rc_n64,nid005742,hex8,jac_action,packed,packed,sumfact,affine,0.000000e+00,72,128,64,274625,262144,1098500,0,0.0000,n/a,20,9.742379189e-04,1127.5480,8610.4306,269.0760,228.7146,0,0,0,3.033959260039e-13,1,1.000000,0,n/a,exact,off,1,0,0,0,0,2.181504000e-04,0.223919,0.000,,,,,,,
jac_rc_n64,nid005742,hex8,jac_action,ecolor,ecolor,sumfact,affine,0.000000e+00,72,128,64,274625,262144,1098500,0,0.0000,n/a,20,1.289951801e-03,851.5822,6503.0399,203.2200,172.7370,0,0,0,-6.895899866757e-14,1,1.000000,0,n/a,exact,off,1,0,0,0,0,4.579712000e-04,0.355030,0.000,,,,,,,
jac_rc_n64,nid005742,hex8,jac_action,atomic,atomic,sumfact,affine,0.000000e+00,72,0,64,274625,262144,1098500,0,0.0000,n/a,20,2.614414692e-03,420.1705,3208.5989,100.2687,85.2284,0,0,0,2.991632007225e-13,1,1.000000,0,n/a,exact,off,1,0,0,0,0,1.360345600e-03,0.520325,0.000,,,,,,,
jac_rc_bnd_n64,nid005742,hex8,jac_action,packed,packed,sumfact,affine,0.000000e+00,72,128,64,274625,262144,1098500,0,0.0000,n/a,20,1.041352749e-03,1054.8779,8055.4913,251.7341,213.9740,0,0,0,5.047023127365e+00,1,1.000000,1,n/a,exact,on,1,0,0,0,0,2.182912000e-04,0.209623,0.000,,,,,,,
jac_rc_bnd_n64,nid005742,hex8,jac_action,ecolor,ecolor,sumfact,affine,0.000000e+00,72,128,64,274625,262144,1098500,0,0.0000,n/a,20,1.376080513e-03,798.2818,6096.0154,190.5005,161.9254,0,0,0,5.044934535980e+00,1,1.000000,1,n/a,exact,on,1,0,0,0,0,4.691968000e-04,0.340966,0.000,,,,,,,
jac_rc_bnd_n64,nid005742,hex8,jac_action,atomic,atomic,sumfact,affine,0.000000e+00,72,0,64,274625,262144,1098500,0,0.0000,n/a,20,2.673518658e-03,410.8817,3137.6658,98.0521,83.3442,0,0,0,5.047023127365e+00,1,1.000000,1,n/a,exact,on,1,0,0,0,0,1.356915200e-03,0.507539,0.000,,,,,,,
assemble_n64,nid005742,hex8,assemble,packed,packed,sumfact,affine,0.000000e+00,72,128,64,274625,262144,1098500,7189057,877.5704,f64,20,1.239049435e-02,88.6567,677.0196,21.1569,48.7454,0,0,0,2.702547346339e-10,0,0.000000,0,sumfact,off,off,0,0,0,0,0,,,0.000,,,,,,,
assemble_n64,nid005742,hex8,assemble,atomic,atomic,sumfact,affine,0.000000e+00,72,0,64,274625,262144,1098500,7189057,877.5704,f64,20,2.749190331e-02,39.9572,305.1301,9.5353,21.9694,0,0,0,2.702932316173e-10,0,0.000000,0,sumfact,off,off,0,0,0,0,0,,,0.000,,,,,,,
assemble_n64,nid005742,hex8,assemble,colored,colored,sumfact,affine,0.000000e+00,72,128,64,274625,262144,1098500,7189057,877.5704,f64,20,1.078804731e-02,101.8257,777.5835,24.2995,55.9860,14,146,147,2.702547346339e-10,0,0.000000,0,sumfact,off,off,0,0,0,0,0,,,0.000,,,,,,,
assemble_n64,nid005742,hex8,assemble,store,store,sumfact,affine,0.000000e+00,72,128,64,274625,262144,1098500,7189057,877.5704,f64,20,9.533822536e-03,115.2214,879.8788,27.4962,63.3513,0,0,0,2.702547346339e-10,0,0.000000,0,sumfact,off,off,0,0,0,0,0,,,0.000,,,,,,,
assemble_sympy_n64,nid005742,hex8,assemble,atomic,atomic,sympy,affine,0.000000e+00,72,0,64,274625,262144,1098500,7189057,877.5704,f64,20,1.925849915e-02,57.0398,435.5795,13.6119,31.3617,0,0,0,2.702932318341e-10,0,0.000000,0,sympy,off,off,0,0,0,0,0,,,0.000,,,,,,,
assemble_sympy_n64,nid005742,hex8,assemble,colored,colored,sympy,affine,0.000000e+00,72,128,64,274625,262144,1098500,7189057,877.5704,f64,20,1.208831072e-02,90.8729,693.9438,21.6857,49.9640,14,146,147,2.702547348507e-10,0,0.000000,0,sympy,off,off,0,0,0,0,0,,,0.000,,,,,,,
assemble_diag_n64,nid005742,hex8,assemble_diag,atomic,atomic,sumfact,affine,0.000000e+00,72,0,64,274625,262144,1098500,0,0.0000,n/a,20,1.096347570e-02,100.1963,765.1413,23.9107,18.0286,0,0,0,5.801523603040e+02,0,0.000000,0,n/a,off,off,0,0,0,0,0,,,0.000,,,,,,,
spmv_f64_n64,nid005742,hex8,bsr_apply,packed,n/a,sumfact,affine,0.000000e+00,72,128,64,274625,262144,1098500,7189057,877.5704,f64,20,2.059328556e-03,533.4263,0.0000,0.0000,0.0000,0,0,0,-1.151445421215e-12,0,0.000000,0,n/a,off,off,0,0,0,0,0,,,0.000,,,,,,,
spmv_f32_n64,nid005742,hex8,bsr_apply,packed,n/a,sumfact,affine,0.000000e+00,72,128,64,274625,262144,1098500,7189057,438.7852,f32,20,9.446144104e-04,1162.9084,0.0000,0.0000,0.0000,0,0,0,1.266337291522e-05,0,0.000000,0,n/a,off,off,0,0,0,0,0,,,0.000,,,,,,,
residual_bare_n96,nid005742,hex8,residual,packed,packed,sumfact,affine,0.000000e+00,72,512,96,912673,884736,3650692,0,0.0000,n/a,20,1.258945465e-03,2899.8015,22488.3069,702.7596,529.8807,0,0,0,9.553718493399e-14,0,0.000000,0,sumfact,off,off,0,0,0,0,0,,,0.000,,,,,,,
residual_bare_n96,nid005742,hex8,residual,ecolor,ecolor,sumfact,affine,0.000000e+00,72,512,96,912673,884736,3650692,0,0.0000,n/a,20,2.045595646e-03,1784.6596,13840.2485,432.5078,326.1109,0,0,0,1.006580886351e-13,0,0.000000,0,sumfact,off,off,0,0,0,0,0,,,0.000,,,,,,,
residual_bare_n96,nid005742,hex8,residual,atomic,atomic,sumfact,affine,0.000000e+00,72,0,96,912673,884736,3650692,0,0.0000,n/a,20,3.251409531e-03,1122.8029,8707.4703,272.1084,205.1698,0,0,0,9.868744276637e-14,0,0.000000,0,sumfact,off,off,0,0,0,0,0,,,0.000,,,,,,,
jac_bare_n96,nid005742,hex8,jac_action,packed,packed,sumfact,affine,0.000000e+00,72,512,96,912673,884736,3650692,0,0.0000,n/a,20,1.724696159e-03,2116.7160,16415.3853,512.9808,436.0337,0,0,0,-2.009048702682e-12,0,0.000000,0,n/a,off,off,0,0,0,0,0,,,0.000,,,,,,,
jac_bare_n96,nid005742,hex8,jac_action,ecolor,ecolor,sumfact,affine,0.000000e+00,72,512,96,912673,884736,3650692,0,0.0000,n/a,20,2.460527420e-03,1483.7030,11506.2940,359.5717,305.6359,0,0,0,-3.581897758541e-12,0,0.000000,0,n/a,off,off,0,0,0,0,0,,,0.000,,,,,,,
jac_bare_n96,nid005742,hex8,jac_action,atomic,atomic,sumfact,affine,0.000000e+00,72,0,96,912673,884736,3650692,0,0.0000,n/a,20,3.732442856e-03,978.0972,7585.2607,237.0394,201.4835,0,0,0,-1.948041947479e-12,0,0.000000,0,n/a,off,off,0,0,0,0,0,,,0.000,,,,,,,
residual_current_n96,nid005742,hex8,residual,atomic,atomic,current,affine,0.000000e+00,72,0,96,912673,884736,3650692,0,0.0000,n/a,20,4.253292084e-03,858.3215,6656.3856,208.0120,156.8411,0,0,0,1.028125609821e-13,0,0.000000,0,current,off,off,0,0,0,0,0,,,0.000,,,,,,,
residual_current_n96,nid005742,hex8,residual,packed,packed,current,affine,0.000000e+00,72,512,96,912673,884736,3650692,0,0.0000,n/a,20,1.590919495e-03,2294.7057,17795.7163,556.1161,419.3116,0,0,0,1.028819499212e-13,0,0.000000,0,current,off,off,0,0,0,0,0,,,0.000,,,,,,,
residual_rc_n96,nid005742,hex8,residual,packed,packed,sumfact,affine,0.000000e+00,72,512,96,912673,884736,3650692,0,0.0000,n/a,20,1.914346218e-03,1907.0176,14789.1493,462.1609,348.4693,0,0,0,1.003804244587e-13,1,1.000000,0,sumfact,on,off,0,0,0,0,0,,,0.000,,,,,,,
residual_rc_n96,nid005742,hex8,residual,ecolor,ecolor,sumfact,affine,0.000000e+00,72,512,96,912673,884736,3650692,0,0.0000,n/a,20,2.861511707e-03,1275.7914,9893.9144,309.1848,233.1254,0,0,0,1.043078384083e-13,1,1.000000,0,sumfact,on,off,0,0,0,0,0,,,0.000,,,,,,,
residual_rc_n96,nid005742,hex8,residual,atomic,atomic,sumfact,affine,0.000000e+00,72,0,96,912673,884736,3650692,0,0.0000,n/a,20,3.902137280e-03,935.5622,7255.3962,226.7311,170.9553,0,0,0,1.025453593567e-13,1,1.000000,0,sumfact,on,off,0,0,0,0,0,,,0.000,,,,,,,
residual_rc_bnd_n96,nid005742,hex8,residual,packed,packed,sumfact,affine,0.000000e+00,72,512,96,912673,884736,3650692,0,0.0000,n/a,20,2.155113220e-03,1693.9676,13136.9209,410.5288,309.5387,0,0,0,3.727500000000e+00,1,1.000000,1,sumfact,on,on,0,0,0,0,0,,,0.000,,,,,,,
residual_rc_bnd_n96,nid005742,hex8,residual,ecolor,ecolor,sumfact,affine,0.000000e+00,72,512,96,912673,884736,3650692,0,0.0000,n/a,20,3.213143349e-03,1136.1746,8811.1699,275.3491,207.6132,0,0,0,3.727500000000e+00,1,1.000000,1,sumfact,on,on,0,0,0,0,0,,,0.000,,,,,,,
residual_rc_bnd_n96,nid005742,hex8,residual,atomic,atomic,sumfact,affine,0.000000e+00,72,0,96,912673,884736,3650692,0,0.0000,n/a,20,4.087626934e-03,893.1079,6926.1585,216.4425,163.1976,0,0,0,3.727500000000e+00,1,1.000000,1,sumfact,on,on,0,0,0,0,0,,,0.000,,,,,,,
residual_rc_bnd_dt_n96,nid005742,hex8,residual,packed,packed,sumfact,affine,0.000000e+00,72,512,96,912673,884736,3650692,0,0.0000,n/a,20,2.283847332e-03,1598.4834,12396.4293,387.3884,292.0909,0,0,0,6.759195490287e+00,1,1.000000,1,sumfact,on,on,0,0,0,0,1,,,0.000,,,,,,,
residual_rc_bnd_dt_n96,nid005742,hex8,residual,ecolor,ecolor,sumfact,affine,0.000000e+00,72,512,96,912673,884736,3650692,0,0.0000,n/a,20,3.357887268e-03,1087.1991,8431.3587,263.4800,198.6639,0,0,0,6.759287405709e+00,1,1.000000,1,sumfact,on,on,0,0,0,0,1,,,0.000,,,,,,,
residual_rc_bnd_dt_n96,nid005742,hex8,residual,atomic,atomic,sumfact,affine,0.000000e+00,72,0,96,912673,884736,3650692,0,0.0000,n/a,20,4.206717014e-03,867.8245,6730.0824,210.3151,158.5776,0,0,0,6.759287405709e+00,1,1.000000,1,sumfact,on,on,0,0,0,0,1,,,0.000,,,,,,,
residual_rc_perapply_n96,nid005742,hex8,residual,packed,packed,sumfact,affine,0.000000e+00,72,512,96,912673,884736,3650692,0,0.0000,n/a,20,2.298164368e-03,1588.5252,12319.2024,384.9751,290.2712,0,0,0,1.003804244587e-13,1,1.000000,0,sumfact,on,off,0,1,0,0,0,,,0.000,,,,,,,
residual_rc_perapply_n96,nid005742,hex8,residual,atomic,atomic,sumfact,affine,0.000000e+00,72,0,96,912673,884736,3650692,0,0.0000,n/a,20,6.100201607e-03,598.4543,4641.0846,145.0339,109.3556,0,0,0,1.025453593567e-13,1,1.000000,0,sumfact,on,off,0,1,0,0,0,,,0.000,,,,,,,
jac_rc_n96,nid005742,hex8,jac_action,packed,packed,sumfact,affine,0.000000e+00,72,512,96,912673,884736,3650692,0,0.0000,n/a,20,3.793001175e-03,962.4811,7464.1559,233.2549,198.2666,0,0,0,2.763892901440e-13,1,1.000000,0,n/a,exact,off,1,0,0,0,0,9.947008000e-04,0.262246,0.000,,,,,,,
jac_rc_n96,nid005742,hex8,jac_action,ecolor,ecolor,sumfact,affine,0.000000e+00,72,512,96,912673,884736,3650692,0,0.0000,n/a,20,6.762325764e-03,539.8575,4186.6590,130.8331,111.2081,0,0,0,5.559625297028e-13,1,1.000000,0,n/a,exact,off,1,0,0,0,0,2.445388800e-03,0.361619,0.000,,,,,,,
jac_rc_n96,nid005742,hex8,jac_action,atomic,atomic,sumfact,affine,0.000000e+00,72,0,96,912673,884736,3650692,0,0.0000,n/a,20,8.443093300e-03,432.3880,3353.2203,104.7881,89.0699,0,0,0,2.773607352905e-13,1,1.000000,0,n/a,exact,off,1,0,0,0,0,4.257664000e-03,0.504278,0.000,,,,,,,
jac_rc_bnd_n96,nid005742,hex8,jac_action,packed,packed,sumfact,affine,0.000000e+00,72,512,96,912673,884736,3650692,0,0.0000,n/a,20,4.116642475e-03,886.8130,6877.3405,214.9169,182.6794,0,0,0,5.047058237368e+00,1,1.000000,1,n/a,exact,on,1,0,0,0,0,1.020697600e-03,0.247944,0.000,,,,,,,
jac_rc_bnd_n96,nid005742,hex8,jac_action,ecolor,ecolor,sumfact,affine,0.000000e+00,72,512,96,912673,884736,3650692,0,0.0000,n/a,20,7.249414921e-03,503.5844,3905.3568,122.0424,103.7360,0,0,0,5.043879373204e+00,1,1.000000,1,n/a,exact,on,1,0,0,0,0,2.452300800e-03,0.338276,0.000,,,,,,,
jac_rc_bnd_n96,nid005742,hex8,jac_action,atomic,atomic,sumfact,affine,0.000000e+00,72,0,96,912673,884736,3650692,0,0.0000,n/a,20,8.698570728e-03,419.6887,3254.7361,101.7105,86.4539,0,0,0,5.047058237368e+00,1,1.000000,1,n/a,exact,on,1,0,0,0,0,4.258265600e-03,0.489536,0.000,,,,,,,
assemble_n96,nid005742,hex8,assemble,packed,packed,sumfact,affine,0.000000e+00,72,512,96,912673,884736,3650692,24137569,2946.4806,f64,20,6.002472639e-02,60.8198,471.6648,14.7395,33.9599,0,0,0,7.386596588159e-11,0,0.000000,0,sumfact,off,off,0,0,0,0,0,,,0.000,,,,,,,
assemble_n96,nid005742,hex8,assemble,atomic,atomic,sumfact,affine,0.000000e+00,72,0,96,912673,884736,3650692,24137569,2946.4806,f64,20,9.303495884e-02,39.2400,304.3109,9.5097,21.9104,0,0,0,7.342422201788e-11,0,0.000000,0,sumfact,off,off,0,0,0,0,0,,,0.000,,,,,,,
assemble_n96,nid005742,hex8,assemble,colored,colored,sumfact,affine,0.000000e+00,72,512,96,912673,884736,3650692,24137569,2946.4806,f64,20,3.649073839e-02,100.0443,775.8558,24.2455,55.8616,19,90,91,7.389472065792e-11,0,0.000000,0,sumfact,off,off,0,0,0,0,0,,,0.000,,,,,,,
assemble_n96,nid005742,hex8,assemble,store,store,sumfact,affine,0.000000e+00,72,512,96,912673,884736,3650692,24137569,2946.4806,f64,20,4.238427877e-02,86.1332,667.9730,20.8742,48.0941,0,0,0,7.386596588159e-11,0,0.000000,0,sumfact,off,off,0,0,0,0,0,,,0.000,,,,,,,
assemble_sympy_n96,nid005742,hex8,assemble,atomic,atomic,sympy,affine,0.000000e+00,72,0,96,912673,884736,3650692,24137569,2946.4806,f64,20,6.431260109e-02,56.7648,440.2178,13.7568,31.6957,0,0,0,6.578006241380e-11,0,0.000000,0,sympy,off,off,0,0,0,0,0,,,0.000,,,,,,,
assemble_sympy_n96,nid005742,hex8,assemble,colored,colored,sympy,affine,0.000000e+00,72,512,96,912673,884736,3650692,24137569,2946.4806,f64,20,3.907438517e-02,93.4293,724.5553,22.6424,52.1680,19,90,91,6.632765216512e-11,0,0.000000,0,sympy,off,off,0,0,0,0,0,,,0.000,,,,,,,
assemble_diag_n96,nid005742,hex8,assemble_diag,atomic,atomic,sumfact,affine,0.000000e+00,72,0,96,912673,884736,3650692,0,0.0000,n/a,20,3.187707663e-02,114.5241,888.1477,27.7546,20.9270,0,0,0,1.054549351220e+03,0,0.000000,0,n/a,off,off,0,0,0,0,0,,,0.000,,,,,,,
spmv_f64_n96,nid005742,hex8,bsr_apply,packed,n/a,sumfact,affine,0.000000e+00,72,512,96,912673,884736,3650692,24137569,2946.4806,f64,20,8.241951466e-03,442.9402,0.0000,0.0000,0.0000,0,0,0,-2.227890574390e-12,0,0.000000,0,n/a,off,off,0,0,0,0,0,,,0.000,,,,,,,
spmv_f32_n96,nid005742,hex8,bsr_apply,packed,n/a,sumfact,affine,0.000000e+00,72,512,96,912673,884736,3650692,24137569,1473.2403,f32,20,4.327702522e-03,843.5635,0.0000,0.0000,0.0000,0,0,0,-1.159811748818e-06,0,0.000000,0,n/a,off,off,0,0,0,0,0,,,0.000,,,,,,,
residual_bare_n128,nid005742,hex8,residual,packed,packed,sumfact,affine,0.000000e+00,72,1024,128,2146689,2097152,8586756,0,0.0000,n/a,20,3.252923489e-03,2639.7043,20630.3235,644.6976,486.1020,0,0,0,1.366551186446e-13,0,0.000000,0,sumfact,off,off,0,0,0,0,0,,,0.000,,,,,,,
residual_bare_n128,nid005742,hex8,residual,ecolor,ecolor,sumfact,affine,0.000000e+00,72,1024,128,2146689,2097152,8586756,0,0.0000,n/a,20,4.609107971e-03,1862.9974,14560.0547,455.0017,343.0713,0,0,0,1.381344040888e-13,0,0.000000,0,sumfact,off,off,0,0,0,0,0,,,0.000,,,,,,,
residual_bare_n128,nid005742,hex8,residual,atomic,atomic,sumfact,affine,0.000000e+00,72,0,128,2146689,2097152,8586756,0,0.0000,n/a,20,7.840514183e-03,1095.1777,8559.2427,267.4763,201.6772,0,0,0,1.381469808340e-13,0,0.000000,0,sumfact,off,off,0,0,0,0,0,,,0.000,,,,,,,
jac_bare_n128,nid005742,hex8,jac_action,packed,packed,sumfact,affine,0.000000e+00,72,1024,128,2146689,2097152,8586756,0,0.0000,n/a,20,4.400551319e-03,1951.2910,15250.1037,476.5657,405.0809,0,0,0,-2.268767828771e-12,0,0.000000,0,n/a,off,off,0,0,0,0,0,,,0.000,,,,,,,
jac_bare_n128,nid005742,hex8,jac_action,ecolor,ecolor,sumfact,affine,0.000000e+00,72,1024,128,2146689,2097152,8586756,0,0.0000,n/a,20,6.624710560e-03,1296.1707,10130.0824,316.5651,269.0803,0,0,0,-2.925569671502e-13,0,0.000000,0,n/a,off,off,0,0,0,0,0,,,0.000,,,,,,,
jac_bare_n128,nid005742,hex8,jac_action,atomic,atomic,sumfact,affine,0.000000e+00,72,0,128,2146689,2097152,8586756,0,0.0000,n/a,20,8.769607544e-03,979.1494,7652.4364,239.1386,203.2678,0,0,0,-2.268767828771e-12,0,0.000000,0,n/a,off,off,0,0,0,0,0,,,0.000,,,,,,,
residual_current_n128,nid005742,hex8,residual,atomic,atomic,current,affine,0.000000e+00,72,0,128,2146689,2097152,8586756,0,0.0000,n/a,20,1.024273634e-02,838.3264,6551.8492,204.7453,154.3779,0,0,0,1.381248631097e-13,0,0.000000,0,current,off,off,0,0,0,0,0,,,0.000,,,,,,,
residual_current_n128,nid005742,hex8,residual,packed,packed,current,affine,0.000000e+00,72,1024,128,2146689,2097152,8586756,0,0.0000,n/a,20,3.996384144e-03,2148.6313,16792.3957,524.7624,395.6708,0,0,0,1.366330009203e-13,0,0.000000,0,current,off,off,0,0,0,0,0,,,0.000,,,,,,,
residual_rc_n128,nid005742,hex8,residual,packed,packed,sumfact,affine,0.000000e+00,72,1024,128,2146689,2097152,8586756,0,0.0000,n/a,20,4.803848267e-03,1787.4744,13969.8134,436.5567,329.1637,0,0,0,1.366482339608e-13,1,1.000000,0,sumfact,on,off,0,0,0,0,0,,,0.000,,,,,,,
residual_rc_n128,nid005742,hex8,residual,ecolor,ecolor,sumfact,affine,0.000000e+00,72,1024,128,2146689,2097152,8586756,0,0.0000,n/a,20,7.273781300e-03,1180.5079,9226.1317,288.3166,217.3907,0,0,0,1.381327235754e-13,1,1.000000,0,sumfact,on,off,0,0,0,0,0,,,0.000,,,,,,,
residual_rc_n128,nid005742,hex8,residual,atomic,atomic,sumfact,affine,0.000000e+00,72,0,128,2146689,2097152,8586756,0,0.0000,n/a,20,9.808635712e-03,875.4282,6841.8143,213.8067,161.2102,0,0,0,1.381470350441e-13,1,1.000000,0,sumfact,on,off,0,0,0,0,0,,,0.000,,,,,,,
residual_rc_bnd_n128,nid005742,hex8,residual,packed,packed,sumfact,affine,0.000000e+00,72,1024,128,2146689,2097152,8586756,0,0.0000,n/a,20,5.370378494e-03,1598.9108,12496.1144,390.5036,294.4397,0,0,0,3.727500000000e+00,1,1.000000,1,sumfact,on,on,0,0,0,0,0,,,0.000,,,,,,,
residual_rc_bnd_n128,nid005742,hex8,residual,ecolor,ecolor,sumfact,affine,0.000000e+00,72,1024,128,2146689,2097152,8586756,0,0.0000,n/a,20,8.091783524e-03,1061.1698,8293.4577,259.1706,195.4146,0,0,0,3.727500000000e+00,1,1.000000,1,sumfact,on,on,0,0,0,0,0,,,0.000,,,,,,,
residual_rc_bnd_n128,nid005742,hex8,residual,atomic,atomic,sumfact,affine,0.000000e+00,72,0,128,2146689,2097152,8586756,0,0.0000,n/a,20,9.944975376e-03,863.4266,6748.0171,210.8755,159.0002,0,0,0,3.727500000000e+00,1,1.000000,1,sumfact,on,on,0,0,0,0,0,,,0.000,,,,,,,
residual_rc_bnd_dt_n128,nid005742,hex8,residual,packed,packed,sumfact,affine,0.000000e+00,72,1024,128,2146689,2097152,8586756,0,0.0000,n/a,20,5.912709236e-03,1452.2541,11349.9347,354.6855,267.4328,0,0,0,6.759412313613e+00,1,1.000000,1,sumfact,on,on,0,0,0,0,1,,,0.000,,,,,,,
residual_rc_bnd_dt_n128,nid005742,hex8,residual,ecolor,ecolor,sumfact,affine,0.000000e+00,72,1024,128,2146689,2097152,8586756,0,0.0000,n/a,20,8.426845074e-03,1018.9764,7963.6997,248.8656,187.6447,0,0,0,6.759329548060e+00,1,1.000000,1,sumfact,on,on,0,0,0,0,1,,,0.000,,,,,,,
residual_rc_bnd_dt_n128,nid005742,hex8,residual,atomic,atomic,sumfact,affine,0.000000e+00,72,0,128,2146689,2097152,8586756,0,0.0000,n/a,20,1.040717363e-02,825.0805,6448.3275,201.5102,151.9387,0,0,0,6.759329548060e+00,1,1.000000,1,sumfact,on,on,0,0,0,0,1,,,0.000,,,,,,,
residual_rc_perapply_n128,nid005742,hex8,residual,packed,packed,sumfact,affine,0.000000e+00,72,1024,128,2146689,2097152,8586756,0,0.0000,n/a,20,5.917668343e-03,1451.0370,11340.4233,354.3882,267.2087,0,0,0,1.366482339608e-13,1,1.000000,0,sumfact,on,off,0,1,0,0,0,,,0.000,,,,,,,
residual_rc_perapply_n128,nid005742,hex8,residual,atomic,atomic,sumfact,affine,0.000000e+00,72,0,128,2146689,2097152,8586756,0,0.0000,n/a,20,1.393685341e-02,616.1187,4815.2091,150.4753,113.4584,0,0,0,1.381470350441e-13,1,1.000000,0,sumfact,on,off,0,1,0,0,0,,,0.000,,,,,,,
jac_rc_n128,nid005742,hex8,jac_action,packed,packed,sumfact,affine,0.000000e+00,72,1024,128,2146689,2097152,8586756,0,0.0000,n/a,20,9.407341480e-03,912.7718,7133.6694,222.9272,189.4881,0,0,0,-3.069362255678e-13,1,1.000000,0,n/a,exact,off,1,0,0,0,0,2.555648000e-03,0.271665,0.000,,,,,,,
jac_rc_n128,nid005742,hex8,jac_action,ecolor,ecolor,sumfact,affine,0.000000e+00,72,1024,128,2146689,2097152,8586756,0,0.0000,n/a,20,1.864796877e-02,460.4660,3598.7225,112.4601,95.5911,0,0,0,7.779667752020e-13,1,1.000000,0,n/a,exact,off,1,0,0,0,0,8.151257600e-03,0.437112,0.000,,,,,,,
jac_rc_n128,nid005742,hex8,jac_action,atomic,atomic,sumfact,affine,0.000000e+00,72,0,128,2146689,2097152,8586756,0,0.0000,n/a,20,2.400151491e-02,357.7589,2796.0262,87.3758,74.2694,0,0,0,-3.078244039875e-13,1,1.000000,0,n/a,exact,off,1,0,0,0,0,1.445349120e-02,0.602191,0.000,,,,,,,
jac_rc_bnd_n128,nid005742,hex8,jac_action,packed,packed,sumfact,affine,0.000000e+00,72,1024,128,2146689,2097152,8586756,0,0.0000,n/a,20,1.069910526e-02,802.5677,6272.3809,196.0119,166.6101,0,0,0,5.048053297186e+00,1,1.000000,1,n/a,exact,on,1,0,0,0,0,2.425907200e-03,0.226739,0.000,,,,,,,
jac_rc_bnd_n128,nid005742,hex8,jac_action,ecolor,ecolor,sumfact,affine,0.000000e+00,72,1024,128,2146689,2097152,8586756,0,0.0000,n/a,20,1.954183578e-02,439.4038,3434.1126,107.3160,91.2186,0,0,0,5.045353208780e+00,1,1.000000,1,n/a,exact,on,1,0,0,0,0,8.164096000e-03,0.417775,0.000,,,,,,,
jac_rc_bnd_n128,nid005742,hex8,jac_action,atomic,atomic,sumfact,affine,0.000000e+00,72,0,128,2146689,2097152,8586756,0,0.0000,n/a,20,2.433073521e-02,352.9181,2758.1930,86.1935,73.2645,0,0,0,5.048053297186e+00,1,1.000000,1,n/a,exact,on,1,0,0,0,0,1.447534080e-02,0.594941,0.000,,,,,,,
assemble_n128,nid005742,hex8,assemble,packed,packed,sumfact,affine,0.000000e+00,72,1024,128,2146689,2097152,8586756,57066625,6966.1407,f64,20,1.489479780e-01,57.6494,450.5524,14.0798,32.4398,0,0,0,-3.076235482948e-08,0,0.000000,0,sumfact,off,off,0,0,0,0,0,,,0.000,,,,,,,
assemble_n128,nid005742,hex8,assemble,atomic,atomic,sumfact,affine,0.000000e+00,72,0,128,2146689,2097152,8586756,57066625,6966.1407,f64,20,2.193957448e-01,39.1382,305.8804,9.5588,22.0234,0,0,0,-3.076550014682e-08,0,0.000000,0,sumfact,off,off,0,0,0,0,0,,,0.000,,,,,,,
assemble_n128,nid005742,hex8,assemble,colored,colored,sumfact,affine,0.000000e+00,72,1024,128,2146689,2097152,8586756,57066625,6966.1407,f64,20,8.235812187e-02,104.2612,814.8421,25.4638,58.6686,14,146,147,-3.076235482948e-08,0,0.000000,0,sumfact,off,off,0,0,0,0,0,,,0.000,,,,,,,
assemble_n128,nid005742,hex8,assemble,store,store,sumfact,affine,0.000000e+00,72,1024,128,2146689,2097152,8586756,57066625,6966.1407,f64,20,1.080695868e-01,79.4558,620.9783,19.4056,44.7104,0,0,0,-3.076235482948e-08,0,0.000000,0,sumfact,off,off,0,0,0,0,0,,,0.000,,,,,,,
assemble_sympy_n128,nid005742,hex8,assemble,atomic,atomic,sympy,affine,0.000000e+00,72,0,128,2146689,2097152,8586756,57066625,6966.1407,f64,20,1.543784738e-01,55.6215,434.7035,13.5845,31.2987,0,0,0,-3.076550013728e-08,0,0.000000,0,sympy,off,off,0,0,0,0,0,,,0.000,,,,,,,
assemble_sympy_n128,nid005742,hex8,assemble,colored,colored,sympy,affine,0.000000e+00,72,1024,128,2146689,2097152,8586756,57066625,6966.1407,f64,20,8.512338400e-02,100.8742,788.3717,24.6366,56.7628,14,146,147,-3.076235482687e-08,0,0.000000,0,sympy,off,off,0,0,0,0,0,,,0.000,,,,,,,
assemble_diag_n128,nid005742,hex8,assemble_diag,atomic,atomic,sumfact,affine,0.000000e+00,72,0,128,2146689,2097152,8586756,0,0.0000,n/a,20,7.443737984e-02,115.3554,901.5479,28.1734,21.2427,0,0,0,1.651826180067e+03,0,0.000000,0,n/a,off,off,0,0,0,0,0,,,0.000,,,,,,,
spmv_f64_n128,nid005742,hex8,bsr_apply,packed,n/a,sumfact,affine,0.000000e+00,72,1024,128,2146689,2097152,8586756,57066625,6966.1407,f64,20,1.919888258e-02,447.2529,0.0000,0.0000,0.0000,0,0,0,-2.271657308876e-12,0,0.000000,0,n/a,off,off,0,0,0,0,0,,,0.000,,,,,,,
spmv_f32_n128,nid005742,hex8,bsr_apply,packed,n/a,sumfact,affine,0.000000e+00,72,1024,128,2146689,2097152,8586756,57066625,3483.0704,f32,20,1.043303013e-02,823.0357,0.0000,0.0000,0.0000,0,0,0,4.661746579456e-05,0,0.000000,0,n/a,off,off,0,0,0,0,0,,,0.000,,,,,,,
residual_bare_n160,nid005742,hex8,residual,packed,packed,sumfact,affine,0.000000e+00,72,2048,160,4173281,4096000,16693124,0,0.0000,n/a,20,6.628632545e-03,2518.3360,19773.6108,617.9253,465.9157,0,0,0,-6.683819079797e-14,0,0.000000,0,sumfact,off,off,0,0,0,0,0,,,0.000,,,,,,,
residual_bare_n160,nid005742,hex8,residual,ecolor,ecolor,sumfact,affine,0.000000e+00,72,2048,160,4173281,4096000,16693124,0,0.0000,n/a,20,2.317748070e-02,720.2303,5655.1444,176.7233,133.2493,0,0,0,-6.929976341039e-14,0,0.000000,0,sumfact,off,off,0,0,0,0,0,,,0.000,,,,,,,
residual_bare_n160,nid005742,hex8,residual,atomic,atomic,sumfact,affine,0.000000e+00,72,0,160,4173281,4096000,16693124,0,0.0000,n/a,20,1.553562880e-02,1074.5058,8436.8648,263.6520,198.7936,0,0,0,-7.000232641816e-14,0,0.000000,0,sumfact,off,off,0,0,0,0,0,,,0.000,,,,,,,
jac_bare_n160,nid005742,hex8,jac_action,packed,packed,sumfact,affine,0.000000e+00,72,2048,160,4173281,4096000,16693124,0,0.0000,n/a,20,9.012317657e-03,1852.2565,14543.6507,454.4891,386.3157,0,0,0,7.483083570110e-13,0,0.000000,0,n/a,off,off,0,0,0,0,0,,,0.000,,,,,,,
jac_bare_n160,nid005742,hex8,jac_action,ecolor,ecolor,sumfact,affine,0.000000e+00,72,2048,160,4173281,4096000,16693124,0,0.0000,n/a,20,2.999973297e-02,556.4424,4369.1056,136.5345,116.0544,0,0,0,5.436072422825e-12,0,0.000000,0,n/a,off,off,0,0,0,0,0,,,0.000,,,,,,,
jac_bare_n160,nid005742,hex8,jac_action,atomic,atomic,sumfact,affine,0.000000e+00,72,0,160,4173281,4096000,16693124,0,0.0000,n/a,20,1.693565845e-02,985.6791,7739.4097,241.8566,205.5781,0,0,0,7.694581056301e-13,0,0.000000,0,n/a,off,off,0,0,0,0,0,,,0.000,,,,,,,
residual_current_n160,nid005742,hex8,residual,atomic,atomic,current,affine,0.000000e+00,72,0,160,4173281,4096000,16693124,0,0.0000,n/a,20,2.038726807e-02,818.8014,6429.1105,200.9097,151.4859,0,0,0,-7.131918482433e-14,0,0.000000,0,current,off,off,0,0,0,0,0,,,0.000,,,,,,,
residual_current_n160,nid005742,hex8,residual,packed,packed,current,affine,0.000000e+00,72,2048,160,4173281,4096000,16693124,0,0.0000,n/a,20,7.717621326e-03,2162.9882,16983.4713,530.7335,400.1730,0,0,0,-6.568480297436e-14,0,0.000000,0,current,off,off,0,0,0,0,0,,,0.000,,,,,,,
residual_rc_n160,nid005742,hex8,residual,packed,packed,sumfact,affine,0.000000e+00,72,2048,160,4173281,4096000,16693124,0,0.0000,n/a,20,9.776401520e-03,1707.4917,13406.9780,418.9681,315.9019,0,0,0,-6.590924637659e-14,1,1.000000,0,sumfact,on,off,0,0,0,0,0,,,0.000,,,,,,,
residual_rc_n160,nid005742,hex8,residual,ecolor,ecolor,sumfact,affine,0.000000e+00,72,2048,160,4173281,4096000,16693124,0,0.0000,n/a,20,3.226213455e-02,517.4216,4062.7194,126.9600,95.7278,0,0,0,-6.929802868691e-14,1,1.000000,0,sumfact,on,off,0,0,0,0,0,,,0.000,,,,,,,
residual_rc_n160,nid005742,hex8,residual,atomic,atomic,sumfact,affine,0.000000e+00,72,0,160,4173281,4096000,16693124,0,0.0000,n/a,20,1.883732080e-02,886.1729,6958.1020,217.4407,163.9503,0,0,0,-7.109953901671e-14,1,1.000000,0,sumfact,on,off,0,0,0,0,0,,,0.000,,,,,,,
residual_rc_bnd_n160,nid005742,hex8,residual,packed,packed,sumfact,affine,0.000000e+00,72,2048,160,4173281,4096000,16693124,0,0.0000,n/a,20,1.070432663e-02,1559.4745,12244.7684,382.6490,288.5174,0,0,0,3.727500000000e+00,1,1.000000,1,sumfact,on,on,0,0,0,0,0,,,0.000,,,,,,,
residual_rc_bnd_n160,nid005742,hex8,residual,ecolor,ecolor,sumfact,affine,0.000000e+00,72,2048,160,4173281,4096000,16693124,0,0.0000,n/a,20,3.494350910e-02,477.7174,3750.9684,117.2178,88.3822,0,0,0,3.727500000000e+00,1,1.000000,1,sumfact,on,on,0,0,0,0,0,,,0.000,,,,,,,
residual_rc_bnd_n160,nid005742,hex8,residual,atomic,atomic,sumfact,affine,0.000000e+00,72,0,160,4173281,4096000,16693124,0,0.0000,n/a,20,1.985721588e-02,840.6578,6600.7239,206.2726,155.5296,0,0,0,3.727500000000e+00,1,1.000000,1,sumfact,on,on,0,0,0,0,0,,,0.000,,,,,,,
residual_rc_bnd_dt_n160,nid005742,hex8,residual,packed,packed,sumfact,affine,0.000000e+00,72,2048,160,4173281,4096000,16693124,0,0.0000,n/a,20,1.178656816e-02,1416.2837,11120.4549,347.5142,262.0257,0,0,0,6.759317416976e+00,1,1.000000,1,sumfact,on,on,0,0,0,0,1,,,0.000,,,,,,,
residual_rc_bnd_dt_n160,nid005742,hex8,residual,ecolor,ecolor,sumfact,affine,0.000000e+00,72,2048,160,4173281,4096000,16693124,0,0.0000,n/a,20,3.541282415e-02,471.3864,3701.2580,115.6643,87.2109,0,0,0,6.759324573300e+00,1,1.000000,1,sumfact,on,on,0,0,0,0,1,,,0.000,,,,,,,
residual_rc_bnd_dt_n160,nid005742,hex8,residual,atomic,atomic,sumfact,affine,0.000000e+00,72,0,160,4173281,4096000,16693124,0,0.0000,n/a,20,2.085822821e-02,800.3136,6283.9470,196.3733,148.0655,0,0,0,6.759324573300e+00,1,1.000000,1,sumfact,on,on,0,0,0,0,1,,,0.000,,,,,,,
residual_rc_perapply_n160,nid005742,hex8,residual,packed,packed,sumfact,affine,0.000000e+00,72,2048,160,4173281,4096000,16693124,0,0.0000,n/a,20,1.193960905e-02,1398.1299,10977.9139,343.0598,258.6671,0,0,0,-6.590924637659e-14,1,1.000000,0,sumfact,on,off,0,1,0,0,0,,,0.000,,,,,,,
residual_rc_perapply_n160,nid005742,hex8,residual,atomic,atomic,sumfact,affine,0.000000e+00,72,0,160,4173281,4096000,16693124,0,0.0000,n/a,20,2.923913002e-02,570.9173,4482.7599,140.0862,105.6250,0,0,0,-7.109953901671e-14,1,1.000000,0,sumfact,on,off,0,1,0,0,0,,,0.000,,,,,,,
jac_rc_n160,nid005742,hex8,jac_action,packed,packed,sumfact,affine,0.000000e+00,72,2048,160,4173281,4096000,16693124,0,0.0000,n/a,20,1.805520058e-02,924.5604,7259.5150,226.8598,192.8309,0,0,0,-5.547403831327e-13,1,1.000000,0,n/a,exact,off,1,0,0,0,0,4.754969600e-03,0.263357,0.000,,,,,,,
jac_rc_n160,nid005742,hex8,jac_action,ecolor,ecolor,sumfact,affine,0.000000e+00,72,2048,160,4173281,4096000,16693124,0,0.0000,n/a,20,8.379352093e-02,199.2174,1564.2260,48.8821,41.5498,0,0,0,4.218664331171e-13,1,1.000000,0,n/a,exact,off,1,0,0,0,0,4.266807040e-02,0.509205,0.000,,,,,,,
jac_rc_n160,nid005742,hex8,jac_action,atomic,atomic,sumfact,affine,0.000000e+00,72,0,160,4173281,4096000,16693124,0,0.0000,n/a,20,4.713594913e-02,354.1485,2780.7226,86.8976,73.8629,0,0,0,-5.591812752312e-13,1,1.000000,0,n/a,exact,off,1,0,0,0,0,2.861623040e-02,0.607100,0.000,,,,,,,
jac_rc_bnd_n160,nid005742,hex8,jac_action,packed,packed,sumfact,affine,0.000000e+00,72,2048,160,4173281,4096000,16693124,0,0.0000,n/a,20,1.894363165e-02,881.1998,6919.0535,216.2204,183.7874,0,0,0,5.046148336219e+00,1,1.000000,1,n/a,exact,on,1,0,0,0,0,4.777984000e-03,0.252221,0.000,,,,,,,
jac_rc_bnd_n160,nid005742,hex8,jac_action,ecolor,ecolor,sumfact,affine,0.000000e+00,72,2048,160,4173281,4096000,16693124,0,0.0000,n/a,20,8.525180817e-02,195.8096,1537.4689,48.0459,40.8390,0,0,0,5.041938959493e+00,1,1.000000,1,n/a,exact,on,1,0,0,0,0,4.243342080e-02,0.497742,0.000,,,,,,,
jac_rc_bnd_n160,nid005742,hex8,jac_action,atomic,atomic,sumfact,affine,0.000000e+00,72,0,160,4173281,4096000,16693124,0,0.0000,n/a,20,4.810771942e-02,346.9947,2724.5523,85.1423,72.3709,0,0,0,5.046148336219e+00,1,1.000000,1,n/a,exact,on,1,0,0,0,0,2.881524480e-02,0.598973,0.000,,,,,,,
assemble_n160,nid005742,hex8,assemble,packed,packed,sumfact,affine,0.000000e+00,72,2048,160,4173281,4096000,16693124,111284641,13584.5509,f64,20,3.005008101e-01,55.5510,436.1785,13.6306,31.4049,0,0,0,1.165429404451e-08,0,0.000000,0,sumfact,off,off,0,0,0,0,0,,,0.000,,,,,,,
assemble_n160,nid005742,hex8,assemble,atomic,atomic,sumfact,affine,0.000000e+00,72,0,160,4173281,4096000,16693124,111284641,13584.5509,f64,20,4.318330288e-01,38.6564,303.5247,9.4851,21.8538,0,0,0,1.164916721901e-08,0,0.000000,0,sumfact,off,off,0,0,0,0,0,,,0.000,,,,,,,
assemble_n160,nid005742,hex8,assemble,colored,colored,sumfact,affine,0.000000e+00,72,2048,160,4173281,4096000,16693124,111284641,13584.5509,f64,20,1.569708228e-01,106.3454,835.0087,26.0940,60.1206,20,99,101,1.165426806529e-08,0,0.000000,0,sumfact,off,off,0,0,0,0,0,,,0.000,,,,,,,
assemble_n160,nid005742,hex8,assemble,store,store,sumfact,affine,0.000000e+00,72,2048,160,4173281,4096000,16693124,111284641,13584.5509,f64,20,2.364985943e-01,70.5845,554.2189,17.3193,39.9038,0,0,0,1.165429404451e-08,0,0.000000,0,sumfact,off,off,0,0,0,0,0,,,0.000,,,,,,,
assemble_sympy_n160,nid005742,hex8,assemble,atomic,atomic,sympy,affine,0.000000e+00,72,0,160,4173281,4096000,16693124,111284641,13584.5509,f64,20,3.010783672e-01,55.4444,435.3418,13.6044,31.3446,0,0,0,1.167343591505e-08,0,0.000000,0,sympy,off,off,0,0,0,0,0,,,0.000,,,,,,,
assemble_sympy_n160,nid005742,hex8,assemble,colored,colored,sympy,affine,0.000000e+00,72,2048,160,4173281,4096000,16693124,111284641,13584.5509,f64,20,1.642981291e-01,101.6026,797.7693,24.9303,57.4394,20,99,101,1.168506756832e-08,0,0.000000,0,sympy,off,off,0,0,0,0,0,,,0.000,,,,,,,
assemble_diag_n160,nid005742,hex8,assemble_diag,atomic,atomic,sumfact,affine,0.000000e+00,72,0,160,4173281,4096000,16693124,0,0.0000,n/a,20,1.447695494e-01,115.3083,905.3838,28.2932,21.3331,0,0,0,2.371982944015e+03,0,0.000000,0,n/a,off,off,0,0,0,0,0,,,0.000,,,,,,,
spmv_f64_n160,nid005742,hex8,bsr_apply,packed,n/a,sumfact,affine,0.000000e+00,72,2048,160,4173281,4096000,16693124,111284641,13584.5509,f64,20,3.717780113e-02,449.0078,0.0000,0.0000,0.0000,0,0,0,7.157881465282e-13,0,0.000000,0,n/a,off,off,0,0,0,0,0,,,0.000,,,,,,,
spmv_f32_n160,nid005742,hex8,bsr_apply,packed,n/a,sumfact,affine,0.000000e+00,72,2048,160,4173281,4096000,16693124,111284641,6792.2755,f32,20,1.892205477e-02,882.2046,0.0000,0.0000,0.0000,0,0,0,4.118532892879e-05,0,0.000000,0,n/a,off,off,0,0,0,0,0,,,0.000,,,,,,,
residual_bare_n192,nid005742,hex8,residual,packed,packed,sumfact,affine,0.000000e+00,72,4096,192,7189057,7077888,28756228,0,0.0000,n/a,20,1.105481386e-02,2601.2404,20488.1257,640.2539,482.7515,0,0,0,-2.914920908814e-14,0,0.000000,0,sumfact,off,off,0,0,0,0,0,,,0.000,,,,,,,
residual_bare_n192,nid005742,hex8,residual,ecolor,ecolor,sumfact,affine,0.000000e+00,72,4096,192,7189057,7077888,28756228,0,0.0000,n/a,20,4.782992601e-02,601.2183,4735.3704,147.9803,111.5772,0,0,0,-1.949200349738e-14,0,0.000000,0,sumfact,off,off,0,0,0,0,0,,,0.000,,,,,,,
residual_bare_n192,nid005742,hex8,residual,atomic,atomic,sumfact,affine,0.000000e+00,72,0,192,7189057,7077888,28756228,0,0.0000,n/a,20,2.643485069e-02,1087.8150,8567.9476,267.7484,201.8823,0,0,0,-1.935149089582e-14,0,0.000000,0,sumfact,off,off,0,0,0,0,0,,,0.000,,,,,,,
jac_bare_n192,nid005742,hex8,jac_action,packed,packed,sumfact,affine,0.000000e+00,72,4096,192,7189057,7077888,28756228,0,0.0000,n/a,20,1.510738134e-02,1903.4555,14992.1691,468.5053,398.2295,0,0,0,2.572335378558e-11,0,0.000000,0,n/a,off,off,0,0,0,0,0,,,0.000,,,,,,,
jac_bare_n192,nid005742,hex8,jac_action,ecolor,ecolor,sumfact,affine,0.000000e+00,72,4096,192,7189057,7077888,28756228,0,0.0000,n/a,20,5.590751171e-02,514.3536,4051.1983,126.5999,107.6100,0,0,0,4.849060801330e-11,0,0.000000,0,n/a,off,off,0,0,0,0,0,,,0.000,,,,,,,
jac_bare_n192,nid005742,hex8,jac_action,atomic,atomic,sumfact,affine,0.000000e+00,72,0,192,7189057,7077888,28756228,0,0.0000,n/a,20,2.928243876e-02,982.0298,7734.7525,241.7110,205.4544,0,0,0,2.581439207359e-11,0,0.000000,0,n/a,off,off,0,0,0,0,0,,,0.000,,,,,,,
residual_current_n192,nid005742,hex8,residual,atomic,atomic,current,affine,0.000000e+00,72,0,192,7189057,7077888,28756228,0,0.0000,n/a,20,3.341770172e-02,860.5088,6777.6180,211.8006,159.6976,0,0,0,-1.950513589619e-14,0,0.000000,0,current,off,off,0,0,0,0,0,,,0.000,,,,,,,
residual_current_n192,nid005742,hex8,residual,packed,packed,current,affine,0.000000e+00,72,4096,192,7189057,7077888,28756228,0,0.0000,n/a,20,1.316300631e-02,2184.6246,17206.7392,537.7106,405.4338,0,0,0,-2.561136253163e-14,0,0.000000,0,current,off,off,0,0,0,0,0,,,0.000,,,,,,,
residual_rc_n192,nid005742,hex8,residual,packed,packed,sumfact,affine,0.000000e+00,72,4096,192,7189057,7077888,28756228,0,0.0000,n/a,20,1.688961983e-02,1702.5977,13410.1548,419.0673,315.9768,0,0,0,-3.009289865907e-14,1,1.000000,0,sumfact,on,off,0,0,0,0,0,,,0.000,,,,,,,
residual_rc_n192,nid005742,hex8,residual,ecolor,ecolor,sumfact,affine,0.000000e+00,72,4096,192,7189057,7077888,28756228,0,0.0000,n/a,20,6.264381409e-02,459.0434,3615.5592,112.9862,85.1916,0,0,0,-1.899240313630e-14,1,1.000000,0,sumfact,on,off,0,0,0,0,0,,,0.000,,,,,,,
residual_rc_n192,nid005742,hex8,residual,atomic,atomic,sumfact,affine,0.000000e+00,72,0,192,7189057,7077888,28756228,0,0.0000,n/a,20,3.178749084e-02,904.6398,7125.2059,222.6627,167.8877,0,0,0,-2.201602615493e-14,1,1.000000,0,sumfact,on,off,0,0,0,0,0,,,0.000,,,,,,,
residual_rc_bnd_n192,nid005742,hex8,residual,packed,packed,sumfact,affine,0.000000e+00,72,4096,192,7189057,7077888,28756228,0,0.0000,n/a,20,1.817331314e-02,1582.3327,12462.9127,389.4660,293.6574,0,0,0,3.727500000000e+00,1,1.000000,1,sumfact,on,on,0,0,0,0,0,,,0.000,,,,,,,
residual_rc_bnd_n192,nid005742,hex8,residual,ecolor,ecolor,sumfact,affine,0.000000e+00,72,4096,192,7189057,7077888,28756228,0,0.0000,n/a,20,6.488833427e-02,443.1648,3490.4951,109.0780,82.2448,0,0,0,3.727500000000e+00,1,1.000000,1,sumfact,on,on,0,0,0,0,0,,,0.000,,,,,,,
residual_rc_bnd_n192,nid005742,hex8,residual,atomic,atomic,sumfact,affine,0.000000e+00,72,0,192,7189057,7077888,28756228,0,0.0000,n/a,20,3.299624920e-02,871.4999,6864.1867,214.5058,161.7374,0,0,0,3.727500000000e+00,1,1.000000,1,sumfact,on,on,0,0,0,0,0,,,0.000,,,,,,,
residual_rc_bnd_dt_n192,nid005742,hex8,residual,packed,packed,sumfact,affine,0.000000e+00,72,4096,192,7189057,7077888,28756228,0,0.0000,n/a,20,1.982580423e-02,1450.4445,11424.1225,357.0038,269.1809,0,0,0,6.759335709367e+00,1,1.000000,1,sumfact,on,on,0,0,0,0,1,,,0.000,,,,,,,
residual_rc_bnd_dt_n192,nid005742,hex8,residual,ecolor,ecolor,sumfact,affine,0.000000e+00,72,4096,192,7189057,7077888,28756228,0,0.0000,n/a,20,6.758195162e-02,425.5016,3351.3743,104.7304,78.9668,0,0,0,6.759309506134e+00,1,1.000000,1,sumfact,on,on,0,0,0,0,1,,,0.000,,,,,,,
residual_rc_bnd_dt_n192,nid005742,hex8,residual,atomic,atomic,sumfact,affine,0.000000e+00,72,0,192,7189057,7077888,28756228,0,0.0000,n/a,20,3.476079702e-02,827.2603,6515.7429,203.6170,153.5272,0,0,0,6.759309506134e+00,1,1.000000,1,sumfact,on,on,0,0,0,0,1,,,0.000,,,,,,,
residual_rc_perapply_n192,nid005742,hex8,residual,packed,packed,sumfact,affine,0.000000e+00,72,4096,192,7189057,7077888,28756228,0,0.0000,n/a,20,2.010040283e-02,1430.6294,11268.0536,352.1267,265.5035,0,0,0,-3.009289865907e-14,1,1.000000,0,sumfact,on,off,0,1,0,0,0,,,0.000,,,,,,,
residual_rc_perapply_n192,nid005742,hex8,residual,atomic,atomic,sumfact,affine,0.000000e+00,72,0,192,7189057,7077888,28756228,0,0.0000,n/a,20,4.729913473e-02,607.9652,4788.5108,149.6410,112.8293,0,0,0,-2.201602615493e-14,1,1.000000,0,sumfact,on,off,0,1,0,0,0,,,0.000,,,,,,,
jac_rc_n192,nid005742,hex8,jac_action,packed,packed,sumfact,affine,0.000000e+00,72,4096,192,7189057,7077888,28756228,0,0.0000,n/a,20,3.126178980e-02,919.8523,7245.0240,226.4070,192.4459,0,0,0,-3.003928248995e-13,1,1.000000,0,n/a,exact,off,1,0,0,0,0,7.895321600e-03,0.252555,0.000,,,,,,,
jac_rc_n192,nid005742,hex8,jac_action,ecolor,ecolor,sumfact,affine,0.000000e+00,72,4096,192,7189057,7077888,28756228,0,0.0000,n/a,20,1.512768865e-01,190.0900,1497.2044,46.7876,39.7695,0,0,0,-1.781335363639e-12,1,1.000000,0,n/a,exact,off,1,0,0,0,0,7.610604800e-02,0.503091,0.000,,,,,,,
jac_rc_n192,nid005742,hex8,jac_action,atomic,atomic,sumfact,affine,0.000000e+00,72,0,192,7189057,7077888,28756228,0,0.0000,n/a,20,8.077033758e-02,356.0246,2804.1534,87.6298,74.4853,0,0,0,-3.094966537014e-13,1,1.000000,0,n/a,exact,off,1,0,0,0,0,4.796776960e-02,0.593879,0.000,,,,,,,
jac_rc_bnd_n192,nid005742,hex8,jac_action,packed,packed,sumfact,affine,0.000000e+00,72,4096,192,7189057,7077888,28756228,0,0.0000,n/a,20,3.251456022e-02,884.4108,6965.8767,217.6836,185.0311,0,0,0,5.049173453743e+00,1,1.000000,1,n/a,exact,on,1,0,0,0,0,7.889190400e-03,0.242636,0.000,,,,,,,
jac_rc_bnd_n192,nid005742,hex8,jac_action,ecolor,ecolor,sumfact,affine,0.000000e+00,72,4096,192,7189057,7077888,28756228,0,0.0000,n/a,20,1.533331633e-01,187.5408,1477.1261,46.1602,39.2362,0,0,0,5.049423490534e+00,1,1.000000,1,n/a,exact,on,1,0,0,0,0,7.617443840e-02,0.496790,0.000,,,,,,,
jac_rc_bnd_n192,nid005742,hex8,jac_action,atomic,atomic,sumfact,affine,0.000000e+00,72,0,192,7189057,7077888,28756228,0,0.0000,n/a,20,8.109492064e-02,354.5996,2792.9297,87.2791,74.1872,0,0,0,5.049173453743e+00,1,1.000000,1,n/a,exact,on,1,0,0,0,0,4.802177280e-02,0.592167,0.000,,,,,,,
assemble_n192,nid005742,hex8,assemble,packed,packed,sumfact,affine,0.000000e+00,72,4096,192,7189057,7077888,28756228,192100033,23449.7111,f64,20,5.108826041e-01,56.2874,443.3355,13.8542,31.9202,0,0,0,2.592910685214e-09,0,0.000000,0,sumfact,off,off,0,0,0,0,0,,,0.000,,,,,,,
assemble_n192,nid005742,hex8,assemble,atomic,atomic,sumfact,affine,0.000000e+00,72,0,192,7189057,7077888,28756228,192100033,23449.7111,f64,20,7.371001959e-01,39.0126,307.2749,9.6023,22.1238,0,0,0,2.591521534265e-09,0,0.000000,0,sumfact,off,off,0,0,0,0,0,,,0.000,,,,,,,
assemble_n192,nid005742,hex8,assemble,colored,colored,sumfact,affine,0.000000e+00,72,4096,192,7189057,7077888,28756228,192100033,23449.7111,f64,20,2.721623540e-01,105.6584,832.1960,26.0061,59.9181,19,90,91,2.592891644889e-09,0,0.000000,0,sumfact,off,off,0,0,0,0,0,,,0.000,,,,,,,
assemble_n192,nid005742,hex8,assemble,store,store,sumfact,affine,0.000000e+00,72,4096,192,7189057,7077888,28756228,192100033,23449.7111,f64,20,3.922088861e-01,73.3187,577.4791,18.0462,41.5785,0,0,0,2.592910685214e-09,0,0.000000,0,sumfact,off,off,0,0,0,0,0,,,0.000,,,,,,,
assemble_sympy_n192,nid005742,hex8,assemble,atomic,atomic,sympy,affine,0.000000e+00,72,0,192,7189057,7077888,28756228,192100033,23449.7111,f64,20,5.142558575e-01,55.9181,440.4275,13.7634,31.7108,0,0,0,2.579395400885e-09,0,0.000000,0,sympy,off,off,0,0,0,0,0,,,0.000,,,,,,,
assemble_sympy_n192,nid005742,hex8,assemble,colored,colored,sympy,affine,0.000000e+00,72,4096,192,7189057,7077888,28756228,192100033,23449.7111,f64,20,2.957922220e-01,97.2177,765.7146,23.9286,55.1314,19,90,91,2.580736401329e-09,0,0.000000,0,sympy,off,off,0,0,0,0,0,,,0.000,,,,,,,
assemble_diag_n192,nid005742,hex8,assemble_diag,atomic,atomic,sumfact,affine,0.000000e+00,72,0,192,7189057,7077888,28756228,0,0.0000,n/a,20,2.487151742e-01,115.6191,910.6498,28.4578,21.4572,0,0,0,3.215019675301e+03,0,0.000000,0,n/a,off,off,0,0,0,0,0,,,0.000,,,,,,,
spmv_f64_n192,nid005742,hex8,bsr_apply,packed,n/a,sumfact,affine,0.000000e+00,72,4096,192,7189057,7077888,28756228,192100033,23449.7111,f64,20,6.380025148e-02,450.7228,0.0000,0.0000,0.0000,0,0,0,2.533862061957e-11,0,0.000000,0,n/a,off,off,0,0,0,0,0,,,0.000,,,,,,,
spmv_f32_n192,nid005742,hex8,bsr_apply,packed,n/a,sumfact,affine,0.000000e+00,72,4096,192,7189057,7077888,28756228,192100033,11724.8555,f32,20,3.349102736e-02,858.6248,0.0000,0.0000,0.0000,0,0,0,-8.660309578814e-06,0,0.000000,0,n/a,off,off,0,0,0,0,0,,,0.000,,,,,,,
spmv_f32_n64,nid005742,hex8,bsr_apply,packed,n/a,sumfact,affine,0.000000e+00,72,128,64,274625,262144,1098500,7189057,438.7852,f32,20,9.604454041e-04,1143.7402,0.0000,0.0000,0.0000,0,0,0,1.266337291522e-05,0,0.000000,0,n/a,off,off,0,0,0,0,0,,,0.000,,,,,,,
spmv_f64_n64,nid005742,hex8,bsr_apply,packed,n/a,sumfact,affine,0.000000e+00,72,128,64,274625,262144,1098500,7189057,877.5704,f64,20,2.210104465e-03,497.0353,0.0000,0.0000,0.0000,0,0,0,-1.151445421215e-12,0,0.000000,0,n/a,off,off,0,0,0,0,0,,,0.000,,,,,,,
assemble_diag_n64,nid005742,hex8,assemble_diag,atomic,atomic,sumfact,affine,0.000000e+00,72,0,64,274625,262144,1098500,0,0.0000,n/a,20,1.011763811e-02,108.5728,829.1073,25.9096,19.5358,0,0,0,5.801523603040e+02,0,0.000000,0,n/a,off,off,0,0,0,0,0,,,0.000,,,,,,,
assemble_sympy_n64,nid005742,hex8,assemble,colored,colored,sympy,affine,0.000000e+00,72,128,64,274625,262144,1098500,7189057,877.5704,f64,20,1.184570789e-02,92.7340,708.1559,22.1299,50.9872,14,146,147,2.702547348507e-10,0,0.000000,0,sympy,off,off,0,0,0,0,0,,,0.000,,,,,,,
assemble_sympy_n64,nid005742,hex8,assemble,atomic,atomic,sympy,affine,0.000000e+00,72,0,64,274625,262144,1098500,7189057,877.5704,f64,20,1.947745085e-02,56.3986,430.6831,13.4588,31.0092,0,0,0,2.702932318341e-10,0,0.000000,0,sympy,off,off,0,0,0,0,0,,,0.000,,,,,,,
assemble_n64,nid005742,hex8,assemble,store,store,sumfact,affine,0.000000e+00,72,128,64,274625,262144,1098500,7189057,877.5704,f64,20,8.887851238e-03,123.5957,943.8286,29.4946,67.9557,0,0,0,2.702547346339e-10,0,0.000000,0,sumfact,off,off,0,0,0,0,0,,,0.000,,,,,,,
assemble_n64,nid005742,hex8,assemble,colored,colored,sumfact,affine,0.000000e+00,72,128,64,274625,262144,1098500,7189057,877.5704,f64,20,1.080129147e-02,101.7008,776.6301,24.2697,55.9174,14,146,147,2.702547346339e-10,0,0.000000,0,sumfact,off,off,0,0,0,0,0,,,0.000,,,,,,,
assemble_n64,nid005742,hex8,assemble,atomic,atomic,sumfact,affine,0.000000e+00,72,0,64,274625,262144,1098500,7189057,877.5704,f64,20,2.767748833e-02,39.6893,303.0841,9.4714,21.8221,0,0,0,2.702932316173e-10,0,0.000000,0,sumfact,off,off,0,0,0,0,0,,,0.000,,,,,,,
assemble_n64,nid005742,hex8,assemble,packed,packed,sumfact,affine,0.000000e+00,72,128,64,274625,262144,1098500,7189057,877.5704,f64,20,1.218502522e-02,90.1516,688.4358,21.5136,49.5674,0,0,0,2.702547346339e-10,0,0.000000,0,sumfact,off,off,0,0,0,0,0,,,0.000,,,,,,,
jac_rc_bnd_n64,nid005742,hex8,jac_action,atomic,atomic,sumfact,affine,0.000000e+00,72,0,64,274625,262144,1098500,0,0.0000,n/a,20,2.697312832e-03,407.2572,3109.9871,97.1871,82.6090,0,0,0,5.047023127365e+00,1,1.000000,1,n/a,exact,on,1,0,0,0,0,1.363648000e-03,0.505558,0.000,,,,,,,
jac_rc_bnd_n64,nid005742,hex8,jac_action,ecolor,ecolor,sumfact,affine,0.000000e+00,72,128,64,274625,262144,1098500,0,0.0000,n/a,20,1.366674900e-03,803.7756,6137.9689,191.8115,163.0398,0,0,0,5.044934535980e+00,1,1.000000,1,n/a,exact,on,1,0,0,0,0,4.715904000e-04,0.345064,0.000,,,,,,,
jac_rc_bnd_n64,nid005742,hex8,jac_action,packed,packed,sumfact,affine,0.000000e+00,72,128,64,274625,262144,1098500,0,0.0000,n/a,20,1.045572758e-03,1050.6203,8022.9787,250.7181,213.1104,0,0,0,5.047023127365e+00,1,1.000000,1,n/a,exact,on,1,0,0,0,0,2.158848000e-04,0.206475,0.000,,,,,,,
jac_rc_n64,nid005742,hex8,jac_action,atomic,atomic,sumfact,affine,0.000000e+00,72,0,64,274625,262144,1098500,0,0.0000,n/a,20,2.636742592e-03,416.6125,3181.4285,99.4196,84.5067,0,0,0,2.991632007225e-13,1,1.000000,0,n/a,exact,off,1,0,0,0,0,1.363481600e-03,0.517108,0.000,,,,,,,
jac_rc_n64,nid005742,hex8,jac_action,ecolor,ecolor,sumfact,affine,0.000000e+00,72,128,64,274625,262144,1098500,0,0.0000,n/a,20,1.270318031e-03,864.7441,6603.5495,206.3609,175.4068,0,0,0,-6.895899866757e-14,1,1.000000,0,n/a,exact,off,1,0,0,0,0,4.638976000e-04,0.365182,0.000,,,,,,,
jac_rc_n64,nid005742,hex8,jac_action,packed,packed,sumfact,affine,0.000000e+00,72,128,64,274625,262144,1098500,0,0.0000,n/a,20,9.707808495e-04,1131.5633,8641.0934,270.0342,229.5290,0,0,0,3.033959260039e-13,1,1.000000,0,n/a,exact,off,1,0,0,0,0,2.164608000e-04,0.222976,0.000,,,,,,,
residual_rc_perapply_n64,nid005742,hex8,residual,atomic,atomic,sumfact,affine,0.000000e+00,72,0,64,274625,262144,1098500,0,0.0000,n/a,20,1.835572720e-03,598.4508,4570.0222,142.8132,107.6811,0,0,0,-1.256492739715e-14,1,1.000000,0,sumfact,on,off,0,1,0,0,0,,,0.000,,,,,,,
residual_rc_perapply_n64,nid005742,hex8,residual,packed,packed,sumfact,affine,0.000000e+00,72,128,64,274625,262144,1098500,0,0.0000,n/a,20,6.521701813e-04,1684.3763,12862.6059,401.9564,303.0752,0,0,0,-1.282860536550e-14,1,1.000000,0,sumfact,on,off,0,1,0,0,0,,,0.000,,,,,,,
residual_rc_bnd_dt_n64,nid005742,hex8,residual,atomic,atomic,sumfact,affine,0.000000e+00,72,0,64,274625,262144,1098500,0,0.0000,n/a,20,1.307177544e-03,840.3602,6417.3440,200.5420,151.2087,0,0,0,6.759448953731e+00,1,1.000000,1,sumfact,on,on,0,0,0,0,1,,,0.000,,,,,,,
residual_rc_bnd_dt_n64,nid005742,hex8,residual,ecolor,ecolor,sumfact,affine,0.000000e+00,72,128,64,274625,262144,1098500,0,0.0000,n/a,20,7.931351662e-04,1385.0098,10576.5175,330.5162,249.2092,0,0,0,6.759448953731e+00,1,1.000000,1,sumfact,on,on,0,0,0,0,1,,,0.000,,,,,,,
residual_rc_bnd_dt_n64,nid005742,hex8,residual,packed,packed,sumfact,affine,0.000000e+00,72,128,64,274625,262144,1098500,0,0.0000,n/a,20,6.383299828e-04,1720.8968,13141.4914,410.6716,309.6464,0,0,0,6.759042994895e+00,1,1.000000,1,sumfact,on,on,0,0,0,0,1,,,0.000,,,,,,,
residual_rc_bnd_n64,nid005742,hex8,residual,atomic,atomic,sumfact,affine,0.000000e+00,72,0,64,274625,262144,1098500,0,0.0000,n/a,20,1.267230511e-03,866.8510,6619.6386,206.8637,155.9752,0,0,0,3.727500000000e+00,1,1.000000,1,sumfact,on,on,0,0,0,0,0,,,0.000,,,,,,,
residual_rc_bnd_n64,nid005742,hex8,residual,ecolor,ecolor,sumfact,affine,0.000000e+00,72,128,64,274625,262144,1098500,0,0.0000,n/a,20,7.716894150e-04,1423.5002,10870.4459,339.7014,256.1349,0,0,0,3.727500000000e+00,1,1.000000,1,sumfact,on,on,0,0,0,0,0,,,0.000,,,,,,,
residual_rc_bnd_n64,nid005742,hex8,residual,packed,packed,sumfact,affine,0.000000e+00,72,128,64,274625,262144,1098500,0,0.0000,n/a,20,6.209254265e-04,1769.1335,13509.8478,422.1827,318.3258,0,0,0,3.727500000000e+00,1,1.000000,1,sumfact,on,on,0,0,0,0,0,,,0.000,,,,,,,
residual_rc_n64,nid005742,hex8,residual,atomic,atomic,sumfact,affine,0.000000e+00,72,0,64,274625,262144,1098500,0,0.0000,n/a,20,1.215374470e-03,903.8367,6902.0769,215.6899,162.6302,0,0,0,-1.256492739715e-14,1,1.000000,0,sumfact,on,off,0,0,0,0,0,,,0.000,,,,,,,
residual_rc_n64,nid005742,hex8,residual,ecolor,ecolor,sumfact,affine,0.000000e+00,72,128,64,274625,262144,1098500,0,0.0000,n/a,20,7.163286209e-04,1533.5140,11710.5582,365.9549,275.9300,0,0,0,-1.256666212063e-14,1,1.000000,0,sumfact,on,off,0,0,0,0,0,,,0.000,,,,,,,
residual_rc_n64,nid005742,hex8,residual,packed,packed,sumfact,affine,0.000000e+00,72,128,64,274625,262144,1098500,0,0.0000,n/a,20,5.792617798e-04,1896.3792,14481.5493,452.5484,341.2215,0,0,0,-1.282860536550e-14,1,1.000000,0,sumfact,on,off,0,0,0,0,0,,,0.000,,,,,,,
residual_current_n64,nid005742,hex8,residual,packed,packed,current,affine,0.000000e+00,72,128,64,274625,262144,1098500,0,0.0000,n/a,20,4.963994026e-04,2212.9358,16898.9083,528.0909,398.1805,0,0,0,-1.272137777064e-14,0,0.000000,0,current,off,off,0,0,0,0,0,,,0.000,,,,,,,
residual_current_n64,nid005742,hex8,residual,atomic,atomic,current,affine,0.000000e+00,72,0,64,274625,262144,1098500,0,0.0000,n/a,20,1.295268536e-03,848.0867,6476.3466,202.3858,152.5989,0,0,0,-1.240218865106e-14,0,0.000000,0,current,off,off,0,0,0,0,0,,,0.000,,,,,,,
jac_bare_n64,nid005742,hex8,jac_action,atomic,atomic,sumfact,affine,0.000000e+00,72,0,64,274625,262144,1098500,0,0.0000,n/a,20,1.238083839e-03,887.2582,6775.4765,211.7336,179.9736,0,0,0,-1.151479248323e-12,0,0.000000,0,n/a,off,off,0,0,0,0,0,,,0.000,,,,,,,
jac_bare_n64,nid005742,hex8,jac_action,ecolor,ecolor,sumfact,affine,0.000000e+00,72,128,64,274625,262144,1098500,0,0.0000,n/a,20,5.919694901e-04,1855.6700,14170.6763,442.8336,376.4086,0,0,0,-2.097774373915e-12,0,0.000000,0,n/a,off,off,0,0,0,0,0,,,0.000,,,,,,,
jac_bare_n64,nid005742,hex8,jac_action,packed,packed,sumfact,affine,0.000000e+00,72,128,64,274625,262144,1098500,0,0.0000,n/a,20,5.184531212e-04,2118.8029,16180.0704,505.6272,429.7831,0,0,0,-1.151812315230e-12,0,0.000000,0,n/a,off,off,0,0,0,0,0,,,0.000,,,,,,,
residual_bare_n64,nid005742,hex8,residual,atomic,atomic,sumfact,affine,0.000000e+00,72,0,64,274625,262144,1098500,0,0.0000,n/a,20,1.043903828e-03,1052.3000,8035.8054,251.1189,189.3437,0,0,0,-1.254020758762e-14,0,0.000000,0,sumfact,off,off,0,0,0,0,0,,,0.000,,,,,,,
residual_bare_n64,nid005742,hex8,residual,ecolor,ecolor,sumfact,affine,0.000000e+00,72,128,64,274625,262144,1098500,0,0.0000,n/a,20,5.441308022e-04,2018.8161,15416.5285,481.7665,363.2520,0,0,0,-1.251418673548e-14,0,0.000000,0,sumfact,off,off,0,0,0,0,0,,,0.000,,,,,,,
residual_bare_n64,nid005742,hex8,residual,packed,packed,sumfact,affine,0.000000e+00,72,128,64,274625,262144,1098500,0,0.0000,n/a,20,3.860831261e-04,2845.2422,21727.4660,678.9833,511.9534,0,0,0,-1.235979634612e-14,0,0.000000,0,sumfact,off,off,0,0,0,0,0,,,0.000,,,,,,,
spmv_f32_n96,nid005742,hex8,bsr_apply,packed,n/a,sumfact,affine,0.000000e+00,72,512,96,912673,884736,3650692,24137569,1473.2403,f32,20,4.320335388e-03,845.0020,0.0000,0.0000,0.0000,0,0,0,-1.159811748818e-06,0,0.000000,0,n/a,off,off,0,0,0,0,0,,,0.000,,,,,,,
spmv_f64_n96,nid005742,hex8,bsr_apply,packed,n/a,sumfact,affine,0.000000e+00,72,512,96,912673,884736,3650692,24137569,2946.4806,f64,20,8.122313023e-03,449.4646,0.0000,0.0000,0.0000,0,0,0,-2.227890574390e-12,0,0.000000,0,n/a,off,off,0,0,0,0,0,,,0.000,,,,,,,
assemble_diag_n96,nid005742,hex8,assemble_diag,atomic,atomic,sumfact,affine,0.000000e+00,72,0,96,912673,884736,3650692,0,0.0000,n/a,20,3.211851120e-02,113.6632,881.4715,27.5460,20.7697,0,0,0,1.054549351220e+03,0,0.000000,0,n/a,off,off,0,0,0,0,0,,,0.000,,,,,,,
assemble_sympy_n96,nid005742,hex8,assemble,colored,colored,sympy,affine,0.000000e+00,72,512,96,912673,884736,3650692,24137569,2946.4806,f64,20,3.913589716e-02,93.2824,723.4165,22.6068,52.0860,19,90,91,6.632765216512e-11,0,0.000000,0,sympy,off,off,0,0,0,0,0,,,0.000,,,,,,,
assemble_sympy_n96,nid005742,hex8,assemble,atomic,atomic,sympy,affine,0.000000e+00,72,0,96,912673,884736,3650692,24137569,2946.4806,f64,20,6.464135647e-02,56.4761,437.9789,13.6868,31.5345,0,0,0,6.578006241380e-11,0,0.000000,0,sympy,off,off,0,0,0,0,0,,,0.000,,,,,,,
assemble_n96,nid005742,hex8,assemble,store,store,sumfact,affine,0.000000e+00,72,512,96,912673,884736,3650692,24137569,2946.4806,f64,20,4.186191559e-02,87.2080,676.3081,21.1346,48.6942,0,0,0,7.386596588159e-11,0,0.000000,0,sumfact,off,off,0,0,0,0,0,,,0.000,,,,,,,
assemble_n96,nid005742,hex8,assemble,colored,colored,sumfact,affine,0.000000e+00,72,512,96,912673,884736,3650692,24137569,2946.4806,f64,20,3.697983027e-02,98.7212,765.5944,23.9248,55.1228,19,90,91,7.389472065792e-11,0,0.000000,0,sumfact,off,off,0,0,0,0,0,,,0.000,,,,,,,
assemble_n96,nid005742,hex8,assemble,atomic,atomic,sumfact,affine,0.000000e+00,72,0,96,912673,884736,3650692,24137569,2946.4806,f64,20,9.346201420e-02,39.0607,302.9204,9.4663,21.8103,0,0,0,7.342422201788e-11,0,0.000000,0,sumfact,off,off,0,0,0,0,0,,,0.000,,,,,,,
assemble_n96,nid005742,hex8,assemble,packed,packed,sumfact,affine,0.000000e+00,72,512,96,912673,884736,3650692,24137569,2946.4806,f64,20,5.877543688e-02,62.1125,481.6902,15.0528,34.6817,0,0,0,7.386596588159e-11,0,0.000000,0,sumfact,off,off,0,0,0,0,0,,,0.000,,,,,,,
jac_rc_bnd_n96,nid005742,hex8,jac_action,atomic,atomic,sumfact,affine,0.000000e+00,72,0,96,912673,884736,3650692,0,0.0000,n/a,20,8.758854866e-03,416.8001,3232.3349,101.0105,85.8589,0,0,0,5.047058237368e+00,1,1.000000,1,n/a,exact,on,1,0,0,0,0,4.263680000e-03,0.486785,0.000,,,,,,,
jac_rc_bnd_n96,nid005742,hex8,jac_action,ecolor,ecolor,sumfact,affine,0.000000e+00,72,512,96,912673,884736,3650692,0,0.0000,n/a,20,7.287788391e-03,500.9328,3884.7934,121.3998,103.1898,0,0,0,5.043879373204e+00,1,1.000000,1,n/a,exact,on,1,0,0,0,0,2.424550400e-03,0.332687,0.000,,,,,,,
jac_rc_bnd_n96,nid005742,hex8,jac_action,packed,packed,sumfact,affine,0.000000e+00,72,512,96,912673,884736,3650692,0,0.0000,n/a,20,4.151284695e-03,879.4126,6819.9495,213.1234,181.1549,0,0,0,5.047058237368e+00,1,1.000000,1,n/a,exact,on,1,0,0,0,0,1.036236800e-03,0.249618,0.000,,,,,,,
jac_rc_n96,nid005742,hex8,jac_action,atomic,atomic,sumfact,affine,0.000000e+00,72,0,96,912673,884736,3650692,0,0.0000,n/a,20,8.514606953e-03,428.7564,3325.0568,103.9080,88.3218,0,0,0,2.773607352905e-13,1,1.000000,0,n/a,exact,off,1,0,0,0,0,4.273561600e-03,0.501909,0.000,,,,,,,
jac_rc_n96,nid005742,hex8,jac_action,ecolor,ecolor,sumfact,affine,0.000000e+00,72,512,96,912673,884736,3650692,0,0.0000,n/a,20,6.809461117e-03,536.1205,4157.6788,129.9275,110.4383,0,0,0,5.559625297028e-13,1,1.000000,0,n/a,exact,off,1,0,0,0,0,2.470681600e-03,0.362831,0.000,,,,,,,
jac_rc_n96,nid005742,hex8,jac_action,packed,packed,sumfact,affine,0.000000e+00,72,512,96,912673,884736,3650692,0,0.0000,n/a,20,3.799486160e-03,960.8383,7451.4160,232.8568,197.9282,0,0,0,2.763892901440e-13,1,1.000000,0,n/a,exact,off,1,0,0,0,0,9.900160000e-04,0.260566,0.000,,,,,,,
residual_rc_perapply_n96,nid005742,hex8,residual,atomic,atomic,sumfact,affine,0.000000e+00,72,0,96,912673,884736,3650692,0,0.0000,n/a,20,5.845236778e-03,624.5584,4843.5253,151.3602,114.1256,0,0,0,1.025453593567e-13,1,1.000000,0,sumfact,on,off,0,1,0,0,0,,,0.000,,,,,,,
residual_rc_perapply_n96,nid005742,hex8,residual,packed,packed,sumfact,affine,0.000000e+00,72,512,96,912673,884736,3650692,0,0.0000,n/a,20,2.328622341e-03,1567.7476,12158.0694,379.9397,286.4745,0,0,0,1.003804244587e-13,1,1.000000,0,sumfact,on,off,0,1,0,0,0,,,0.000,,,,,,,
residual_rc_bnd_dt_n96,nid005742,hex8,residual,atomic,atomic,sumfact,affine,0.000000e+00,72,0,96,912673,884736,3650692,0,0.0000,n/a,20,4.202210903e-03,868.7551,6737.2992,210.5406,158.7476,0,0,0,6.759287405709e+00,1,1.000000,1,sumfact,on,on,0,0,0,0,1,,,0.000,,,,,,,
residual_rc_bnd_dt_n96,nid005742,hex8,residual,ecolor,ecolor,sumfact,affine,0.000000e+00,72,512,96,912673,884736,3650692,0,0.0000,n/a,20,3.401935101e-03,1073.1222,8322.1905,260.0685,196.0916,0,0,0,6.759287405709e+00,1,1.000000,1,sumfact,on,on,0,0,0,0,1,,,0.000,,,,,,,
residual_rc_bnd_dt_n96,nid005742,hex8,residual,packed,packed,sumfact,affine,0.000000e+00,72,512,96,912673,884736,3650692,0,0.0000,n/a,20,2.323985100e-03,1570.8758,12182.3294,380.6978,287.0461,0,0,0,6.759195490287e+00,1,1.000000,1,sumfact,on,on,0,0,0,0,1,,,0.000,,,,,,,
residual_rc_bnd_n96,nid005742,hex8,residual,atomic,atomic,sumfact,affine,0.000000e+00,72,0,96,912673,884736,3650692,0,0.0000,n/a,20,4.099988937e-03,890.4151,6905.2752,215.7899,162.7055,0,0,0,3.727500000000e+00,1,1.000000,1,sumfact,on,on,0,0,0,0,0,,,0.000,,,,,,,
residual_rc_bnd_n96,nid005742,hex8,residual,ecolor,ecolor,sumfact,affine,0.000000e+00,72,512,96,912673,884736,3650692,0,0.0000,n/a,20,3.260040283e-03,1119.8303,8684.4178,271.3881,204.6266,0,0,0,3.727500000000e+00,1,1.000000,1,sumfact,on,on,0,0,0,0,0,,,0.000,,,,,,,
residual_rc_bnd_n96,nid005742,hex8,residual,packed,packed,sumfact,affine,0.000000e+00,72,512,96,912673,884736,3650692,0,0.0000,n/a,20,2.190244198e-03,1666.7968,12926.2080,403.9440,304.5738,0,0,0,3.727500000000e+00,1,1.000000,1,sumfact,on,on,0,0,0,0,0,,,0.000,,,,,,,
residual_rc_n96,nid005742,hex8,residual,atomic,atomic,sumfact,affine,0.000000e+00,72,0,96,912673,884736,3650692,0,0.0000,n/a,20,3.950798512e-03,924.0390,7166.0329,223.9385,168.8496,0,0,0,1.025453593567e-13,1,1.000000,0,sumfact,on,off,0,0,0,0,0,,,0.000,,,,,,,
residual_rc_n96,nid005742,hex8,residual,ecolor,ecolor,sumfact,affine,0.000000e+00,72,512,96,912673,884736,3650692,0,0.0000,n/a,20,2.894580364e-03,1261.2163,9780.8830,305.6526,230.4621,0,0,0,1.043078384083e-13,1,1.000000,0,sumfact,on,off,0,0,0,0,0,,,0.000,,,,,,,
residual_rc_n96,nid005742,hex8,residual,packed,packed,sumfact,affine,0.000000e+00,72,512,96,912673,884736,3650692,0,0.0000,n/a,20,1.929116249e-03,1892.4168,14675.9181,458.6224,345.8013,0,0,0,1.003804244587e-13,1,1.000000,0,sumfact,on,off,0,0,0,0,0,,,0.000,,,,,,,
residual_current_n96,nid005742,hex8,residual,packed,packed,current,affine,0.000000e+00,72,512,96,912673,884736,3650692,0,0.0000,n/a,20,1.636707783e-03,2230.5093,17297.8661,540.5583,407.5810,0,0,0,1.028819499212e-13,0,0.000000,0,current,off,off,0,0,0,0,0,,,0.000,,,,,,,
residual_current_n96,nid005742,hex8,residual,atomic,atomic,current,affine,0.000000e+00,72,0,96,912673,884736,3650692,0,0.0000,n/a,20,4.294526577e-03,850.0802,6592.4733,206.0148,155.3352,0,0,0,1.028125609821e-13,0,0.000000,0,current,off,off,0,0,0,0,0,,,0.000,,,,,,,
jac_bare_n96,nid005742,hex8,jac_action,atomic,atomic,sumfact,affine,0.000000e+00,72,0,96,912673,884736,3650692,0,0.0000,n/a,20,3.777277470e-03,966.4876,7495.2270,234.2258,199.0920,0,0,0,-1.946265590640e-12,0,0.000000,0,n/a,off,off,0,0,0,0,0,,,0.000,,,,,,,
jac_bare_n96,nid005742,hex8,jac_action,ecolor,ecolor,sumfact,affine,0.000000e+00,72,512,96,912673,884736,3650692,0,0.0000,n/a,20,2.501213551e-03,1459.5683,11319.1263,353.7227,300.6643,0,0,0,-3.581897758541e-12,0,0.000000,0,n/a,off,off,0,0,0,0,0,,,0.000,,,,,,,
jac_bare_n96,nid005742,hex8,jac_action,packed,packed,sumfact,affine,0.000000e+00,72,512,96,912673,884736,3650692,0,0.0000,n/a,20,1.734983921e-03,2104.1647,16318.0486,509.9390,433.4482,0,0,0,-2.009048702682e-12,0,0.000000,0,n/a,off,off,0,0,0,0,0,,,0.000,,,,,,,
residual_bare_n96,nid005742,hex8,residual,atomic,atomic,sumfact,affine,0.000000e+00,72,0,96,912673,884736,3650692,0,0.0000,n/a,20,3.274846077e-03,1114.7675,8645.1550,270.1611,203.7015,0,0,0,9.868744276637e-14,0,0.000000,0,sumfact,off,off,0,0,0,0,0,,,0.000,,,,,,,
residual_bare_n96,nid005742,hex8,residual,ecolor,ecolor,sumfact,affine,0.000000e+00,72,512,96,912673,884736,3650692,0,0.0000,n/a,20,2.126646042e-03,1716.6430,13312.7711,416.0241,313.6822,0,0,0,1.006580886351e-13,0,0.000000,0,sumfact,off,off,0,0,0,0,0,,,0.000,,,,,,,
residual_bare_n96,nid005742,hex8,residual,packed,packed,sumfact,affine,0.000000e+00,72,512,96,912673,884736,3650692,0,0.0000,n/a,20,1.261425018e-03,2894.1015,22444.1022,701.3782,528.8392,0,0,0,9.553718493399e-14,0,0.000000,0,sumfact,off,off,0,0,0,0,0,,,0.000,,,,,,,
spmv_f32_n128,nid005742,hex8,bsr_apply,packed,n/a,sumfact,affine,0.000000e+00,72,1024,128,2146689,2097152,8586756,57066625,3483.0704,f32,20,1.050820351e-02,817.1479,0.0000,0.0000,0.0000,0,0,0,4.661746579456e-05,0,0.000000,0,n/a,off,off,0,0,0,0,0,,,0.000,,,,,,,
spmv_f64_n128,nid005742,hex8,bsr_apply,packed,n/a,sumfact,affine,0.000000e+00,72,1024,128,2146689,2097152,8586756,57066625,6966.1407,f64,20,1.915050745e-02,448.3827,0.0000,0.0000,0.0000,0,0,0,-2.271657308876e-12,0,0.000000,0,n/a,off,off,0,0,0,0,0,,,0.000,,,,,,,
assemble_diag_n128,nid005742,hex8,assemble_diag,atomic,atomic,sumfact,affine,0.000000e+00,72,0,128,2146689,2097152,8586756,0,0.0000,n/a,20,7.524679899e-02,114.1146,891.8501,27.8703,21.0142,0,0,0,1.651826180067e+03,0,0.000000,0,n/a,off,off,0,0,0,0,0,,,0.000,,,,,,,
assemble_sympy_n128,nid005742,hex8,assemble,colored,colored,sympy,affine,0.000000e+00,72,1024,128,2146689,2097152,8586756,57066625,6966.1407,f64,20,8.472502232e-02,101.3485,792.0784,24.7525,57.0296,14,146,147,-3.076235482687e-08,0,0.000000,0,sympy,off,off,0,0,0,0,0,,,0.000,,,,,,,
assemble_sympy_n128,nid005742,hex8,assemble,atomic,atomic,sympy,affine,0.000000e+00,72,0,128,2146689,2097152,8586756,57066625,6966.1407,f64,20,1.589277625e-01,54.0293,422.2602,13.1956,30.4027,0,0,0,-3.076550013728e-08,0,0.000000,0,sympy,off,off,0,0,0,0,0,,,0.000,,,,,,,
assemble_n128,nid005742,hex8,assemble,store,store,sumfact,affine,0.000000e+00,72,1024,128,2146689,2097152,8586756,57066625,6966.1407,f64,20,1.083927393e-01,79.2189,619.1269,19.3477,44.5771,0,0,0,-3.076235482948e-08,0,0.000000,0,sumfact,off,off,0,0,0,0,0,,,0.000,,,,,,,
assemble_n128,nid005742,hex8,assemble,colored,colored,sumfact,affine,0.000000e+00,72,1024,128,2146689,2097152,8586756,57066625,6966.1407,f64,20,8.036080599e-02,106.8525,835.0945,26.0967,60.1268,14,146,147,-3.076235482948e-08,0,0.000000,0,sumfact,off,off,0,0,0,0,0,,,0.000,,,,,,,
assemble_n128,nid005742,hex8,assemble,atomic,atomic,sumfact,affine,0.000000e+00,72,0,128,2146689,2097152,8586756,57066625,6966.1407,f64,20,2.238595724e-01,38.3578,299.7811,9.3682,21.5842,0,0,0,-3.076550014682e-08,0,0.000000,0,sumfact,off,off,0,0,0,0,0,,,0.000,,,,,,,
assemble_n128,nid005742,hex8,assemble,packed,packed,sumfact,affine,0.000000e+00,72,1024,128,2146689,2097152,8586756,57066625,6966.1407,f64,20,1.477757812e-01,58.1067,454.1263,14.1914,32.6971,0,0,0,-3.076235482948e-08,0,0.000000,0,sumfact,off,off,0,0,0,0,0,,,0.000,,,,,,,
jac_rc_bnd_n128,nid005742,hex8,jac_action,atomic,atomic,sumfact,affine,0.000000e+00,72,0,128,2146689,2097152,8586756,0,0.0000,n/a,20,2.514715195e-02,341.4604,2668.6467,83.3952,70.8859,0,0,0,5.048053297186e+00,1,1.000000,1,n/a,exact,on,1,0,0,0,0,1.487961600e-02,0.591702,0.000,,,,,,,
jac_rc_bnd_n128,nid005742,hex8,jac_action,ecolor,ecolor,sumfact,affine,0.000000e+00,72,1024,128,2146689,2097152,8586756,0,0.0000,n/a,20,1.979070902e-02,433.8781,3390.9277,105.9665,90.0715,0,0,0,5.045353208780e+00,1,1.000000,1,n/a,exact,on,1,0,0,0,0,8.360166400e-03,0.422429,0.000,,,,,,,
jac_rc_bnd_n128,nid005742,hex8,jac_action,packed,packed,sumfact,affine,0.000000e+00,72,1024,128,2146689,2097152,8586756,0,0.0000,n/a,20,1.010197401e-02,850.0077,6643.1436,207.5982,176.4585,0,0,0,5.048053297186e+00,1,1.000000,1,n/a,exact,on,1,0,0,0,0,2.499827200e-03,0.247459,0.000,,,,,,,
jac_rc_n128,nid005742,hex8,jac_action,atomic,atomic,sumfact,affine,0.000000e+00,72,0,128,2146689,2097152,8586756,0,0.0000,n/a,20,2.420858145e-02,354.6989,2772.1105,86.6285,73.6342,0,0,0,-3.078244039875e-13,1,1.000000,0,n/a,exact,off,1,0,0,0,0,1.465041920e-02,0.605175,0.000,,,,,,,
jac_rc_n128,nid005742,hex8,jac_action,ecolor,ecolor,sumfact,affine,0.000000e+00,72,1024,128,2146689,2097152,8586756,0,0.0000,n/a,20,1.859891415e-02,461.6805,3608.2141,112.7567,95.8432,0,0,0,7.779667752020e-13,1,1.000000,0,n/a,exact,off,1,0,0,0,0,8.047552000e-03,0.432689,0.000,,,,,,,
jac_rc_n128,nid005742,hex8,jac_action,packed,packed,sumfact,affine,0.000000e+00,72,1024,128,2146689,2097152,8586756,0,0.0000,n/a,20,9.532237053e-03,900.8123,7040.2009,220.0063,187.0053,0,0,0,-3.069362255678e-13,1,1.000000,0,n/a,exact,off,1,0,0,0,0,2.464384000e-03,0.258532,0.000,,,,,,,
residual_rc_perapply_n128,nid005742,hex8,residual,atomic,atomic,sumfact,affine,0.000000e+00,72,0,128,2146689,2097152,8586756,0,0.0000,n/a,20,1.406124830e-02,610.6681,4772.6107,149.1441,112.4546,0,0,0,1.381470350441e-13,1,1.000000,0,sumfact,on,off,0,1,0,0,0,,,0.000,,,,,,,
residual_rc_perapply_n128,nid005742,hex8,residual,packed,packed,sumfact,affine,0.000000e+00,72,1024,128,2146689,2097152,8586756,0,0.0000,n/a,20,6.043553352e-03,1420.8125,11104.2064,347.0065,261.6429,0,0,0,1.366482339608e-13,1,1.000000,0,sumfact,on,off,0,1,0,0,0,,,0.000,,,,,,,
residual_rc_bnd_dt_n128,nid005742,hex8,residual,atomic,atomic,sumfact,affine,0.000000e+00,72,0,128,2146689,2097152,8586756,0,0.0000,n/a,20,1.062401533e-02,808.2402,6316.7138,197.3973,148.8376,0,0,0,6.759329548060e+00,1,1.000000,1,sumfact,on,on,0,0,0,0,1,,,0.000,,,,,,,
residual_rc_bnd_dt_n128,nid005742,hex8,residual,ecolor,ecolor,sumfact,affine,0.000000e+00,72,1024,128,2146689,2097152,8586756,0,0.0000,n/a,20,8.418643475e-03,1019.9691,7971.4581,249.1081,187.8275,0,0,0,6.759329548060e+00,1,1.000000,1,sumfact,on,on,0,0,0,0,1,,,0.000,,,,,,,
residual_rc_bnd_dt_n128,nid005742,hex8,residual,packed,packed,sumfact,affine,0.000000e+00,72,1024,128,2146689,2097152,8586756,0,0.0000,n/a,20,5.966019630e-03,1439.2772,11248.5155,351.5161,265.0431,0,0,0,6.759412313613e+00,1,1.000000,1,sumfact,on,on,0,0,0,0,1,,,0.000,,,,,,,
residual_rc_bnd_n128,nid005742,hex8,residual,atomic,atomic,sumfact,affine,0.000000e+00,72,0,128,2146689,2097152,8586756,0,0.0000,n/a,20,1.003246307e-02,855.8971,6689.1713,209.0366,157.6136,0,0,0,3.727500000000e+00,1,1.000000,1,sumfact,on,on,0,0,0,0,0,,,0.000,,,,,,,
residual_rc_bnd_n128,nid005742,hex8,residual,ecolor,ecolor,sumfact,affine,0.000000e+00,72,1024,128,2146689,2097152,8586756,0,0.0000,n/a,20,7.959699631e-03,1078.7789,8431.0800,263.4712,198.6573,0,0,0,3.727500000000e+00,1,1.000000,1,sumfact,on,on,0,0,0,0,0,,,0.000,,,,,,,
residual_rc_bnd_n128,nid005742,hex8,residual,packed,packed,sumfact,affine,0.000000e+00,72,1024,128,2146689,2097152,8586756,0,0.0000,n/a,20,5.472338200e-03,1569.1201,12263.2888,383.2278,288.9537,0,0,0,3.727500000000e+00,1,1.000000,1,sumfact,on,on,0,0,0,0,0,,,0.000,,,,,,,
residual_rc_n128,nid005742,hex8,residual,atomic,atomic,sumfact,affine,0.000000e+00,72,0,128,2146689,2097152,8586756,0,0.0000,n/a,20,9.595716000e-03,894.8531,6993.6276,218.5509,164.7873,0,0,0,1.381470350441e-13,1,1.000000,0,sumfact,on,off,0,0,0,0,0,,,0.000,,,,,,,
residual_rc_n128,nid005742,hex8,residual,ecolor,ecolor,sumfact,affine,0.000000e+00,72,1024,128,2146689,2097152,8586756,0,0.0000,n/a,20,7.316660881e-03,1173.5894,9172.0616,286.6269,216.1167,0,0,0,1.381327235754e-13,1,1.000000,0,sumfact,on,off,0,0,0,0,0,,,0.000,,,,,,,
residual_rc_n128,nid005742,hex8,residual,packed,packed,sumfact,affine,0.000000e+00,72,1024,128,2146689,2097152,8586756,0,0.0000,n/a,20,4.913997650e-03,1747.4074,13656.6740,426.7711,321.7854,0,0,0,1.366482339608e-13,1,1.000000,0,sumfact,on,off,0,0,0,0,0,,,0.000,,,,,,,
residual_current_n128,nid005742,hex8,residual,packed,packed,current,affine,0.000000e+00,72,1024,128,2146689,2097152,8586756,0,0.0000,n/a,20,4.044961929e-03,2122.8274,16590.7282,518.4603,390.9190,0,0,0,1.366330009203e-13,0,0.000000,0,current,off,off,0,0,0,0,0,,,0.000,,,,,,,
residual_current_n128,nid005742,hex8,residual,atomic,atomic,current,affine,0.000000e+00,72,0,128,2146689,2097152,8586756,0,0.0000,n/a,20,1.005673409e-02,853.8315,6673.0276,208.5321,157.2332,0,0,0,1.381248631097e-13,0,0.000000,0,current,off,off,0,0,0,0,0,,,0.000,,,,,,,
jac_bare_n128,nid005742,hex8,jac_action,atomic,atomic,sumfact,affine,0.000000e+00,72,0,128,2146689,2097152,8586756,0,0.0000,n/a,20,8.865153790e-03,968.5964,7569.9605,236.5613,201.0771,0,0,0,-2.268767828771e-12,0,0.000000,0,n/a,off,off,0,0,0,0,0,,,0.000,,,,,,,
jac_bare_n128,nid005742,hex8,jac_action,ecolor,ecolor,sumfact,affine,0.000000e+00,72,1024,128,2146689,2097152,8586756,0,0.0000,n/a,20,6.739568710e-03,1274.0809,9957.4419,311.1701,264.4946,0,0,0,-2.925569671502e-13,0,0.000000,0,n/a,off,off,0,0,0,0,0,,,0.000,,,,,,,
jac_bare_n128,nid005742,hex8,jac_action,packed,packed,sumfact,affine,0.000000e+00,72,1024,128,2146689,2097152,8586756,0,0.0000,n/a,20,4.505348206e-03,1905.9029,14895.3779,465.4806,395.6585,0,0,0,-2.268767828771e-12,0,0.000000,0,n/a,off,off,0,0,0,0,0,,,0.000,,,,,,,
residual_bare_n128,nid005742,hex8,residual,atomic,atomic,sumfact,affine,0.000000e+00,72,0,128,2146689,2097152,8586756,0,0.0000,n/a,20,7.922887802e-03,1083.7912,8470.2530,264.6954,199.5803,0,0,0,1.381469808340e-13,0,0.000000,0,sumfact,off,off,0,0,0,0,0,,,0.000,,,,,,,
residual_bare_n128,nid005742,hex8,residual,ecolor,ecolor,sumfact,affine,0.000000e+00,72,1024,128,2146689,2097152,8586756,0,0.0000,n/a,20,4.698193073e-03,1827.6720,14283.9732,446.3742,336.5661,0,0,0,1.381344040888e-13,0,0.000000,0,sumfact,off,off,0,0,0,0,0,,,0.000,,,,,,,
residual_bare_n128,nid005742,hex8,residual,packed,packed,sumfact,affine,0.000000e+00,72,1024,128,2146689,2097152,8586756,0,0.0000,n/a,20,3.333377838e-03,2575.9924,20132.3904,629.1372,474.3694,0,0,0,1.366551186446e-13,0,0.000000,0,sumfact,off,off,0,0,0,0,0,,,0.000,,,,,,,
spmv_f32_n160,nid005742,hex8,bsr_apply,packed,n/a,sumfact,affine,0.000000e+00,72,2048,160,4173281,4096000,16693124,111284641,6792.2755,f32,20,1.859411001e-02,897.7641,0.0000,0.0000,0.0000,0,0,0,4.118532892879e-05,0,0.000000,0,n/a,off,off,0,0,0,0,0,,,0.000,,,,,,,
spmv_f64_n160,nid005742,hex8,bsr_apply,packed,n/a,sumfact,affine,0.000000e+00,72,2048,160,4173281,4096000,16693124,111284641,13584.5509,f64,20,3.704795837e-02,450.5815,0.0000,0.0000,0.0000,0,0,0,7.157881465282e-13,0,0.000000,0,n/a,off,off,0,0,0,0,0,,,0.000,,,,,,,
assemble_diag_n160,nid005742,hex8,assemble_diag,atomic,atomic,sumfact,affine,0.000000e+00,72,0,160,4173281,4096000,16693124,0,0.0000,n/a,20,1.455778360e-01,114.6680,900.3568,28.1362,21.2147,0,0,0,2.371982944015e+03,0,0.000000,0,n/a,off,off,0,0,0,0,0,,,0.000,,,,,,,
assemble_sympy_n160,nid005742,hex8,assemble,colored,colored,sympy,affine,0.000000e+00,72,2048,160,4173281,4096000,16693124,111284641,13584.5509,f64,20,1.644039989e-01,101.5372,797.2555,24.9142,57.4024,20,99,101,1.168506756832e-08,0,0.000000,0,sympy,off,off,0,0,0,0,0,,,0.000,,,,,,,
assemble_sympy_n160,nid005742,hex8,assemble,atomic,atomic,sympy,affine,0.000000e+00,72,0,160,4173281,4096000,16693124,111284641,13584.5509,f64,20,3.011836767e-01,55.4251,435.1896,13.5997,31.3337,0,0,0,1.167343591505e-08,0,0.000000,0,sympy,off,off,0,0,0,0,0,,,0.000,,,,,,,
assemble_n160,nid005742,hex8,assemble,store,store,sumfact,affine,0.000000e+00,72,2048,160,4173281,4096000,16693124,111284641,13584.5509,f64,20,2.334408641e-01,71.5090,561.4784,17.5462,40.4264,0,0,0,1.165429404451e-08,0,0.000000,0,sumfact,off,off,0,0,0,0,0,,,0.000,,,,,,,
assemble_n160,nid005742,hex8,assemble,colored,colored,sumfact,affine,0.000000e+00,72,2048,160,4173281,4096000,16693124,111284641,13584.5509,f64,20,1.540011764e-01,108.3961,851.1104,26.5972,61.2799,20,99,101,1.165426806529e-08,0,0.000000,0,sumfact,off,off,0,0,0,0,0,,,0.000,,,,,,,
assemble_n160,nid005742,hex8,assemble,atomic,atomic,sumfact,affine,0.000000e+00,72,0,160,4173281,4096000,16693124,111284641,13584.5509,f64,20,4.294657826e-01,38.8695,305.1978,9.5374,21.9742,0,0,0,1.164916721901e-08,0,0.000000,0,sumfact,off,off,0,0,0,0,0,,,0.000,,,,,,,
assemble_n160,nid005742,hex8,assemble,packed,packed,sumfact,affine,0.000000e+00,72,2048,160,4173281,4096000,16693124,111284641,13584.5509,f64,20,3.054664254e-01,54.6480,429.0881,13.4090,30.8943,0,0,0,1.165429404451e-08,0,0.000000,0,sumfact,off,off,0,0,0,0,0,,,0.000,,,,,,,
jac_rc_bnd_n160,nid005742,hex8,jac_action,atomic,atomic,sumfact,affine,0.000000e+00,72,0,160,4173281,4096000,16693124,0,0.0000,n/a,20,4.825530052e-02,345.9335,2716.2197,84.8819,72.1496,0,0,0,5.046148336219e+00,1,1.000000,1,n/a,exact,on,1,0,0,0,0,2.876533760e-02,0.596107,0.000,,,,,,,
jac_rc_bnd_n160,nid005742,hex8,jac_action,ecolor,ecolor,sumfact,affine,0.000000e+00,72,2048,160,4173281,4096000,16693124,0,0.0000,n/a,20,8.559950590e-02,195.0143,1531.2238,47.8507,40.6731,0,0,0,5.041938959493e+00,1,1.000000,1,n/a,exact,on,1,0,0,0,0,4.254586880e-02,0.497034,0.000,,,,,,,
jac_rc_bnd_n160,nid005742,hex8,jac_action,packed,packed,sumfact,affine,0.000000e+00,72,2048,160,4173281,4096000,16693124,0,0.0000,n/a,20,1.896588802e-02,880.1657,6910.9340,215.9667,183.5717,0,0,0,5.046148336219e+00,1,1.000000,1,n/a,exact,on,1,0,0,0,0,4.789529600e-03,0.252534,0.000,,,,,,,
jac_rc_n160,nid005742,hex8,jac_action,atomic,atomic,sumfact,affine,0.000000e+00,72,0,160,4173281,4096000,16693124,0,0.0000,n/a,20,4.750442505e-02,351.4015,2759.1535,86.2235,73.2900,0,0,0,-5.609576320706e-13,1,1.000000,0,n/a,exact,off,1,0,0,0,0,2.902357760e-02,0.610966,0.000,,,,,,,
jac_rc_n160,nid005742,hex8,jac_action,ecolor,ecolor,sumfact,affine,0.000000e+00,72,2048,160,4173281,4096000,16693124,0,0.0000,n/a,20,8.370754719e-02,199.4220,1565.8325,48.9323,41.5924,0,0,0,4.218664331171e-13,1,1.000000,0,n/a,exact,off,1,0,0,0,0,4.260390400e-02,0.508961,0.000,,,,,,,
jac_rc_n160,nid005742,hex8,jac_action,packed,packed,sumfact,affine,0.000000e+00,72,2048,160,4173281,4096000,16693124,0,0.0000,n/a,20,1.825381517e-02,914.5005,7180.5263,224.3914,190.7327,0,0,0,-5.547403831327e-13,1,1.000000,0,n/a,exact,off,1,0,0,0,0,4.823718400e-03,0.264258,0.000,,,,,,,
residual_rc_perapply_n160,nid005742,hex8,residual,atomic,atomic,sumfact,affine,0.000000e+00,72,0,160,4173281,4096000,16693124,0,0.0000,n/a,20,2.809134722e-02,594.2443,4665.9208,145.8100,109.9408,0,0,0,-7.109953901671e-14,1,1.000000,0,sumfact,on,off,0,1,0,0,0,,,0.000,,,,,,,
residual_rc_perapply_n160,nid005742,hex8,residual,packed,packed,sumfact,affine,0.000000e+00,72,2048,160,4173281,4096000,16693124,0,0.0000,n/a,20,1.194785833e-02,1397.1645,10970.3343,342.8229,258.4885,0,0,0,-6.590924637659e-14,1,1.000000,0,sumfact,on,off,0,1,0,0,0,,,0.000,,,,,,,
residual_rc_bnd_dt_n160,nid005742,hex8,residual,atomic,atomic,sumfact,affine,0.000000e+00,72,0,160,4173281,4096000,16693124,0,0.0000,n/a,20,2.094870806e-02,796.8570,6256.8059,195.5252,147.4260,0,0,0,6.759324573300e+00,1,1.000000,1,sumfact,on,on,0,0,0,0,1,,,0.000,,,,,,,
residual_rc_bnd_dt_n160,nid005742,hex8,residual,ecolor,ecolor,sumfact,affine,0.000000e+00,72,2048,160,4173281,4096000,16693124,0,0.0000,n/a,20,3.598114252e-02,463.9409,3642.7971,113.8374,85.8334,0,0,0,6.759324573300e+00,1,1.000000,1,sumfact,on,on,0,0,0,0,1,,,0.000,,,,,,,
residual_rc_bnd_dt_n160,nid005742,hex8,residual,packed,packed,sumfact,affine,0.000000e+00,72,2048,160,4173281,4096000,16693124,0,0.0000,n/a,20,1.196089983e-02,1395.6412,10958.3729,342.4492,258.2067,0,0,0,6.759317416976e+00,1,1.000000,1,sumfact,on,on,0,0,0,0,1,,,0.000,,,,,,,
residual_rc_bnd_n160,nid005742,hex8,residual,atomic,atomic,sumfact,affine,0.000000e+00,72,0,160,4173281,4096000,16693124,0,0.0000,n/a,20,1.960778236e-02,851.3520,6684.6927,208.8966,157.5081,0,0,0,3.727500000000e+00,1,1.000000,1,sumfact,on,on,0,0,0,0,0,,,0.000,,,,,,,
residual_rc_bnd_n160,nid005742,hex8,residual,ecolor,ecolor,sumfact,affine,0.000000e+00,72,2048,160,4173281,4096000,16693124,0,0.0000,n/a,20,3.407192230e-02,489.9378,3846.9212,120.2163,90.6431,0,0,0,3.727500000000e+00,1,1.000000,1,sumfact,on,on,0,0,0,0,0,,,0.000,,,,,,,
residual_rc_bnd_n160,nid005742,hex8,residual,packed,packed,sumfact,affine,0.000000e+00,72,2048,160,4173281,4096000,16693124,0,0.0000,n/a,20,1.080951691e-02,1544.2988,12125.6113,378.9254,285.7097,0,0,0,3.727500000000e+00,1,1.000000,1,sumfact,on,on,0,0,0,0,0,,,0.000,,,,,,,
residual_rc_n160,nid005742,hex8,residual,atomic,atomic,sumfact,affine,0.000000e+00,72,0,160,4173281,4096000,16693124,0,0.0000,n/a,20,1.902868748e-02,877.2609,6888.1262,215.2539,162.3015,0,0,0,-7.109953901671e-14,1,1.000000,0,sumfact,on,off,0,0,0,0,0,,,0.000,,,,,,,
residual_rc_n160,nid005742,hex8,residual,ecolor,ecolor,sumfact,affine,0.000000e+00,72,2048,160,4173281,4096000,16693124,0,0.0000,n/a,20,3.219755888e-02,518.4593,4070.8676,127.2146,95.9198,0,0,0,-6.929802868691e-14,1,1.000000,0,sumfact,on,off,0,0,0,0,0,,,0.000,,,,,,,
residual_rc_n160,nid005742,hex8,residual,packed,packed,sumfact,affine,0.000000e+00,72,2048,160,4173281,4096000,16693124,0,0.0000,n/a,20,1.002280712e-02,1665.5138,13077.3743,408.6679,308.1356,0,0,0,-6.590924637659e-14,1,1.000000,0,sumfact,on,off,0,0,0,0,0,,,0.000,,,,,,,
residual_current_n160,nid005742,hex8,residual,packed,packed,current,affine,0.000000e+00,72,2048,160,4173281,4096000,16693124,0,0.0000,n/a,20,7.783138752e-03,2144.7805,16840.5067,526.2658,396.8044,0,0,0,-6.568480297436e-14,0,0.000000,0,current,off,off,0,0,0,0,0,,,0.000,,,,,,,
residual_current_n160,nid005742,hex8,residual,atomic,atomic,current,affine,0.000000e+00,72,0,160,4173281,4096000,16693124,0,0.0000,n/a,20,2.047522068e-02,815.2842,6401.4939,200.0467,150.8352,0,0,0,-7.131918482433e-14,0,0.000000,0,current,off,off,0,0,0,0,0,,,0.000,,,,,,,
jac_bare_n160,nid005742,hex8,jac_action,atomic,atomic,sumfact,affine,0.000000e+00,72,0,160,4173281,4096000,16693124,0,0.0000,n/a,20,1.724765301e-02,967.8490,7599.4108,237.4816,201.8593,0,0,0,7.694581056301e-13,0,0.000000,0,n/a,off,off,0,0,0,0,0,,,0.000,,,,,,,
jac_bare_n160,nid005742,hex8,jac_action,ecolor,ecolor,sumfact,affine,0.000000e+00,72,2048,160,4173281,4096000,16693124,0,0.0000,n/a,20,2.994194031e-02,557.5164,4377.5386,136.7981,116.2784,0,0,0,5.436072422825e-12,0,0.000000,0,n/a,off,off,0,0,0,0,0,,,0.000,,,,,,,
jac_bare_n160,nid005742,hex8,jac_action,packed,packed,sumfact,affine,0.000000e+00,72,2048,160,4173281,4096000,16693124,0,0.0000,n/a,20,9.038448334e-03,1846.9015,14501.6042,453.1751,385.1989,0,0,0,7.483083570110e-13,0,0.000000,0,n/a,off,off,0,0,0,0,0,,,0.000,,,,,,,
residual_bare_n160,nid005742,hex8,residual,atomic,atomic,sumfact,affine,0.000000e+00,72,0,160,4173281,4096000,16693124,0,0.0000,n/a,20,1.553453207e-02,1074.5817,8437.4605,263.6706,198.8077,0,0,0,-7.000232641816e-14,0,0.000000,0,sumfact,off,off,0,0,0,0,0,,,0.000,,,,,,,
residual_bare_n160,nid005742,hex8,residual,ecolor,ecolor,sumfact,affine,0.000000e+00,72,2048,160,4173281,4096000,16693124,0,0.0000,n/a,20,2.362518311e-02,706.5818,5547.9782,173.3743,130.7242,0,0,0,-6.929976341039e-14,0,0.000000,0,sumfact,off,off,0,0,0,0,0,,,0.000,,,,,,,
residual_bare_n160,nid005742,hex8,residual,packed,packed,sumfact,affine,0.000000e+00,72,2048,160,4173281,4096000,16693124,0,0.0000,n/a,20,6.667613983e-03,2503.6128,19658.0066,614.3127,463.1918,0,0,0,-6.683819079797e-14,0,0.000000,0,sumfact,off,off,0,0,0,0,0,,,0.000,,,,,,,
spmv_f32_n192,nid005742,hex8,bsr_apply,packed,n/a,sumfact,affine,0.000000e+00,72,4096,192,7189057,7077888,28756228,192100033,11724.8555,f32,20,3.221116066e-02,892.7411,0.0000,0.0000,0.0000,0,0,0,-8.660309578814e-06,0,0.000000,0,n/a,off,off,0,0,0,0,0,,,0.000,,,,,,,
spmv_f64_n192,nid005742,hex8,bsr_apply,packed,n/a,sumfact,affine,0.000000e+00,72,4096,192,7189057,7077888,28756228,192100033,23449.7111,f64,20,6.419097185e-02,447.9793,0.0000,0.0000,0.0000,0,0,0,2.533862061957e-11,0,0.000000,0,n/a,off,off,0,0,0,0,0,,,0.000,,,,,,,
assemble_diag_n192,nid005742,hex8,assemble_diag,atomic,atomic,sumfact,affine,0.000000e+00,72,0,192,7189057,7077888,28756228,0,0.0000,n/a,20,2.524605513e-01,113.9038,897.1398,28.0356,21.1389,0,0,0,3.215019675301e+03,0,0.000000,0,n/a,off,off,0,0,0,0,0,,,0.000,,,,,,,
assemble_sympy_n192,nid005742,hex8,assemble,colored,colored,sympy,affine,0.000000e+00,72,4096,192,7189057,7077888,28756228,192100033,23449.7111,f64,20,2.949391961e-01,97.4988,767.9292,23.9978,55.2909,19,90,91,2.580736401329e-09,0,0.000000,0,sympy,off,off,0,0,0,0,0,,,0.000,,,,,,,
assemble_sympy_n192,nid005742,hex8,assemble,atomic,atomic,sympy,affine,0.000000e+00,72,0,192,7189057,7077888,28756228,192100033,23449.7111,f64,20,5.220882416e-01,55.0792,433.8202,13.5569,31.2351,0,0,0,2.579395400885e-09,0,0.000000,0,sympy,off,off,0,0,0,0,0,,,0.000,,,,,,,
assemble_n192,nid005742,hex8,assemble,store,store,sumfact,affine,0.000000e+00,72,4096,192,7189057,7077888,28756228,192100033,23449.7111,f64,20,3.955057859e-01,72.7075,572.6652,17.8958,41.2319,0,0,0,2.592910685214e-09,0,0.000000,0,sumfact,off,off,0,0,0,0,0,,,0.000,,,,,,,
assemble_n192,nid005742,hex8,assemble,colored,colored,sumfact,affine,0.000000e+00,72,4096,192,7189057,7077888,28756228,192100033,23449.7111,f64,20,2.755238414e-01,104.3693,822.0429,25.6888,59.1871,19,90,91,2.592891644889e-09,0,0.000000,0,sumfact,off,off,0,0,0,0,0,,,0.000,,,,,,,
assemble_n192,nid005742,hex8,assemble,atomic,atomic,sumfact,affine,0.000000e+00,72,0,192,7189057,7077888,28756228,192100033,23449.7111,f64,20,7.401320457e-01,38.8528,306.0162,9.5630,22.0332,0,0,0,2.591521534265e-09,0,0.000000,0,sumfact,off,off,0,0,0,0,0,,,0.000,,,,,,,
assemble_n192,nid005742,hex8,assemble,packed,packed,sumfact,affine,0.000000e+00,72,4096,192,7189057,7077888,28756228,192100033,23449.7111,f64,20,5.103712201e-01,56.3437,443.7798,13.8681,31.9521,0,0,0,2.592910685214e-09,0,0.000000,0,sumfact,off,off,0,0,0,0,0,,,0.000,,,,,,,
jac_rc_bnd_n192,nid005742,hex8,jac_action,atomic,atomic,sumfact,affine,0.000000e+00,72,0,192,7189057,7077888,28756228,0,0.0000,n/a,20,8.110411167e-02,354.5594,2792.6132,87.2692,74.1788,0,0,0,5.049173453743e+00,1,1.000000,1,n/a,exact,on,1,0,0,0,0,4.791040000e-02,0.590727,0.000,,,,,,,
jac_rc_bnd_n192,nid005742,hex8,jac_action,ecolor,ecolor,sumfact,affine,0.000000e+00,72,4096,192,7189057,7077888,28756228,0,0.0000,n/a,20,1.542647958e-01,186.4082,1468.2055,45.8814,38.9992,0,0,0,5.049423490534e+00,1,1.000000,1,n/a,exact,on,1,0,0,0,0,7.629793280e-02,0.494591,0.000,,,,,,,
jac_rc_bnd_n192,nid005742,hex8,jac_action,packed,packed,sumfact,affine,0.000000e+00,72,4096,192,7189057,7077888,28756228,0,0.0000,n/a,20,3.263063431e-02,881.2648,6941.0976,216.9093,184.3729,0,0,0,5.049173453743e+00,1,1.000000,1,n/a,exact,on,1,0,0,0,0,7.886182400e-03,0.241680,0.000,,,,,,,
jac_rc_n192,nid005742,hex8,jac_action,atomic,atomic,sumfact,affine,0.000000e+00,72,0,192,7189057,7077888,28756228,0,0.0000,n/a,20,8.000930548e-02,359.4110,2830.8259,88.4633,75.1938,0,0,0,-3.094966537014e-13,1,1.000000,0,n/a,exact,off,1,0,0,0,0,4.795303680e-02,0.599343,0.000,,,,,,,
jac_rc_n192,nid005742,hex8,jac_action,ecolor,ecolor,sumfact,affine,0.000000e+00,72,4096,192,7189057,7077888,28756228,0,0.0000,n/a,20,1.503123999e-01,191.3098,1506.8113,47.0879,40.0247,0,0,0,-1.781335363639e-12,1,1.000000,0,n/a,exact,off,1,0,0,0,0,7.548029440e-02,0.502156,0.000,,,,,,,
jac_rc_n192,nid005742,hex8,jac_action,packed,packed,sumfact,affine,0.000000e+00,72,4096,192,7189057,7077888,28756228,0,0.0000,n/a,20,3.140554428e-02,915.6418,7211.8609,225.3707,191.5651,0,0,0,-3.003928248995e-13,1,1.000000,0,n/a,exact,off,1,0,0,0,0,7.952972800e-03,0.253235,0.000,,,,,,,
residual_rc_perapply_n192,nid005742,hex8,residual,atomic,atomic,sumfact,affine,0.000000e+00,72,0,192,7189057,7077888,28756228,0,0.0000,n/a,20,4.657346010e-02,617.4381,4863.1219,151.9726,114.5873,0,0,0,-2.201602615493e-14,1,1.000000,0,sumfact,on,off,0,1,0,0,0,,,0.000,,,,,,,
residual_rc_perapply_n192,nid005742,hex8,residual,packed,packed,sumfact,affine,0.000000e+00,72,4096,192,7189057,7077888,28756228,0,0.0000,n/a,20,2.022613287e-02,1421.7363,11198.0089,349.9378,263.8531,0,0,0,-3.009289865907e-14,1,1.000000,0,sumfact,on,off,0,1,0,0,0,,,0.000,,,,,,,
residual_rc_bnd_dt_n192,nid005742,hex8,residual,atomic,atomic,sumfact,affine,0.000000e+00,72,0,192,7189057,7077888,28756228,0,0.0000,n/a,20,3.467922211e-02,829.2063,6531.0697,204.0959,153.8883,0,0,0,6.759309506134e+00,1,1.000000,1,sumfact,on,on,0,0,0,0,1,,,0.000,,,,,,,
residual_rc_bnd_dt_n192,nid005742,hex8,residual,ecolor,ecolor,sumfact,affine,0.000000e+00,72,4096,192,7189057,7077888,28756228,0,0.0000,n/a,20,6.638847589e-02,433.1509,3411.6225,106.6132,80.3864,0,0,0,6.759309506134e+00,1,1.000000,1,sumfact,on,on,0,0,0,0,1,,,0.000,,,,,,,
residual_rc_bnd_dt_n192,nid005742,hex8,residual,packed,packed,sumfact,affine,0.000000e+00,72,4096,192,7189057,7077888,28756228,0,0.0000,n/a,20,1.968513727e-02,1460.8091,11505.7575,359.5549,271.1044,0,0,0,6.759335709367e+00,1,1.000000,1,sumfact,on,on,0,0,0,0,1,,,0.000,,,,,,,
residual_rc_bnd_n192,nid005742,hex8,residual,atomic,atomic,sumfact,affine,0.000000e+00,72,0,192,7189057,7077888,28756228,0,0.0000,n/a,20,3.353314400e-02,857.5464,6754.2851,211.0714,159.1478,0,0,0,3.727500000000e+00,1,1.000000,1,sumfact,on,on,0,0,0,0,0,,,0.000,,,,,,,
residual_rc_bnd_n192,nid005742,hex8,residual,ecolor,ecolor,sumfact,affine,0.000000e+00,72,4096,192,7189057,7077888,28756228,0,0.0000,n/a,20,6.540291309e-02,439.6781,3463.0325,108.2198,81.5977,0,0,0,3.727500000000e+00,1,1.000000,1,sumfact,on,on,0,0,0,0,0,,,0.000,,,,,,,
residual_rc_bnd_n192,nid005742,hex8,residual,packed,packed,sumfact,affine,0.000000e+00,72,4096,192,7189057,7077888,28756228,0,0.0000,n/a,20,1.800962687e-02,1596.7143,12576.1859,393.0058,296.3264,0,0,0,3.727500000000e+00,1,1.000000,1,sumfact,on,on,0,0,0,0,0,,,0.000,,,,,,,
residual_rc_n192,nid005742,hex8,residual,atomic,atomic,sumfact,affine,0.000000e+00,72,0,192,7189057,7077888,28756228,0,0.0000,n/a,20,3.188771009e-02,901.7966,7102.8122,221.9629,167.3600,0,0,0,-2.201602615493e-14,1,1.000000,0,sumfact,on,off,0,0,0,0,0,,,0.000,,,,,,,
residual_rc_n192,nid005742,hex8,residual,ecolor,ecolor,sumfact,affine,0.000000e+00,72,4096,192,7189057,7077888,28756228,0,0.0000,n/a,20,6.250696182e-02,460.0484,3623.4750,113.2336,85.3781,0,0,0,-1.899240313630e-14,1,1.000000,0,sumfact,on,off,0,0,0,0,0,,,0.000,,,,,,,
residual_rc_n192,nid005742,hex8,residual,packed,packed,sumfact,affine,0.000000e+00,72,4096,192,7189057,7077888,28756228,0,0.0000,n/a,20,1.645321846e-02,1747.7570,13765.8426,430.1826,324.3577,0,0,0,-3.009289865907e-14,1,1.000000,0,sumfact,on,off,0,0,0,0,0,,,0.000,,,,,,,
residual_current_n192,nid005742,hex8,residual,packed,packed,current,affine,0.000000e+00,72,4096,192,7189057,7077888,28756228,0,0.0000,n/a,20,1.320902109e-02,2177.0143,17146.7980,535.8374,404.0214,0,0,0,-2.561136253163e-14,0,0.000000,0,current,off,off,0,0,0,0,0,,,0.000,,,,,,,
residual_current_n192,nid005742,hex8,residual,atomic,atomic,current,affine,0.000000e+00,72,0,192,7189057,7077888,28756228,0,0.0000,n/a,20,3.393537998e-02,847.3819,6674.2266,208.5696,157.2615,0,0,0,-1.950513589619e-14,0,0.000000,0,current,off,off,0,0,0,0,0,,,0.000,,,,,,,
jac_bare_n192,nid005742,hex8,jac_action,atomic,atomic,sumfact,affine,0.000000e+00,72,0,192,7189057,7077888,28756228,0,0.0000,n/a,20,2.951434851e-02,974.3135,7673.9765,239.8118,203.8400,0,0,0,2.581439207359e-11,0,0.000000,0,n/a,off,off,0,0,0,0,0,,,0.000,,,,,,,
jac_bare_n192,nid005742,hex8,jac_action,ecolor,ecolor,sumfact,affine,0.000000e+00,72,4096,192,7189057,7077888,28756228,0,0.0000,n/a,20,5.515701771e-02,521.3521,4106.3209,128.3225,109.0741,0,0,0,4.849060801330e-11,0,0.000000,0,n/a,off,off,0,0,0,0,0,,,0.000,,,,,,,
jac_bare_n192,nid005742,hex8,jac_action,packed,packed,sumfact,affine,0.000000e+00,72,4096,192,7189057,7077888,28756228,0,0.0000,n/a,20,1.518578529e-02,1893.6280,14914.7648,466.0864,396.1734,0,0,0,2.572335378558e-11,0,0.000000,0,n/a,off,off,0,0,0,0,0,,,0.000,,,,,,,
residual_bare_n192,nid005742,hex8,residual,atomic,atomic,sumfact,affine,0.000000e+00,72,0,192,7189057,7077888,28756228,0,0.0000,n/a,20,2.632795572e-02,1092.2317,8602.7346,268.8355,202.7019,0,0,0,-1.935149089582e-14,0,0.000000,0,sumfact,off,off,0,0,0,0,0,,,0.000,,,,,,,
residual_bare_n192,nid005742,hex8,residual,ecolor,ecolor,sumfact,affine,0.000000e+00,72,4096,192,7189057,7077888,28756228,0,0.0000,n/a,20,4.689311981e-02,613.2291,4829.9712,150.9366,113.8062,0,0,0,-1.949200349738e-14,0,0.000000,0,sumfact,off,off,0,0,0,0,0,,,0.000,,,,,,,
residual_bare_n192,nid005742,hex8,residual,packed,packed,sumfact,affine,0.000000e+00,72,4096,192,7189057,7077888,28756228,0,0.0000,n/a,20,1.114566326e-02,2580.0374,20321.1250,635.0352,478.8165,0,0,0,-2.914920908814e-14,0,0.000000,0,sumfact,off,off,0,0,0,0,0,,,0.000,,,,,,,
residual_bare_n64,nid005742,hex8,residual,packed,packed,sumfact,affine,0.000000e+00,72,128,64,274625,262144,1098500,0,0.0000,n/a,20,3.965616226e-04,2770.0613,21153.3530,661.0423,498.4259,0,0,0,-1.235979634612e-14,0,0.000000,0,sumfact,off,off,0,0,0,0,0,,,0.000,,,,,,,
residual_bare_n64,nid005742,hex8,residual,ecolor,ecolor,sumfact,affine,0.000000e+00,72,128,64,274625,262144,1098500,0,0.0000,n/a,20,5.383849144e-04,2040.3618,15581.0606,486.9081,367.1287,0,0,0,-1.251418673548e-14,0,0.000000,0,sumfact,off,off,0,0,0,0,0,,,0.000,,,,,,,
residual_bare_n64,nid005742,hex8,residual,atomic,atomic,sumfact,affine,0.000000e+00,72,0,64,274625,262144,1098500,0,0.0000,n/a,20,1.029241085e-03,1067.2912,8150.2848,254.6964,192.0411,0,0,0,-1.254020758762e-14,0,0.000000,0,sumfact,off,off,0,0,0,0,0,,,0.000,,,,,,,
jac_bare_n64,nid005742,hex8,jac_action,packed,packed,sumfact,affine,0.000000e+00,72,128,64,274625,262144,1098500,0,0.0000,n/a,20,5.172610283e-04,2123.6860,16217.3594,506.7925,430.7736,0,0,0,-1.151812315230e-12,0,0.000000,0,n/a,off,off,0,0,0,0,0,,,0.000,,,,,,,
jac_bare_n64,nid005742,hex8,jac_action,ecolor,ecolor,sumfact,affine,0.000000e+00,72,128,64,274625,262144,1098500,0,0.0000,n/a,20,5.951523781e-04,1845.7458,14094.8912,440.4653,374.3955,0,0,0,-2.097774373915e-12,0,0.000000,0,n/a,off,off,0,0,0,0,0,,,0.000,,,,,,,
jac_bare_n64,nid005742,hex8,jac_action,atomic,atomic,sumfact,affine,0.000000e+00,72,0,64,274625,262144,1098500,0,0.0000,n/a,20,1.386797428e-03,792.1128,6048.9065,189.0283,160.6741,0,0,0,-1.151479248323e-12,0,0.000000,0,n/a,off,off,0,0,0,0,0,,,0.000,,,,,,,
residual_current_n64,nid005742,hex8,residual,atomic,atomic,current,affine,0.000000e+00,72,0,64,274625,262144,1098500,0,0.0000,n/a,20,1.303911209e-03,842.4653,6433.4197,201.0444,151.5875,0,0,0,-1.240218865106e-14,0,0.000000,0,current,off,off,0,0,0,0,0,,,0.000,,,,,,,
residual_current_n64,nid005742,hex8,residual,packed,packed,current,affine,0.000000e+00,72,128,64,274625,262144,1098500,0,0.0000,n/a,20,5.016922951e-04,2189.5891,16720.6235,522.5195,393.9797,0,0,0,-1.272137777064e-14,0,0.000000,0,current,off,off,0,0,0,0,0,,,0.000,,,,,,,
residual_rc_n64,nid005742,hex8,residual,packed,packed,sumfact,affine,0.000000e+00,72,128,64,274625,262144,1098500,0,0.0000,n/a,20,5.807280540e-04,1891.5911,14444.9849,451.4058,340.3600,0,0,0,-1.282860536550e-14,1,1.000000,0,sumfact,on,off,0,0,0,0,0,,,0.000,,,,,,,
residual_rc_n64,nid005742,hex8,residual,ecolor,ecolor,sumfact,affine,0.000000e+00,72,128,64,274625,262144,1098500,0,0.0000,n/a,20,7.080912590e-04,1551.3537,11846.7894,370.2122,279.1400,0,0,0,-1.256666212063e-14,1,1.000000,0,sumfact,on,off,0,0,0,0,0,,,0.000,,,,,,,
residual_rc_n64,nid005742,hex8,residual,atomic,atomic,sumfact,affine,0.000000e+00,72,0,64,274625,262144,1098500,0,0.0000,n/a,20,1.244413853e-03,882.7449,6741.0114,210.6566,158.8351,0,0,0,-1.256492739715e-14,1,1.000000,0,sumfact,on,off,0,0,0,0,0,,,0.000,,,,,,,
residual_rc_bnd_n64,nid005742,hex8,residual,packed,packed,sumfact,affine,0.000000e+00,72,128,64,274625,262144,1098500,0,0.0000,n/a,20,6.297826767e-04,1744.2525,13319.8456,416.2452,313.8489,0,0,0,3.727500000000e+00,1,1.000000,1,sumfact,on,on,0,0,0,0,0,,,0.000,,,,,,,
residual_rc_bnd_n64,nid005742,hex8,residual,ecolor,ecolor,sumfact,affine,0.000000e+00,72,128,64,274625,262144,1098500,0,0.0000,n/a,20,7.772684097e-04,1413.2827,10792.4211,337.2632,254.2964,0,0,0,3.727500000000e+00,1,1.000000,1,sumfact,on,on,0,0,0,0,0,,,0.000,,,,,,,
residual_rc_bnd_n64,nid005742,hex8,residual,atomic,atomic,sumfact,affine,0.000000e+00,72,0,64,274625,262144,1098500,0,0.0000,n/a,20,1.287162304e-03,853.4277,6517.1331,203.6604,153.5599,0,0,0,3.727500000000e+00,1,1.000000,1,sumfact,on,on,0,0,0,0,0,,,0.000,,,,,,,
residual_rc_bnd_dt_n64,nid005742,hex8,residual,packed,packed,sumfact,affine,0.000000e+00,72,128,64,274625,262144,1098500,0,0.0000,n/a,20,6.563425064e-04,1673.6688,12780.8391,399.4012,301.1485,0,0,0,6.759042994895e+00,1,1.000000,1,sumfact,on,on,0,0,0,0,1,,,0.000,,,,,,,
residual_rc_bnd_dt_n64,nid005742,hex8,residual,ecolor,ecolor,sumfact,affine,0.000000e+00,72,128,64,274625,262144,1098500,0,0.0000,n/a,20,7.971048355e-04,1378.1123,10523.8453,328.8702,247.9681,0,0,0,6.759448953731e+00,1,1.000000,1,sumfact,on,on,0,0,0,0,1,,,0.000,,,,,,,
residual_rc_bnd_dt_n64,nid005742,hex8,residual,atomic,atomic,sumfact,affine,0.000000e+00,72,0,64,274625,262144,1098500,0,0.0000,n/a,20,1.322424412e-03,830.6713,6343.3554,198.2299,149.4653,0,0,0,6.759448953731e+00,1,1.000000,1,sumfact,on,on,0,0,0,0,1,,,0.000,,,,,,,
residual_rc_perapply_n64,nid005742,hex8,residual,packed,packed,sumfact,affine,0.000000e+00,72,128,64,274625,262144,1098500,0,0.0000,n/a,20,6.608366966e-04,1662.2866,12693.9198,396.6850,299.1005,0,0,0,-1.282860536550e-14,1,1.000000,0,sumfact,on,off,0,1,0,0,0,,,0.000,,,,,,,
residual_rc_perapply_n64,nid005742,hex8,residual,atomic,atomic,sumfact,affine,0.000000e+00,72,0,64,274625,262144,1098500,0,0.0000,n/a,20,1.847457886e-03,594.6008,4540.6220,141.8944,106.9884,0,0,0,-1.256492739715e-14,1,1.000000,0,sumfact,on,off,0,1,0,0,0,,,0.000,,,,,,,
jac_rc_n64,nid005742,hex8,jac_action,packed,packed,sumfact,affine,0.000000e+00,72,128,64,274625,262144,1098500,0,0.0000,n/a,20,9.743452072e-04,1127.4238,8609.4825,269.0463,228.6894,0,0,0,3.033959260039e-13,1,1.000000,0,n/a,exact,off,1,0,0,0,0,2.238464000e-04,0.229740,0.000,,,,,,,
jac_rc_n64,nid005742,hex8,jac_action,ecolor,ecolor,sumfact,affine,0.000000e+00,72,128,64,274625,262144,1098500,0,0.0000,n/a,20,1.316237450e-03,834.5759,6373.1723,199.1616,169.2874,0,0,0,-6.895899866757e-14,1,1.000000,0,n/a,exact,off,1,0,0,0,0,5.030272000e-04,0.382171,0.000,,,,,,,
jac_rc_n64,nid005742,hex8,jac_action,atomic,atomic,sumfact,affine,0.000000e+00,72,0,64,274625,262144,1098500,0,0.0000,n/a,20,2.616524696e-03,419.8317,3206.0114,100.1879,85.1597,0,0,0,2.991632007225e-13,1,1.000000,0,n/a,exact,off,1,0,0,0,0,1.358412800e-03,0.519167,0.000,,,,,,,
jac_rc_bnd_n64,nid005742,hex8,jac_action,packed,packed,sumfact,affine,0.000000e+00,72,128,64,274625,262144,1098500,0,0.0000,n/a,20,1.084983349e-03,1012.4579,7731.5546,241.6111,205.3694,0,0,0,5.047023127365e+00,1,1.000000,1,n/a,exact,on,1,0,0,0,0,2.235776000e-04,0.206065,0.000,,,,,,,
jac_rc_bnd_n64,nid005742,hex8,jac_action,ecolor,ecolor,sumfact,affine,0.000000e+00,72,128,64,274625,262144,1098500,0,0.0000,n/a,20,1.418042183e-03,774.6596,5915.6266,184.8633,157.1338,0,0,0,5.044934535980e+00,1,1.000000,1,n/a,exact,on,1,0,0,0,0,4.923904000e-04,0.347233,0.000,,,,,,,
jac_rc_bnd_n64,nid005742,hex8,jac_action,atomic,atomic,sumfact,affine,0.000000e+00,72,0,64,274625,262144,1098500,0,0.0000,n/a,20,2.707242966e-03,405.7634,3098.5797,96.8306,82.3060,0,0,0,5.047023127365e+00,1,1.000000,1,n/a,exact,on,1,0,0,0,0,1.375321600e-03,0.508016,0.000,,,,,,,
assemble_n64,nid005742,hex8,assemble,packed,packed,sumfact,affine,0.000000e+00,72,128,64,274625,262144,1098500,7189057,877.5704,f64,20,1.222033501e-02,89.8912,686.4466,21.4515,49.4242,0,0,0,2.702547346339e-10,0,0.000000,0,sumfact,off,off,0,0,0,0,0,,,0.000,,,,,,,
assemble_n64,nid005742,hex8,assemble,atomic,atomic,sumfact,affine,0.000000e+00,72,0,64,274625,262144,1098500,7189057,877.5704,f64,20,2.809793949e-02,39.0954,298.5489,9.3297,21.4955,0,0,0,2.702932316173e-10,0,0.000000,0,sumfact,off,off,0,0,0,0,0,,,0.000,,,,,,,
assemble_n64,nid005742,hex8,assemble,colored,colored,sumfact,affine,0.000000e+00,72,128,64,274625,262144,1098500,7189057,877.5704,f64,20,1.083058119e-02,101.4258,774.5298,24.2041,55.7661,14,146,147,2.702547346339e-10,0,0.000000,0,sumfact,off,off,0,0,0,0,0,,,0.000,,,,,,,
assemble_n64,nid005742,hex8,assemble,store,store,sumfact,affine,0.000000e+00,72,128,64,274625,262144,1098500,7189057,877.5704,f64,20,8.780765533e-03,125.1030,955.3390,29.8543,68.7844,0,0,0,2.702547346339e-10,0,0.000000,0,sumfact,off,off,0,0,0,0,0,,,0.000,,,,,,,
assemble_sympy_n64,nid005742,hex8,assemble,atomic,atomic,sympy,affine,0.000000e+00,72,0,64,274625,262144,1098500,7189057,877.5704,f64,20,1.958447695e-02,56.0903,428.3294,13.3853,30.8397,0,0,0,2.702932318341e-10,0,0.000000,0,sympy,off,off,0,0,0,0,0,,,0.000,,,,,,,
assemble_sympy_n64,nid005742,hex8,assemble,colored,colored,sympy,affine,0.000000e+00,72,128,64,274625,262144,1098500,7189057,877.5704,f64,20,1.199944019e-02,91.5459,699.0833,21.8464,50.3340,14,146,147,2.702547348507e-10,0,0.000000,0,sympy,off,off,0,0,0,0,0,,,0.000,,,,,,,
assemble_diag_n64,nid005742,hex8,assemble_diag,atomic,atomic,sumfact,affine,0.000000e+00,72,0,64,274625,262144,1098500,0,0.0000,n/a,20,1.028615236e-02,106.7941,815.5244,25.4851,19.2158,0,0,0,5.801523603040e+02,0,0.000000,0,n/a,off,off,0,0,0,0,0,,,0.000,,,,,,,
spmv_f64_n64,nid005742,hex8,bsr_apply,packed,n/a,sumfact,affine,0.000000e+00,72,128,64,274625,262144,1098500,7189057,877.5704,f64,20,2.062678337e-03,532.5600,0.0000,0.0000,0.0000,0,0,0,-1.151445421215e-12,0,0.000000,0,n/a,off,off,0,0,0,0,0,,,0.000,,,,,,,
spmv_f32_n64,nid005742,hex8,bsr_apply,packed,n/a,sumfact,affine,0.000000e+00,72,128,64,274625,262144,1098500,7189057,438.7852,f32,20,9.732246399e-04,1128.7219,0.0000,0.0000,0.0000,0,0,0,1.266337291522e-05,0,0.000000,0,n/a,off,off,0,0,0,0,0,,,0.000,,,,,,,
residual_bare_n96,nid005742,hex8,residual,packed,packed,sumfact,affine,0.000000e+00,72,512,96,912673,884736,3650692,0,0.0000,n/a,20,1.289689541e-03,2830.6750,21952.2227,686.0070,517.2492,0,0,0,9.553718493399e-14,0,0.000000,0,sumfact,off,off,0,0,0,0,0,,,0.000,,,,,,,
residual_bare_n96,nid005742,hex8,residual,ecolor,ecolor,sumfact,affine,0.000000e+00,72,512,96,912673,884736,3650692,0,0.0000,n/a,20,2.067828178e-03,1765.4716,13691.4432,427.8576,322.6046,0,0,0,1.006580886351e-13,0,0.000000,0,sumfact,off,off,0,0,0,0,0,,,0.000,,,,,,,
residual_bare_n96,nid005742,hex8,residual,atomic,atomic,sumfact,affine,0.000000e+00,72,0,96,912673,884736,3650692,0,0.0000,n/a,20,3.309345245e-03,1103.1463,8555.0313,267.3447,201.5779,0,0,0,9.868744276637e-14,0,0.000000,0,sumfact,off,off,0,0,0,0,0,,,0.000,,,,,,,
jac_bare_n96,nid005742,hex8,jac_action,packed,packed,sumfact,affine,0.000000e+00,72,512,96,912673,884736,3650692,0,0.0000,n/a,20,1.777517796e-03,2053.8146,15927.5772,497.7368,423.0763,0,0,0,-2.009048702682e-12,0,0.000000,0,n/a,off,off,0,0,0,0,0,,,0.000,,,,,,,
jac_bare_n96,nid005742,hex8,jac_action,ecolor,ecolor,sumfact,affine,0.000000e+00,72,512,96,912673,884736,3650692,0,0.0000,n/a,20,2.492618561e-03,1464.6011,11358.1566,354.9424,301.7010,0,0,0,-3.581897758541e-12,0,0.000000,0,n/a,off,off,0,0,0,0,0,,,0.000,,,,,,,
jac_bare_n96,nid005742,hex8,jac_action,atomic,atomic,sumfact,affine,0.000000e+00,72,0,96,912673,884736,3650692,0,0.0000,n/a,20,3.795015812e-03,961.9702,7460.1934,233.1310,198.1614,0,0,0,-1.946265590640e-12,0,0.000000,0,n/a,off,off,0,0,0,0,0,,,0.000,,,,,,,
residual_current_n96,nid005742,hex8,residual,atomic,atomic,current,affine,0.000000e+00,72,0,96,912673,884736,3650692,0,0.0000,n/a,20,4.210937023e-03,866.9548,6723.3378,210.1043,158.4186,0,0,0,1.028125609821e-13,0,0.000000,0,current,off,off,0,0,0,0,0,,,0.000,,,,,,,
residual_current_n96,nid005742,hex8,residual,packed,packed,current,affine,0.000000e+00,72,512,96,912673,884736,3650692,0,0.0000,n/a,20,1.630020142e-03,2239.6607,17368.8357,542.7761,409.2532,0,0,0,1.028819499212e-13,0,0.000000,0,current,off,off,0,0,0,0,0,,,0.000,,,,,,,
residual_rc_n96,nid005742,hex8,residual,packed,packed,sumfact,affine,0.000000e+00,72,512,96,912673,884736,3650692,0,0.0000,n/a,20,1.962184906e-03,1860.5239,14428.5852,450.8933,339.9735,0,0,0,1.003804244587e-13,1,1.000000,0,sumfact,on,off,0,0,0,0,0,,,0.000,,,,,,,
residual_rc_n96,nid005742,hex8,residual,ecolor,ecolor,sumfact,affine,0.000000e+00,72,512,96,912673,884736,3650692,0,0.0000,n/a,20,2.915978432e-03,1251.9612,9709.1089,303.4097,228.7709,0,0,0,1.043078384083e-13,1,1.000000,0,sumfact,on,off,0,0,0,0,0,,,0.000,,,,,,,
residual_rc_n96,nid005742,hex8,residual,atomic,atomic,sumfact,affine,0.000000e+00,72,0,96,912673,884736,3650692,0,0.0000,n/a,20,3.966605663e-03,920.3567,7137.4758,223.0461,168.1768,0,0,0,1.025453593567e-13,1,1.000000,0,sumfact,on,off,0,0,0,0,0,,,0.000,,,,,,,
residual_rc_bnd_n96,nid005742,hex8,residual,packed,packed,sumfact,affine,0.000000e+00,72,512,96,912673,884736,3650692,0,0.0000,n/a,20,2.169251442e-03,1682.9271,13051.3003,407.8531,307.5213,0,0,0,3.727500000000e+00,1,1.000000,1,sumfact,on,on,0,0,0,0,0,,,0.000,,,,,,,
residual_rc_bnd_n96,nid005742,hex8,residual,ecolor,ecolor,sumfact,affine,0.000000e+00,72,512,96,912673,884736,3650692,0,0.0000,n/a,20,3.267192841e-03,1117.3788,8665.4059,270.7939,204.1786,0,0,0,3.727500000000e+00,1,1.000000,1,sumfact,on,on,0,0,0,0,0,,,0.000,,,,,,,
residual_rc_bnd_n96,nid005742,hex8,residual,atomic,atomic,sumfact,affine,0.000000e+00,72,0,96,912673,884736,3650692,0,0.0000,n/a,20,4.117965698e-03,886.5280,6875.1306,214.8478,161.9953,0,0,0,3.727500000000e+00,1,1.000000,1,sumfact,on,on,0,0,0,0,0,,,0.000,,,,,,,
residual_rc_bnd_dt_n96,nid005742,hex8,residual,packed,packed,sumfact,affine,0.000000e+00,72,512,96,912673,884736,3650692,0,0.0000,n/a,20,2.357387543e-03,1548.6177,12009.7148,375.3036,282.9789,0,0,0,6.759195490287e+00,1,1.000000,1,sumfact,on,on,0,0,0,0,1,,,0.000,,,,,,,
residual_rc_bnd_dt_n96,nid005742,hex8,residual,ecolor,ecolor,sumfact,affine,0.000000e+00,72,512,96,912673,884736,3650692,0,0.0000,n/a,20,3.385639191e-03,1078.2874,8362.2472,261.3202,197.0355,0,0,0,6.759287405709e+00,1,1.000000,1,sumfact,on,on,0,0,0,0,1,,,0.000,,,,,,,
residual_rc_bnd_dt_n96,nid005742,hex8,residual,atomic,atomic,sumfact,affine,0.000000e+00,72,0,96,912673,884736,3650692,0,0.0000,n/a,20,4.278182983e-03,853.3277,6617.6580,206.8018,155.9286,0,0,0,6.759287405709e+00,1,1.000000,1,sumfact,on,on,0,0,0,0,1,,,0.000,,,,,,,
residual_rc_perapply_n96,nid005742,hex8,residual,packed,packed,sumfact,affine,0.000000e+00,72,512,96,912673,884736,3650692,0,0.0000,n/a,20,2.398812771e-03,1521.8745,11802.3184,368.8224,278.0921,0,0,0,1.003804244587e-13,1,1.000000,0,sumfact,on,off,0,1,0,0,0,,,0.000,,,,,,,
residual_rc_perapply_n96,nid005742,hex8,residual,atomic,atomic,sumfact,affine,0.000000e+00,72,0,96,912673,884736,3650692,0,0.0000,n/a,20,5.867958069e-03,622.1401,4824.7707,150.7741,113.6837,0,0,0,1.025453593567e-13,1,1.000000,0,sumfact,on,off,0,1,0,0,0,,,0.000,,,,,,,
jac_rc_n96,nid005742,hex8,jac_action,packed,packed,sumfact,affine,0.000000e+00,72,512,96,912673,884736,3650692,0,0.0000,n/a,20,3.858172894e-03,946.2230,7338.0724,229.3148,194.9175,0,0,0,2.763892901440e-13,1,1.000000,0,n/a,exact,off,1,0,0,0,0,1.008780800e-03,0.261466,0.000,,,,,,,
jac_rc_n96,nid005742,hex8,jac_action,ecolor,ecolor,sumfact,affine,0.000000e+00,72,512,96,912673,884736,3650692,0,0.0000,n/a,20,6.831896305e-03,534.3600,4144.0254,129.5008,110.0757,0,0,0,5.559625297028e-13,1,1.000000,0,n/a,exact,off,1,0,0,0,0,2.478156800e-03,0.362733,0.000,,,,,,,
jac_rc_n96,nid005742,hex8,jac_action,atomic,atomic,sumfact,affine,0.000000e+00,72,0,96,912673,884736,3650692,0,0.0000,n/a,20,8.569025993e-03,426.0335,3303.9405,103.2481,87.7609,0,0,0,2.773607352905e-13,1,1.000000,0,n/a,exact,off,1,0,0,0,0,4.296102400e-03,0.501352,0.000,,,,,,,
jac_rc_bnd_n96,nid005742,hex8,jac_action,packed,packed,sumfact,affine,0.000000e+00,72,512,96,912673,884736,3650692,0,0.0000,n/a,20,4.129612446e-03,884.0278,6855.7407,214.2419,182.1056,0,0,0,5.047058237368e+00,1,1.000000,1,n/a,exact,on,1,0,0,0,0,1.014361600e-03,0.245631,0.000,,,,,,,
jac_rc_bnd_n96,nid005742,hex8,jac_action,ecolor,ecolor,sumfact,affine,0.000000e+00,72,512,96,912673,884736,3650692,0,0.0000,n/a,20,7.419490814e-03,492.0408,3815.8349,119.2448,101.3581,0,0,0,5.043879373204e+00,1,1.000000,1,n/a,exact,on,1,0,0,0,0,2.499750400e-03,0.336917,0.000,,,,,,,
jac_rc_bnd_n96,nid005742,hex8,jac_action,atomic,atomic,sumfact,affine,0.000000e+00,72,0,96,912673,884736,3650692,0,0.0000,n/a,20,8.854603767e-03,412.2931,3197.3821,99.9182,84.9305,0,0,0,5.047058237368e+00,1,1.000000,1,n/a,exact,on,1,0,0,0,0,4.305228800e-03,0.486214,0.000,,,,,,,
assemble_n96,nid005742,hex8,assemble,packed,packed,sumfact,affine,0.000000e+00,72,512,96,912673,884736,3650692,24137569,2946.4806,f64,20,5.997283459e-02,60.8724,472.0729,14.7523,33.9893,0,0,0,7.386596588159e-11,0,0.000000,0,sumfact,off,off,0,0,0,0,0,,,0.000,,,,,,,
assemble_n96,nid005742,hex8,assemble,atomic,atomic,sumfact,affine,0.000000e+00,72,0,96,912673,884736,3650692,24137569,2946.4806,f64,20,9.433109760e-02,38.7008,300.1296,9.3790,21.6093,0,0,0,7.342422201788e-11,0,0.000000,0,sumfact,off,off,0,0,0,0,0,,,0.000,,,,,,,
assemble_n96,nid005742,hex8,assemble,colored,colored,sumfact,affine,0.000000e+00,72,512,96,912673,884736,3650692,24137569,2946.4806,f64,20,3.714907169e-02,98.2714,762.1066,23.8158,54.8717,19,90,91,7.389472065792e-11,0,0.000000,0,sumfact,off,off,0,0,0,0,0,,,0.000,,,,,,,
assemble_n96,nid005742,hex8,assemble,store,store,sumfact,affine,0.000000e+00,72,512,96,912673,884736,3650692,24137569,2946.4806,f64,20,4.197707176e-02,86.9687,674.4528,21.0766,48.5606,0,0,0,7.386596588159e-11,0,0.000000,0,sumfact,off,off,0,0,0,0,0,,,0.000,,,,,,,
assemble_sympy_n96,nid005742,hex8,assemble,atomic,atomic,sympy,affine,0.000000e+00,72,0,96,912673,884736,3650692,24137569,2946.4806,f64,20,6.688939333e-02,54.5780,423.2592,13.2269,30.4747,0,0,0,6.578006241380e-11,0,0.000000,0,sympy,off,off,0,0,0,0,0,,,0.000,,,,,,,
assemble_sympy_n96,nid005742,hex8,assemble,colored,colored,sympy,affine,0.000000e+00,72,512,96,912673,884736,3650692,24137569,2946.4806,f64,20,3.908305168e-02,93.4086,724.3946,22.6373,52.1564,19,90,91,6.632765216512e-11,0,0.000000,0,sympy,off,off,0,0,0,0,0,,,0.000,,,,,,,
assemble_diag_n96,nid005742,hex8,assemble_diag,atomic,atomic,sumfact,affine,0.000000e+00,72,0,96,912673,884736,3650692,0,0.0000,n/a,20,3.269419670e-02,111.6618,865.9504,27.0609,20.4040,0,0,0,1.054549351220e+03,0,0.000000,0,n/a,off,off,0,0,0,0,0,,,0.000,,,,,,,
spmv_f64_n96,nid005742,hex8,bsr_apply,packed,n/a,sumfact,affine,0.000000e+00,72,512,96,912673,884736,3650692,24137569,2946.4806,f64,20,8.268988132e-03,441.4920,0.0000,0.0000,0.0000,0,0,0,-2.227890574390e-12,0,0.000000,0,n/a,off,off,0,0,0,0,0,,,0.000,,,,,,,
spmv_f32_n96,nid005742,hex8,bsr_apply,packed,n/a,sumfact,affine,0.000000e+00,72,512,96,912673,884736,3650692,24137569,1473.2403,f32,20,4.374384880e-03,834.5612,0.0000,0.0000,0.0000,0,0,0,-1.159811748818e-06,0,0.000000,0,n/a,off,off,0,0,0,0,0,,,0.000,,,,,,,
residual_bare_n128,nid005742,hex8,residual,packed,packed,sumfact,affine,0.000000e+00,72,1024,128,2146689,2097152,8586756,0,0.0000,n/a,20,3.388154507e-03,2534.3461,19806.9078,618.9659,466.7003,0,0,0,1.366551186446e-13,0,0.000000,0,sumfact,off,off,0,0,0,0,0,,,0.000,,,,,,,
residual_bare_n128,nid005742,hex8,residual,ecolor,ecolor,sumfact,affine,0.000000e+00,72,1024,128,2146689,2097152,8586756,0,0.0000,n/a,20,4.657828808e-03,1843.5104,14407.7567,450.2424,339.4828,0,0,0,1.381344040888e-13,0,0.000000,0,sumfact,off,off,0,0,0,0,0,,,0.000,,,,,,,
residual_bare_n128,nid005742,hex8,residual,atomic,atomic,sumfact,affine,0.000000e+00,72,0,128,2146689,2097152,8586756,0,0.0000,n/a,20,8.113992214e-03,1058.2653,8270.7578,258.4612,194.8797,0,0,0,1.381469808340e-13,0,0.000000,0,sumfact,off,off,0,0,0,0,0,,,0.000,,,,,,,
jac_bare_n128,nid005742,hex8,jac_action,packed,packed,sumfact,affine,0.000000e+00,72,1024,128,2146689,2097152,8586756,0,0.0000,n/a,20,4.529380798e-03,1895.7903,14816.3440,463.0107,393.5591,0,0,0,-2.268767828771e-12,0,0.000000,0,n/a,off,off,0,0,0,0,0,,,0.000,,,,,,,
jac_bare_n128,nid005742,hex8,jac_action,ecolor,ecolor,sumfact,affine,0.000000e+00,72,1024,128,2146689,2097152,8586756,0,0.0000,n/a,20,6.806886196e-03,1261.4808,9858.9667,308.0927,261.8788,0,0,0,-2.925569671502e-13,0,0.000000,0,n/a,off,off,0,0,0,0,0,,,0.000,,,,,,,
jac_bare_n128,nid005742,hex8,jac_action,atomic,atomic,sumfact,affine,0.000000e+00,72,0,128,2146689,2097152,8586756,0,0.0000,n/a,20,9.064698219e-03,947.2743,7403.3203,231.3538,196.6507,0,0,0,-2.268767828771e-12,0,0.000000,0,n/a,off,off,0,0,0,0,0,,,0.000,,,,,,,
residual_current_n128,nid005742,hex8,residual,atomic,atomic,current,affine,0.000000e+00,72,0,128,2146689,2097152,8586756,0,0.0000,n/a,20,1.007539034e-02,852.2505,6660.6714,208.1460,156.9421,0,0,0,1.381248631097e-13,0,0.000000,0,current,off,off,0,0,0,0,0,,,0.000,,,,,,,
residual_current_n128,nid005742,hex8,residual,packed,packed,current,affine,0.000000e+00,72,1024,128,2146689,2097152,8586756,0,0.0000,n/a,20,4.026722908e-03,2132.4427,16665.8758,520.8086,392.6897,0,0,0,1.366330009203e-13,0,0.000000,0,current,off,off,0,0,0,0,0,,,0.000,,,,,,,
residual_rc_n128,nid005742,hex8,residual,packed,packed,sumfact,affine,0.000000e+00,72,1024,128,2146689,2097152,8586756,0,0.0000,n/a,20,5.013978481e-03,1712.5634,13384.3542,418.2611,315.3688,0,0,0,1.366482339608e-13,1,1.000000,0,sumfact,on,off,0,0,0,0,0,,,0.000,,,,,,,
residual_rc_n128,nid005742,hex8,residual,ecolor,ecolor,sumfact,affine,0.000000e+00,72,1024,128,2146689,2097152,8586756,0,0.0000,n/a,20,7.181525230e-03,1195.6730,9344.6534,292.0204,220.1834,0,0,0,1.381327235754e-13,1,1.000000,0,sumfact,on,off,0,0,0,0,0,,,0.000,,,,,,,
residual_rc_n128,nid005742,hex8,residual,atomic,atomic,sumfact,affine,0.000000e+00,72,0,128,2146689,2097152,8586756,0,0.0000,n/a,20,9.567916393e-03,897.4531,7013.9476,219.1859,165.2661,0,0,0,1.381470350441e-13,1,1.000000,0,sumfact,on,off,0,0,0,0,0,,,0.000,,,,,,,
residual_rc_bnd_n128,nid005742,hex8,residual,packed,packed,sumfact,affine,0.000000e+00,72,1024,128,2146689,2097152,8586756,0,0.0000,n/a,20,5.463695526e-03,1571.6022,12282.6874,383.8340,289.4108,0,0,0,3.727500000000e+00,1,1.000000,1,sumfact,on,on,0,0,0,0,0,,,0.000,,,,,,,
residual_rc_bnd_n128,nid005742,hex8,residual,ecolor,ecolor,sumfact,affine,0.000000e+00,72,1024,128,2146689,2097152,8586756,0,0.0000,n/a,20,8.231174946e-03,1043.1993,8153.0115,254.7816,192.1053,0,0,0,3.727500000000e+00,1,1.000000,1,sumfact,on,on,0,0,0,0,0,,,0.000,,,,,,,
residual_rc_bnd_n128,nid005742,hex8,residual,atomic,atomic,sumfact,affine,0.000000e+00,72,0,128,2146689,2097152,8586756,0,0.0000,n/a,20,1.005311012e-02,854.1393,6675.4331,208.6073,157.2899,0,0,0,3.727500000000e+00,1,1.000000,1,sumfact,on,on,0,0,0,0,0,,,0.000,,,,,,,
residual_rc_bnd_dt_n128,nid005742,hex8,residual,packed,packed,sumfact,affine,0.000000e+00,72,1024,128,2146689,2097152,8586756,0,0.0000,n/a,20,6.038761139e-03,1421.9400,11113.0185,347.2818,261.8505,0,0,0,6.759412313613e+00,1,1.000000,1,sumfact,on,on,0,0,0,0,1,,,0.000,,,,,,,
residual_rc_bnd_dt_n128,nid005742,hex8,residual,ecolor,ecolor,sumfact,affine,0.000000e+00,72,1024,128,2146689,2097152,8586756,0,0.0000,n/a,20,8.612692356e-03,996.9886,7791.8566,243.4955,183.5956,0,0,0,6.759329548060e+00,1,1.000000,1,sumfact,on,on,0,0,0,0,1,,,0.000,,,,,,,
residual_rc_bnd_dt_n128,nid005742,hex8,residual,atomic,atomic,sumfact,affine,0.000000e+00,72,0,128,2146689,2097152,8586756,0,0.0000,n/a,20,1.052516699e-02,815.8309,6376.0379,199.2512,150.2354,0,0,0,6.759329548060e+00,1,1.000000,1,sumfact,on,on,0,0,0,0,1,,,0.000,,,,,,,
residual_rc_perapply_n128,nid005742,hex8,residual,packed,packed,sumfact,affine,0.000000e+00,72,1024,128,2146689,2097152,8586756,0,0.0000,n/a,20,5.953216553e-03,1442.3725,11272.7067,352.2721,265.6132,0,0,0,1.366482339608e-13,1,1.000000,0,sumfact,on,off,0,1,0,0,0,,,0.000,,,,,,,
residual_rc_perapply_n128,nid005742,hex8,residual,atomic,atomic,sumfact,affine,0.000000e+00,72,0,128,2146689,2097152,8586756,0,0.0000,n/a,20,1.415084600e-02,606.8016,4742.3924,148.1998,111.7426,0,0,0,1.381470350441e-13,1,1.000000,0,sumfact,on,off,0,1,0,0,0,,,0.000,,,,,,,
jac_rc_n128,nid005742,hex8,jac_action,packed,packed,sumfact,affine,0.000000e+00,72,1024,128,2146689,2097152,8586756,0,0.0000,n/a,20,9.705698490e-03,884.7128,6914.3776,216.0743,183.6632,0,0,0,-3.069362255678e-13,1,1.000000,0,n/a,exact,off,1,0,0,0,0,2.486643200e-03,0.256204,0.000,,,,,,,
jac_rc_n128,nid005742,hex8,jac_action,ecolor,ecolor,sumfact,affine,0.000000e+00,72,1024,128,2146689,2097152,8586756,0,0.0000,n/a,20,1.867595911e-02,459.7759,3593.3289,112.2915,95.4478,0,0,0,7.779667752020e-13,1,1.000000,0,n/a,exact,off,1,0,0,0,0,8.013184000e-03,0.429064,0.000,,,,,,,
jac_rc_n128,nid005742,hex8,jac_action,atomic,atomic,sumfact,affine,0.000000e+00,72,0,128,2146689,2097152,8586756,0,0.0000,n/a,20,2.411352396e-02,356.0971,2783.0384,86.9700,73.9245,0,0,0,-3.078244039875e-13,1,1.000000,0,n/a,exact,off,1,0,0,0,0,1.447048960e-02,0.600099,0.000,,,,,,,
jac_rc_bnd_n128,nid005742,hex8,jac_action,packed,packed,sumfact,affine,0.000000e+00,72,1024,128,2146689,2097152,8586756,0,0.0000,n/a,20,1.010721922e-02,849.5666,6639.6961,207.4905,176.3669,0,0,0,5.048053297186e+00,1,1.000000,1,n/a,exact,on,1,0,0,0,0,2.495244800e-03,0.246877,0.000,,,,,,,
jac_rc_bnd_n128,nid005742,hex8,jac_action,ecolor,ecolor,sumfact,affine,0.000000e+00,72,1024,128,2146689,2097152,8586756,0,0.0000,n/a,20,1.964268684e-02,437.1477,3416.4809,106.7650,90.7503,0,0,0,5.045353208780e+00,1,1.000000,1,n/a,exact,on,1,0,0,0,0,8.357644800e-03,0.425484,0.000,,,,,,,
jac_rc_bnd_n128,nid005742,hex8,jac_action,atomic,atomic,sumfact,affine,0.000000e+00,72,0,128,2146689,2097152,8586756,0,0.0000,n/a,20,2.477315664e-02,346.6153,2708.9347,84.6542,71.9561,0,0,0,5.048053297186e+00,1,1.000000,1,n/a,exact,on,1,0,0,0,0,1.461505280e-02,0.589955,0.000,,,,,,,
assemble_n128,nid005742,hex8,assemble,packed,packed,sumfact,affine,0.000000e+00,72,1024,128,2146689,2097152,8586756,57066625,6966.1407,f64,20,1.490487456e-01,57.6104,450.2478,14.0702,32.4178,0,0,0,-3.076235482948e-08,0,0.000000,0,sumfact,off,off,0,0,0,0,0,,,0.000,,,,,,,
assemble_n128,nid005742,hex8,assemble,atomic,atomic,sumfact,affine,0.000000e+00,72,0,128,2146689,2097152,8586756,57066625,6966.1407,f64,20,2.244252086e-01,38.2611,299.0255,9.3445,21.5298,0,0,0,-3.076550014682e-08,0,0.000000,0,sumfact,off,off,0,0,0,0,0,,,0.000,,,,,,,
assemble_n128,nid005742,hex8,assemble,colored,colored,sumfact,affine,0.000000e+00,72,1024,128,2146689,2097152,8586756,57066625,6966.1407,f64,20,8.081797361e-02,106.2481,830.3705,25.9491,59.7867,14,146,147,-3.076235482948e-08,0,0.000000,0,sumfact,off,off,0,0,0,0,0,,,0.000,,,,,,,
assemble_n128,nid005742,hex8,assemble,store,store,sumfact,affine,0.000000e+00,72,1024,128,2146689,2097152,8586756,57066625,6966.1407,f64,20,1.080449343e-01,79.4739,621.1199,19.4100,44.7206,0,0,0,-3.076235482948e-08,0,0.000000,0,sumfact,off,off,0,0,0,0,0,,,0.000,,,,,,,
assemble_sympy_n128,nid005742,hex8,assemble,atomic,atomic,sympy,affine,0.000000e+00,72,0,128,2146689,2097152,8586756,57066625,6966.1407,f64,20,1.574574232e-01,54.5338,426.2032,13.3189,30.6866,0,0,0,-3.076550013728e-08,0,0.000000,0,sympy,off,off,0,0,0,0,0,,,0.000,,,,,,,
assemble_sympy_n128,nid005742,hex8,assemble,colored,colored,sympy,affine,0.000000e+00,72,1024,128,2146689,2097152,8586756,57066625,6966.1407,f64,20,8.420578241e-02,101.9735,796.9627,24.9051,57.3813,14,146,147,-3.076235482687e-08,0,0.000000,0,sympy,off,off,0,0,0,0,0,,,0.000,,,,,,,
assemble_diag_n128,nid005742,hex8,assemble_diag,atomic,atomic,sumfact,affine,0.000000e+00,72,0,128,2146689,2097152,8586756,0,0.0000,n/a,20,7.528936863e-02,114.0500,891.3458,27.8546,21.0023,0,0,0,1.651826180067e+03,0,0.000000,0,n/a,off,off,0,0,0,0,0,,,0.000,,,,,,,
spmv_f64_n128,nid005742,hex8,bsr_apply,packed,n/a,sumfact,affine,0.000000e+00,72,1024,128,2146689,2097152,8586756,57066625,6966.1407,f64,20,1.905031204e-02,450.7410,0.0000,0.0000,0.0000,0,0,0,-2.271657308876e-12,0,0.000000,0,n/a,off,off,0,0,0,0,0,,,0.000,,,,,,,
spmv_f32_n128,nid005742,hex8,bsr_apply,packed,n/a,sumfact,affine,0.000000e+00,72,1024,128,2146689,2097152,8586756,57066625,3483.0704,f32,20,1.017293930e-02,844.0782,0.0000,0.0000,0.0000,0,0,0,4.661746579456e-05,0,0.000000,0,n/a,off,off,0,0,0,0,0,,,0.000,,,,,,,
residual_bare_n160,nid005742,hex8,residual,packed,packed,sumfact,affine,0.000000e+00,72,2048,160,4173281,4096000,16693124,0,0.0000,n/a,20,6.610918045e-03,2525.0841,19826.5958,619.5811,467.1642,0,0,0,-6.683819079797e-14,0,0.000000,0,sumfact,off,off,0,0,0,0,0,,,0.000,,,,,,,
residual_bare_n160,nid005742,hex8,residual,ecolor,ecolor,sumfact,affine,0.000000e+00,72,2048,160,4173281,4096000,16693124,0,0.0000,n/a,20,2.293561697e-02,727.8254,5714.7798,178.5869,134.6545,0,0,0,-6.929976341039e-14,0,0.000000,0,sumfact,off,off,0,0,0,0,0,,,0.000,,,,,,,
residual_bare_n160,nid005742,hex8,residual,atomic,atomic,sumfact,affine,0.000000e+00,72,0,160,4173281,4096000,16693124,0,0.0000,n/a,20,1.554679871e-02,1073.7338,8430.8032,263.4626,198.6508,0,0,0,-7.000232641816e-14,0,0.000000,0,sumfact,off,off,0,0,0,0,0,,,0.000,,,,,,,
jac_bare_n160,nid005742,hex8,jac_action,packed,packed,sumfact,affine,0.000000e+00,72,2048,160,4173281,4096000,16693124,0,0.0000,n/a,20,9.100544453e-03,1834.2995,14402.6548,450.0830,382.5705,0,0,0,7.483083570110e-13,0,0.000000,0,n/a,off,off,0,0,0,0,0,,,0.000,,,,,,,
jac_bare_n160,nid005742,hex8,jac_action,ecolor,ecolor,sumfact,affine,0.000000e+00,72,2048,160,4173281,4096000,16693124,0,0.0000,n/a,20,3.006248474e-02,555.2809,4359.9856,136.2495,115.8121,0,0,0,5.436072422825e-12,0,0.000000,0,n/a,off,off,0,0,0,0,0,,,0.000,,,,,,,
jac_bare_n160,nid005742,hex8,jac_action,atomic,atomic,sumfact,affine,0.000000e+00,72,0,160,4173281,4096000,16693124,0,0.0000,n/a,20,1.725404263e-02,967.4906,7596.5965,237.3936,201.7846,0,0,0,7.694581056301e-13,0,0.000000,0,n/a,off,off,0,0,0,0,0,,,0.000,,,,,,,
residual_current_n160,nid005742,hex8,residual,atomic,atomic,current,affine,0.000000e+00,72,0,160,4173281,4096000,16693124,0,0.0000,n/a,20,2.037779093e-02,819.1822,6432.1005,201.0031,151.5564,0,0,0,-7.131918482433e-14,0,0.000000,0,current,off,off,0,0,0,0,0,,,0.000,,,,,,,
residual_current_n160,nid005742,hex8,residual,packed,packed,current,affine,0.000000e+00,72,2048,160,4173281,4096000,16693124,0,0.0000,n/a,20,7.753932476e-03,2152.8591,16903.9388,528.2481,398.2991,0,0,0,-6.568480297436e-14,0,0.000000,0,current,off,off,0,0,0,0,0,,,0.000,,,,,,,
residual_rc_n160,nid005742,hex8,residual,packed,packed,sumfact,affine,0.000000e+00,72,2048,160,4173281,4096000,16693124,0,0.0000,n/a,20,9.980177879e-03,1672.6279,13133.2329,410.4135,309.4518,0,0,0,-6.590924637659e-14,1,1.000000,0,sumfact,on,off,0,0,0,0,0,,,0.000,,,,,,,
residual_rc_n160,nid005742,hex8,residual,ecolor,ecolor,sumfact,affine,0.000000e+00,72,2048,160,4173281,4096000,16693124,0,0.0000,n/a,20,3.241246939e-02,515.0217,4043.8758,126.3711,95.2838,0,0,0,-6.929802868691e-14,1,1.000000,0,sumfact,on,off,0,0,0,0,0,,,0.000,,,,,,,
residual_rc_n160,nid005742,hex8,residual,atomic,atomic,sumfact,affine,0.000000e+00,72,0,160,4173281,4096000,16693124,0,0.0000,n/a,20,1.888828278e-02,883.7820,6939.3286,216.8540,163.5079,0,0,0,-7.109953901671e-14,1,1.000000,0,sumfact,on,off,0,0,0,0,0,,,0.000,,,,,,,
residual_rc_bnd_n160,nid005742,hex8,residual,packed,packed,sumfact,affine,0.000000e+00,72,2048,160,4173281,4096000,16693124,0,0.0000,n/a,20,1.084591150e-02,1539.1167,12084.9225,377.6538,284.7510,0,0,0,3.727500000000e+00,1,1.000000,1,sumfact,on,on,0,0,0,0,0,,,0.000,,,,,,,
residual_rc_bnd_n160,nid005742,hex8,residual,ecolor,ecolor,sumfact,affine,0.000000e+00,72,2048,160,4173281,4096000,16693124,0,0.0000,n/a,20,3.535356522e-02,472.1765,3707.4620,115.8582,87.3571,0,0,0,3.727500000000e+00,1,1.000000,1,sumfact,on,on,0,0,0,0,0,,,0.000,,,,,,,
residual_rc_bnd_n160,nid005742,hex8,residual,atomic,atomic,sumfact,affine,0.000000e+00,72,0,160,4173281,4096000,16693124,0,0.0000,n/a,20,1.988646984e-02,839.4212,6591.0139,205.9692,155.3008,0,0,0,3.727500000000e+00,1,1.000000,1,sumfact,on,on,0,0,0,0,0,,,0.000,,,,,,,
residual_rc_bnd_dt_n160,nid005742,hex8,residual,packed,packed,sumfact,affine,0.000000e+00,72,2048,160,4173281,4096000,16693124,0,0.0000,n/a,20,1.216146946e-02,1372.6239,10777.6450,336.8014,253.9483,0,0,0,6.759317416976e+00,1,1.000000,1,sumfact,on,on,0,0,0,0,1,,,0.000,,,,,,,
residual_rc_bnd_dt_n160,nid005742,hex8,residual,ecolor,ecolor,sumfact,affine,0.000000e+00,72,2048,160,4173281,4096000,16693124,0,0.0000,n/a,20,3.564298153e-02,468.3425,3677.3579,114.9174,86.6477,0,0,0,6.759324573300e+00,1,1.000000,1,sumfact,on,on,0,0,0,0,1,,,0.000,,,,,,,
residual_rc_bnd_dt_n160,nid005742,hex8,residual,atomic,atomic,sumfact,affine,0.000000e+00,72,0,160,4173281,4096000,16693124,0,0.0000,n/a,20,2.080579996e-02,802.3303,6299.7818,196.8682,148.4386,0,0,0,6.759324573300e+00,1,1.000000,1,sumfact,on,on,0,0,0,0,1,,,0.000,,,,,,,
residual_rc_perapply_n160,nid005742,hex8,residual,packed,packed,sumfact,affine,0.000000e+00,72,2048,160,4173281,4096000,16693124,0,0.0000,n/a,20,1.191236973e-02,1401.3269,11003.0164,343.8443,259.2586,0,0,0,-6.590924637659e-14,1,1.000000,0,sumfact,on,off,0,1,0,0,0,,,0.000,,,,,,,
residual_rc_perapply_n160,nid005742,hex8,residual,atomic,atomic,sumfact,affine,0.000000e+00,72,0,160,4173281,4096000,16693124,0,0.0000,n/a,20,2.830089331e-02,589.8444,4631.3732,144.7304,109.1267,0,0,0,-7.109953901671e-14,1,1.000000,0,sumfact,on,off,0,1,0,0,0,,,0.000,,,,,,,
jac_rc_n160,nid005742,hex8,jac_action,packed,packed,sumfact,affine,0.000000e+00,72,2048,160,4173281,4096000,16693124,0,0.0000,n/a,20,1.807800531e-02,923.3941,7250.3574,226.5737,192.5876,0,0,0,-5.547403831327e-13,1,1.000000,0,n/a,exact,off,1,0,0,0,0,4.797875200e-03,0.265398,0.000,,,,,,,
jac_rc_n160,nid005742,hex8,jac_action,ecolor,ecolor,sumfact,affine,0.000000e+00,72,2048,160,4173281,4096000,16693124,0,0.0000,n/a,20,8.295183182e-02,201.2388,1580.0977,49.3781,41.9713,0,0,0,4.218664331171e-13,1,1.000000,0,n/a,exact,off,1,0,0,0,0,4.165651200e-02,0.502177,0.000,,,,,,,
jac_rc_n160,nid005742,hex8,jac_action,atomic,atomic,sumfact,affine,0.000000e+00,72,0,160,4173281,4096000,16693124,0,0.0000,n/a,20,4.804143906e-02,347.4734,2728.3113,85.2597,72.4708,0,0,0,-5.591812752312e-13,1,1.000000,0,n/a,exact,off,1,0,0,0,0,2.944035840e-02,0.612812,0.000,,,,,,,
jac_rc_bnd_n160,nid005742,hex8,jac_action,packed,packed,sumfact,affine,0.000000e+00,72,2048,160,4173281,4096000,16693124,0,0.0000,n/a,20,1.896674633e-02,880.1259,6910.6212,215.9569,183.5634,0,0,0,5.046148336219e+00,1,1.000000,1,n/a,exact,on,1,0,0,0,0,4.951782400e-03,0.261077,0.000,,,,,,,
jac_rc_bnd_n160,nid005742,hex8,jac_action,ecolor,ecolor,sumfact,affine,0.000000e+00,72,2048,160,4173281,4096000,16693124,0,0.0000,n/a,20,8.585721254e-02,194.4289,1526.6277,47.7071,40.5510,0,0,0,5.041938959493e+00,1,1.000000,1,n/a,exact,on,1,0,0,0,0,4.314192640e-02,0.502485,0.000,,,,,,,
jac_rc_bnd_n160,nid005742,hex8,jac_action,atomic,atomic,sumfact,affine,0.000000e+00,72,0,160,4173281,4096000,16693124,0,0.0000,n/a,20,4.837465286e-02,345.0800,2709.5182,84.6724,71.9716,0,0,0,5.046148336219e+00,1,1.000000,1,n/a,exact,on,1,0,0,0,0,2.903486720e-02,0.600208,0.000,,,,,,,
assemble_n160,nid005742,hex8,assemble,packed,packed,sumfact,affine,0.000000e+00,72,2048,160,4173281,4096000,16693124,111284641,13584.5509,f64,20,3.015446424e-01,55.3587,434.6686,13.5834,31.2961,0,0,0,1.165429404451e-08,0,0.000000,0,sumfact,off,off,0,0,0,0,0,,,0.000,,,,,,,
assemble_n160,nid005742,hex8,assemble,atomic,atomic,sumfact,affine,0.000000e+00,72,0,160,4173281,4096000,16693124,111284641,13584.5509,f64,20,4.297774315e-01,38.8413,304.9765,9.5305,21.9583,0,0,0,1.164916721901e-08,0,0.000000,0,sumfact,off,off,0,0,0,0,0,,,0.000,,,,,,,
assemble_n160,nid005742,hex8,assemble,colored,colored,sumfact,affine,0.000000e+00,72,2048,160,4173281,4096000,16693124,111284641,13584.5509,f64,20,1.539483428e-01,108.4333,851.4025,26.6063,61.3010,20,99,101,1.165426806529e-08,0,0.000000,0,sumfact,off,off,0,0,0,0,0,,,0.000,,,,,,,
assemble_n160,nid005742,hex8,assemble,store,store,sumfact,affine,0.000000e+00,72,2048,160,4173281,4096000,16693124,111284641,13584.5509,f64,20,2.333707809e-01,71.5305,561.6470,17.5515,40.4386,0,0,0,1.165429404451e-08,0,0.000000,0,sumfact,off,off,0,0,0,0,0,,,0.000,,,,,,,
assemble_sympy_n160,nid005742,hex8,assemble,atomic,atomic,sympy,affine,0.000000e+00,72,0,160,4173281,4096000,16693124,111284641,13584.5509,f64,20,2.992582321e-01,55.7817,437.9896,13.6872,31.5353,0,0,0,1.167343591505e-08,0,0.000000,0,sympy,off,off,0,0,0,0,0,,,0.000,,,,,,,
assemble_sympy_n160,nid005742,hex8,assemble,colored,colored,sympy,affine,0.000000e+00,72,2048,160,4173281,4096000,16693124,111284641,13584.5509,f64,20,1.650807858e-01,101.1209,793.9870,24.8121,57.1671,20,99,101,1.168506756832e-08,0,0.000000,0,sympy,off,off,0,0,0,0,0,,,0.000,,,,,,,
assemble_diag_n160,nid005742,hex8,assemble_diag,atomic,atomic,sumfact,affine,0.000000e+00,72,0,160,4173281,4096000,16693124,0,0.0000,n/a,20,1.451753378e-01,114.9859,902.8531,28.2142,21.2735,0,0,0,2.371982944015e+03,0,0.000000,0,n/a,off,off,0,0,0,0,0,,,0.000,,,,,,,
spmv_f64_n160,nid005742,hex8,bsr_apply,packed,n/a,sumfact,affine,0.000000e+00,72,2048,160,4173281,4096000,16693124,111284641,13584.5509,f64,20,3.724628687e-02,448.1822,0.0000,0.0000,0.0000,0,0,0,7.157881465282e-13,0,0.000000,0,n/a,off,off,0,0,0,0,0,,,0.000,,,,,,,
spmv_f32_n160,nid005742,hex8,bsr_apply,packed,n/a,sumfact,affine,0.000000e+00,72,2048,160,4173281,4096000,16693124,111284641,6792.2755,f32,20,1.881320477e-02,887.3089,0.0000,0.0000,0.0000,0,0,0,4.118532892879e-05,0,0.000000,0,n/a,off,off,0,0,0,0,0,,,0.000,,,,,,,
residual_bare_n192,nid005742,hex8,residual,packed,packed,sumfact,affine,0.000000e+00,72,4096,192,7189057,7077888,28756228,0,0.0000,n/a,20,1.109491587e-02,2591.8383,20414.0724,637.9398,481.0066,0,0,0,-2.914920908814e-14,0,0.000000,0,sumfact,off,off,0,0,0,0,0,,,0.000,,,,,,,
residual_bare_n192,nid005742,hex8,residual,ecolor,ecolor,sumfact,affine,0.000000e+00,72,4096,192,7189057,7077888,28756228,0,0.0000,n/a,20,4.739136696e-02,606.7820,4779.1915,149.3497,112.6097,0,0,0,-1.949200349738e-14,0,0.000000,0,sumfact,off,off,0,0,0,0,0,,,0.000,,,,,,,
residual_bare_n192,nid005742,hex8,residual,atomic,atomic,sumfact,affine,0.000000e+00,72,0,192,7189057,7077888,28756228,0,0.0000,n/a,20,2.623589039e-02,1096.0645,8632.9228,269.7788,203.4132,0,0,0,-1.935149089582e-14,0,0.000000,0,sumfact,off,off,0,0,0,0,0,,,0.000,,,,,,,
jac_bare_n192,nid005742,hex8,jac_action,packed,packed,sumfact,affine,0.000000e+00,72,4096,192,7189057,7077888,28756228,0,0.0000,n/a,20,1.512819529e-02,1900.8366,14971.5423,467.8607,397.6816,0,0,0,2.572335378558e-11,0,0.000000,0,n/a,off,off,0,0,0,0,0,,,0.000,,,,,,,
jac_bare_n192,nid005742,hex8,jac_action,ecolor,ecolor,sumfact,affine,0.000000e+00,72,4096,192,7189057,7077888,28756228,0,0.0000,n/a,20,5.563621521e-02,516.8617,4070.9530,127.2173,108.1347,0,0,0,4.849060801330e-11,0,0.000000,0,n/a,off,off,0,0,0,0,0,,,0.000,,,,,,,
jac_bare_n192,nid005742,hex8,jac_action,atomic,atomic,sumfact,affine,0.000000e+00,72,0,192,7189057,7077888,28756228,0,0.0000,n/a,20,2.916761637e-02,985.8957,7765.2014,242.6625,206.2632,0,0,0,2.581439207359e-11,0,0.000000,0,n/a,off,off,0,0,0,0,0,,,0.000,,,,,,,
residual_current_n192,nid005742,hex8,residual,atomic,atomic,current,affine,0.000000e+00,72,0,192,7189057,7077888,28756228,0,0.0000,n/a,20,3.418858051e-02,841.1062,6624.7973,207.0249,156.0968,0,0,0,-1.950513589619e-14,0,0.000000,0,current,off,off,0,0,0,0,0,,,0.000,,,,,,,
residual_current_n192,nid005742,hex8,residual,packed,packed,current,affine,0.000000e+00,72,4096,192,7189057,7077888,28756228,0,0.0000,n/a,20,1.317712069e-02,2182.2846,17188.3085,537.1346,404.9995,0,0,0,-2.561136253163e-14,0,0.000000,0,current,off,off,0,0,0,0,0,,,0.000,,,,,,,
residual_rc_n192,nid005742,hex8,residual,packed,packed,sumfact,affine,0.000000e+00,72,4096,192,7189057,7077888,28756228,0,0.0000,n/a,20,1.653110981e-02,1739.5219,13700.9807,428.1556,322.8294,0,0,0,-3.009289865907e-14,1,1.000000,0,sumfact,on,off,0,0,0,0,0,,,0.000,,,,,,,
residual_rc_n192,nid005742,hex8,residual,ecolor,ecolor,sumfact,affine,0.000000e+00,72,4096,192,7189057,7077888,28756228,0,0.0000,n/a,20,6.251040697e-02,460.0230,3623.2753,113.2274,85.3734,0,0,0,-1.899240313630e-14,1,1.000000,0,sumfact,on,off,0,0,0,0,0,,,0.000,,,,,,,
residual_rc_n192,nid005742,hex8,residual,atomic,atomic,sumfact,affine,0.000000e+00,72,0,192,7189057,7077888,28756228,0,0.0000,n/a,20,3.196203709e-02,899.6995,7086.2948,221.4467,166.9708,0,0,0,-2.201602615493e-14,1,1.000000,0,sumfact,on,off,0,0,0,0,0,,,0.000,,,,,,,
residual_rc_bnd_n192,nid005742,hex8,residual,packed,packed,sumfact,affine,0.000000e+00,72,4096,192,7189057,7077888,28756228,0,0.0000,n/a,20,1.782339811e-02,1613.3976,12707.5889,397.1122,299.4226,0,0,0,3.727500000000e+00,1,1.000000,1,sumfact,on,on,0,0,0,0,0,,,0.000,,,,,,,
residual_rc_bnd_n192,nid005742,hex8,residual,ecolor,ecolor,sumfact,affine,0.000000e+00,72,4096,192,7189057,7077888,28756228,0,0.0000,n/a,20,6.617133617e-02,434.5723,3422.8176,106.9631,80.6501,0,0,0,3.727500000000e+00,1,1.000000,1,sumfact,on,on,0,0,0,0,0,,,0.000,,,,,,,
residual_rc_bnd_n192,nid005742,hex8,residual,atomic,atomic,sumfact,affine,0.000000e+00,72,0,192,7189057,7077888,28756228,0,0.0000,n/a,20,3.298997879e-02,871.6655,6865.4914,214.5466,161.7681,0,0,0,3.727500000000e+00,1,1.000000,1,sumfact,on,on,0,0,0,0,0,,,0.000,,,,,,,
residual_rc_bnd_dt_n192,nid005742,hex8,residual,packed,packed,sumfact,affine,0.000000e+00,72,4096,192,7189057,7077888,28756228,0,0.0000,n/a,20,1.971529722e-02,1458.5744,11488.1563,359.0049,270.6897,0,0,0,6.759335709367e+00,1,1.000000,1,sumfact,on,on,0,0,0,0,1,,,0.000,,,,,,,
residual_rc_bnd_dt_n192,nid005742,hex8,residual,ecolor,ecolor,sumfact,affine,0.000000e+00,72,4096,192,7189057,7077888,28756228,0,0.0000,n/a,20,6.693848372e-02,429.5919,3383.5905,105.7372,79.7259,0,0,0,6.759309506134e+00,1,1.000000,1,sumfact,on,on,0,0,0,0,1,,,0.000,,,,,,,
residual_rc_bnd_dt_n192,nid005742,hex8,residual,atomic,atomic,sumfact,affine,0.000000e+00,72,0,192,7189057,7077888,28756228,0,0.0000,n/a,20,3.483937979e-02,825.3944,6501.0462,203.1577,153.1809,0,0,0,6.759309506134e+00,1,1.000000,1,sumfact,on,on,0,0,0,0,1,,,0.000,,,,,,,
residual_rc_perapply_n192,nid005742,hex8,residual,packed,packed,sumfact,affine,0.000000e+00,72,4096,192,7189057,7077888,28756228,0,0.0000,n/a,20,2.019040585e-02,1424.2521,11217.8238,350.5570,264.3200,0,0,0,-3.009289865907e-14,1,1.000000,0,sumfact,on,off,0,1,0,0,0,,,0.000,,,,,,,
residual_rc_perapply_n192,nid005742,hex8,residual,atomic,atomic,sumfact,affine,0.000000e+00,72,0,192,7189057,7077888,28756228,0,0.0000,n/a,20,4.655642509e-02,617.6640,4864.9014,152.0282,114.6292,0,0,0,-2.201602615493e-14,1,1.000000,0,sumfact,on,off,0,1,0,0,0,,,0.000,,,,,,,
jac_rc_n192,nid005742,hex8,jac_action,packed,packed,sumfact,affine,0.000000e+00,72,4096,192,7189057,7077888,28756228,0,0.0000,n/a,20,3.155782223e-02,911.2235,7177.0610,224.2832,190.6407,0,0,0,-3.003928248995e-13,1,1.000000,0,n/a,exact,off,1,0,0,0,0,7.907392000e-03,0.250568,0.000,,,,,,,
jac_rc_n192,nid005742,hex8,jac_action,ecolor,ecolor,sumfact,affine,0.000000e+00,72,4096,192,7189057,7077888,28756228,0,0.0000,n/a,20,1.520969152e-01,189.0652,1489.1322,46.5354,39.5551,0,0,0,-1.781335363639e-12,1,1.000000,0,n/a,exact,off,1,0,0,0,0,7.663763200e-02,0.503874,0.000,,,,,,,
jac_rc_n192,nid005742,hex8,jac_action,atomic,atomic,sumfact,affine,0.000000e+00,72,0,192,7189057,7077888,28756228,0,0.0000,n/a,20,8.052978516e-02,357.0881,2812.5297,87.8916,74.7078,0,0,0,-3.094966537014e-13,1,1.000000,0,n/a,exact,off,1,0,0,0,0,4.809775360e-02,0.597267,0.000,,,,,,,
jac_rc_bnd_n192,nid005742,hex8,jac_action,packed,packed,sumfact,affine,0.000000e+00,72,4096,192,7189057,7077888,28756228,0,0.0000,n/a,20,3.262293339e-02,881.4728,6942.7361,216.9605,184.4164,0,0,0,5.049173453743e+00,1,1.000000,1,n/a,exact,on,1,0,0,0,0,7.898380800e-03,0.242111,0.000,,,,,,,
jac_rc_bnd_n192,nid005742,hex8,jac_action,ecolor,ecolor,sumfact,affine,0.000000e+00,72,4096,192,7189057,7077888,28756228,0,0.0000,n/a,20,1.538708091e-01,186.8855,1471.9648,45.9989,39.0991,0,0,0,5.049423490534e+00,1,1.000000,1,n/a,exact,on,1,0,0,0,0,7.623383040e-02,0.495440,0.000,,,,,,,
jac_rc_bnd_n192,nid005742,hex8,jac_action,atomic,atomic,sumfact,affine,0.000000e+00,72,0,192,7189057,7077888,28756228,0,0.0000,n/a,20,8.151879311e-02,352.7558,2778.4074,86.8252,73.8014,0,0,0,5.049173453743e+00,1,1.000000,1,n/a,exact,on,1,0,0,0,0,4.829123840e-02,0.592394,0.000,,,,,,,
assemble_n192,nid005742,hex8,assemble,packed,packed,sumfact,affine,0.000000e+00,72,4096,192,7189057,7077888,28756228,192100033,23449.7111,f64,20,5.097458601e-01,56.4129,444.3242,13.8851,31.9913,0,0,0,2.592910685214e-09,0,0.000000,0,sumfact,off,off,0,0,0,0,0,,,0.000,,,,,,,
assemble_n192,nid005742,hex8,assemble,atomic,atomic,sumfact,affine,0.000000e+00,72,0,192,7189057,7077888,28756228,192100033,23449.7111,f64,20,7.462381005e-01,38.5349,303.5123,9.4848,21.8529,0,0,0,2.591521534265e-09,0,0.000000,0,sumfact,off,off,0,0,0,0,0,,,0.000,,,,,,,
assemble_n192,nid005742,hex8,assemble,colored,colored,sumfact,affine,0.000000e+00,72,4096,192,7189057,7077888,28756228,192100033,23449.7111,f64,20,2.727704644e-01,105.4228,830.3407,25.9481,59.7845,19,90,91,2.592891644889e-09,0,0.000000,0,sumfact,off,off,0,0,0,0,0,,,0.000,,,,,,,
assemble_n192,nid005742,hex8,assemble,store,store,sumfact,affine,0.000000e+00,72,4096,192,7189057,7077888,28756228,192100033,23449.7111,f64,20,3.945742130e-01,72.8791,574.0173,17.9380,41.3292,0,0,0,2.592910685214e-09,0,0.000000,0,sumfact,off,off,0,0,0,0,0,,,0.000,,,,,,,
assemble_sympy_n192,nid005742,hex8,assemble,atomic,atomic,sympy,affine,0.000000e+00,72,0,192,7189057,7077888,28756228,192100033,23449.7111,f64,20,5.137778640e-01,55.9702,440.8372,13.7762,31.7403,0,0,0,2.579395400885e-09,0,0.000000,0,sympy,off,off,0,0,0,0,0,,,0.000,,,,,,,
assemble_sympy_n192,nid005742,hex8,assemble,colored,colored,sympy,affine,0.000000e+00,72,4096,192,7189057,7077888,28756228,192100033,23449.7111,f64,20,2.944200993e-01,97.6707,769.2831,24.0401,55.3884,19,90,91,2.580736401329e-09,0,0.000000,0,sympy,off,off,0,0,0,0,0,,,0.000,,,,,,,
assemble_diag_n192,nid005742,hex8,assemble_diag,atomic,atomic,sumfact,affine,0.000000e+00,72,0,192,7189057,7077888,28756228,0,0.0000,n/a,20,2.487373710e-01,115.6088,910.5685,28.4553,21.4553,0,0,0,3.215019675301e+03,0,0.000000,0,n/a,off,off,0,0,0,0,0,,,0.000,,,,,,,
spmv_f64_n192,nid005742,hex8,bsr_apply,packed,n/a,sumfact,affine,0.000000e+00,72,4096,192,7189057,7077888,28756228,192100033,23449.7111,f64,20,6.395202875e-02,449.6531,0.0000,0.0000,0.0000,0,0,0,2.533862061957e-11,0,0.000000,0,n/a,off,off,0,0,0,0,0,,,0.000,,,,,,,
spmv_f32_n192,nid005742,hex8,bsr_apply,packed,n/a,sumfact,affine,0.000000e+00,72,4096,192,7189057,7077888,28756228,192100033,11724.8555,f32,20,3.278794289e-02,877.0367,0.0000,0.0000,0.0000,0,0,0,-8.660309578814e-06,0,0.000000,0,n/a,off,off,0,0,0,0,0,,,0.000,,,,,,,
