tag,host,element,operation,layout,ran_layout,kernel,geom,warp,threads,pack_size,cube_n,nodes,elements,dofs,bsr_nnz,bsr_values_MiB,bsr_storage,repeat,seconds_per_call,MDOF_s,MDOF_s_element_visits,MELEM_s,GFLOP_s_model,n_colors,packs_per_color_min,packs_per_color_max,checksum,rhie_chow,rhie_chow_scale,boundary,ran_kernel,ran_rc,ran_boundary,exact_rc,pgrad_per_apply,live_vectors,upwind_eps,transient,s_qgrad,frac_qgrad,pa_bytes_per_dof,ms_zero_global,ms_zero_local,ms_gather_u,ms_element_kernel,ms_local_to_global,ms_ghost_reduce,ms_qgrad
residual_bare_n64,nid005994,hex8,residual,packed,packed,sumfact,affine,0.000000e+00,72,128,64,274625,262144,1098500,0,0.0000,n/a,20,4.707813263e-04,2333.3551,17818.4807,556.8275,419.8480,0,0,0,-1.235979634612e-14,0,0.000000,0,sumfact,off,off,0,0,0,0,0,,,0.000,,,,,,,
residual_bare_n64,nid005994,hex8,residual,ecolor,ecolor,sumfact,affine,0.000000e+00,72,128,64,274625,262144,1098500,0,0.0000,n/a,20,6.442904472e-04,1704.9764,13019.9168,406.8724,306.7818,0,0,0,-1.251418673548e-14,0,0.000000,0,sumfact,off,off,0,0,0,0,0,,,0.000,,,,,,,
residual_bare_n64,nid005994,hex8,residual,atomic,atomic,sumfact,affine,0.000000e+00,72,0,64,274625,262144,1098500,0,0.0000,n/a,20,1.053249836e-03,1042.9624,7964.4997,248.8906,187.6635,0,0,0,-1.254020758762e-14,0,0.000000,0,sumfact,off,off,0,0,0,0,0,,,0.000,,,,,,,
jac_bare_n64,nid005994,hex8,jac_action,packed,packed,sumfact,affine,0.000000e+00,72,128,64,274625,262144,1098500,0,0.0000,n/a,20,5.017638206e-04,2189.2770,16718.2400,522.4450,444.0783,0,0,0,-1.151812315230e-12,0,0.000000,0,sumfact,off,off,0,0,0,0,0,,,0.000,,,,,,,
jac_bare_n64,nid005994,hex8,jac_action,ecolor,ecolor,sumfact,affine,0.000000e+00,72,128,64,274625,262144,1098500,0,0.0000,n/a,20,6.335616112e-04,1733.8487,13240.3982,413.7624,351.6981,0,0,0,-2.097774373915e-12,0,0.000000,0,sumfact,off,off,0,0,0,0,0,,,0.000,,,,,,,
jac_bare_n64,nid005994,hex8,jac_action,atomic,atomic,sumfact,affine,0.000000e+00,72,0,64,274625,262144,1098500,0,0.0000,n/a,20,1.262521744e-03,870.0840,6644.3275,207.6352,176.4900,0,0,0,-1.151479248323e-12,0,0.000000,0,sumfact,off,off,0,0,0,0,0,,,0.000,,,,,,,
residual_rc_n64,nid005994,hex8,residual,packed,packed,sumfact,affine,0.000000e+00,72,128,64,274625,262144,1098500,0,0.0000,n/a,20,5.633592606e-04,1949.9103,14890.3348,465.3230,350.8535,0,0,0,-1.282860536550e-14,1,1.000000,0,sumfact,on,off,0,0,0,0,0,,,0.000,,,,,,,
residual_rc_n64,nid005994,hex8,residual,ecolor,ecolor,sumfact,affine,0.000000e+00,72,128,64,274625,262144,1098500,0,0.0000,n/a,20,7.355928421e-04,1493.3533,11403.8739,356.3711,268.7038,0,0,0,-1.256666212063e-14,1,1.000000,0,sumfact,on,off,0,0,0,0,0,,,0.000,,,,,,,
residual_rc_n64,nid005994,hex8,residual,atomic,atomic,sumfact,affine,0.000000e+00,72,0,64,274625,262144,1098500,0,0.0000,n/a,20,1.208293438e-03,909.1335,6942.5255,216.9539,163.5833,0,0,0,-1.256492739715e-14,1,1.000000,0,sumfact,on,off,0,0,0,0,0,,,0.000,,,,,,,
residual_rc_bnd_n64,nid005994,hex8,residual,packed,packed,sumfact,affine,0.000000e+00,72,128,64,274625,262144,1098500,0,0.0000,n/a,20,6.051182747e-04,1815.3476,13862.7577,433.2112,326.6412,0,0,0,3.727500000000e+00,1,1.000000,1,sumfact,on,on,0,0,0,0,0,,,0.000,,,,,,,
residual_rc_bnd_n64,nid005994,hex8,residual,ecolor,ecolor,sumfact,affine,0.000000e+00,72,128,64,274625,262144,1098500,0,0.0000,n/a,20,7.633566856e-04,1439.0389,10989.1066,343.4096,258.9308,0,0,0,3.727500000000e+00,1,1.000000,1,sumfact,on,on,0,0,0,0,0,,,0.000,,,,,,,
residual_rc_bnd_n64,nid005994,hex8,residual,atomic,atomic,sumfact,affine,0.000000e+00,72,0,64,274625,262144,1098500,0,0.0000,n/a,20,1.268661022e-03,865.8735,6612.1745,206.6305,155.7994,0,0,0,3.727500000000e+00,1,1.000000,1,sumfact,on,on,0,0,0,0,0,,,0.000,,,,,,,
residual_rc_bnd_dt_n64,nid005994,hex8,residual,packed,packed,sumfact,affine,0.000000e+00,72,128,64,274625,262144,1098500,0,0.0000,n/a,20,6.777405739e-04,1620.8267,12377.3142,386.7911,291.6405,0,0,0,6.759042994895e+00,1,1.000000,1,sumfact,on,on,0,0,0,0,1,,,0.000,,,,,,,
residual_rc_bnd_dt_n64,nid005994,hex8,residual,ecolor,ecolor,sumfact,affine,0.000000e+00,72,128,64,274625,262144,1098500,0,0.0000,n/a,20,8.209347725e-04,1338.1087,10218.3612,319.3238,240.7701,0,0,0,6.759448953731e+00,1,1.000000,1,sumfact,on,on,0,0,0,0,1,,,0.000,,,,,,,
residual_rc_bnd_dt_n64,nid005994,hex8,residual,atomic,atomic,sumfact,affine,0.000000e+00,72,0,64,274625,262144,1098500,0,0.0000,n/a,20,1.632499695e-03,672.8945,5138.5051,160.5783,121.0760,0,0,0,6.759448953731e+00,1,1.000000,1,sumfact,on,on,0,0,0,0,1,,,0.000,,,,,,,
residual_rc_perapply_n64,nid005994,hex8,residual,packed,packed,sumfact,affine,0.000000e+00,72,128,64,274625,262144,1098500,0,0.0000,n/a,20,6.522893906e-04,1684.0685,12860.2552,401.8830,303.0198,0,0,0,-1.282860536550e-14,1,1.000000,0,sumfact,on,off,0,1,0,0,0,,,0.000,,,,,,,
residual_rc_perapply_n64,nid005994,hex8,residual,atomic,atomic,sumfact,affine,0.000000e+00,72,0,64,274625,262144,1098500,0,0.0000,n/a,20,2.340340614e-03,469.3761,3584.3535,112.0110,84.4563,0,0,0,-1.256492739715e-14,1,1.000000,0,sumfact,on,off,0,1,0,0,0,,,0.000,,,,,,,
jac_rc_n64,nid005994,hex8,jac_action,packed,packed,sumfact,affine,0.000000e+00,72,128,64,274625,262144,1098500,0,0.0000,n/a,20,9.547829628e-04,1150.5233,8785.8794,274.5587,233.3749,0,0,0,3.033959260039e-13,1,1.000000,0,sumfact,exact,off,1,0,0,0,0,2.254208000e-04,0.236096,0.000,,,,,,,
jac_rc_n64,nid005994,hex8,jac_action,ecolor,ecolor,sumfact,affine,0.000000e+00,72,128,64,274625,262144,1098500,0,0.0000,n/a,20,1.252722740e-03,876.8900,6696.3006,209.2594,177.8705,0,0,0,-6.895899866757e-14,1,1.000000,0,sumfact,exact,off,1,0,0,0,0,4.482432000e-04,0.357815,0.000,,,,,,,
jac_rc_n64,nid005994,hex8,jac_action,atomic,atomic,sumfact,affine,0.000000e+00,72,0,64,274625,262144,1098500,0,0.0000,n/a,20,3.025650978e-03,363.0624,2772.4969,86.6405,73.6444,0,0,0,2.991632007225e-13,1,1.000000,0,sumfact,exact,off,1,0,0,0,0,1.527500800e-03,0.504850,0.000,,,,,,,
jac_rc_bnd_n64,nid005994,hex8,jac_action,packed,packed,sumfact,affine,0.000000e+00,72,128,64,274625,262144,1098500,0,0.0000,n/a,20,1.045274734e-03,1050.9199,8025.2662,250.7896,213.1711,0,0,0,5.047023127365e+00,1,1.000000,1,sumfact,exact,on,1,0,0,0,0,2.231936000e-04,0.213526,0.000,,,,,,,
jac_rc_bnd_n64,nid005994,hex8,jac_action,ecolor,ecolor,sumfact,affine,0.000000e+00,72,128,64,274625,262144,1098500,0,0.0000,n/a,20,1.364850998e-03,804.8498,6146.1713,192.0679,163.2577,0,0,0,5.044934535980e+00,1,1.000000,1,sumfact,exact,on,1,0,0,0,0,4.590080000e-04,0.336306,0.000,,,,,,,
jac_rc_bnd_n64,nid005994,hex8,jac_action,atomic,atomic,sumfact,affine,0.000000e+00,72,0,64,274625,262144,1098500,0,0.0000,n/a,20,3.074193001e-03,357.3295,2728.7187,85.2725,72.4816,0,0,0,5.047023127365e+00,1,1.000000,1,sumfact,exact,on,1,0,0,0,0,1.582502400e-03,0.514770,0.000,,,,,,,
assemble_n64,nid005994,hex8,assemble,packed,packed,sumfact,affine,0.000000e+00,72,128,64,274625,262144,1098500,7189057,877.5704,f64,20,1.273090839e-02,86.2861,658.9167,20.5911,47.4420,0,0,0,2.702547346339e-10,0,0.000000,0,sumfact,off,off,0,0,0,0,0,,,0.000,,,,,,,
assemble_n64,nid005994,hex8,assemble,atomic,atomic,sumfact,affine,0.000000e+00,72,0,64,274625,262144,1098500,7189057,877.5704,f64,20,2.880376577e-02,38.1374,291.2330,9.1010,20.9688,0,0,0,2.702932316173e-10,0,0.000000,0,sumfact,off,off,0,0,0,0,0,,,0.000,,,,,,,
assemble_n64,nid005994,hex8,assemble,colored,colored,sumfact,affine,0.000000e+00,72,128,64,274625,262144,1098500,7189057,877.5704,f64,20,1.201083660e-02,91.4591,698.4200,21.8256,50.2862,14,146,147,2.702547346339e-10,0,0.000000,0,sumfact,off,off,0,0,0,0,0,,,0.000,,,,,,,
assemble_n64,nid005994,hex8,assemble,store,store,sumfact,affine,0.000000e+00,72,128,64,274625,262144,1098500,7189057,877.5704,f64,20,9.361481667e-03,117.3425,896.0770,28.0024,64.5175,0,0,0,2.702547346339e-10,0,0.000000,0,sumfact,off,off,0,0,0,0,0,,,0.000,,,,,,,
assemble_diag_n64,nid005994,hex8,assemble_diag,atomic,atomic,sumfact,affine,0.000000e+00,72,0,64,274625,262144,1098500,0,0.0000,n/a,20,1.070002317e-02,102.6633,783.9804,24.4994,18.4725,0,0,0,5.801523603040e+02,0,0.000000,0,sumfact,off,off,0,0,0,0,0,,,0.000,,,,,,,
spmv_f64_n64,nid005994,hex8,bsr_apply,packed,n/a,n/a,affine,0.000000e+00,72,128,64,274625,262144,1098500,7189057,877.5704,f64,20,2.348983288e-03,467.6491,0.0000,0.0000,0.0000,0,0,0,-1.151445421215e-12,0,0.000000,0,n/a,off,off,0,0,0,0,0,,,0.000,,,,,,,
spmv_f32_n64,nid005994,hex8,bsr_apply,packed,n/a,n/a,affine,0.000000e+00,72,128,64,274625,262144,1098500,7189057,438.7852,f32,20,1.369905472e-03,801.8801,0.0000,0.0000,0.0000,0,0,0,1.266337291522e-05,0,0.000000,0,n/a,off,off,0,0,0,0,0,,,0.000,,,,,,,
residual_bare_n96,nid005994,hex8,residual,packed,packed,sumfact,affine,0.000000e+00,72,512,96,912673,884736,3650692,0,0.0000,n/a,20,1.245772839e-03,2930.4636,22726.0951,710.1905,535.4836,0,0,0,9.553718493399e-14,0,0.000000,0,sumfact,off,off,0,0,0,0,0,,,0.000,,,,,,,
residual_bare_n96,nid005994,hex8,residual,ecolor,ecolor,sumfact,affine,0.000000e+00,72,512,96,912673,884736,3650692,0,0.0000,n/a,20,2.310705185e-03,1579.9038,12252.3428,382.8857,288.6958,0,0,0,1.006580886351e-13,0,0.000000,0,sumfact,off,off,0,0,0,0,0,,,0.000,,,,,,,
residual_bare_n96,nid005994,hex8,residual,atomic,atomic,sumfact,affine,0.000000e+00,72,0,96,912673,884736,3650692,0,0.0000,n/a,20,3.451490402e-03,1057.7147,8202.7034,256.3345,193.2762,0,0,0,9.868744276637e-14,0,0.000000,0,sumfact,off,off,0,0,0,0,0,,,0.000,,,,,,,
jac_bare_n96,nid005994,hex8,jac_action,packed,packed,sumfact,affine,0.000000e+00,72,512,96,912673,884736,3650692,0,0.0000,n/a,20,1.878142357e-03,1943.7781,15074.2311,471.0697,400.4093,0,0,0,-2.009048702682e-12,0,0.000000,0,sumfact,off,off,0,0,0,0,0,,,0.000,,,,,,,
jac_bare_n96,nid005994,hex8,jac_action,ecolor,ecolor,sumfact,affine,0.000000e+00,72,512,96,912673,884736,3650692,0,0.0000,n/a,20,2.785933018e-03,1310.4019,10162.3233,317.5726,269.9367,0,0,0,-3.581897758541e-12,0,0.000000,0,sumfact,off,off,0,0,0,0,0,,,0.000,,,,,,,
jac_bare_n96,nid005994,hex8,jac_action,atomic,atomic,sumfact,affine,0.000000e+00,72,0,96,912673,884736,3650692,0,0.0000,n/a,20,4.125738144e-03,884.8579,6862.1786,214.4431,182.2766,0,0,0,-1.948041947479e-12,0,0.000000,0,sumfact,off,off,0,0,0,0,0,,,0.000,,,,,,,
residual_rc_n96,nid005994,hex8,residual,packed,packed,sumfact,affine,0.000000e+00,72,512,96,912673,884736,3650692,0,0.0000,n/a,20,2.226090431e-03,1639.9567,12718.0601,397.4394,299.6693,0,0,0,1.003804244587e-13,1,1.000000,0,sumfact,on,off,0,0,0,0,0,,,0.000,,,,,,,
residual_rc_n96,nid005994,hex8,residual,ecolor,ecolor,sumfact,affine,0.000000e+00,72,512,96,912673,884736,3650692,0,0.0000,n/a,20,3.181111813e-03,1147.6151,8899.8921,278.1216,209.7037,0,0,0,1.043078384083e-13,1,1.000000,0,sumfact,on,off,0,0,0,0,0,,,0.000,,,,,,,
residual_rc_n96,nid005994,hex8,residual,atomic,atomic,sumfact,affine,0.000000e+00,72,0,96,912673,884736,3650692,0,0.0000,n/a,20,4.246962070e-03,859.6008,6666.3068,208.3221,157.0749,0,0,0,1.025453593567e-13,1,1.000000,0,sumfact,on,off,0,0,0,0,0,,,0.000,,,,,,,
residual_rc_bnd_n96,nid005994,hex8,residual,packed,packed,sumfact,affine,0.000000e+00,72,512,96,912673,884736,3650692,0,0.0000,n/a,20,2.462637424e-03,1482.4318,11496.4354,359.2636,270.8848,0,0,0,3.727500000000e+00,1,1.000000,1,sumfact,on,on,0,0,0,0,0,,,0.000,,,,,,,
residual_rc_bnd_n96,nid005994,hex8,residual,ecolor,ecolor,sumfact,affine,0.000000e+00,72,512,96,912673,884736,3650692,0,0.0000,n/a,20,3.333652020e-03,1095.1029,8492.6537,265.3954,200.1082,0,0,0,3.727500000000e+00,1,1.000000,1,sumfact,on,on,0,0,0,0,0,,,0.000,,,,,,,
residual_rc_bnd_n96,nid005994,hex8,residual,atomic,atomic,sumfact,affine,0.000000e+00,72,0,96,912673,884736,3650692,0,0.0000,n/a,20,4.384779930e-03,832.5827,6456.7783,201.7743,152.1378,0,0,0,3.727500000000e+00,1,1.000000,1,sumfact,on,on,0,0,0,0,0,,,0.000,,,,,,,
residual_rc_bnd_dt_n96,nid005994,hex8,residual,packed,packed,sumfact,affine,0.000000e+00,72,512,96,912673,884736,3650692,0,0.0000,n/a,20,2.623808384e-03,1391.3714,10790.2514,337.1954,254.2453,0,0,0,6.759195490287e+00,1,1.000000,1,sumfact,on,on,0,0,0,0,1,,,0.000,,,,,,,
residual_rc_bnd_dt_n96,nid005994,hex8,residual,ecolor,ecolor,sumfact,affine,0.000000e+00,72,512,96,912673,884736,3650692,0,0.0000,n/a,20,3.418648243e-03,1067.8759,8281.5048,258.7970,195.1330,0,0,0,6.759287405709e+00,1,1.000000,1,sumfact,on,on,0,0,0,0,1,,,0.000,,,,,,,
residual_rc_bnd_dt_n96,nid005994,hex8,residual,atomic,atomic,sumfact,affine,0.000000e+00,72,0,96,912673,884736,3650692,0,0.0000,n/a,20,4.422676563e-03,825.4486,6401.4521,200.0454,150.8342,0,0,0,6.759287405709e+00,1,1.000000,1,sumfact,on,on,0,0,0,0,1,,,0.000,,,,,,,
residual_rc_perapply_n96,nid005994,hex8,residual,packed,packed,sumfact,affine,0.000000e+00,72,512,96,912673,884736,3650692,0,0.0000,n/a,20,2.415943146e-03,1511.0836,11718.6334,366.2073,276.1203,0,0,0,1.003804244587e-13,1,1.000000,0,sumfact,on,off,0,1,0,0,0,,,0.000,,,,,,,
residual_rc_perapply_n96,nid005994,hex8,residual,atomic,atomic,sumfact,affine,0.000000e+00,72,0,96,912673,884736,3650692,0,0.0000,n/a,20,6.426227093e-03,568.0926,4405.6258,137.6758,103.8076,0,0,0,1.025453593567e-13,1,1.000000,0,sumfact,on,off,0,1,0,0,0,,,0.000,,,,,,,
jac_rc_n96,nid005994,hex8,jac_action,packed,packed,sumfact,affine,0.000000e+00,72,512,96,912673,884736,3650692,0,0.0000,n/a,20,3.989934921e-03,914.9753,7095.7428,221.7420,188.4807,0,0,0,2.763892901440e-13,1,1.000000,0,sumfact,exact,off,1,0,0,0,0,9.720704000e-04,0.243631,0.000,,,,,,,
jac_rc_n96,nid005994,hex8,jac_action,ecolor,ecolor,sumfact,affine,0.000000e+00,72,512,96,912673,884736,3650692,0,0.0000,n/a,20,7.523751259e-03,485.2223,3762.9569,117.5924,99.9535,0,0,0,5.559625297028e-13,1,1.000000,0,sumfact,exact,off,1,0,0,0,0,2.608166400e-03,0.346658,0.000,,,,,,,
jac_rc_n96,nid005994,hex8,jac_action,atomic,atomic,sumfact,affine,0.000000e+00,72,0,96,912673,884736,3650692,0,0.0000,n/a,20,9.124779701e-03,400.0855,3102.7107,96.9597,82.4158,0,0,0,2.773607352905e-13,1,1.000000,0,sumfact,exact,off,1,0,0,0,0,4.883609600e-03,0.535203,0.000,,,,,,,
jac_rc_bnd_n96,nid005994,hex8,jac_action,packed,packed,sumfact,affine,0.000000e+00,72,512,96,912673,884736,3650692,0,0.0000,n/a,20,4.290187359e-03,850.9400,6599.1412,206.2232,175.2897,0,0,0,5.047058237368e+00,1,1.000000,1,sumfact,exact,on,1,0,0,0,0,9.782784000e-04,0.228027,0.000,,,,,,,
jac_rc_bnd_n96,nid005994,hex8,jac_action,ecolor,ecolor,sumfact,affine,0.000000e+00,72,512,96,912673,884736,3650692,0,0.0000,n/a,20,8.174395561e-03,446.6008,3463.4429,108.2326,91.9977,0,0,0,5.043879373204e+00,1,1.000000,1,sumfact,exact,on,1,0,0,0,0,2.838720000e-03,0.347270,0.000,,,,,,,
jac_rc_bnd_n96,nid005994,hex8,jac_action,atomic,atomic,sumfact,affine,0.000000e+00,72,0,96,912673,884736,3650692,0,0.0000,n/a,20,9.493672848e-03,384.5395,2982.1495,93.1922,79.2133,0,0,0,5.047058237368e+00,1,1.000000,1,sumfact,exact,on,1,0,0,0,0,4.439910400e-03,0.467670,0.000,,,,,,,
assemble_n96,nid005994,hex8,assemble,packed,packed,sumfact,affine,0.000000e+00,72,512,96,912673,884736,3650692,24137569,2946.4806,f64,20,5.950007439e-02,61.3561,475.8238,14.8695,34.2593,0,0,0,7.386596588159e-11,0,0.000000,0,sumfact,off,off,0,0,0,0,0,,,0.000,,,,,,,
assemble_n96,nid005994,hex8,assemble,atomic,atomic,sumfact,affine,0.000000e+00,72,0,96,912673,884736,3650692,24137569,2946.4806,f64,20,9.573224783e-02,38.1344,295.7368,9.2418,21.2931,0,0,0,7.342422201788e-11,0,0.000000,0,sumfact,off,off,0,0,0,0,0,,,0.000,,,,,,,
assemble_n96,nid005994,hex8,assemble,colored,colored,sumfact,affine,0.000000e+00,72,512,96,912673,884736,3650692,24137569,2946.4806,f64,20,3.857938051e-02,94.6281,733.8519,22.9329,52.8373,19,90,91,7.389472065792e-11,0,0.000000,0,sumfact,off,off,0,0,0,0,0,,,0.000,,,,,,,
assemble_n96,nid005994,hex8,assemble,store,store,sumfact,affine,0.000000e+00,72,512,96,912673,884736,3650692,24137569,2946.4806,f64,20,4.218662977e-02,86.5367,671.1025,20.9720,48.3194,0,0,0,7.386596588159e-11,0,0.000000,0,sumfact,off,off,0,0,0,0,0,,,0.000,,,,,,,
assemble_diag_n96,nid005994,hex8,assemble_diag,atomic,atomic,sumfact,affine,0.000000e+00,72,0,96,912673,884736,3650692,0,0.0000,n/a,20,3.350422382e-02,108.9621,845.0144,26.4067,19.9107,0,0,0,1.054549351220e+03,0,0.000000,0,sumfact,off,off,0,0,0,0,0,,,0.000,,,,,,,
spmv_f64_n96,nid005994,hex8,bsr_apply,packed,n/a,n/a,affine,0.000000e+00,72,512,96,912673,884736,3650692,24137569,2946.4806,f64,20,3.679423332e-02,99.2191,0.0000,0.0000,0.0000,0,0,0,-2.227890574390e-12,0,0.000000,0,n/a,off,off,0,0,0,0,0,,,0.000,,,,,,,
spmv_f32_n96,nid005994,hex8,bsr_apply,packed,n/a,n/a,affine,0.000000e+00,72,512,96,912673,884736,3650692,24137569,1473.2403,f32,20,4.474043846e-03,815.9714,0.0000,0.0000,0.0000,0,0,0,-1.159811748818e-06,0,0.000000,0,n/a,off,off,0,0,0,0,0,,,0.000,,,,,,,
residual_bare_n128,nid005994,hex8,residual,packed,packed,sumfact,affine,0.000000e+00,72,1024,128,2146689,2097152,8586756,0,0.0000,n/a,20,3.666400909e-03,2342.0123,18303.7441,571.9920,431.2820,0,0,0,1.366551186446e-13,0,0.000000,0,sumfact,off,off,0,0,0,0,0,,,0.000,,,,,,,
residual_bare_n128,nid005994,hex8,residual,ecolor,ecolor,sumfact,affine,0.000000e+00,72,1024,128,2146689,2097152,8586756,0,0.0000,n/a,20,4.893553257e-03,1754.7078,13713.7292,428.5540,323.1297,0,0,0,1.381344040888e-13,0,0.000000,0,sumfact,off,off,0,0,0,0,0,,,0.000,,,,,,,
residual_bare_n128,nid005994,hex8,residual,atomic,atomic,sumfact,affine,0.000000e+00,72,0,128,2146689,2097152,8586756,0,0.0000,n/a,20,8.303308487e-03,1034.1367,8082.1836,252.5682,190.4365,0,0,0,1.381469808340e-13,0,0.000000,0,sumfact,off,off,0,0,0,0,0,,,0.000,,,,,,,
jac_bare_n128,nid005994,hex8,jac_action,packed,packed,sumfact,affine,0.000000e+00,72,1024,128,2146689,2097152,8586756,0,0.0000,n/a,20,4.675364494e-03,1836.5961,14353.7181,448.5537,381.2706,0,0,0,-2.268767828771e-12,0,0.000000,0,sumfact,off,off,0,0,0,0,0,,,0.000,,,,,,,
jac_bare_n128,nid005994,hex8,jac_action,ecolor,ecolor,sumfact,affine,0.000000e+00,72,1024,128,2146689,2097152,8586756,0,0.0000,n/a,20,7.313811779e-03,1174.0466,9175.6345,286.7386,243.7278,0,0,0,-2.925569671502e-13,0,0.000000,0,sumfact,off,off,0,0,0,0,0,,,0.000,,,,,,,
jac_bare_n128,nid005994,hex8,jac_action,atomic,atomic,sumfact,affine,0.000000e+00,72,0,128,2146689,2097152,8586756,0,0.0000,n/a,20,9.473121166e-03,906.4337,7084.1344,221.3792,188.1723,0,0,0,-2.268767828771e-12,0,0.000000,0,sumfact,off,off,0,0,0,0,0,,,0.000,,,,,,,
residual_rc_n128,nid005994,hex8,residual,packed,packed,sumfact,affine,0.000000e+00,72,1024,128,2146689,2097152,8586756,0,0.0000,n/a,20,5.237853527e-03,1639.3654,12812.2834,400.3839,301.8894,0,0,0,1.366482339608e-13,1,1.000000,0,sumfact,on,off,0,0,0,0,0,,,0.000,,,,,,,
residual_rc_n128,nid005994,hex8,residual,ecolor,ecolor,sumfact,affine,0.000000e+00,72,1024,128,2146689,2097152,8586756,0,0.0000,n/a,20,7.908308506e-03,1085.7892,8485.8682,265.1834,199.9483,0,0,0,1.381327235754e-13,1,1.000000,0,sumfact,on,off,0,0,0,0,0,,,0.000,,,,,,,
residual_rc_n128,nid005994,hex8,residual,atomic,atomic,sumfact,affine,0.000000e+00,72,0,128,2146689,2097152,8586756,0,0.0000,n/a,20,9.924769402e-03,865.1844,6761.7555,211.3049,159.3239,0,0,0,1.381470350441e-13,1,1.000000,0,sumfact,on,off,0,0,0,0,0,,,0.000,,,,,,,
residual_rc_bnd_n128,nid005994,hex8,residual,packed,packed,sumfact,affine,0.000000e+00,72,1024,128,2146689,2097152,8586756,0,0.0000,n/a,20,5.737376213e-03,1496.6346,11696.7864,365.5246,275.6055,0,0,0,3.727500000000e+00,1,1.000000,1,sumfact,on,on,0,0,0,0,0,,,0.000,,,,,,,
residual_rc_bnd_n128,nid005994,hex8,residual,ecolor,ecolor,sumfact,affine,0.000000e+00,72,1024,128,2146689,2097152,8586756,0,0.0000,n/a,20,8.515179157e-03,1008.4058,7881.0866,246.2840,185.6981,0,0,0,3.727500000000e+00,1,1.000000,1,sumfact,on,on,0,0,0,0,0,,,0.000,,,,,,,
residual_rc_bnd_n128,nid005994,hex8,residual,atomic,atomic,sumfact,affine,0.000000e+00,72,0,128,2146689,2097152,8586756,0,0.0000,n/a,20,1.049149036e-02,818.4496,6396.5044,199.8908,150.7176,0,0,0,3.727500000000e+00,1,1.000000,1,sumfact,on,on,0,0,0,0,0,,,0.000,,,,,,,
residual_rc_bnd_dt_n128,nid005994,hex8,residual,packed,packed,sumfact,affine,0.000000e+00,72,1024,128,2146689,2097152,8586756,0,0.0000,n/a,20,6.547844410e-03,1311.3867,10249.0010,320.2813,241.4921,0,0,0,6.759412313613e+00,1,1.000000,1,sumfact,on,on,0,0,0,0,1,,,0.000,,,,,,,
residual_rc_bnd_dt_n128,nid005994,hex8,residual,ecolor,ecolor,sumfact,affine,0.000000e+00,72,1024,128,2146689,2097152,8586756,0,0.0000,n/a,20,9.076762199e-03,946.0153,7393.4805,231.0463,174.2089,0,0,0,6.759329548060e+00,1,1.000000,1,sumfact,on,on,0,0,0,0,1,,,0.000,,,,,,,
residual_rc_bnd_dt_n128,nid005994,hex8,residual,atomic,atomic,sumfact,affine,0.000000e+00,72,0,128,2146689,2097152,8586756,0,0.0000,n/a,20,1.106399298e-02,776.0992,6065.5194,189.5475,142.9188,0,0,0,6.759329548060e+00,1,1.000000,1,sumfact,on,on,0,0,0,0,1,,,0.000,,,,,,,
residual_rc_perapply_n128,nid005994,hex8,residual,packed,packed,sumfact,affine,0.000000e+00,72,1024,128,2146689,2097152,8586756,0,0.0000,n/a,20,6.422579288e-03,1336.9638,10448.8961,326.5280,246.2021,0,0,0,1.366482339608e-13,1,1.000000,0,sumfact,on,off,0,1,0,0,0,,,0.000,,,,,,,
residual_rc_perapply_n128,nid005994,hex8,residual,atomic,atomic,sumfact,affine,0.000000e+00,72,0,128,2146689,2097152,8586756,0,0.0000,n/a,20,1.488907337e-02,576.7153,4507.2559,140.8517,106.2022,0,0,0,1.381470350441e-13,1,1.000000,0,sumfact,on,off,0,1,0,0,0,,,0.000,,,,,,,
jac_rc_n128,nid005994,hex8,jac_action,packed,packed,sumfact,affine,0.000000e+00,72,1024,128,2146689,2097152,8586756,0,0.0000,n/a,20,9.761226177e-03,879.6801,6875.0445,214.8451,182.6184,0,0,0,-3.069362255678e-13,1,1.000000,0,sumfact,exact,off,1,0,0,0,0,2.500915200e-03,0.256209,0.000,,,,,,,
jac_rc_n128,nid005994,hex8,jac_action,ecolor,ecolor,sumfact,affine,0.000000e+00,72,1024,128,2146689,2097152,8586756,0,0.0000,n/a,20,2.013865709e-02,426.3818,3332.3406,104.1356,88.5153,0,0,0,7.779667752020e-13,1,1.000000,0,sumfact,exact,off,1,0,0,0,0,8.360806400e-03,0.415162,0.000,,,,,,,
jac_rc_n128,nid005994,hex8,jac_action,atomic,atomic,sumfact,affine,0.000000e+00,72,0,128,2146689,2097152,8586756,0,0.0000,n/a,20,2.542120218e-02,337.7793,2639.8777,82.4962,70.1218,0,0,0,-3.078244039875e-13,1,1.000000,0,sumfact,exact,off,1,0,0,0,0,1.559110400e-02,0.613311,0.000,,,,,,,
jac_rc_bnd_n128,nid005994,hex8,jac_action,packed,packed,sumfact,affine,0.000000e+00,72,1024,128,2146689,2097152,8586756,0,0.0000,n/a,20,1.054364443e-02,814.4011,6364.8641,198.9020,169.0667,0,0,0,5.048053297186e+00,1,1.000000,1,sumfact,exact,on,1,0,0,0,0,2.504972800e-03,0.237581,0.000,,,,,,,
jac_rc_bnd_n128,nid005994,hex8,jac_action,ecolor,ecolor,sumfact,affine,0.000000e+00,72,1024,128,2146689,2097152,8586756,0,0.0000,n/a,20,2.055799961e-02,417.6844,3264.3674,102.0115,86.7098,0,0,0,5.045353208780e+00,1,1.000000,1,sumfact,exact,on,1,0,0,0,0,8.448576000e-03,0.410963,0.000,,,,,,,
jac_rc_bnd_n128,nid005994,hex8,jac_action,atomic,atomic,sumfact,affine,0.000000e+00,72,0,128,2146689,2097152,8586756,0,0.0000,n/a,20,2.581356764e-02,332.6451,2599.7516,81.2422,69.0559,0,0,0,5.048053297186e+00,1,1.000000,1,sumfact,exact,on,1,0,0,0,0,1.491239680e-02,0.577696,0.000,,,,,,,
assemble_n128,nid005994,hex8,assemble,packed,packed,sumfact,affine,0.000000e+00,72,1024,128,2146689,2097152,8586756,57066625,6966.1407,f64,20,1.492021322e-01,57.5512,449.7849,14.0558,32.3845,0,0,0,-3.076235482948e-08,0,0.000000,0,sumfact,off,off,0,0,0,0,0,,,0.000,,,,,,,
assemble_n128,nid005994,hex8,assemble,atomic,atomic,sumfact,affine,0.000000e+00,72,0,128,2146689,2097152,8586756,57066625,6966.1407,f64,20,2.558153749e-01,33.5662,262.3332,8.1979,18.8880,0,0,0,-3.076550014682e-08,0,0.000000,0,sumfact,off,off,0,0,0,0,0,,,0.000,,,,,,,
assemble_n128,nid005994,hex8,assemble,colored,colored,sumfact,affine,0.000000e+00,72,1024,128,2146689,2097152,8586756,57066625,6966.1407,f64,20,8.240450621e-02,104.2025,814.3834,25.4495,58.6356,14,146,147,-3.076235482948e-08,0,0.000000,0,sumfact,off,off,0,0,0,0,0,,,0.000,,,,,,,
assemble_n128,nid005994,hex8,assemble,store,store,sumfact,affine,0.000000e+00,72,1024,128,2146689,2097152,8586756,57066625,6966.1407,f64,20,1.056053877e-01,81.3098,635.4682,19.8584,45.7537,0,0,0,-3.076235482948e-08,0,0.000000,0,sumfact,off,off,0,0,0,0,0,,,0.000,,,,,,,
assemble_diag_n128,nid005994,hex8,assemble_diag,atomic,atomic,sumfact,affine,0.000000e+00,72,0,128,2146689,2097152,8586756,0,0.0000,n/a,20,7.731788158e-02,111.0578,867.9605,27.1238,20.4513,0,0,0,1.651826180067e+03,0,0.000000,0,sumfact,off,off,0,0,0,0,0,,,0.000,,,,,,,
spmv_f64_n128,nid005994,hex8,bsr_apply,packed,n/a,n/a,affine,0.000000e+00,72,1024,128,2146689,2097152,8586756,57066625,6966.1407,f64,20,1.936335564e-02,443.4539,0.0000,0.0000,0.0000,0,0,0,-2.271657308876e-12,0,0.000000,0,n/a,off,off,0,0,0,0,0,,,0.000,,,,,,,
spmv_f32_n128,nid005994,hex8,bsr_apply,packed,n/a,n/a,affine,0.000000e+00,72,1024,128,2146689,2097152,8586756,57066625,3483.0704,f32,20,1.018378735e-02,843.1790,0.0000,0.0000,0.0000,0,0,0,4.661746579456e-05,0,0.000000,0,n/a,off,off,0,0,0,0,0,,,0.000,,,,,,,
residual_bare_n160,nid005994,hex8,residual,packed,packed,sumfact,affine,0.000000e+00,72,2048,160,4173281,4096000,16693124,0,0.0000,n/a,20,7.143354416e-03,2336.8747,18348.8026,573.4001,432.3437,0,0,0,-6.683819079797e-14,0,0.000000,0,sumfact,off,off,0,0,0,0,0,,,0.000,,,,,,,
residual_bare_n160,nid005994,hex8,residual,ecolor,ecolor,sumfact,affine,0.000000e+00,72,2048,160,4173281,4096000,16693124,0,0.0000,n/a,20,2.377694845e-02,702.0718,5512.5661,172.2677,129.8898,0,0,0,-6.929976341039e-14,0,0.000000,0,sumfact,off,off,0,0,0,0,0,,,0.000,,,,,,,
residual_bare_n160,nid005994,hex8,residual,atomic,atomic,sumfact,affine,0.000000e+00,72,0,160,4173281,4096000,16693124,0,0.0000,n/a,20,1.656240225e-02,1007.8927,7913.8278,247.3071,186.4696,0,0,0,-7.000232641816e-14,0,0.000000,0,sumfact,off,off,0,0,0,0,0,,,0.000,,,,,,,
jac_bare_n160,nid005994,hex8,jac_action,packed,packed,sumfact,affine,0.000000e+00,72,2048,160,4173281,4096000,16693124,0,0.0000,n/a,20,9.588825703e-03,1740.8935,13669.2442,427.1639,363.0893,0,0,0,7.483083570110e-13,0,0.000000,0,sumfact,off,off,0,0,0,0,0,,,0.000,,,,,,,
jac_bare_n160,nid005994,hex8,jac_action,ecolor,ecolor,sumfact,affine,0.000000e+00,72,2048,160,4173281,4096000,16693124,0,0.0000,n/a,20,3.165109158e-02,527.4107,4141.1526,129.4110,109.9994,0,0,0,5.436072422825e-12,0,0.000000,0,sumfact,off,off,0,0,0,0,0,,,0.000,,,,,,,
jac_bare_n160,nid005994,hex8,jac_action,atomic,atomic,sumfact,affine,0.000000e+00,72,0,160,4173281,4096000,16693124,0,0.0000,n/a,20,1.833124161e-02,910.6379,7150.1976,223.4437,189.9271,0,0,0,7.676817487907e-13,0,0.000000,0,sumfact,off,off,0,0,0,0,0,,,0.000,,,,,,,
residual_rc_n160,nid005994,hex8,residual,packed,packed,sumfact,affine,0.000000e+00,72,2048,160,4173281,4096000,16693124,0,0.0000,n/a,20,1.066128016e-02,1565.7711,12294.2084,384.1940,289.6823,0,0,0,-6.590924637659e-14,1,1.000000,0,sumfact,on,off,0,0,0,0,0,,,0.000,,,,,,,
residual_rc_n160,nid005994,hex8,residual,ecolor,ecolor,sumfact,affine,0.000000e+00,72,2048,160,4173281,4096000,16693124,0,0.0000,n/a,20,3.282461166e-02,508.5551,3993.1013,124.7844,94.0874,0,0,0,-6.929802868691e-14,1,1.000000,0,sumfact,on,off,0,0,0,0,0,,,0.000,,,,,,,
residual_rc_n160,nid005994,hex8,residual,atomic,atomic,sumfact,affine,0.000000e+00,72,0,160,4173281,4096000,16693124,0,0.0000,n/a,20,1.991677284e-02,838.1440,6580.9858,205.6558,155.0645,0,0,0,-7.109953901671e-14,1,1.000000,0,sumfact,on,off,0,0,0,0,0,,,0.000,,,,,,,
residual_rc_bnd_n160,nid005994,hex8,residual,packed,packed,sumfact,affine,0.000000e+00,72,2048,160,4173281,4096000,16693124,0,0.0000,n/a,20,1.172001362e-02,1424.3263,11183.6048,349.4876,263.5137,0,0,0,3.727500000000e+00,1,1.000000,1,sumfact,on,on,0,0,0,0,0,,,0.000,,,,,,,
residual_rc_bnd_n160,nid005994,hex8,residual,ecolor,ecolor,sumfact,affine,0.000000e+00,72,2048,160,4173281,4096000,16693124,0,0.0000,n/a,20,3.572949171e-02,467.2085,3668.4541,114.6392,86.4379,0,0,0,3.727500000000e+00,1,1.000000,1,sumfact,on,on,0,0,0,0,0,,,0.000,,,,,,,
residual_rc_bnd_n160,nid005994,hex8,residual,atomic,atomic,sumfact,affine,0.000000e+00,72,0,160,4173281,4096000,16693124,0,0.0000,n/a,20,2.093083858e-02,797.5373,6262.1476,195.6921,147.5519,0,0,0,3.727500000000e+00,1,1.000000,1,sumfact,on,on,0,0,0,0,0,,,0.000,,,,,,,
residual_rc_bnd_dt_n160,nid005994,hex8,residual,packed,packed,sumfact,affine,0.000000e+00,72,2048,160,4173281,4096000,16693124,0,0.0000,n/a,20,1.272466183e-02,1311.8717,10300.6274,321.8946,242.7085,0,0,0,6.759317416976e+00,1,1.000000,1,sumfact,on,on,0,0,0,0,1,,,0.000,,,,,,,
residual_rc_bnd_dt_n160,nid005994,hex8,residual,ecolor,ecolor,sumfact,affine,0.000000e+00,72,2048,160,4173281,4096000,16693124,0,0.0000,n/a,20,3.655695915e-02,456.6333,3585.4186,112.0443,84.4814,0,0,0,6.759324573300e+00,1,1.000000,1,sumfact,on,on,0,0,0,0,1,,,0.000,,,,,,,
residual_rc_bnd_dt_n160,nid005994,hex8,residual,atomic,atomic,sumfact,affine,0.000000e+00,72,0,160,4173281,4096000,16693124,0,0.0000,n/a,20,2.204793692e-02,757.1286,5944.8646,185.7770,140.0759,0,0,0,6.759324573300e+00,1,1.000000,1,sumfact,on,on,0,0,0,0,1,,,0.000,,,,,,,
residual_rc_perapply_n160,nid005994,hex8,residual,packed,packed,sumfact,affine,0.000000e+00,72,2048,160,4173281,4096000,16693124,0,0.0000,n/a,20,1.302781105e-02,1281.3453,10060.9381,314.4043,237.0609,0,0,0,-6.590924637659e-14,1,1.000000,0,sumfact,on,off,0,1,0,0,0,,,0.000,,,,,,,
residual_rc_perapply_n160,nid005994,hex8,residual,atomic,atomic,sumfact,affine,0.000000e+00,72,0,160,4173281,4096000,16693124,0,0.0000,n/a,20,2.998067141e-02,556.7962,4371.8834,136.6214,103.0125,0,0,0,-7.109953901671e-14,1,1.000000,0,sumfact,on,off,0,1,0,0,0,,,0.000,,,,,,,
jac_rc_n160,nid005994,hex8,jac_action,packed,packed,sumfact,affine,0.000000e+00,72,2048,160,4173281,4096000,16693124,0,0.0000,n/a,20,1.862772703e-02,896.1439,7036.3926,219.8873,186.9042,0,0,0,-5.547403831327e-13,1,1.000000,0,sumfact,exact,off,1,0,0,0,0,4.639513600e-03,0.249065,0.000,,,,,,,
jac_rc_n160,nid005994,hex8,jac_action,ecolor,ecolor,sumfact,affine,0.000000e+00,72,2048,160,4173281,4096000,16693124,0,0.0000,n/a,20,8.482526541e-02,196.7942,1545.2000,48.2875,41.0444,0,0,0,4.218664331171e-13,1,1.000000,0,sumfact,exact,off,1,0,0,0,0,4.080866560e-02,0.481091,0.000,,,,,,,
jac_rc_n160,nid005994,hex8,jac_action,atomic,atomic,sumfact,affine,0.000000e+00,72,0,160,4173281,4096000,16693124,0,0.0000,n/a,20,5.430661440e-02,307.3866,2413.5550,75.4236,64.1101,0,0,0,-5.591812752312e-13,1,1.000000,0,sumfact,exact,off,1,0,0,0,0,3.469614080e-02,0.638893,0.000,,,,,,,
jac_rc_bnd_n160,nid005994,hex8,jac_action,packed,packed,sumfact,affine,0.000000e+00,72,2048,160,4173281,4096000,16693124,0,0.0000,n/a,20,1.975603104e-02,844.9634,6634.5310,207.3291,176.2297,0,0,0,5.046148336219e+00,1,1.000000,1,sumfact,exact,on,1,0,0,0,0,4.917939200e-03,0.248934,0.000,,,,,,,
jac_rc_bnd_n160,nid005994,hex8,jac_action,ecolor,ecolor,sumfact,affine,0.000000e+00,72,2048,160,4173281,4096000,16693124,0,0.0000,n/a,20,8.904418945e-02,187.4701,1471.9882,45.9996,39.0997,0,0,0,5.041938959493e+00,1,1.000000,1,sumfact,exact,on,1,0,0,0,0,4.177653760e-02,0.469166,0.000,,,,,,,
jac_rc_bnd_n160,nid005994,hex8,jac_action,atomic,atomic,sumfact,affine,0.000000e+00,72,0,160,4173281,4096000,16693124,0,0.0000,n/a,20,4.989378452e-02,334.5732,2627.0206,82.0944,69.7802,0,0,0,5.046148336219e+00,1,1.000000,1,sumfact,exact,on,1,0,0,0,0,2.959130880e-02,0.593086,0.000,,,,,,,
assemble_n160,nid005994,hex8,assemble,packed,packed,sumfact,affine,0.000000e+00,72,2048,160,4173281,4096000,16693124,111284641,13584.5509,f64,20,3.257917285e-01,51.2386,402.3184,12.5724,28.9669,0,0,0,1.165429404451e-08,0,0.000000,0,sumfact,off,off,0,0,0,0,0,,,0.000,,,,,,,
assemble_n160,nid005994,hex8,assemble,atomic,atomic,sumfact,affine,0.000000e+00,72,0,160,4173281,4096000,16693124,111284641,13584.5509,f64,20,4.667950034e-01,35.7611,280.7914,8.7747,20.2170,0,0,0,1.164916721901e-08,0,0.000000,0,sumfact,off,off,0,0,0,0,0,,,0.000,,,,,,,
assemble_n160,nid005994,hex8,assemble,colored,colored,sumfact,affine,0.000000e+00,72,2048,160,4173281,4096000,16693124,111284641,13584.5509,f64,20,1.815784454e-01,91.9334,721.8478,22.5577,51.9730,20,99,101,1.165426806529e-08,0,0.000000,0,sumfact,off,off,0,0,0,0,0,,,0.000,,,,,,,
assemble_n160,nid005994,hex8,assemble,store,store,sumfact,affine,0.000000e+00,72,2048,160,4173281,4096000,16693124,111284641,13584.5509,f64,20,2.731871843e-01,61.1051,479.7882,14.9934,34.5448,0,0,0,1.165429404451e-08,0,0.000000,0,sumfact,off,off,0,0,0,0,0,,,0.000,,,,,,,
assemble_diag_n160,nid005994,hex8,assemble_diag,atomic,atomic,sumfact,affine,0.000000e+00,72,0,160,4173281,4096000,16693124,0,0.0000,n/a,20,1.489580870e-01,112.0659,879.9254,27.4977,20.7332,0,0,0,2.371982944015e+03,0,0.000000,0,sumfact,off,off,0,0,0,0,0,,,0.000,,,,,,,
spmv_f64_n160,nid005994,hex8,bsr_apply,packed,n/a,n/a,affine,0.000000e+00,72,2048,160,4173281,4096000,16693124,111284641,13584.5509,f64,20,3.713976145e-02,449.4677,0.0000,0.0000,0.0000,0,0,0,7.157881465282e-13,0,0.000000,0,n/a,off,off,0,0,0,0,0,,,0.000,,,,,,,
spmv_f32_n160,nid005994,hex8,bsr_apply,packed,n/a,n/a,affine,0.000000e+00,72,2048,160,4173281,4096000,16693124,111284641,6792.2755,f32,20,1.874729395e-02,890.4285,0.0000,0.0000,0.0000,0,0,0,4.118532892879e-05,0,0.000000,0,n/a,off,off,0,0,0,0,0,,,0.000,,,,,,,
residual_bare_n192,nid005994,hex8,residual,packed,packed,sumfact,affine,0.000000e+00,72,4096,192,7189057,7077888,28756228,0,0.0000,n/a,20,1.169964075e-02,2457.8727,19358.9206,604.9663,456.1446,0,0,0,-2.914920908814e-14,0,0.000000,0,sumfact,off,off,0,0,0,0,0,,,0.000,,,,,,,
residual_bare_n192,nid005994,hex8,residual,ecolor,ecolor,sumfact,affine,0.000000e+00,72,4096,192,7189057,7077888,28756228,0,0.0000,n/a,20,4.645593166e-02,619.0001,4875.4251,152.3570,114.8772,0,0,0,-1.949200349738e-14,0,0.000000,0,sumfact,off,off,0,0,0,0,0,,,0.000,,,,,,,
residual_bare_n192,nid005994,hex8,residual,atomic,atomic,sumfact,affine,0.000000e+00,72,0,192,7189057,7077888,28756228,0,0.0000,n/a,20,2.764995098e-02,1040.0101,8191.4220,255.9819,193.0104,0,0,0,-1.935149089582e-14,0,0.000000,0,sumfact,off,off,0,0,0,0,0,,,0.000,,,,,,,
jac_bare_n192,nid005994,hex8,jac_action,packed,packed,sumfact,affine,0.000000e+00,72,4096,192,7189057,7077888,28756228,0,0.0000,n/a,20,1.560331583e-02,1842.9562,14515.6593,453.6144,385.5722,0,0,0,2.572335378558e-11,0,0.000000,0,sumfact,off,off,0,0,0,0,0,,,0.000,,,,,,,
jac_bare_n192,nid005994,hex8,jac_action,ecolor,ecolor,sumfact,affine,0.000000e+00,72,4096,192,7189057,7077888,28756228,0,0.0000,n/a,20,5.773364305e-02,498.0844,3923.0578,122.5956,104.2062,0,0,0,4.849060801330e-11,0,0.000000,0,sumfact,off,off,0,0,0,0,0,,,0.000,,,,,,,
jac_bare_n192,nid005994,hex8,jac_action,atomic,atomic,sumfact,affine,0.000000e+00,72,0,192,7189057,7077888,28756228,0,0.0000,n/a,20,3.106770515e-02,925.5987,7290.2847,227.8214,193.6482,0,0,0,2.581528025201e-11,0,0.000000,0,sumfact,off,off,0,0,0,0,0,,,0.000,,,,,,,
residual_rc_n192,nid005994,hex8,residual,packed,packed,sumfact,affine,0.000000e+00,72,4096,192,7189057,7077888,28756228,0,0.0000,n/a,20,1.751019955e-02,1642.2559,12934.8849,404.2152,304.7782,0,0,0,-3.009289865907e-14,1,1.000000,0,sumfact,on,off,0,0,0,0,0,,,0.000,,,,,,,
residual_rc_n192,nid005994,hex8,residual,ecolor,ecolor,sumfact,affine,0.000000e+00,72,4096,192,7189057,7077888,28756228,0,0.0000,n/a,20,6.311328411e-02,455.6288,3588.6647,112.1458,84.5579,0,0,0,-1.899240313630e-14,1,1.000000,0,sumfact,on,off,0,0,0,0,0,,,0.000,,,,,,,
residual_rc_n192,nid005994,hex8,residual,atomic,atomic,sumfact,affine,0.000000e+00,72,0,192,7189057,7077888,28756228,0,0.0000,n/a,20,3.346662521e-02,859.2509,6767.7101,211.4909,159.4642,0,0,0,-2.201602615493e-14,1,1.000000,0,sumfact,on,off,0,0,0,0,0,,,0.000,,,,,,,
residual_rc_bnd_n192,nid005994,hex8,residual,packed,packed,sumfact,affine,0.000000e+00,72,4096,192,7189057,7077888,28756228,0,0.0000,n/a,20,1.898900270e-02,1514.3622,11927.5572,372.7362,281.0431,0,0,0,3.727500000000e+00,1,1.000000,1,sumfact,on,on,0,0,0,0,0,,,0.000,,,,,,,
residual_rc_bnd_n192,nid005994,hex8,residual,ecolor,ecolor,sumfact,affine,0.000000e+00,72,4096,192,7189057,7077888,28756228,0,0.0000,n/a,20,6.811299324e-02,422.1842,3325.2454,103.9139,78.3511,0,0,0,3.727500000000e+00,1,1.000000,1,sumfact,on,on,0,0,0,0,0,,,0.000,,,,,,,
residual_rc_bnd_n192,nid005994,hex8,residual,atomic,atomic,sumfact,affine,0.000000e+00,72,0,192,7189057,7077888,28756228,0,0.0000,n/a,20,3.466616869e-02,829.5185,6533.5289,204.1728,153.9463,0,0,0,3.727500000000e+00,1,1.000000,1,sumfact,on,on,0,0,0,0,0,,,0.000,,,,,,,
residual_rc_bnd_dt_n192,nid005994,hex8,residual,packed,packed,sumfact,affine,0.000000e+00,72,4096,192,7189057,7077888,28756228,0,0.0000,n/a,20,2.106664181e-02,1365.0124,10751.2350,335.9761,253.3260,0,0,0,6.759335709367e+00,1,1.000000,1,sumfact,on,on,0,0,0,0,1,,,0.000,,,,,,,
residual_rc_bnd_dt_n192,nid005994,hex8,residual,ecolor,ecolor,sumfact,affine,0.000000e+00,72,4096,192,7189057,7077888,28756228,0,0.0000,n/a,20,6.822890043e-02,421.4670,3319.5965,103.7374,78.2180,0,0,0,6.759309506134e+00,1,1.000000,1,sumfact,on,on,0,0,0,0,1,,,0.000,,,,,,,
residual_rc_bnd_dt_n192,nid005994,hex8,residual,atomic,atomic,sumfact,affine,0.000000e+00,72,0,192,7189057,7077888,28756228,0,0.0000,n/a,20,3.685083389e-02,780.3413,6146.1951,192.0686,144.8197,0,0,0,6.759309506134e+00,1,1.000000,1,sumfact,on,on,0,0,0,0,1,,,0.000,,,,,,,
residual_rc_perapply_n192,nid005994,hex8,residual,packed,packed,sumfact,affine,0.000000e+00,72,4096,192,7189057,7077888,28756228,0,0.0000,n/a,20,2.157627344e-02,1332.7708,10497.2908,328.0403,247.3424,0,0,0,-3.009289865907e-14,1,1.000000,0,sumfact,on,off,0,1,0,0,0,,,0.000,,,,,,,
residual_rc_perapply_n192,nid005994,hex8,residual,atomic,atomic,sumfact,affine,0.000000e+00,72,0,192,7189057,7077888,28756228,0,0.0000,n/a,20,4.958252907e-02,579.9669,4567.9884,142.7496,107.6332,0,0,0,-2.201602615493e-14,1,1.000000,0,sumfact,on,off,0,1,0,0,0,,,0.000,,,,,,,
jac_rc_n192,nid005994,hex8,jac_action,packed,packed,sumfact,affine,0.000000e+00,72,4096,192,7189057,7077888,28756228,0,0.0000,n/a,20,3.207670450e-02,896.4832,7060.9628,220.6551,187.5568,0,0,0,-3.003928248995e-13,1,1.000000,0,sumfact,exact,off,1,0,0,0,0,8.243507200e-03,0.256994,0.000,,,,,,,
jac_rc_n192,nid005994,hex8,jac_action,ecolor,ecolor,sumfact,affine,0.000000e+00,72,4096,192,7189057,7077888,28756228,0,0.0000,n/a,20,1.711008191e-01,168.0660,1323.7366,41.3668,35.1618,0,0,0,-1.781335363639e-12,1,1.000000,0,sumfact,exact,off,1,0,0,0,0,7.592657920e-02,0.443753,0.000,,,,,,,
jac_rc_n192,nid005994,hex8,jac_action,atomic,atomic,sumfact,affine,0.000000e+00,72,0,192,7189057,7077888,28756228,0,0.0000,n/a,20,8.440065384e-02,340.7110,2683.5386,83.8606,71.2815,0,0,0,-3.094966537014e-13,1,1.000000,0,sumfact,exact,off,1,0,0,0,0,5.036933120e-02,0.596788,0.000,,,,,,,
jac_rc_bnd_n192,nid005994,hex8,jac_action,packed,packed,sumfact,affine,0.000000e+00,72,4096,192,7189057,7077888,28756228,0,0.0000,n/a,20,3.355150223e-02,857.0772,6750.5894,210.9559,179.3125,0,0,0,5.049173453743e+00,1,1.000000,1,sumfact,exact,on,1,0,0,0,0,8.009113600e-03,0.238711,0.000,,,,,,,
jac_rc_bnd_n192,nid005994,hex8,jac_action,ecolor,ecolor,sumfact,affine,0.000000e+00,72,4096,192,7189057,7077888,28756228,0,0.0000,n/a,20,1.568314791e-01,183.3575,1444.1770,45.1305,38.3610,0,0,0,5.049423490534e+00,1,1.000000,1,sumfact,exact,on,1,0,0,0,0,7.461628160e-02,0.475774,0.000,,,,,,,
jac_rc_bnd_n192,nid005994,hex8,jac_action,atomic,atomic,sumfact,affine,0.000000e+00,72,0,192,7189057,7077888,28756228,0,0.0000,n/a,20,8.601542711e-02,334.3148,2633.1604,82.2863,69.9433,0,0,0,5.049173453743e+00,1,1.000000,1,sumfact,exact,on,1,0,0,0,0,5.093719040e-02,0.592187,0.000,,,,,,,
assemble_n192,nid005994,hex8,assemble,packed,packed,sumfact,affine,0.000000e+00,72,4096,192,7189057,7077888,28756228,192100033,23449.7111,f64,20,5.187959313e-01,55.4288,436.5732,13.6429,31.4333,0,0,0,2.592910685214e-09,0,0.000000,0,sumfact,off,off,0,0,0,0,0,,,0.000,,,,,,,
assemble_n192,nid005994,hex8,assemble,atomic,atomic,sumfact,affine,0.000000e+00,72,0,192,7189057,7077888,28756228,192100033,23449.7111,f64,20,8.088801384e-01,35.5507,280.0074,8.7502,20.1605,0,0,0,2.591519757908e-09,0,0.000000,0,sumfact,off,off,0,0,0,0,0,,,0.000,,,,,,,
assemble_n192,nid005994,hex8,assemble,colored,colored,sumfact,affine,0.000000e+00,72,4096,192,7189057,7077888,28756228,192100033,23449.7111,f64,20,3.080734611e-01,93.3421,735.1896,22.9747,52.9337,19,90,91,2.592891644889e-09,0,0.000000,0,sumfact,off,off,0,0,0,0,0,,,0.000,,,,,,,
assemble_n192,nid005994,hex8,assemble,store,store,sumfact,affine,0.000000e+00,72,4096,192,7189057,7077888,28756228,192100033,23449.7111,f64,20,4.037395120e-01,71.2247,560.9865,17.5308,40.3910,0,0,0,2.592910685214e-09,0,0.000000,0,sumfact,off,off,0,0,0,0,0,,,0.000,,,,,,,
assemble_diag_n192,nid005994,hex8,assemble_diag,atomic,atomic,sumfact,affine,0.000000e+00,72,0,192,7189057,7077888,28756228,0,0.0000,n/a,20,2.612846732e-01,110.0571,866.8416,27.0888,20.4250,0,0,0,3.215019675301e+03,0,0.000000,0,sumfact,off,off,0,0,0,0,0,,,0.000,,,,,,,
spmv_f64_n192,nid005994,hex8,bsr_apply,packed,n/a,n/a,affine,0.000000e+00,72,4096,192,7189057,7077888,28756228,192100033,23449.7111,f64,20,6.594128609e-02,436.0884,0.0000,0.0000,0.0000,0,0,0,2.533862061957e-11,0,0.000000,0,n/a,off,off,0,0,0,0,0,,,0.000,,,,,,,
spmv_f32_n192,nid005994,hex8,bsr_apply,packed,n/a,n/a,affine,0.000000e+00,72,4096,192,7189057,7077888,28756228,192100033,11724.8555,f32,20,3.249065876e-02,885.0614,0.0000,0.0000,0.0000,0,0,0,-8.660309578814e-06,0,0.000000,0,n/a,off,off,0,0,0,0,0,,,0.000,,,,,,,
spmv_f32_n64,nid005994,hex8,bsr_apply,packed,n/a,n/a,affine,0.000000e+00,72,128,64,274625,262144,1098500,7189057,438.7852,f32,20,1.095223427e-03,1002.9917,0.0000,0.0000,0.0000,0,0,0,1.266337291522e-05,0,0.000000,0,n/a,off,off,0,0,0,0,0,,,0.000,,,,,,,
spmv_f64_n64,nid005994,hex8,bsr_apply,packed,n/a,n/a,affine,0.000000e+00,72,128,64,274625,262144,1098500,7189057,877.5704,f64,20,2.334630489e-03,470.5241,0.0000,0.0000,0.0000,0,0,0,-1.151445421215e-12,0,0.000000,0,n/a,off,off,0,0,0,0,0,,,0.000,,,,,,,
assemble_diag_n64,nid005994,hex8,assemble_diag,atomic,atomic,sumfact,affine,0.000000e+00,72,0,64,274625,262144,1098500,0,0.0000,n/a,20,1.085636616e-02,101.1849,772.6902,24.1466,18.2065,0,0,0,5.801523603040e+02,0,0.000000,0,sumfact,off,off,0,0,0,0,0,,,0.000,,,,,,,
assemble_n64,nid005994,hex8,assemble,store,store,sumfact,affine,0.000000e+00,72,128,64,274625,262144,1098500,7189057,877.5704,f64,20,9.568142891e-03,114.8081,876.7227,27.3976,63.1240,0,0,0,2.702547346339e-10,0,0.000000,0,sumfact,off,off,0,0,0,0,0,,,0.000,,,,,,,
assemble_n64,nid005994,hex8,assemble,colored,colored,sumfact,affine,0.000000e+00,72,128,64,274625,262144,1098500,7189057,877.5704,f64,20,1.212053299e-02,90.6313,692.0989,21.6281,49.8311,14,146,147,2.702547346339e-10,0,0.000000,0,sumfact,off,off,0,0,0,0,0,,,0.000,,,,,,,
assemble_n64,nid005994,hex8,assemble,atomic,atomic,sumfact,affine,0.000000e+00,72,0,64,274625,262144,1098500,7189057,877.5704,f64,20,2.940443754e-02,37.3583,285.2837,8.9151,20.5404,0,0,0,2.702932316173e-10,0,0.000000,0,sumfact,off,off,0,0,0,0,0,,,0.000,,,,,,,
assemble_n64,nid005994,hex8,assemble,packed,packed,sumfact,affine,0.000000e+00,72,128,64,274625,262144,1098500,7189057,877.5704,f64,20,1.356921196e-02,80.9553,618.2089,19.3190,44.5110,0,0,0,2.702547346339e-10,0,0.000000,0,sumfact,off,off,0,0,0,0,0,,,0.000,,,,,,,
jac_rc_bnd_n64,nid005994,hex8,jac_action,atomic,atomic,sumfact,affine,0.000000e+00,72,0,64,274625,262144,1098500,0,0.0000,n/a,20,3.131902218e-03,350.7453,2678.4387,83.7012,71.1460,0,0,0,5.047023127365e+00,1,1.000000,1,sumfact,exact,on,1,0,0,0,0,1.693440000e-03,0.540707,0.000,,,,,,,
jac_rc_bnd_n64,nid005994,hex8,jac_action,ecolor,ecolor,sumfact,affine,0.000000e+00,72,128,64,274625,262144,1098500,0,0.0000,n/a,20,1.533114910e-03,716.5151,5471.6107,170.9878,145.3397,0,0,0,5.044934535980e+00,1,1.000000,1,sumfact,exact,on,1,0,0,0,0,4.713728000e-04,0.307461,0.000,,,,,,,
jac_rc_bnd_n64,nid005994,hex8,jac_action,packed,packed,sumfact,affine,0.000000e+00,72,128,64,274625,262144,1098500,0,0.0000,n/a,20,1.023137569e-03,1073.6582,8198.9053,256.2158,217.7834,0,0,0,5.047023127365e+00,1,1.000000,1,sumfact,exact,on,1,0,0,0,0,2.197504000e-04,0.214781,0.000,,,,,,,
jac_rc_n64,nid005994,hex8,jac_action,atomic,atomic,sumfact,affine,0.000000e+00,72,0,64,274625,262144,1098500,0,0.0000,n/a,20,2.851963043e-03,385.1733,2941.3453,91.9170,78.1295,0,0,0,2.991632007225e-13,1,1.000000,0,sumfact,exact,off,1,0,0,0,0,1.606284800e-03,0.563221,0.000,,,,,,,
jac_rc_n64,nid005994,hex8,jac_action,ecolor,ecolor,sumfact,affine,0.000000e+00,72,128,64,274625,262144,1098500,0,0.0000,n/a,20,1.526498795e-03,719.6206,5495.3257,171.7289,145.9696,0,0,0,-6.895899866757e-14,1,1.000000,0,sumfact,exact,off,1,0,0,0,0,4.462208000e-04,0.292317,0.000,,,,,,,
jac_rc_n64,nid005994,hex8,jac_action,packed,packed,sumfact,affine,0.000000e+00,72,128,64,274625,262144,1098500,0,0.0000,n/a,20,9.473800659e-04,1159.5135,8854.5329,276.7042,235.1985,0,0,0,3.033959260039e-13,1,1.000000,0,sumfact,exact,off,1,0,0,0,0,2.153728000e-04,0.227335,0.000,,,,,,,
residual_rc_perapply_n64,nid005994,hex8,residual,atomic,atomic,sumfact,affine,0.000000e+00,72,0,64,274625,262144,1098500,0,0.0000,n/a,20,1.935434341e-03,567.5729,4334.2250,135.4445,102.1252,0,0,0,-1.256492739715e-14,1,1.000000,0,sumfact,on,off,0,1,0,0,0,,,0.000,,,,,,,
residual_rc_perapply_n64,nid005994,hex8,residual,packed,packed,sumfact,affine,0.000000e+00,72,128,64,274625,262144,1098500,0,0.0000,n/a,20,8.906483650e-04,1233.3712,9418.5408,294.3294,221.9244,0,0,0,-1.282860536550e-14,1,1.000000,0,sumfact,on,off,0,1,0,0,0,,,0.000,,,,,,,
residual_rc_bnd_dt_n64,nid005994,hex8,residual,atomic,atomic,sumfact,affine,0.000000e+00,72,0,64,274625,262144,1098500,0,0.0000,n/a,20,1.295268536e-03,848.0867,6476.3466,202.3858,152.5989,0,0,0,6.759448953731e+00,1,1.000000,1,sumfact,on,on,0,0,0,0,1,,,0.000,,,,,,,
residual_rc_bnd_dt_n64,nid005994,hex8,residual,ecolor,ecolor,sumfact,affine,0.000000e+00,72,128,64,274625,262144,1098500,0,0.0000,n/a,20,7.801294327e-04,1408.0997,10752.8413,336.0263,253.3638,0,0,0,6.759448953731e+00,1,1.000000,1,sumfact,on,on,0,0,0,0,1,,,0.000,,,,,,,
residual_rc_bnd_dt_n64,nid005994,hex8,residual,packed,packed,sumfact,affine,0.000000e+00,72,128,64,274625,262144,1098500,0,0.0000,n/a,20,6.229400635e-04,1763.4120,13466.1559,420.8174,317.2963,0,0,0,6.759042994895e+00,1,1.000000,1,sumfact,on,on,0,0,0,0,1,,,0.000,,,,,,,
residual_rc_bnd_n64,nid005994,hex8,residual,atomic,atomic,sumfact,affine,0.000000e+00,72,0,64,274625,262144,1098500,0,0.0000,n/a,20,1.269400120e-03,865.3694,6608.3246,206.5101,155.7086,0,0,0,3.727500000000e+00,1,1.000000,1,sumfact,on,on,0,0,0,0,0,,,0.000,,,,,,,
residual_rc_bnd_n64,nid005994,hex8,residual,ecolor,ecolor,sumfact,affine,0.000000e+00,72,128,64,274625,262144,1098500,0,0.0000,n/a,20,7.591366768e-04,1447.0385,11050.1946,345.3186,260.3702,0,0,0,3.727500000000e+00,1,1.000000,1,sumfact,on,on,0,0,0,0,0,,,0.000,,,,,,,
residual_rc_bnd_n64,nid005994,hex8,residual,packed,packed,sumfact,affine,0.000000e+00,72,128,64,274625,262144,1098500,0,0.0000,n/a,20,6.000757217e-04,1830.6023,13979.2491,436.8515,329.3861,0,0,0,3.727500000000e+00,1,1.000000,1,sumfact,on,on,0,0,0,0,0,,,0.000,,,,,,,
residual_rc_n64,nid005994,hex8,residual,atomic,atomic,sumfact,affine,0.000000e+00,72,0,64,274625,262144,1098500,0,0.0000,n/a,20,1.181232929e-03,929.9605,7101.5697,221.9241,167.3307,0,0,0,-1.256492739715e-14,1,1.000000,0,sumfact,on,off,0,0,0,0,0,,,0.000,,,,,,,
residual_rc_n64,nid005994,hex8,residual,ecolor,ecolor,sumfact,affine,0.000000e+00,72,128,64,274625,262144,1098500,0,0.0000,n/a,20,6.966352463e-04,1576.8654,12041.6072,376.3002,283.7304,0,0,0,-1.256666212063e-14,1,1.000000,0,sumfact,on,off,0,0,0,0,0,,,0.000,,,,,,,
residual_rc_n64,nid005994,hex8,residual,packed,packed,sumfact,affine,0.000000e+00,72,128,64,274625,262144,1098500,0,0.0000,n/a,20,5.659818649e-04,1940.8749,14821.3371,463.1668,349.2278,0,0,0,-1.282860536550e-14,1,1.000000,0,sumfact,on,off,0,0,0,0,0,,,0.000,,,,,,,
jac_bare_n64,nid005994,hex8,jac_action,atomic,atomic,sumfact,affine,0.000000e+00,72,0,64,274625,262144,1098500,0,0.0000,n/a,20,1.239705086e-03,886.0978,6766.6158,211.4567,179.7382,0,0,0,-1.151479248323e-12,0,0.000000,0,sumfact,off,off,0,0,0,0,0,,,0.000,,,,,,,
jac_bare_n64,nid005994,hex8,jac_action,ecolor,ecolor,sumfact,affine,0.000000e+00,72,128,64,274625,262144,1098500,0,0.0000,n/a,20,5.879282951e-04,1868.4251,14268.0801,445.8775,378.9959,0,0,0,-2.097774373915e-12,0,0.000000,0,sumfact,off,off,0,0,0,0,0,,,0.000,,,,,,,
jac_bare_n64,nid005994,hex8,jac_action,packed,packed,sumfact,affine,0.000000e+00,72,128,64,274625,262144,1098500,0,0.0000,n/a,20,5.070805550e-04,2166.3225,16542.9495,516.9672,439.4221,0,0,0,-1.151812315230e-12,0,0.000000,0,sumfact,off,off,0,0,0,0,0,,,0.000,,,,,,,
residual_bare_n64,nid005994,hex8,residual,atomic,atomic,sumfact,affine,0.000000e+00,72,0,64,274625,262144,1098500,0,0.0000,n/a,20,1.026105881e-03,1070.5523,8175.1875,255.4746,192.6279,0,0,0,-1.254020758762e-14,0,0.000000,0,sumfact,off,off,0,0,0,0,0,,,0.000,,,,,,,
residual_bare_n64,nid005994,hex8,residual,ecolor,ecolor,sumfact,affine,0.000000e+00,72,128,64,274625,262144,1098500,0,0.0000,n/a,20,5.200505257e-04,2112.2948,16130.3712,504.0741,380.0719,0,0,0,-1.251418673548e-14,0,0.000000,0,sumfact,off,off,0,0,0,0,0,,,0.000,,,,,,,
residual_bare_n64,nid005994,hex8,residual,packed,packed,sumfact,affine,0.000000e+00,72,128,64,274625,262144,1098500,0,0.0000,n/a,20,3.741145134e-04,2936.2667,22422.5677,700.7052,528.3318,0,0,0,-1.235979634612e-14,0,0.000000,0,sumfact,off,off,0,0,0,0,0,,,0.000,,,,,,,
spmv_f32_n96,nid005994,hex8,bsr_apply,packed,n/a,n/a,affine,0.000000e+00,72,512,96,912673,884736,3650692,24137569,1473.2403,f32,20,4.225504398e-03,863.9660,0.0000,0.0000,0.0000,0,0,0,-1.159811748818e-06,0,0.000000,0,n/a,off,off,0,0,0,0,0,,,0.000,,,,,,,
spmv_f64_n96,nid005994,hex8,bsr_apply,packed,n/a,n/a,affine,0.000000e+00,72,512,96,912673,884736,3650692,24137569,2946.4806,f64,20,8.220434189e-03,444.0997,0.0000,0.0000,0.0000,0,0,0,-2.227890574390e-12,0,0.000000,0,n/a,off,off,0,0,0,0,0,,,0.000,,,,,,,
assemble_diag_n96,nid005994,hex8,assemble_diag,atomic,atomic,sumfact,affine,0.000000e+00,72,0,96,912673,884736,3650692,0,0.0000,n/a,20,3.387354612e-02,107.7741,835.8012,26.1188,19.6936,0,0,0,1.054549351220e+03,0,0.000000,0,sumfact,off,off,0,0,0,0,0,,,0.000,,,,,,,
assemble_n96,nid005994,hex8,assemble,store,store,sumfact,affine,0.000000e+00,72,512,96,912673,884736,3650692,24137569,2946.4806,f64,20,4.233869314e-02,86.2259,668.6922,20.8966,48.1458,0,0,0,7.386596588159e-11,0,0.000000,0,sumfact,off,off,0,0,0,0,0,,,0.000,,,,,,,
assemble_n96,nid005994,hex8,assemble,colored,colored,sumfact,affine,0.000000e+00,72,512,96,912673,884736,3650692,24137569,2946.4806,f64,20,3.960568905e-02,92.1759,714.8355,22.3386,51.4682,19,90,91,7.389472065792e-11,0,0.000000,0,sumfact,off,off,0,0,0,0,0,,,0.000,,,,,,,
assemble_n96,nid005994,hex8,assemble,atomic,atomic,sumfact,affine,0.000000e+00,72,0,96,912673,884736,3650692,24137569,2946.4806,f64,20,9.565315247e-02,38.1659,295.9814,9.2494,21.3107,0,0,0,7.342422201788e-11,0,0.000000,0,sumfact,off,off,0,0,0,0,0,,,0.000,,,,,,,
assemble_n96,nid005994,hex8,assemble,packed,packed,sumfact,affine,0.000000e+00,72,512,96,912673,884736,3650692,24137569,2946.4806,f64,20,6.009235382e-02,60.7514,471.1340,14.7229,33.9216,0,0,0,7.386596588159e-11,0,0.000000,0,sumfact,off,off,0,0,0,0,0,,,0.000,,,,,,,
jac_rc_bnd_n96,nid005994,hex8,jac_action,atomic,atomic,sumfact,affine,0.000000e+00,72,0,96,912673,884736,3650692,0,0.0000,n/a,20,9.510099888e-03,383.8753,2976.9984,93.0312,79.0765,0,0,0,5.047058237368e+00,1,1.000000,1,sumfact,exact,on,1,0,0,0,0,4.393804800e-03,0.462015,0.000,,,,,,,
jac_rc_bnd_n96,nid005994,hex8,jac_action,ecolor,ecolor,sumfact,affine,0.000000e+00,72,512,96,912673,884736,3650692,0,0.0000,n/a,20,8.075571060e-03,452.0661,3505.8266,109.5571,93.1235,0,0,0,5.043879373204e+00,1,1.000000,1,sumfact,exact,on,1,0,0,0,0,2.973644800e-03,0.368227,0.000,,,,,,,
jac_rc_bnd_n96,nid005994,hex8,jac_action,packed,packed,sumfact,affine,0.000000e+00,72,512,96,912673,884736,3650692,0,0.0000,n/a,20,4.181659222e-03,873.0248,6770.4111,211.5753,179.8390,0,0,0,5.047058237368e+00,1,1.000000,1,sumfact,exact,on,1,0,0,0,0,1.345779200e-03,0.321829,0.000,,,,,,,
jac_rc_n96,nid005994,hex8,jac_action,atomic,atomic,sumfact,affine,0.000000e+00,72,0,96,912673,884736,3650692,0,0.0000,n/a,20,9.306645393e-03,392.2672,3042.0792,95.0650,80.8052,0,0,0,2.773607352905e-13,1,1.000000,0,sumfact,exact,off,1,0,0,0,0,4.538841600e-03,0.487699,0.000,,,,,,,
jac_rc_n96,nid005994,hex8,jac_action,ecolor,ecolor,sumfact,affine,0.000000e+00,72,512,96,912673,884736,3650692,0,0.0000,n/a,20,7.162964344e-03,509.6622,3952.4910,123.5153,104.9880,0,0,0,5.559625297028e-13,1,1.000000,0,sumfact,exact,off,1,0,0,0,0,2.818022400e-03,0.393416,0.000,,,,,,,
jac_rc_n96,nid005994,hex8,jac_action,packed,packed,sumfact,affine,0.000000e+00,72,512,96,912673,884736,3650692,0,0.0000,n/a,20,4.169476032e-03,875.5757,6790.1942,212.1936,180.3645,0,0,0,2.763892901440e-13,1,1.000000,0,sumfact,exact,off,1,0,0,0,0,1.143833600e-03,0.274335,0.000,,,,,,,
residual_rc_perapply_n96,nid005994,hex8,residual,atomic,atomic,sumfact,affine,0.000000e+00,72,0,96,912673,884736,3650692,0,0.0000,n/a,20,6.328678131e-03,576.8491,4473.5332,139.7979,105.4076,0,0,0,1.025453593567e-13,1,1.000000,0,sumfact,on,off,0,1,0,0,0,,,0.000,,,,,,,
residual_rc_perapply_n96,nid005994,hex8,residual,packed,packed,sumfact,affine,0.000000e+00,72,512,96,912673,884736,3650692,0,0.0000,n/a,20,2.318942547e-03,1574.2917,12208.8199,381.5256,287.6703,0,0,0,1.003804244587e-13,1,1.000000,0,sumfact,on,off,0,1,0,0,0,,,0.000,,,,,,,
residual_rc_bnd_dt_n96,nid005994,hex8,residual,atomic,atomic,sumfact,affine,0.000000e+00,72,0,96,912673,884736,3650692,0,0.0000,n/a,20,4.350817204e-03,839.0819,6507.1803,203.3494,153.3254,0,0,0,6.759287405709e+00,1,1.000000,1,sumfact,on,on,0,0,0,0,1,,,0.000,,,,,,,
residual_rc_bnd_dt_n96,nid005994,hex8,residual,ecolor,ecolor,sumfact,affine,0.000000e+00,72,512,96,912673,884736,3650692,0,0.0000,n/a,20,3.718841076e-03,981.6746,7613.0040,237.9064,179.3814,0,0,0,6.759287405709e+00,1,1.000000,1,sumfact,on,on,0,0,0,0,1,,,0.000,,,,,,,
residual_rc_bnd_dt_n96,nid005994,hex8,residual,packed,packed,sumfact,affine,0.000000e+00,72,512,96,912673,884736,3650692,0,0.0000,n/a,20,2.277219296e-03,1603.1359,12432.5101,388.5159,292.9410,0,0,0,6.759195490287e+00,1,1.000000,1,sumfact,on,on,0,0,0,0,1,,,0.000,,,,,,,
residual_rc_bnd_n96,nid005994,hex8,residual,atomic,atomic,sumfact,affine,0.000000e+00,72,0,96,912673,884736,3650692,0,0.0000,n/a,20,4.819178581e-03,757.5341,5874.7671,183.5865,138.4242,0,0,0,3.727500000000e+00,1,1.000000,1,sumfact,on,on,0,0,0,0,0,,,0.000,,,,,,,
residual_rc_bnd_n96,nid005994,hex8,residual,ecolor,ecolor,sumfact,affine,0.000000e+00,72,512,96,912673,884736,3650692,0,0.0000,n/a,20,3.447806835e-03,1058.8447,8211.4670,256.6083,193.4827,0,0,0,3.727500000000e+00,1,1.000000,1,sumfact,on,on,0,0,0,0,0,,,0.000,,,,,,,
residual_rc_bnd_n96,nid005994,hex8,residual,packed,packed,sumfact,affine,0.000000e+00,72,512,96,912673,884736,3650692,0,0.0000,n/a,20,2.407991886e-03,1516.0732,11757.3287,367.4165,277.0321,0,0,0,3.727500000000e+00,1,1.000000,1,sumfact,on,on,0,0,0,0,0,,,0.000,,,,,,,
residual_rc_n96,nid005994,hex8,residual,atomic,atomic,sumfact,affine,0.000000e+00,72,0,96,912673,884736,3650692,0,0.0000,n/a,20,4.266655445e-03,855.6332,6635.5375,207.3605,156.3499,0,0,0,1.025453593567e-13,1,1.000000,0,sumfact,on,off,0,0,0,0,0,,,0.000,,,,,,,
residual_rc_n96,nid005994,hex8,residual,ecolor,ecolor,sumfact,affine,0.000000e+00,72,512,96,912673,884736,3650692,0,0.0000,n/a,20,3.130042553e-03,1166.3394,9045.1013,282.6594,213.1252,0,0,0,1.043078384083e-13,1,1.000000,0,sumfact,on,off,0,0,0,0,0,,,0.000,,,,,,,
residual_rc_n96,nid005994,hex8,residual,packed,packed,sumfact,affine,0.000000e+00,72,512,96,912673,884736,3650692,0,0.0000,n/a,20,2.112495899e-03,1728.1416,13401.9441,418.8108,315.7833,0,0,0,1.003804244587e-13,1,1.000000,0,sumfact,on,off,0,0,0,0,0,,,0.000,,,,,,,
jac_bare_n96,nid005994,hex8,jac_action,atomic,atomic,sumfact,affine,0.000000e+00,72,0,96,912673,884736,3650692,0,0.0000,n/a,20,3.957402706e-03,922.4970,7154.0740,223.5648,190.0301,0,0,0,-1.948041947479e-12,0,0.000000,0,sumfact,off,off,0,0,0,0,0,,,0.000,,,,,,,
jac_bare_n96,nid005994,hex8,jac_action,ecolor,ecolor,sumfact,affine,0.000000e+00,72,512,96,912673,884736,3650692,0,0.0000,n/a,20,2.730321884e-03,1337.0922,10369.3093,324.0409,275.4348,0,0,0,-3.581897758541e-12,0,0.000000,0,sumfact,off,off,0,0,0,0,0,,,0.000,,,,,,,
jac_bare_n96,nid005994,hex8,jac_action,packed,packed,sumfact,affine,0.000000e+00,72,512,96,912673,884736,3650692,0,0.0000,n/a,20,1.886594296e-03,1935.0700,15006.6986,468.9593,398.6154,0,0,0,-2.009048702682e-12,0,0.000000,0,sumfact,off,off,0,0,0,0,0,,,0.000,,,,,,,
residual_bare_n96,nid005994,hex8,residual,atomic,atomic,sumfact,affine,0.000000e+00,72,0,96,912673,884736,3650692,0,0.0000,n/a,20,3.468334675e-03,1052.5778,8162.8662,255.0896,192.3375,0,0,0,9.868744276637e-14,0,0.000000,0,sumfact,off,off,0,0,0,0,0,,,0.000,,,,,,,
residual_bare_n96,nid005994,hex8,residual,ecolor,ecolor,sumfact,affine,0.000000e+00,72,512,96,912673,884736,3650692,0,0.0000,n/a,20,2.225363255e-03,1640.4926,12722.2160,397.5692,299.7672,0,0,0,1.006580886351e-13,0,0.000000,0,sumfact,off,off,0,0,0,0,0,,,0.000,,,,,,,
residual_bare_n96,nid005994,hex8,residual,packed,packed,sumfact,affine,0.000000e+00,72,512,96,912673,884736,3650692,0,0.0000,n/a,20,1.226150990e-03,2977.3593,23089.7763,721.5555,544.0529,0,0,0,9.553718493399e-14,0,0.000000,0,sumfact,off,off,0,0,0,0,0,,,0.000,,,,,,,
spmv_f32_n128,nid005994,hex8,bsr_apply,packed,n/a,n/a,affine,0.000000e+00,72,1024,128,2146689,2097152,8586756,57066625,3483.0704,f32,20,1.024527550e-02,838.1186,0.0000,0.0000,0.0000,0,0,0,4.661746579456e-05,0,0.000000,0,n/a,off,off,0,0,0,0,0,,,0.000,,,,,,,
spmv_f64_n128,nid005994,hex8,bsr_apply,packed,n/a,n/a,affine,0.000000e+00,72,1024,128,2146689,2097152,8586756,57066625,6966.1407,f64,20,1.928546429e-02,445.2450,0.0000,0.0000,0.0000,0,0,0,-2.271657308876e-12,0,0.000000,0,n/a,off,off,0,0,0,0,0,,,0.000,,,,,,,
assemble_diag_n128,nid005994,hex8,assemble_diag,atomic,atomic,sumfact,affine,0.000000e+00,72,0,128,2146689,2097152,8586756,0,0.0000,n/a,20,7.768710852e-02,110.5300,863.8353,26.9949,20.3541,0,0,0,1.651826180067e+03,0,0.000000,0,sumfact,off,off,0,0,0,0,0,,,0.000,,,,,,,
assemble_n128,nid005994,hex8,assemble,store,store,sumfact,affine,0.000000e+00,72,1024,128,2146689,2097152,8586756,57066625,6966.1407,f64,20,1.470323801e-01,58.4004,456.4223,14.2632,32.8624,0,0,0,-3.076235482948e-08,0,0.000000,0,sumfact,off,off,0,0,0,0,0,,,0.000,,,,,,,
assemble_n128,nid005994,hex8,assemble,colored,colored,sumfact,affine,0.000000e+00,72,1024,128,2146689,2097152,8586756,57066625,6966.1407,f64,20,8.247979879e-02,104.1074,813.6400,25.4263,58.5821,14,146,147,-3.076235482948e-08,0,0.000000,0,sumfact,off,off,0,0,0,0,0,,,0.000,,,,,,,
assemble_n128,nid005994,hex8,assemble,atomic,atomic,sumfact,affine,0.000000e+00,72,0,128,2146689,2097152,8586756,57066625,6966.1407,f64,20,2.542122722e-01,33.7779,263.9875,8.2496,19.0071,0,0,0,-3.076550014682e-08,0,0.000000,0,sumfact,off,off,0,0,0,0,0,,,0.000,,,,,,,
assemble_n128,nid005994,hex8,assemble,packed,packed,sumfact,affine,0.000000e+00,72,1024,128,2146689,2097152,8586756,57066625,6966.1407,f64,20,1.486014605e-01,57.7838,451.6030,14.1126,32.5154,0,0,0,-3.076235482948e-08,0,0.000000,0,sumfact,off,off,0,0,0,0,0,,,0.000,,,,,,,
jac_rc_bnd_n128,nid005994,hex8,jac_action,atomic,atomic,sumfact,affine,0.000000e+00,72,0,128,2146689,2097152,8586756,0,0.0000,n/a,20,2.599889040e-02,330.2739,2581.2203,80.6631,68.5637,0,0,0,5.048053297186e+00,1,1.000000,1,sumfact,exact,on,1,0,0,0,0,1.525578240e-02,0.586786,0.000,,,,,,,
jac_rc_bnd_n128,nid005994,hex8,jac_action,ecolor,ecolor,sumfact,affine,0.000000e+00,72,1024,128,2146689,2097152,8586756,0,0.0000,n/a,20,2.116888762e-02,405.6310,3170.1649,99.0677,84.2075,0,0,0,5.045353208780e+00,1,1.000000,1,sumfact,exact,on,1,0,0,0,0,8.943232000e-03,0.422471,0.000,,,,,,,
jac_rc_bnd_n128,nid005994,hex8,jac_action,packed,packed,sumfact,affine,0.000000e+00,72,1024,128,2146689,2097152,8586756,0,0.0000,n/a,20,1.049425602e-02,818.2339,6394.8186,199.8381,169.8624,0,0,0,5.048053297186e+00,1,1.000000,1,sumfact,exact,on,1,0,0,0,0,2.618163200e-03,0.249485,0.000,,,,,,,
jac_rc_n128,nid005994,hex8,jac_action,atomic,atomic,sumfact,affine,0.000000e+00,72,0,128,2146689,2097152,8586756,0,0.0000,n/a,20,2.569137812e-02,334.2271,2612.1162,81.6286,69.3843,0,0,0,-3.078244039875e-13,1,1.000000,0,sumfact,exact,off,1,0,0,0,0,1.526686720e-02,0.594241,0.000,,,,,,,
jac_rc_n128,nid005994,hex8,jac_action,ecolor,ecolor,sumfact,affine,0.000000e+00,72,1024,128,2146689,2097152,8586756,0,0.0000,n/a,20,2.019724846e-02,425.1448,3322.6736,103.8335,88.2585,0,0,0,7.779667752020e-13,1,1.000000,0,sumfact,exact,off,1,0,0,0,0,8.760908800e-03,0.433767,0.000,,,,,,,
jac_rc_n128,nid005994,hex8,jac_action,packed,packed,sumfact,affine,0.000000e+00,72,1024,128,2146689,2097152,8586756,0,0.0000,n/a,20,9.696614742e-03,885.5416,6920.8549,216.2767,183.8352,0,0,0,-3.069362255678e-13,1,1.000000,0,sumfact,exact,off,1,0,0,0,0,2.369702400e-03,0.244385,0.000,,,,,,,
residual_rc_perapply_n128,nid005994,hex8,residual,atomic,atomic,sumfact,affine,0.000000e+00,72,0,128,2146689,2097152,8586756,0,0.0000,n/a,20,1.503624916e-02,571.0703,4463.1386,139.4731,105.1627,0,0,0,1.381470350441e-13,1,1.000000,0,sumfact,on,off,0,1,0,0,0,,,0.000,,,,,,,
residual_rc_perapply_n128,nid005994,hex8,residual,packed,packed,sumfact,affine,0.000000e+00,72,1024,128,2146689,2097152,8586756,0,0.0000,n/a,20,6.697416306e-03,1282.0998,10020.1124,313.1285,236.0989,0,0,0,1.366482339608e-13,1,1.000000,0,sumfact,on,off,0,1,0,0,0,,,0.000,,,,,,,
residual_rc_bnd_dt_n128,nid005994,hex8,residual,atomic,atomic,sumfact,affine,0.000000e+00,72,0,128,2146689,2097152,8586756,0,0.0000,n/a,20,1.125433445e-02,762.9732,5962.9349,186.3417,140.5017,0,0,0,6.759329548060e+00,1,1.000000,1,sumfact,on,on,0,0,0,0,1,,,0.000,,,,,,,
residual_rc_bnd_dt_n128,nid005994,hex8,residual,ecolor,ecolor,sumfact,affine,0.000000e+00,72,1024,128,2146689,2097152,8586756,0,0.0000,n/a,20,8.902597427e-03,964.5226,7538.1218,235.5663,177.6170,0,0,0,6.759329548060e+00,1,1.000000,1,sumfact,on,on,0,0,0,0,1,,,0.000,,,,,,,
residual_rc_bnd_dt_n128,nid005994,hex8,residual,packed,packed,sumfact,affine,0.000000e+00,72,1024,128,2146689,2097152,8586756,0,0.0000,n/a,20,6.605267525e-03,1299.9861,10159.9010,317.4969,239.3927,0,0,0,6.759412313613e+00,1,1.000000,1,sumfact,on,on,0,0,0,0,1,,,0.000,,,,,,,
residual_rc_bnd_n128,nid005994,hex8,residual,atomic,atomic,sumfact,affine,0.000000e+00,72,0,128,2146689,2097152,8586756,0,0.0000,n/a,20,1.067855358e-02,804.1123,6284.4526,196.3891,148.0774,0,0,0,3.727500000000e+00,1,1.000000,1,sumfact,on,on,0,0,0,0,0,,,0.000,,,,,,,
residual_rc_bnd_n128,nid005994,hex8,residual,ecolor,ecolor,sumfact,affine,0.000000e+00,72,1024,128,2146689,2097152,8586756,0,0.0000,n/a,20,8.740222454e-03,982.4414,7678.1643,239.9426,180.9167,0,0,0,3.727500000000e+00,1,1.000000,1,sumfact,on,on,0,0,0,0,0,,,0.000,,,,,,,
residual_rc_bnd_n128,nid005994,hex8,residual,packed,packed,sumfact,affine,0.000000e+00,72,1024,128,2146689,2097152,8586756,0,0.0000,n/a,20,5.809700489e-03,1478.0032,11551.1745,360.9742,272.1745,0,0,0,3.727500000000e+00,1,1.000000,1,sumfact,on,on,0,0,0,0,0,,,0.000,,,,,,,
residual_rc_n128,nid005994,hex8,residual,atomic,atomic,sumfact,affine,0.000000e+00,72,0,128,2146689,2097152,8586756,0,0.0000,n/a,20,1.016911268e-02,844.3958,6599.2841,206.2276,155.4956,0,0,0,1.381470350441e-13,1,1.000000,0,sumfact,on,off,0,0,0,0,0,,,0.000,,,,,,,
residual_rc_n128,nid005994,hex8,residual,ecolor,ecolor,sumfact,affine,0.000000e+00,72,1024,128,2146689,2097152,8586756,0,0.0000,n/a,20,7.731902599e-03,1110.5618,8679.4761,271.2336,204.5102,0,0,0,1.381327235754e-13,1,1.000000,0,sumfact,on,off,0,0,0,0,0,,,0.000,,,,,,,
residual_rc_n128,nid005994,hex8,residual,packed,packed,sumfact,affine,0.000000e+00,72,1024,128,2146689,2097152,8586756,0,0.0000,n/a,20,5.274379253e-03,1628.0126,12723.5568,397.6111,299.7988,0,0,0,1.366482339608e-13,1,1.000000,0,sumfact,on,off,0,0,0,0,0,,,0.000,,,,,,,
jac_bare_n128,nid005994,hex8,jac_action,atomic,atomic,sumfact,affine,0.000000e+00,72,0,128,2146689,2097152,8586756,0,0.0000,n/a,20,9.334743023e-03,919.8706,7189.1496,224.6609,190.9618,0,0,0,-2.268767828771e-12,0,0.000000,0,sumfact,off,off,0,0,0,0,0,,,0.000,,,,,,,
jac_bare_n128,nid005994,hex8,jac_action,ecolor,ecolor,sumfact,affine,0.000000e+00,72,1024,128,2146689,2097152,8586756,0,0.0000,n/a,20,7.198774815e-03,1192.8080,9322.2619,291.3207,247.6226,0,0,0,-2.925569671502e-13,0,0.000000,0,sumfact,off,off,0,0,0,0,0,,,0.000,,,,,,,
jac_bare_n128,nid005994,hex8,jac_action,packed,packed,sumfact,affine,0.000000e+00,72,1024,128,2146689,2097152,8586756,0,0.0000,n/a,20,4.555749893e-03,1884.8173,14730.5856,460.3308,391.2812,0,0,0,-2.268767828771e-12,0,0.000000,0,sumfact,off,off,0,0,0,0,0,,,0.000,,,,,,,
residual_bare_n128,nid005994,hex8,residual,atomic,atomic,sumfact,affine,0.000000e+00,72,0,128,2146689,2097152,8586756,0,0.0000,n/a,20,8.432281017e-03,1018.3195,7958.5659,248.7052,187.5237,0,0,0,1.381469808340e-13,0,0.000000,0,sumfact,off,off,0,0,0,0,0,,,0.000,,,,,,,
residual_bare_n128,nid005994,hex8,residual,ecolor,ecolor,sumfact,affine,0.000000e+00,72,1024,128,2146689,2097152,8586756,0,0.0000,n/a,20,4.811000824e-03,1784.8170,13949.0444,435.9076,328.6744,0,0,0,1.381344040888e-13,0,0.000000,0,sumfact,off,off,0,0,0,0,0,,,0.000,,,,,,,
residual_bare_n128,nid005994,hex8,residual,packed,packed,sumfact,affine,0.000000e+00,72,1024,128,2146689,2097152,8586756,0,0.0000,n/a,20,3.439950943e-03,2496.1856,19508.6689,609.6459,459.6730,0,0,0,1.366551186446e-13,0,0.000000,0,sumfact,off,off,0,0,0,0,0,,,0.000,,,,,,,
spmv_f32_n160,nid005994,hex8,bsr_apply,packed,n/a,n/a,affine,0.000000e+00,72,2048,160,4173281,4096000,16693124,111284641,6792.2755,f32,20,1.885417700e-02,885.3807,0.0000,0.0000,0.0000,0,0,0,4.118532892879e-05,0,0.000000,0,n/a,off,off,0,0,0,0,0,,,0.000,,,,,,,
spmv_f64_n160,nid005994,hex8,bsr_apply,packed,n/a,n/a,affine,0.000000e+00,72,2048,160,4173281,4096000,16693124,111284641,13584.5509,f64,20,3.779585361e-02,441.6655,0.0000,0.0000,0.0000,0,0,0,7.157881465282e-13,0,0.000000,0,n/a,off,off,0,0,0,0,0,,,0.000,,,,,,,
assemble_diag_n160,nid005994,hex8,assemble_diag,atomic,atomic,sumfact,affine,0.000000e+00,72,0,160,4173281,4096000,16693124,0,0.0000,n/a,20,1.488771915e-01,112.1268,880.4035,27.5126,20.7445,0,0,0,2.371982944015e+03,0,0.000000,0,sumfact,off,off,0,0,0,0,0,,,0.000,,,,,,,
assemble_n160,nid005994,hex8,assemble,store,store,sumfact,affine,0.000000e+00,72,2048,160,4173281,4096000,16693124,111284641,13584.5509,f64,20,2.373332381e-01,70.3362,552.2699,17.2584,39.7634,0,0,0,1.165429404451e-08,0,0.000000,0,sumfact,off,off,0,0,0,0,0,,,0.000,,,,,,,
assemble_n160,nid005994,hex8,assemble,colored,colored,sumfact,affine,0.000000e+00,72,2048,160,4173281,4096000,16693124,111284641,13584.5509,f64,20,1.574394822e-01,106.0288,832.5231,26.0163,59.9417,20,99,101,1.165426806529e-08,0,0.000000,0,sumfact,off,off,0,0,0,0,0,,,0.000,,,,,,,
assemble_n160,nid005994,hex8,assemble,atomic,atomic,sumfact,affine,0.000000e+00,72,0,160,4173281,4096000,16693124,111284641,13584.5509,f64,20,4.724197626e-01,35.3354,277.4482,8.6703,19.9763,0,0,0,1.164916721901e-08,0,0.000000,0,sumfact,off,off,0,0,0,0,0,,,0.000,,,,,,,
assemble_n160,nid005994,hex8,assemble,packed,packed,sumfact,affine,0.000000e+00,72,2048,160,4173281,4096000,16693124,111284641,13584.5509,f64,20,3.397936940e-01,49.1272,385.7399,12.0544,27.7733,0,0,0,1.165429404451e-08,0,0.000000,0,sumfact,off,off,0,0,0,0,0,,,0.000,,,,,,,
jac_rc_bnd_n160,nid005994,hex8,jac_action,atomic,atomic,sumfact,affine,0.000000e+00,72,0,160,4173281,4096000,16693124,0,0.0000,n/a,20,5.050832033e-02,330.5025,2595.0576,81.0955,68.9312,0,0,0,5.046148336219e+00,1,1.000000,1,sumfact,exact,on,1,0,0,0,0,3.004577280e-02,0.594868,0.000,,,,,,,
jac_rc_bnd_n160,nid005994,hex8,jac_action,ecolor,ecolor,sumfact,affine,0.000000e+00,72,2048,160,4173281,4096000,16693124,0,0.0000,n/a,20,9.537125826e-02,175.0331,1374.3344,42.9479,36.5058,0,0,0,5.041938959493e+00,1,1.000000,1,sumfact,exact,on,1,0,0,0,0,4.374250240e-02,0.458655,0.000,,,,,,,
jac_rc_bnd_n160,nid005994,hex8,jac_action,packed,packed,sumfact,affine,0.000000e+00,72,2048,160,4173281,4096000,16693124,0,0.0000,n/a,20,1.995306015e-02,836.6197,6569.0174,205.2818,174.4895,0,0,0,5.046148336219e+00,1,1.000000,1,sumfact,exact,on,1,0,0,0,0,4.843072000e-03,0.242723,0.000,,,,,,,
jac_rc_n160,nid005994,hex8,jac_action,atomic,atomic,sumfact,affine,0.000000e+00,72,0,160,4173281,4096000,16693124,0,0.0000,n/a,20,5.054529905e-02,330.2607,2593.1591,81.0362,68.8808,0,0,0,-5.609576320706e-13,1,1.000000,0,sumfact,exact,off,1,0,0,0,0,3.058310400e-02,0.605063,0.000,,,,,,,
jac_rc_n160,nid005994,hex8,jac_action,ecolor,ecolor,sumfact,affine,0.000000e+00,72,2048,160,4173281,4096000,16693124,0,0.0000,n/a,20,8.824641705e-02,189.1649,1485.2954,46.4155,39.4532,0,0,0,4.218664331171e-13,1,1.000000,0,sumfact,exact,off,1,0,0,0,0,4.294700800e-02,0.486671,0.000,,,,,,,
jac_rc_n160,nid005994,hex8,jac_action,packed,packed,sumfact,affine,0.000000e+00,72,2048,160,4173281,4096000,16693124,0,0.0000,n/a,20,1.899857521e-02,878.6514,6899.0437,215.5951,183.2558,0,0,0,-5.547403831327e-13,1,1.000000,0,sumfact,exact,off,1,0,0,0,0,4.696985600e-03,0.247228,0.000,,,,,,,
residual_rc_perapply_n160,nid005994,hex8,residual,atomic,atomic,sumfact,affine,0.000000e+00,72,0,160,4173281,4096000,16693124,0,0.0000,n/a,20,2.979912758e-02,560.1883,4398.5180,137.4537,103.6401,0,0,0,-7.109953901671e-14,1,1.000000,0,sumfact,on,off,0,1,0,0,0,,,0.000,,,,,,,
residual_rc_perapply_n160,nid005994,hex8,residual,packed,packed,sumfact,affine,0.000000e+00,72,2048,160,4173281,4096000,16693124,0,0.0000,n/a,20,1.295458078e-02,1288.5885,10117.8110,316.1816,238.4009,0,0,0,-6.590924637659e-14,1,1.000000,0,sumfact,on,off,0,1,0,0,0,,,0.000,,,,,,,
residual_rc_bnd_dt_n160,nid005994,hex8,residual,atomic,atomic,sumfact,affine,0.000000e+00,72,0,160,4173281,4096000,16693124,0,0.0000,n/a,20,2.164076567e-02,771.3740,6056.7173,189.2724,142.7114,0,0,0,6.759324573300e+00,1,1.000000,1,sumfact,on,on,0,0,0,0,1,,,0.000,,,,,,,
residual_rc_bnd_dt_n160,nid005994,hex8,residual,ecolor,ecolor,sumfact,affine,0.000000e+00,72,2048,160,4173281,4096000,16693124,0,0.0000,n/a,20,3.750814199e-02,445.0533,3494.4946,109.2030,82.3390,0,0,0,6.759324573300e+00,1,1.000000,1,sumfact,on,on,0,0,0,0,1,,,0.000,,,,,,,
residual_rc_bnd_dt_n160,nid005994,hex8,residual,packed,packed,sumfact,affine,0.000000e+00,72,2048,160,4173281,4096000,16693124,0,0.0000,n/a,20,1.314909458e-02,1269.5265,9968.1388,311.5043,234.8743,0,0,0,6.759317416976e+00,1,1.000000,1,sumfact,on,on,0,0,0,0,1,,,0.000,,,,,,,
residual_rc_bnd_n160,nid005994,hex8,residual,atomic,atomic,sumfact,affine,0.000000e+00,72,0,160,4173281,4096000,16693124,0,0.0000,n/a,20,2.088416815e-02,799.3196,6276.1418,196.1294,147.8816,0,0,0,3.727500000000e+00,1,1.000000,1,sumfact,on,on,0,0,0,0,0,,,0.000,,,,,,,
residual_rc_bnd_n160,nid005994,hex8,residual,ecolor,ecolor,sumfact,affine,0.000000e+00,72,2048,160,4173281,4096000,16693124,0,0.0000,n/a,20,3.624439240e-02,460.5712,3616.3387,113.0106,85.2100,0,0,0,3.727500000000e+00,1,1.000000,1,sumfact,on,on,0,0,0,0,0,,,0.000,,,,,,,
residual_rc_bnd_n160,nid005994,hex8,residual,packed,packed,sumfact,affine,0.000000e+00,72,2048,160,4173281,4096000,16693124,0,0.0000,n/a,20,1.153923273e-02,1446.6407,11358.8141,354.9629,267.6421,0,0,0,3.727500000000e+00,1,1.000000,1,sumfact,on,on,0,0,0,0,0,,,0.000,,,,,,,
residual_rc_n160,nid005994,hex8,residual,atomic,atomic,sumfact,affine,0.000000e+00,72,0,160,4173281,4096000,16693124,0,0.0000,n/a,20,1.931897402e-02,864.0792,6784.6253,212.0195,159.8627,0,0,0,-7.109953901671e-14,1,1.000000,0,sumfact,on,off,0,0,0,0,0,,,0.000,,,,,,,
residual_rc_n160,nid005994,hex8,residual,ecolor,ecolor,sumfact,affine,0.000000e+00,72,2048,160,4173281,4096000,16693124,0,0.0000,n/a,20,3.345514536e-02,498.9703,3917.8428,122.4326,92.3142,0,0,0,-6.929802868691e-14,1,1.000000,0,sumfact,on,off,0,0,0,0,0,,,0.000,,,,,,,
residual_rc_n160,nid005994,hex8,residual,packed,packed,sumfact,affine,0.000000e+00,72,2048,160,4173281,4096000,16693124,0,0.0000,n/a,20,1.066709757e-02,1564.9172,12287.5036,383.9845,289.5243,0,0,0,-6.590924637659e-14,1,1.000000,0,sumfact,on,off,0,0,0,0,0,,,0.000,,,,,,,
jac_bare_n160,nid005994,hex8,jac_action,atomic,atomic,sumfact,affine,0.000000e+00,72,0,160,4173281,4096000,16693124,0,0.0000,n/a,20,1.761296988e-02,947.7745,7441.7887,232.5559,197.6725,0,0,0,7.694581056301e-13,0,0.000000,0,sumfact,off,off,0,0,0,0,0,,,0.000,,,,,,,
jac_bare_n160,nid005994,hex8,jac_action,ecolor,ecolor,sumfact,affine,0.000000e+00,72,2048,160,4173281,4096000,16693124,0,0.0000,n/a,20,3.081411123e-02,541.7363,4253.6356,132.9261,112.9872,0,0,0,5.436072422825e-12,0,0.000000,0,sumfact,off,off,0,0,0,0,0,,,0.000,,,,,,,
jac_bare_n160,nid005994,hex8,jac_action,packed,packed,sumfact,affine,0.000000e+00,72,2048,160,4173281,4096000,16693124,0,0.0000,n/a,20,9.064328671e-03,1841.6283,14460.1994,451.8812,384.0990,0,0,0,7.483083570110e-13,0,0.000000,0,sumfact,off,off,0,0,0,0,0,,,0.000,,,,,,,
residual_bare_n160,nid005994,hex8,residual,atomic,atomic,sumfact,affine,0.000000e+00,72,0,160,4173281,4096000,16693124,0,0.0000,n/a,20,1.605445147e-02,1039.7816,8164.2154,255.1317,192.3693,0,0,0,-7.000232641816e-14,0,0.000000,0,sumfact,off,off,0,0,0,0,0,,,0.000,,,,,,,
residual_bare_n160,nid005994,hex8,residual,ecolor,ecolor,sumfact,affine,0.000000e+00,72,2048,160,4173281,4096000,16693124,0,0.0000,n/a,20,2.422926426e-02,688.9654,5409.6566,169.0518,127.4650,0,0,0,-6.929976341039e-14,0,0.000000,0,sumfact,off,off,0,0,0,0,0,,,0.000,,,,,,,
residual_bare_n160,nid005994,hex8,residual,packed,packed,sumfact,affine,0.000000e+00,72,2048,160,4173281,4096000,16693124,0,0.0000,n/a,20,7.062065601e-03,2363.7736,18560.0088,580.0003,437.3202,0,0,0,-6.683819079797e-14,0,0.000000,0,sumfact,off,off,0,0,0,0,0,,,0.000,,,,,,,
spmv_f32_n192,nid005994,hex8,bsr_apply,packed,n/a,n/a,affine,0.000000e+00,72,4096,192,7189057,7077888,28756228,192100033,11724.8555,f32,20,3.282662630e-02,876.0031,0.0000,0.0000,0.0000,0,0,0,-8.660309578814e-06,0,0.000000,0,n/a,off,off,0,0,0,0,0,,,0.000,,,,,,,
spmv_f64_n192,nid005994,hex8,bsr_apply,packed,n/a,n/a,affine,0.000000e+00,72,4096,192,7189057,7077888,28756228,192100033,23449.7111,f64,20,6.286127567e-02,457.4554,0.0000,0.0000,0.0000,0,0,0,2.533862061957e-11,0,0.000000,0,n/a,off,off,0,0,0,0,0,,,0.000,,,,,,,
assemble_diag_n192,nid005994,hex8,assemble_diag,atomic,atomic,sumfact,affine,0.000000e+00,72,0,192,7189057,7077888,28756228,0,0.0000,n/a,20,2.620693564e-01,109.7275,864.2461,27.0077,20.3638,0,0,0,3.215019675301e+03,0,0.000000,0,sumfact,off,off,0,0,0,0,0,,,0.000,,,,,,,
assemble_n192,nid005994,hex8,assemble,store,store,sumfact,affine,0.000000e+00,72,4096,192,7189057,7077888,28756228,192100033,23449.7111,f64,20,4.017129898e-01,71.5840,563.8165,17.6193,40.5948,0,0,0,2.592910685214e-09,0,0.000000,0,sumfact,off,off,0,0,0,0,0,,,0.000,,,,,,,
assemble_n192,nid005994,hex8,assemble,colored,colored,sumfact,affine,0.000000e+00,72,4096,192,7189057,7077888,28756228,192100033,23449.7111,f64,20,2.769092560e-01,103.8471,817.9301,25.5603,58.8910,19,90,91,2.592891644889e-09,0,0.000000,0,sumfact,off,off,0,0,0,0,0,,,0.000,,,,,,,
assemble_n192,nid005994,hex8,assemble,atomic,atomic,sumfact,affine,0.000000e+00,72,0,192,7189057,7077888,28756228,192100033,23449.7111,f64,20,8.012967825e-01,35.8871,282.6573,8.8330,20.3513,0,0,0,2.591521534265e-09,0,0.000000,0,sumfact,off,off,0,0,0,0,0,,,0.000,,,,,,,
assemble_n192,nid005994,hex8,assemble,packed,packed,sumfact,affine,0.000000e+00,72,4096,192,7189057,7077888,28756228,192100033,23449.7111,f64,20,5.352957249e-01,53.7203,423.1164,13.2224,30.4644,0,0,0,2.592910685214e-09,0,0.000000,0,sumfact,off,off,0,0,0,0,0,,,0.000,,,,,,,
jac_rc_bnd_n192,nid005994,hex8,jac_action,atomic,atomic,sumfact,affine,0.000000e+00,72,0,192,7189057,7077888,28756228,0,0.0000,n/a,20,8.523612022e-02,337.3714,2657.2352,83.0386,70.5828,0,0,0,5.049173453743e+00,1,1.000000,1,sumfact,exact,on,1,0,0,0,0,4.976055040e-02,0.583797,0.000,,,,,,,
jac_rc_bnd_n192,nid005994,hex8,jac_action,ecolor,ecolor,sumfact,affine,0.000000e+00,72,4096,192,7189057,7077888,28756228,0,0.0000,n/a,20,1.578311801e-01,182.1961,1435.0296,44.8447,38.1180,0,0,0,5.049423490534e+00,1,1.000000,1,sumfact,exact,on,1,0,0,0,0,7.651928320e-02,0.484817,0.000,,,,,,,
jac_rc_bnd_n192,nid005994,hex8,jac_action,packed,packed,sumfact,affine,0.000000e+00,72,4096,192,7189057,7077888,28756228,0,0.0000,n/a,20,3.344835043e-02,859.7204,6771.4077,211.6065,179.8655,0,0,0,5.049173453743e+00,1,1.000000,1,sumfact,exact,on,1,0,0,0,0,8.608128000e-03,0.257356,0.000,,,,,,,
jac_rc_n192,nid005994,hex8,jac_action,atomic,atomic,sumfact,affine,0.000000e+00,72,0,192,7189057,7077888,28756228,0,0.0000,n/a,20,8.380900621e-02,343.1162,2702.4830,84.4526,71.7847,0,0,0,-3.094966537014e-13,1,1.000000,0,sumfact,exact,off,1,0,0,0,0,5.017868800e-02,0.598727,0.000,,,,,,,
jac_rc_n192,nid005994,hex8,jac_action,ecolor,ecolor,sumfact,affine,0.000000e+00,72,4096,192,7189057,7077888,28756228,0,0.0000,n/a,20,1.684590101e-01,170.7016,1344.4957,42.0155,35.7132,0,0,0,-1.781335363639e-12,1,1.000000,0,sumfact,exact,off,1,0,0,0,0,8.519458560e-02,0.505729,0.000,,,,,,,
jac_rc_n192,nid005994,hex8,jac_action,packed,packed,sumfact,affine,0.000000e+00,72,4096,192,7189057,7077888,28756228,0,0.0000,n/a,20,3.216676712e-02,893.9732,7041.1930,220.0373,187.0317,0,0,0,-3.003928248995e-13,1,1.000000,0,sumfact,exact,off,1,0,0,0,0,8.170291200e-03,0.253998,0.000,,,,,,,
residual_rc_perapply_n192,nid005994,hex8,residual,atomic,atomic,sumfact,affine,0.000000e+00,72,0,192,7189057,7077888,28756228,0,0.0000,n/a,20,4.886475801e-02,588.4860,4635.0872,144.8465,109.2142,0,0,0,-2.201602615493e-14,1,1.000000,0,sumfact,on,off,0,1,0,0,0,,,0.000,,,,,,,
residual_rc_perapply_n192,nid005994,hex8,residual,packed,packed,sumfact,affine,0.000000e+00,72,4096,192,7189057,7077888,28756228,0,0.0000,n/a,20,2.149914503e-02,1337.5522,10534.9499,329.2172,248.2298,0,0,0,-3.009289865907e-14,1,1.000000,0,sumfact,on,off,0,1,0,0,0,,,0.000,,,,,,,
residual_rc_bnd_dt_n192,nid005994,hex8,residual,atomic,atomic,sumfact,affine,0.000000e+00,72,0,192,7189057,7077888,28756228,0,0.0000,n/a,20,3.631557226e-02,791.8429,6236.7850,194.8995,146.9542,0,0,0,6.759309506134e+00,1,1.000000,1,sumfact,on,on,0,0,0,0,1,,,0.000,,,,,,,
residual_rc_bnd_dt_n192,nid005994,hex8,residual,ecolor,ecolor,sumfact,affine,0.000000e+00,72,4096,192,7189057,7077888,28756228,0,0.0000,n/a,20,6.834108829e-02,420.7751,3314.1470,103.5671,78.0896,0,0,0,6.759309506134e+00,1,1.000000,1,sumfact,on,on,0,0,0,0,1,,,0.000,,,,,,,
residual_rc_bnd_dt_n192,nid005994,hex8,residual,packed,packed,sumfact,affine,0.000000e+00,72,4096,192,7189057,7077888,28756228,0,0.0000,n/a,20,2.082772255e-02,1380.6708,10874.5647,339.8301,256.2319,0,0,0,6.759335709367e+00,1,1.000000,1,sumfact,on,on,0,0,0,0,1,,,0.000,,,,,,,
residual_rc_bnd_n192,nid005994,hex8,residual,atomic,atomic,sumfact,affine,0.000000e+00,72,0,192,7189057,7077888,28756228,0,0.0000,n/a,20,3.510065079e-02,819.2506,6452.6557,201.6455,152.0407,0,0,0,3.727500000000e+00,1,1.000000,1,sumfact,on,on,0,0,0,0,0,,,0.000,,,,,,,
residual_rc_bnd_n192,nid005994,hex8,residual,ecolor,ecolor,sumfact,affine,0.000000e+00,72,4096,192,7189057,7077888,28756228,0,0.0000,n/a,20,7.765971422e-02,370.2850,2916.4724,91.1398,68.7194,0,0,0,3.727500000000e+00,1,1.000000,1,sumfact,on,on,0,0,0,0,0,,,0.000,,,,,,,
residual_rc_bnd_n192,nid005994,hex8,residual,packed,packed,sumfact,affine,0.000000e+00,72,4096,192,7189057,7077888,28756228,0,0.0000,n/a,20,1.886028051e-02,1524.6978,12008.9633,375.2801,282.9612,0,0,0,3.727500000000e+00,1,1.000000,1,sumfact,on,on,0,0,0,0,0,,,0.000,,,,,,,
residual_rc_n192,nid005994,hex8,residual,atomic,atomic,sumfact,affine,0.000000e+00,72,0,192,7189057,7077888,28756228,0,0.0000,n/a,20,3.308248520e-02,869.2282,6846.2939,213.9467,161.3158,0,0,0,-2.201602615493e-14,1,1.000000,0,sumfact,on,off,0,0,0,0,0,,,0.000,,,,,,,
residual_rc_n192,nid005994,hex8,residual,ecolor,ecolor,sumfact,affine,0.000000e+00,72,4096,192,7189057,7077888,28756228,0,0.0000,n/a,20,6.339671612e-02,453.5918,3572.6206,111.6444,84.1799,0,0,0,-1.899240313630e-14,1,1.000000,0,sumfact,on,off,0,0,0,0,0,,,0.000,,,,,,,
residual_rc_n192,nid005994,hex8,residual,packed,packed,sumfact,affine,0.000000e+00,72,4096,192,7189057,7077888,28756228,0,0.0000,n/a,20,1.748780012e-02,1644.3594,12951.4527,404.7329,305.1686,0,0,0,-3.009289865907e-14,1,1.000000,0,sumfact,on,off,0,0,0,0,0,,,0.000,,,,,,,
jac_bare_n192,nid005994,hex8,jac_action,atomic,atomic,sumfact,affine,0.000000e+00,72,0,192,7189057,7077888,28756228,0,0.0000,n/a,20,3.057709932e-02,940.4498,7407.2564,231.4768,196.7552,0,0,0,2.581439207359e-11,0,0.000000,0,sumfact,off,off,0,0,0,0,0,,,0.000,,,,,,,
jac_bare_n192,nid005994,hex8,jac_action,ecolor,ecolor,sumfact,affine,0.000000e+00,72,4096,192,7189057,7077888,28756228,0,0.0000,n/a,20,5.708397627e-02,503.7531,3967.7057,123.9908,105.3922,0,0,0,4.849060801330e-11,0,0.000000,0,sumfact,off,off,0,0,0,0,0,,,0.000,,,,,,,
jac_bare_n192,nid005994,hex8,jac_action,packed,packed,sumfact,affine,0.000000e+00,72,4096,192,7189057,7077888,28756228,0,0.0000,n/a,20,1.548463106e-02,1857.0819,14626.9172,457.0912,388.5275,0,0,0,2.572335378558e-11,0,0.000000,0,sumfact,off,off,0,0,0,0,0,,,0.000,,,,,,,
residual_bare_n192,nid005994,hex8,residual,atomic,atomic,sumfact,affine,0.000000e+00,72,0,192,7189057,7077888,28756228,0,0.0000,n/a,20,2.722213268e-02,1056.3547,8320.1569,260.0049,196.0437,0,0,0,-1.935149089582e-14,0,0.000000,0,sumfact,off,off,0,0,0,0,0,,,0.000,,,,,,,
residual_bare_n192,nid005994,hex8,residual,ecolor,ecolor,sumfact,affine,0.000000e+00,72,4096,192,7189057,7077888,28756228,0,0.0000,n/a,20,5.078487396e-02,566.2361,4459.8401,139.3700,105.0850,0,0,0,-1.949200349738e-14,0,0.000000,0,sumfact,off,off,0,0,0,0,0,,,0.000,,,,,,,
residual_bare_n192,nid005994,hex8,residual,packed,packed,sumfact,affine,0.000000e+00,72,4096,192,7189057,7077888,28756228,0,0.0000,n/a,20,1.174274683e-02,2448.8502,19287.8565,602.7455,454.4701,0,0,0,-2.914920908814e-14,0,0.000000,0,sumfact,off,off,0,0,0,0,0,,,0.000,,,,,,,
residual_bare_n64,nid005994,hex8,residual,packed,packed,sumfact,affine,0.000000e+00,72,128,64,274625,262144,1098500,0,0.0000,n/a,20,3.733277321e-04,2942.4549,22469.8228,702.1820,529.4452,0,0,0,-1.235979634612e-14,0,0.000000,0,sumfact,off,off,0,0,0,0,0,,,0.000,,,,,,,
residual_bare_n64,nid005994,hex8,residual,ecolor,ecolor,sumfact,affine,0.000000e+00,72,128,64,274625,262144,1098500,0,0.0000,n/a,20,5.388379097e-04,2038.6465,15567.9618,486.4988,366.8201,0,0,0,-1.251418673548e-14,0,0.000000,0,sumfact,off,off,0,0,0,0,0,,,0.000,,,,,,,
residual_bare_n64,nid005994,hex8,residual,atomic,atomic,sumfact,affine,0.000000e+00,72,0,64,274625,262144,1098500,0,0.0000,n/a,20,1.122713089e-03,978.4334,7471.7290,233.4915,176.0526,0,0,0,-1.254020758762e-14,0,0.000000,0,sumfact,off,off,0,0,0,0,0,,,0.000,,,,,,,
jac_bare_n64,nid005994,hex8,jac_action,packed,packed,sumfact,affine,0.000000e+00,72,128,64,274625,262144,1098500,0,0.0000,n/a,20,4.980444908e-04,2205.6262,16843.0896,526.3466,447.3946,0,0,0,-1.151812315230e-12,0,0.000000,0,sumfact,off,off,0,0,0,0,0,,,0.000,,,,,,,
jac_bare_n64,nid005994,hex8,jac_action,ecolor,ecolor,sumfact,affine,0.000000e+00,72,128,64,274625,262144,1098500,0,0.0000,n/a,20,6.912350655e-04,1589.1844,12135.6806,379.2400,322.3540,0,0,0,-2.097774373915e-12,0,0.000000,0,sumfact,off,off,0,0,0,0,0,,,0.000,,,,,,,
jac_bare_n64,nid005994,hex8,jac_action,atomic,atomic,sumfact,affine,0.000000e+00,72,0,64,274625,262144,1098500,0,0.0000,n/a,20,1.377224922e-03,797.6184,6090.9499,190.3422,161.7909,0,0,0,-1.151479248323e-12,0,0.000000,0,sumfact,off,off,0,0,0,0,0,,,0.000,,,,,,,
residual_rc_n64,nid005994,hex8,residual,packed,packed,sumfact,affine,0.000000e+00,72,128,64,274625,262144,1098500,0,0.0000,n/a,20,6.192922592e-04,1773.7990,13545.4753,423.2961,319.1653,0,0,0,-1.282860536550e-14,1,1.000000,0,sumfact,on,off,0,0,0,0,0,,,0.000,,,,,,,
residual_rc_n64,nid005994,hex8,residual,ecolor,ecolor,sumfact,affine,0.000000e+00,72,128,64,274625,262144,1098500,0,0.0000,n/a,20,6.919026375e-04,1587.6511,12123.9717,378.8741,285.6711,0,0,0,-1.256666212063e-14,1,1.000000,0,sumfact,on,off,0,0,0,0,0,,,0.000,,,,,,,
residual_rc_n64,nid005994,hex8,residual,atomic,atomic,sumfact,affine,0.000000e+00,72,0,64,274625,262144,1098500,0,0.0000,n/a,20,1.187062263e-03,925.3938,7066.6959,220.8342,166.5090,0,0,0,-1.256492739715e-14,1,1.000000,0,sumfact,on,off,0,0,0,0,0,,,0.000,,,,,,,
residual_rc_bnd_n64,nid005994,hex8,residual,packed,packed,sumfact,affine,0.000000e+00,72,128,64,274625,262144,1098500,0,0.0000,n/a,20,6.254673004e-04,1756.2869,13411.7451,419.1170,316.0142,0,0,0,3.727500000000e+00,1,1.000000,1,sumfact,on,on,0,0,0,0,0,,,0.000,,,,,,,
residual_rc_bnd_n64,nid005994,hex8,residual,ecolor,ecolor,sumfact,affine,0.000000e+00,72,128,64,274625,262144,1098500,0,0.0000,n/a,20,7.575988770e-04,1449.9758,11072.6247,346.0195,260.8987,0,0,0,3.727500000000e+00,1,1.000000,1,sumfact,on,on,0,0,0,0,0,,,0.000,,,,,,,
residual_rc_bnd_n64,nid005994,hex8,residual,atomic,atomic,sumfact,affine,0.000000e+00,72,0,64,274625,262144,1098500,0,0.0000,n/a,20,1.318538189e-03,833.1196,6362.0516,198.8141,149.9058,0,0,0,3.727500000000e+00,1,1.000000,1,sumfact,on,on,0,0,0,0,0,,,0.000,,,,,,,
residual_rc_bnd_dt_n64,nid005994,hex8,residual,packed,packed,sumfact,affine,0.000000e+00,72,128,64,274625,262144,1098500,0,0.0000,n/a,20,6.321668625e-04,1737.6741,13269.6104,414.6753,312.6652,0,0,0,6.759042994895e+00,1,1.000000,1,sumfact,on,on,0,0,0,0,1,,,0.000,,,,,,,
residual_rc_bnd_dt_n64,nid005994,hex8,residual,ecolor,ecolor,sumfact,affine,0.000000e+00,72,128,64,274625,262144,1098500,0,0.0000,n/a,20,9.552359581e-04,1149.9776,8781.7130,274.4285,206.9191,0,0,0,6.759448953731e+00,1,1.000000,1,sumfact,on,on,0,0,0,0,1,,,0.000,,,,,,,
residual_rc_bnd_dt_n64,nid005994,hex8,residual,atomic,atomic,sumfact,affine,0.000000e+00,72,0,64,274625,262144,1098500,0,0.0000,n/a,20,1.408803463e-03,779.7397,5954.4203,186.0756,140.3010,0,0,0,6.759448953731e+00,1,1.000000,1,sumfact,on,on,0,0,0,0,1,,,0.000,,,,,,,
residual_rc_perapply_n64,nid005994,hex8,residual,packed,packed,sumfact,affine,0.000000e+00,72,128,64,274625,262144,1098500,0,0.0000,n/a,20,7.133126259e-04,1539.9980,11760.0722,367.5023,277.0967,0,0,0,-1.282860536550e-14,1,1.000000,0,sumfact,on,off,0,1,0,0,0,,,0.000,,,,,,,
residual_rc_perapply_n64,nid005994,hex8,residual,atomic,atomic,sumfact,affine,0.000000e+00,72,0,64,274625,262144,1098500,0,0.0000,n/a,20,2.130949497e-03,515.4979,3936.5588,123.0175,92.7552,0,0,0,-1.256492739715e-14,1,1.000000,0,sumfact,on,off,0,1,0,0,0,,,0.000,,,,,,,
jac_rc_n64,nid005994,hex8,jac_action,packed,packed,sumfact,affine,0.000000e+00,72,128,64,274625,262144,1098500,0,0.0000,n/a,20,9.430646896e-04,1164.8194,8895.0505,277.9703,236.2748,0,0,0,3.033959260039e-13,1,1.000000,0,sumfact,exact,off,1,0,0,0,0,2.261248000e-04,0.239777,0.000,,,,,,,
jac_rc_n64,nid005994,hex8,jac_action,ecolor,ecolor,sumfact,affine,0.000000e+00,72,128,64,274625,262144,1098500,0,0.0000,n/a,20,1.258051395e-03,873.1758,6667.9374,208.3730,177.1171,0,0,0,-6.895899866757e-14,1,1.000000,0,sumfact,exact,off,1,0,0,0,0,4.475136000e-04,0.355720,0.000,,,,,,,
jac_rc_n64,nid005994,hex8,jac_action,atomic,atomic,sumfact,affine,0.000000e+00,72,0,64,274625,262144,1098500,0,0.0000,n/a,20,2.878654003e-03,381.6020,2914.0730,91.0648,77.4051,0,0,0,2.991632007225e-13,1,1.000000,0,sumfact,exact,off,1,0,0,0,0,1.535065600e-03,0.533258,0.000,,,,,,,
jac_rc_bnd_n64,nid005994,hex8,jac_action,packed,packed,sumfact,affine,0.000000e+00,72,128,64,274625,262144,1098500,0,0.0000,n/a,20,1.160824299e-03,946.3103,7226.4235,225.8257,191.9519,0,0,0,5.047023127365e+00,1,1.000000,1,sumfact,exact,on,1,0,0,0,0,2.180608000e-04,0.187850,0.000,,,,,,,
jac_rc_bnd_n64,nid005994,hex8,jac_action,ecolor,ecolor,sumfact,affine,0.000000e+00,72,128,64,274625,262144,1098500,0,0.0000,n/a,20,1.475536823e-03,744.4748,5685.1228,177.6601,151.0111,0,0,0,5.044934535980e+00,1,1.000000,1,sumfact,exact,on,1,0,0,0,0,4.616832000e-04,0.312892,0.000,,,,,,,
jac_rc_bnd_n64,nid005994,hex8,jac_action,atomic,atomic,sumfact,affine,0.000000e+00,72,0,64,274625,262144,1098500,0,0.0000,n/a,20,2.981531620e-03,368.4348,2813.5231,87.9226,74.7342,0,0,0,5.047023127365e+00,1,1.000000,1,sumfact,exact,on,1,0,0,0,0,1.670387200e-03,0.560245,0.000,,,,,,,
assemble_n64,nid005994,hex8,assemble,packed,packed,sumfact,affine,0.000000e+00,72,128,64,274625,262144,1098500,7189057,877.5704,f64,20,1.328541040e-02,82.6847,631.4150,19.7317,45.4619,0,0,0,2.702547346339e-10,0,0.000000,0,sumfact,off,off,0,0,0,0,0,,,0.000,,,,,,,
assemble_n64,nid005994,hex8,assemble,atomic,atomic,sumfact,affine,0.000000e+00,72,0,64,274625,262144,1098500,7189057,877.5704,f64,20,2.938431501e-02,37.3839,285.4791,8.9212,20.5545,0,0,0,2.702932316173e-10,0,0.000000,0,sumfact,off,off,0,0,0,0,0,,,0.000,,,,,,,
assemble_n64,nid005994,hex8,assemble,colored,colored,sumfact,affine,0.000000e+00,72,128,64,274625,262144,1098500,7189057,877.5704,f64,20,1.180310249e-02,93.0688,710.7121,22.2098,51.1713,14,146,147,2.702547346339e-10,0,0.000000,0,sumfact,off,off,0,0,0,0,0,,,0.000,,,,,,,
assemble_n64,nid005994,hex8,assemble,store,store,sumfact,affine,0.000000e+00,72,128,64,274625,262144,1098500,7189057,877.5704,f64,20,9.325182438e-03,117.7993,899.5650,28.1114,64.7687,0,0,0,2.702547346339e-10,0,0.000000,0,sumfact,off,off,0,0,0,0,0,,,0.000,,,,,,,
assemble_diag_n64,nid005994,hex8,assemble_diag,atomic,atomic,sumfact,affine,0.000000e+00,72,0,64,274625,262144,1098500,0,0.0000,n/a,20,1.078120470e-02,101.8903,778.0771,24.3149,18.3334,0,0,0,5.801523603040e+02,0,0.000000,0,sumfact,off,off,0,0,0,0,0,,,0.000,,,,,,,
spmv_f64_n64,nid005994,hex8,bsr_apply,packed,n/a,n/a,affine,0.000000e+00,72,128,64,274625,262144,1098500,7189057,877.5704,f64,20,2.437901497e-03,450.5924,0.0000,0.0000,0.0000,0,0,0,-1.151445421215e-12,0,0.000000,0,n/a,off,off,0,0,0,0,0,,,0.000,,,,,,,
spmv_f32_n64,nid005994,hex8,bsr_apply,packed,n/a,n/a,affine,0.000000e+00,72,128,64,274625,262144,1098500,7189057,438.7852,f32,20,1.075434685e-03,1021.4474,0.0000,0.0000,0.0000,0,0,0,1.266337291522e-05,0,0.000000,0,n/a,off,off,0,0,0,0,0,,,0.000,,,,,,,
residual_bare_n96,nid005994,hex8,residual,packed,packed,sumfact,affine,0.000000e+00,72,512,96,912673,884736,3650692,0,0.0000,n/a,20,1.513457298e-03,2412.1539,18706.5417,584.5794,440.7729,0,0,0,9.553718493399e-14,0,0.000000,0,sumfact,off,off,0,0,0,0,0,,,0.000,,,,,,,
residual_bare_n96,nid005994,hex8,residual,ecolor,ecolor,sumfact,affine,0.000000e+00,72,512,96,912673,884736,3650692,0,0.0000,n/a,20,2.155590057e-03,1693.5929,13134.0149,410.4380,309.4702,0,0,0,1.006580886351e-13,0,0.000000,0,sumfact,off,off,0,0,0,0,0,,,0.000,,,,,,,
residual_bare_n96,nid005994,hex8,residual,atomic,atomic,sumfact,affine,0.000000e+00,72,0,96,912673,884736,3650692,0,0.0000,n/a,20,3.664207458e-03,996.3115,7726.5145,241.4536,182.0560,0,0,0,9.868744276637e-14,0,0.000000,0,sumfact,off,off,0,0,0,0,0,,,0.000,,,,,,,
jac_bare_n96,nid005994,hex8,jac_action,packed,packed,sumfact,affine,0.000000e+00,72,512,96,912673,884736,3650692,0,0.0000,n/a,20,1.809132099e-03,2017.9245,15649.2453,489.0389,415.6831,0,0,0,-2.009048702682e-12,0,0.000000,0,sumfact,off,off,0,0,0,0,0,,,0.000,,,,,,,
jac_bare_n96,nid005994,hex8,jac_action,ecolor,ecolor,sumfact,affine,0.000000e+00,72,512,96,912673,884736,3650692,0,0.0000,n/a,20,2.674651146e-03,1364.9227,10585.1382,330.7856,281.1677,0,0,0,-3.581897758541e-12,0,0.000000,0,sumfact,off,off,0,0,0,0,0,,,0.000,,,,,,,
jac_bare_n96,nid005994,hex8,jac_action,atomic,atomic,sumfact,affine,0.000000e+00,72,0,96,912673,884736,3650692,0,0.0000,n/a,20,4.004585743e-03,911.6279,7069.7829,220.9307,187.7911,0,0,0,-1.948041947479e-12,0,0.000000,0,sumfact,off,off,0,0,0,0,0,,,0.000,,,,,,,
residual_rc_n96,nid005994,hex8,residual,packed,packed,sumfact,affine,0.000000e+00,72,512,96,912673,884736,3650692,0,0.0000,n/a,20,2.118897438e-03,1722.9206,13361.4546,417.5455,314.8293,0,0,0,1.003804244587e-13,1,1.000000,0,sumfact,on,off,0,0,0,0,0,,,0.000,,,,,,,
residual_rc_n96,nid005994,hex8,residual,ecolor,ecolor,sumfact,affine,0.000000e+00,72,512,96,912673,884736,3650692,0,0.0000,n/a,20,3.165638447e-03,1153.2246,8943.3940,279.4811,210.7287,0,0,0,1.043078384083e-13,1,1.000000,0,sumfact,on,off,0,0,0,0,0,,,0.000,,,,,,,
residual_rc_n96,nid005994,hex8,residual,atomic,atomic,sumfact,affine,0.000000e+00,72,0,96,912673,884736,3650692,0,0.0000,n/a,20,4.252207279e-03,858.5405,6658.0837,208.0651,156.8811,0,0,0,1.025453593567e-13,1,1.000000,0,sumfact,on,off,0,0,0,0,0,,,0.000,,,,,,,
residual_rc_bnd_n96,nid005994,hex8,residual,packed,packed,sumfact,affine,0.000000e+00,72,512,96,912673,884736,3650692,0,0.0000,n/a,20,2.430033684e-03,1502.3216,11650.6829,364.0838,274.5192,0,0,0,3.727500000000e+00,1,1.000000,1,sumfact,on,on,0,0,0,0,0,,,0.000,,,,,,,
residual_rc_bnd_n96,nid005994,hex8,residual,ecolor,ecolor,sumfact,affine,0.000000e+00,72,512,96,912673,884736,3650692,0,0.0000,n/a,20,3.342354298e-03,1092.2517,8470.5419,264.7044,199.5871,0,0,0,3.727500000000e+00,1,1.000000,1,sumfact,on,on,0,0,0,0,0,,,0.000,,,,,,,
residual_rc_bnd_n96,nid005994,hex8,residual,atomic,atomic,sumfact,affine,0.000000e+00,72,0,96,912673,884736,3650692,0,0.0000,n/a,20,4.443359375e-03,821.6063,6371.6548,199.1142,150.1321,0,0,0,3.727500000000e+00,1,1.000000,1,sumfact,on,on,0,0,0,0,0,,,0.000,,,,,,,
residual_rc_bnd_dt_n96,nid005994,hex8,residual,packed,packed,sumfact,affine,0.000000e+00,72,512,96,912673,884736,3650692,0,0.0000,n/a,20,2.549088001e-03,1432.1561,11106.5416,347.0794,261.6979,0,0,0,6.759195490287e+00,1,1.000000,1,sumfact,on,on,0,0,0,0,1,,,0.000,,,,,,,
residual_rc_bnd_dt_n96,nid005994,hex8,residual,ecolor,ecolor,sumfact,affine,0.000000e+00,72,512,96,912673,884736,3650692,0,0.0000,n/a,20,3.624117374e-03,1007.3327,7811.9854,244.1245,184.0699,0,0,0,6.759287405709e+00,1,1.000000,1,sumfact,on,on,0,0,0,0,1,,,0.000,,,,,,,
residual_rc_bnd_dt_n96,nid005994,hex8,residual,atomic,atomic,sumfact,affine,0.000000e+00,72,0,96,912673,884736,3650692,0,0.0000,n/a,20,4.407501221e-03,828.2906,6423.4927,200.7341,151.3535,0,0,0,6.759287405709e+00,1,1.000000,1,sumfact,on,on,0,0,0,0,1,,,0.000,,,,,,,
residual_rc_perapply_n96,nid005994,hex8,residual,packed,packed,sumfact,affine,0.000000e+00,72,512,96,912673,884736,3650692,0,0.0000,n/a,20,2.377796173e-03,1535.3259,11906.6354,372.0824,280.5501,0,0,0,1.003804244587e-13,1,1.000000,0,sumfact,on,off,0,1,0,0,0,,,0.000,,,,,,,
residual_rc_perapply_n96,nid005994,hex8,residual,atomic,atomic,sumfact,affine,0.000000e+00,72,0,96,912673,884736,3650692,0,0.0000,n/a,20,6.656491756e-03,548.4409,4253.2242,132.9133,100.2166,0,0,0,1.025453593567e-13,1,1.000000,0,sumfact,on,off,0,1,0,0,0,,,0.000,,,,,,,
jac_rc_n96,nid005994,hex8,jac_action,packed,packed,sumfact,affine,0.000000e+00,72,512,96,912673,884736,3650692,0,0.0000,n/a,20,4.022324085e-03,907.6076,7038.6054,219.9564,186.9630,0,0,0,2.763892901440e-13,1,1.000000,0,sumfact,exact,off,1,0,0,0,0,1.035609600e-03,0.257465,0.000,,,,,,,
jac_rc_n96,nid005994,hex8,jac_action,ecolor,ecolor,sumfact,affine,0.000000e+00,72,512,96,912673,884736,3650692,0,0.0000,n/a,20,7.527422905e-03,484.9856,3761.1215,117.5350,99.9048,0,0,0,5.559625297028e-13,1,1.000000,0,sumfact,exact,off,1,0,0,0,0,3.045401600e-03,0.404574,0.000,,,,,,,
jac_rc_n96,nid005994,hex8,jac_action,atomic,atomic,sumfact,affine,0.000000e+00,72,0,96,912673,884736,3650692,0,0.0000,n/a,20,9.163784981e-03,398.3825,3089.5042,96.5470,82.0650,0,0,0,2.773607352905e-13,1,1.000000,0,sumfact,exact,off,1,0,0,0,0,4.361190400e-03,0.475916,0.000,,,,,,,
jac_rc_bnd_n96,nid005994,hex8,jac_action,packed,packed,sumfact,affine,0.000000e+00,72,512,96,912673,884736,3650692,0,0.0000,n/a,20,4.438102245e-03,822.5795,6379.2023,199.3501,169.4476,0,0,0,5.047058237368e+00,1,1.000000,1,sumfact,exact,on,1,0,0,0,0,9.908736000e-04,0.223265,0.000,,,,,,,
jac_rc_bnd_n96,nid005994,hex8,jac_action,ecolor,ecolor,sumfact,affine,0.000000e+00,72,512,96,912673,884736,3650692,0,0.0000,n/a,20,8.036100864e-03,454.2865,3523.0459,110.0952,93.5809,0,0,0,5.043879373204e+00,1,1.000000,1,sumfact,exact,on,1,0,0,0,0,2.591372800e-03,0.322466,0.000,,,,,,,
jac_rc_bnd_n96,nid005994,hex8,jac_action,atomic,atomic,sumfact,affine,0.000000e+00,72,0,96,912673,884736,3650692,0,0.0000,n/a,20,9.323966503e-03,391.5385,3036.4279,94.8884,80.6551,0,0,0,5.047058237368e+00,1,1.000000,1,sumfact,exact,on,1,0,0,0,0,4.570508800e-03,0.490189,0.000,,,,,,,
assemble_n96,nid005994,hex8,assemble,packed,packed,sumfact,affine,0.000000e+00,72,512,96,912673,884736,3650692,24137569,2946.4806,f64,20,9.165318012e-02,39.8316,308.8987,9.6531,22.2407,0,0,0,7.386596588159e-11,0,0.000000,0,sumfact,off,off,0,0,0,0,0,,,0.000,,,,,,,
assemble_n96,nid005994,hex8,assemble,atomic,atomic,sumfact,affine,0.000000e+00,72,0,96,912673,884736,3650692,24137569,2946.4806,f64,20,9.567741156e-02,38.1563,295.9063,9.2471,21.3053,0,0,0,7.342422201788e-11,0,0.000000,0,sumfact,off,off,0,0,0,0,0,,,0.000,,,,,,,
assemble_n96,nid005994,hex8,assemble,colored,colored,sumfact,affine,0.000000e+00,72,512,96,912673,884736,3650692,24137569,2946.4806,f64,20,3.832262754e-02,95.2620,738.7686,23.0865,53.1913,19,90,91,7.389472065792e-11,0,0.000000,0,sumfact,off,off,0,0,0,0,0,,,0.000,,,,,,,
assemble_n96,nid005994,hex8,assemble,store,store,sumfact,affine,0.000000e+00,72,512,96,912673,884736,3650692,24137569,2946.4806,f64,20,4.275765419e-02,85.3810,662.1400,20.6919,47.6741,0,0,0,7.386596588159e-11,0,0.000000,0,sumfact,off,off,0,0,0,0,0,,,0.000,,,,,,,
assemble_diag_n96,nid005994,hex8,assemble_diag,atomic,atomic,sumfact,affine,0.000000e+00,72,0,96,912673,884736,3650692,0,0.0000,n/a,20,3.319346905e-02,109.9822,852.9254,26.6539,20.0971,0,0,0,1.054549351220e+03,0,0.000000,0,sumfact,off,off,0,0,0,0,0,,,0.000,,,,,,,
spmv_f64_n96,nid005994,hex8,bsr_apply,packed,n/a,n/a,affine,0.000000e+00,72,512,96,912673,884736,3650692,24137569,2946.4806,f64,20,8.084893227e-03,451.5449,0.0000,0.0000,0.0000,0,0,0,-2.227890574390e-12,0,0.000000,0,n/a,off,off,0,0,0,0,0,,,0.000,,,,,,,
spmv_f32_n96,nid005994,hex8,bsr_apply,packed,n/a,n/a,affine,0.000000e+00,72,512,96,912673,884736,3650692,24137569,1473.2403,f32,20,4.162347317e-03,877.0753,0.0000,0.0000,0.0000,0,0,0,-1.159811748818e-06,0,0.000000,0,n/a,off,off,0,0,0,0,0,,,0.000,,,,,,,
residual_bare_n128,nid005994,hex8,residual,packed,packed,sumfact,affine,0.000000e+00,72,1024,128,2146689,2097152,8586756,0,0.0000,n/a,20,3.643941879e-03,2356.4470,18416.5572,575.5174,433.9401,0,0,0,1.366551186446e-13,0,0.000000,0,sumfact,off,off,0,0,0,0,0,,,0.000,,,,,,,
residual_bare_n128,nid005994,hex8,residual,ecolor,ecolor,sumfact,affine,0.000000e+00,72,1024,128,2146689,2097152,8586756,0,0.0000,n/a,20,4.916214943e-03,1746.6193,13650.5146,426.5786,321.6403,0,0,0,1.381344040888e-13,0,0.000000,0,sumfact,off,off,0,0,0,0,0,,,0.000,,,,,,,
residual_bare_n128,nid005994,hex8,residual,atomic,atomic,sumfact,affine,0.000000e+00,72,0,128,2146689,2097152,8586756,0,0.0000,n/a,20,8.186364174e-03,1048.9096,8197.6397,256.1762,193.1569,0,0,0,1.381469808340e-13,0,0.000000,0,sumfact,off,off,0,0,0,0,0,,,0.000,,,,,,,
jac_bare_n128,nid005994,hex8,jac_action,packed,packed,sumfact,affine,0.000000e+00,72,1024,128,2146689,2097152,8586756,0,0.0000,n/a,20,5.036687851e-03,1704.8418,13324.0070,416.3752,353.9189,0,0,0,-2.268767828771e-12,0,0.000000,0,sumfact,off,off,0,0,0,0,0,,,0.000,,,,,,,
jac_bare_n128,nid005994,hex8,jac_action,ecolor,ecolor,sumfact,affine,0.000000e+00,72,1024,128,2146689,2097152,8586756,0,0.0000,n/a,20,7.090258598e-03,1211.0639,9464.9388,295.7793,251.4124,0,0,0,-2.925569671502e-13,0,0.000000,0,sumfact,off,off,0,0,0,0,0,,,0.000,,,,,,,
jac_bare_n128,nid005994,hex8,jac_action,atomic,atomic,sumfact,affine,0.000000e+00,72,0,128,2146689,2097152,8586756,0,0.0000,n/a,20,9.647047520e-03,890.0916,6956.4148,217.3880,184.7798,0,0,0,-2.268767828771e-12,0,0.000000,0,sumfact,off,off,0,0,0,0,0,,,0.000,,,,,,,
residual_rc_n128,nid005994,hex8,residual,packed,packed,sumfact,affine,0.000000e+00,72,1024,128,2146689,2097152,8586756,0,0.0000,n/a,20,5.244660378e-03,1637.2378,12795.6549,399.8642,301.4976,0,0,0,1.366482339608e-13,1,1.000000,0,sumfact,on,off,0,0,0,0,0,,,0.000,,,,,,,
residual_rc_n128,nid005994,hex8,residual,ecolor,ecolor,sumfact,affine,0.000000e+00,72,1024,128,2146689,2097152,8586756,0,0.0000,n/a,20,7.846879959e-03,1094.2892,8552.2990,267.2593,201.5135,0,0,0,1.381327235754e-13,1,1.000000,0,sumfact,on,off,0,0,0,0,0,,,0.000,,,,,,,
residual_rc_n128,nid005994,hex8,residual,atomic,atomic,sumfact,affine,0.000000e+00,72,0,128,2146689,2097152,8586756,0,0.0000,n/a,20,9.979522228e-03,860.4376,6724.6570,210.1455,158.4497,0,0,0,1.381470350441e-13,1,1.000000,0,sumfact,on,off,0,0,0,0,0,,,0.000,,,,,,,
residual_rc_bnd_n128,nid005994,hex8,residual,packed,packed,sumfact,affine,0.000000e+00,72,1024,128,2146689,2097152,8586756,0,0.0000,n/a,20,5.728542805e-03,1498.9425,11714.8228,366.0882,276.0305,0,0,0,3.727500000000e+00,1,1.000000,1,sumfact,on,on,0,0,0,0,0,,,0.000,,,,,,,
residual_rc_bnd_n128,nid005994,hex8,residual,ecolor,ecolor,sumfact,affine,0.000000e+00,72,1024,128,2146689,2097152,8586756,0,0.0000,n/a,20,8.710825443e-03,985.7569,7704.0763,240.7524,181.5273,0,0,0,3.727500000000e+00,1,1.000000,1,sumfact,on,on,0,0,0,0,0,,,0.000,,,,,,,
residual_rc_bnd_n128,nid005994,hex8,residual,atomic,atomic,sumfact,affine,0.000000e+00,72,0,128,2146689,2097152,8586756,0,0.0000,n/a,20,1.055654287e-02,813.4061,6357.0872,198.6590,149.7889,0,0,0,3.727500000000e+00,1,1.000000,1,sumfact,on,on,0,0,0,0,0,,,0.000,,,,,,,
residual_rc_bnd_dt_n128,nid005994,hex8,residual,packed,packed,sumfact,affine,0.000000e+00,72,1024,128,2146689,2097152,8586756,0,0.0000,n/a,20,6.528174877e-03,1315.3379,10279.8815,321.2463,242.2197,0,0,0,6.759412313613e+00,1,1.000000,1,sumfact,on,on,0,0,0,0,1,,,0.000,,,,,,,
residual_rc_bnd_dt_n128,nid005994,hex8,residual,ecolor,ecolor,sumfact,affine,0.000000e+00,72,1024,128,2146689,2097152,8586756,0,0.0000,n/a,20,9.070706367e-03,946.6469,7398.4165,231.2005,174.3252,0,0,0,6.759329548060e+00,1,1.000000,1,sumfact,on,on,0,0,0,0,1,,,0.000,,,,,,,
residual_rc_bnd_dt_n128,nid005994,hex8,residual,atomic,atomic,sumfact,affine,0.000000e+00,72,0,128,2146689,2097152,8586756,0,0.0000,n/a,20,1.105781794e-02,776.5326,6068.9066,189.6533,142.9986,0,0,0,6.759329548060e+00,1,1.000000,1,sumfact,on,on,0,0,0,0,1,,,0.000,,,,,,,
residual_rc_perapply_n128,nid005994,hex8,residual,packed,packed,sumfact,affine,0.000000e+00,72,1024,128,2146689,2097152,8586756,0,0.0000,n/a,20,6.438863277e-03,1333.5826,10422.4707,325.7022,245.5795,0,0,0,1.366482339608e-13,1,1.000000,0,sumfact,on,off,0,1,0,0,0,,,0.000,,,,,,,
residual_rc_perapply_n128,nid005994,hex8,residual,atomic,atomic,sumfact,affine,0.000000e+00,72,0,128,2146689,2097152,8586756,0,0.0000,n/a,20,1.499460936e-02,572.6562,4475.5327,139.8604,105.4547,0,0,0,1.381470350441e-13,1,1.000000,0,sumfact,on,off,0,1,0,0,0,,,0.000,,,,,,,
jac_rc_n128,nid005994,hex8,jac_action,packed,packed,sumfact,affine,0.000000e+00,72,1024,128,2146689,2097152,8586756,0,0.0000,n/a,20,9.818804264e-03,874.5216,6834.7288,213.5853,181.5475,0,0,0,-3.069362255678e-13,1,1.000000,0,sumfact,exact,off,1,0,0,0,0,2.627571200e-03,0.267606,0.000,,,,,,,
jac_rc_n128,nid005994,hex8,jac_action,ecolor,ecolor,sumfact,affine,0.000000e+00,72,1024,128,2146689,2097152,8586756,0,0.0000,n/a,20,1.997969151e-02,429.7742,3358.8539,104.9642,89.2196,0,0,0,7.779667752020e-13,1,1.000000,0,sumfact,exact,off,1,0,0,0,0,8.301657600e-03,0.415505,0.000,,,,,,,
jac_rc_n128,nid005994,hex8,jac_action,atomic,atomic,sumfact,affine,0.000000e+00,72,0,128,2146689,2097152,8586756,0,0.0000,n/a,20,2.533218861e-02,338.9662,2649.1538,82.7861,70.3681,0,0,0,-3.078244039875e-13,1,1.000000,0,sumfact,exact,off,1,0,0,0,0,1.469397760e-02,0.580052,0.000,,,,,,,
jac_rc_bnd_n128,nid005994,hex8,jac_action,packed,packed,sumfact,affine,0.000000e+00,72,1024,128,2146689,2097152,8586756,0,0.0000,n/a,20,1.042156219e-02,823.9413,6439.4246,201.2320,171.0472,0,0,0,5.048053297186e+00,1,1.000000,1,sumfact,exact,on,1,0,0,0,0,2.436428800e-03,0.233787,0.000,,,,,,,
jac_rc_bnd_n128,nid005994,hex8,jac_action,ecolor,ecolor,sumfact,affine,0.000000e+00,72,1024,128,2146689,2097152,8586756,0,0.0000,n/a,20,2.079783678e-02,412.8677,3226.7233,100.8351,85.7098,0,0,0,5.045353208780e+00,1,1.000000,1,sumfact,exact,on,1,0,0,0,0,8.694476800e-03,0.418047,0.000,,,,,,,
jac_rc_bnd_n128,nid005994,hex8,jac_action,atomic,atomic,sumfact,affine,0.000000e+00,72,0,128,2146689,2097152,8586756,0,0.0000,n/a,20,2.615802288e-02,328.2647,2565.5174,80.1724,68.1466,0,0,0,5.048053297186e+00,1,1.000000,1,sumfact,exact,on,1,0,0,0,0,1.529789440e-02,0.584826,0.000,,,,,,,
assemble_n128,nid005994,hex8,assemble,packed,packed,sumfact,affine,0.000000e+00,72,1024,128,2146689,2097152,8586756,57066625,6966.1407,f64,20,1.516397595e-01,56.6260,442.5545,13.8298,31.8639,0,0,0,-3.076235482948e-08,0,0.000000,0,sumfact,off,off,0,0,0,0,0,,,0.000,,,,,,,
assemble_n128,nid005994,hex8,assemble,atomic,atomic,sumfact,affine,0.000000e+00,72,0,128,2146689,2097152,8586756,57066625,6966.1407,f64,20,2.577110529e-01,33.3193,260.4035,8.1376,18.7491,0,0,0,-3.076550014682e-08,0,0.000000,0,sumfact,off,off,0,0,0,0,0,,,0.000,,,,,,,
assemble_n128,nid005994,hex8,assemble,colored,colored,sumfact,affine,0.000000e+00,72,1024,128,2146689,2097152,8586756,57066625,6966.1407,f64,20,8.265566826e-02,103.8859,811.9088,25.3721,58.4574,14,146,147,-3.076235482948e-08,0,0.000000,0,sumfact,off,off,0,0,0,0,0,,,0.000,,,,,,,
assemble_n128,nid005994,hex8,assemble,store,store,sumfact,affine,0.000000e+00,72,1024,128,2146689,2097152,8586756,57066625,6966.1407,f64,20,1.435053706e-01,59.8358,467.6401,14.6138,33.6701,0,0,0,-3.076235482948e-08,0,0.000000,0,sumfact,off,off,0,0,0,0,0,,,0.000,,,,,,,
assemble_diag_n128,nid005994,hex8,assemble_diag,atomic,atomic,sumfact,affine,0.000000e+00,72,0,128,2146689,2097152,8586756,0,0.0000,n/a,20,7.711851597e-02,111.3449,870.2043,27.1939,20.5042,0,0,0,1.651826180067e+03,0,0.000000,0,sumfact,off,off,0,0,0,0,0,,,0.000,,,,,,,
spmv_f64_n128,nid005994,hex8,bsr_apply,packed,n/a,n/a,affine,0.000000e+00,72,1024,128,2146689,2097152,8586756,57066625,6966.1407,f64,20,1.856898069e-02,462.4247,0.0000,0.0000,0.0000,0,0,0,-2.271657308876e-12,0,0.000000,0,n/a,off,off,0,0,0,0,0,,,0.000,,,,,,,
spmv_f32_n128,nid005994,hex8,bsr_apply,packed,n/a,n/a,affine,0.000000e+00,72,1024,128,2146689,2097152,8586756,57066625,3483.0704,f32,20,1.023628712e-02,838.8545,0.0000,0.0000,0.0000,0,0,0,4.661746579456e-05,0,0.000000,0,n/a,off,off,0,0,0,0,0,,,0.000,,,,,,,
residual_bare_n160,nid005994,hex8,residual,packed,packed,sumfact,affine,0.000000e+00,72,2048,160,4173281,4096000,16693124,0,0.0000,n/a,20,7.025289536e-03,2376.1475,18657.1670,583.0365,439.6095,0,0,0,-6.683819079797e-14,0,0.000000,0,sumfact,off,off,0,0,0,0,0,,,0.000,,,,,,,
residual_bare_n160,nid005994,hex8,residual,ecolor,ecolor,sumfact,affine,0.000000e+00,72,2048,160,4173281,4096000,16693124,0,0.0000,n/a,20,2.444839478e-02,682.7902,5361.1700,167.5366,126.3226,0,0,0,-6.929976341039e-14,0,0.000000,0,sumfact,off,off,0,0,0,0,0,,,0.000,,,,,,,
residual_bare_n160,nid005994,hex8,residual,atomic,atomic,sumfact,affine,0.000000e+00,72,0,160,4173281,4096000,16693124,0,0.0000,n/a,20,1.641483307e-02,1016.9536,7984.9731,249.5304,188.1459,0,0,0,-7.000232641816e-14,0,0.000000,0,sumfact,off,off,0,0,0,0,0,,,0.000,,,,,,,
jac_bare_n160,nid005994,hex8,jac_action,packed,packed,sumfact,affine,0.000000e+00,72,2048,160,4173281,4096000,16693124,0,0.0000,n/a,20,9.477198124e-03,1761.3987,13830.2480,432.1952,367.3660,0,0,0,7.483083570110e-13,0,0.000000,0,sumfact,off,off,0,0,0,0,0,,,0.000,,,,,,,
jac_bare_n160,nid005994,hex8,jac_action,ecolor,ecolor,sumfact,affine,0.000000e+00,72,2048,160,4173281,4096000,16693124,0,0.0000,n/a,20,3.150632381e-02,529.8341,4160.1807,130.0056,110.5048,0,0,0,5.436072422825e-12,0,0.000000,0,sumfact,off,off,0,0,0,0,0,,,0.000,,,,,,,
jac_bare_n160,nid005994,hex8,jac_action,atomic,atomic,sumfact,affine,0.000000e+00,72,0,160,4173281,4096000,16693124,0,0.0000,n/a,20,1.822611094e-02,915.8906,7191.4409,224.7325,191.0226,0,0,0,7.676817487907e-13,0,0.000000,0,sumfact,off,off,0,0,0,0,0,,,0.000,,,,,,,
residual_rc_n160,nid005994,hex8,residual,packed,packed,sumfact,affine,0.000000e+00,72,2048,160,4173281,4096000,16693124,0,0.0000,n/a,20,1.066744328e-02,1564.8664,12287.1054,383.9720,289.5149,0,0,0,-6.590924637659e-14,1,1.000000,0,sumfact,on,off,0,0,0,0,0,,,0.000,,,,,,,
residual_rc_n160,nid005994,hex8,residual,ecolor,ecolor,sumfact,affine,0.000000e+00,72,2048,160,4173281,4096000,16693124,0,0.0000,n/a,20,3.362189531e-02,496.4956,3898.4120,121.8254,91.8563,0,0,0,-6.929802868691e-14,1,1.000000,0,sumfact,on,off,0,0,0,0,0,,,0.000,,,,,,,
residual_rc_n160,nid005994,hex8,residual,atomic,atomic,sumfact,affine,0.000000e+00,72,0,160,4173281,4096000,16693124,0,0.0000,n/a,20,1.966099739e-02,849.0477,6666.5997,208.3312,157.0818,0,0,0,-7.109953901671e-14,1,1.000000,0,sumfact,on,off,0,0,0,0,0,,,0.000,,,,,,,
residual_rc_bnd_n160,nid005994,hex8,residual,packed,packed,sumfact,affine,0.000000e+00,72,2048,160,4173281,4096000,16693124,0,0.0000,n/a,20,1.163612604e-02,1434.5946,11264.2300,352.0072,265.4134,0,0,0,3.727500000000e+00,1,1.000000,1,sumfact,on,on,0,0,0,0,0,,,0.000,,,,,,,
residual_rc_bnd_n160,nid005994,hex8,residual,ecolor,ecolor,sumfact,affine,0.000000e+00,72,2048,160,4173281,4096000,16693124,0,0.0000,n/a,20,3.664586544e-02,455.5254,3576.7200,111.7725,84.2765,0,0,0,3.727500000000e+00,1,1.000000,1,sumfact,on,on,0,0,0,0,0,,,0.000,,,,,,,
residual_rc_bnd_n160,nid005994,hex8,residual,atomic,atomic,sumfact,affine,0.000000e+00,72,0,160,4173281,4096000,16693124,0,0.0000,n/a,20,2.082726955e-02,801.5032,6293.2877,196.6652,148.2856,0,0,0,3.727500000000e+00,1,1.000000,1,sumfact,on,on,0,0,0,0,0,,,0.000,,,,,,,
residual_rc_bnd_dt_n160,nid005994,hex8,residual,packed,packed,sumfact,affine,0.000000e+00,72,2048,160,4173281,4096000,16693124,0,0.0000,n/a,20,1.269755363e-02,1314.6725,10322.6183,322.5818,243.2267,0,0,0,6.759317416976e+00,1,1.000000,1,sumfact,on,on,0,0,0,0,1,,,0.000,,,,,,,
residual_rc_bnd_dt_n160,nid005994,hex8,residual,ecolor,ecolor,sumfact,affine,0.000000e+00,72,2048,160,4173281,4096000,16693124,0,0.0000,n/a,20,3.699848652e-02,451.1840,3542.6314,110.7072,83.4733,0,0,0,6.759324573300e+00,1,1.000000,1,sumfact,on,on,0,0,0,0,1,,,0.000,,,,,,,
residual_rc_bnd_dt_n160,nid005994,hex8,residual,atomic,atomic,sumfact,affine,0.000000e+00,72,0,160,4173281,4096000,16693124,0,0.0000,n/a,20,2.211147547e-02,754.9530,5927.7817,185.2432,139.6734,0,0,0,6.759324573300e+00,1,1.000000,1,sumfact,on,on,0,0,0,0,1,,,0.000,,,,,,,
residual_rc_perapply_n160,nid005994,hex8,residual,packed,packed,sumfact,affine,0.000000e+00,72,2048,160,4173281,4096000,16693124,0,0.0000,n/a,20,1.288659573e-02,1295.3866,10171.1889,317.8497,239.6586,0,0,0,-6.590924637659e-14,1,1.000000,0,sumfact,on,off,0,1,0,0,0,,,0.000,,,,,,,
residual_rc_perapply_n160,nid005994,hex8,residual,atomic,atomic,sumfact,affine,0.000000e+00,72,0,160,4173281,4096000,16693124,0,0.0000,n/a,20,3.003695011e-02,555.7530,4363.6920,136.3654,102.8195,0,0,0,-7.109953901671e-14,1,1.000000,0,sumfact,on,off,0,1,0,0,0,,,0.000,,,,,,,
jac_rc_n160,nid005994,hex8,jac_action,packed,packed,sumfact,affine,0.000000e+00,72,2048,160,4173281,4096000,16693124,0,0.0000,n/a,20,1.899071932e-02,879.0148,6901.8976,215.6843,183.3317,0,0,0,-5.547403831327e-13,1,1.000000,0,sumfact,exact,off,1,0,0,0,0,5.004032000e-03,0.263499,0.000,,,,,,,
jac_rc_n160,nid005994,hex8,jac_action,ecolor,ecolor,sumfact,affine,0.000000e+00,72,2048,160,4173281,4096000,16693124,0,0.0000,n/a,20,8.778808117e-02,190.1525,1493.0501,46.6578,39.6591,0,0,0,4.218664331171e-13,1,1.000000,0,sumfact,exact,off,1,0,0,0,0,4.252555520e-02,0.484411,0.000,,,,,,,
jac_rc_n160,nid005994,hex8,jac_action,atomic,atomic,sumfact,affine,0.000000e+00,72,0,160,4173281,4096000,16693124,0,0.0000,n/a,20,5.075215101e-02,328.9146,2582.5900,80.7059,68.6000,0,0,0,-5.591812752312e-13,1,1.000000,0,sumfact,exact,off,1,0,0,0,0,3.044783360e-02,0.599932,0.000,,,,,,,
jac_rc_bnd_n160,nid005994,hex8,jac_action,packed,packed,sumfact,affine,0.000000e+00,72,2048,160,4173281,4096000,16693124,0,0.0000,n/a,20,1.997584105e-02,835.6656,6561.5260,205.0477,174.2905,0,0,0,5.046148336219e+00,1,1.000000,1,sumfact,exact,on,1,0,0,0,0,5.040806400e-03,0.252345,0.000,,,,,,,
jac_rc_bnd_n160,nid005994,hex8,jac_action,ecolor,ecolor,sumfact,affine,0.000000e+00,72,2048,160,4173281,4096000,16693124,0,0.0000,n/a,20,9.039827585e-02,184.6620,1449.9392,45.3106,38.5140,0,0,0,5.041938959493e+00,1,1.000000,1,sumfact,exact,on,1,0,0,0,0,4.405548800e-02,0.487349,0.000,,,,,,,
jac_rc_bnd_n160,nid005994,hex8,jac_action,atomic,atomic,sumfact,affine,0.000000e+00,72,0,160,4173281,4096000,16693124,0,0.0000,n/a,20,5.103666782e-02,327.0810,2568.1927,80.2560,68.2176,0,0,0,5.046148336219e+00,1,1.000000,1,sumfact,exact,on,1,0,0,0,0,3.091184640e-02,0.605679,0.000,,,,,,,
assemble_n160,nid005994,hex8,assemble,packed,packed,sumfact,affine,0.000000e+00,72,2048,160,4173281,4096000,16693124,111284641,13584.5509,f64,20,3.357523441e-01,49.7186,390.3830,12.1995,28.1076,0,0,0,1.165429404451e-08,0,0.000000,0,sumfact,off,off,0,0,0,0,0,,,0.000,,,,,,,
assemble_n160,nid005994,hex8,assemble,atomic,atomic,sumfact,affine,0.000000e+00,72,0,160,4173281,4096000,16693124,111284641,13584.5509,f64,20,4.620329976e-01,36.1297,283.6854,8.8652,20.4253,0,0,0,1.164916721901e-08,0,0.000000,0,sumfact,off,off,0,0,0,0,0,,,0.000,,,,,,,
assemble_n160,nid005994,hex8,assemble,colored,colored,sumfact,affine,0.000000e+00,72,2048,160,4173281,4096000,16693124,111284641,13584.5509,f64,20,1.866790771e-01,89.4215,702.1247,21.9414,50.5530,20,99,101,1.165426806529e-08,0,0.000000,0,sumfact,off,off,0,0,0,0,0,,,0.000,,,,,,,
assemble_n160,nid005994,hex8,assemble,store,store,sumfact,affine,0.000000e+00,72,2048,160,4173281,4096000,16693124,111284641,13584.5509,f64,20,2.721343040e-01,61.3415,481.6445,15.0514,34.6784,0,0,0,1.165429404451e-08,0,0.000000,0,sumfact,off,off,0,0,0,0,0,,,0.000,,,,,,,
assemble_diag_n160,nid005994,hex8,assemble_diag,atomic,atomic,sumfact,affine,0.000000e+00,72,0,160,4173281,4096000,16693124,0,0.0000,n/a,20,1.489916563e-01,112.0407,879.7271,27.4915,20.7286,0,0,0,2.371982944015e+03,0,0.000000,0,sumfact,off,off,0,0,0,0,0,,,0.000,,,,,,,
spmv_f64_n160,nid005994,hex8,bsr_apply,packed,n/a,n/a,affine,0.000000e+00,72,2048,160,4173281,4096000,16693124,111284641,13584.5509,f64,20,3.712639809e-02,449.6295,0.0000,0.0000,0.0000,0,0,0,7.157881465282e-13,0,0.000000,0,n/a,off,off,0,0,0,0,0,,,0.000,,,,,,,
spmv_f32_n160,nid005994,hex8,bsr_apply,packed,n/a,n/a,affine,0.000000e+00,72,2048,160,4173281,4096000,16693124,111284641,6792.2755,f32,20,1.878442764e-02,888.6682,0.0000,0.0000,0.0000,0,0,0,4.118532892879e-05,0,0.000000,0,n/a,off,off,0,0,0,0,0,,,0.000,,,,,,,
residual_bare_n192,nid005994,hex8,residual,packed,packed,sumfact,affine,0.000000e+00,72,4096,192,7189057,7077888,28756228,0,0.0000,n/a,20,1.160981655e-02,2476.8891,19508.6990,609.6468,459.6737,0,0,0,-2.914920908814e-14,0,0.000000,0,sumfact,off,off,0,0,0,0,0,,,0.000,,,,,,,
residual_bare_n192,nid005994,hex8,residual,ecolor,ecolor,sumfact,affine,0.000000e+00,72,4096,192,7189057,7077888,28756228,0,0.0000,n/a,20,4.755337238e-02,604.7148,4762.9096,148.8409,112.2261,0,0,0,-1.949200349738e-14,0,0.000000,0,sumfact,off,off,0,0,0,0,0,,,0.000,,,,,,,
residual_bare_n192,nid005994,hex8,residual,atomic,atomic,sumfact,affine,0.000000e+00,72,0,192,7189057,7077888,28756228,0,0.0000,n/a,20,2.769973278e-02,1038.1410,8176.7004,255.5219,192.6635,0,0,0,-1.935149089582e-14,0,0.000000,0,sumfact,off,off,0,0,0,0,0,,,0.000,,,,,,,
jac_bare_n192,nid005994,hex8,jac_action,packed,packed,sumfact,affine,0.000000e+00,72,4096,192,7189057,7077888,28756228,0,0.0000,n/a,20,1.565952301e-02,1836.3412,14463.5578,451.9862,384.1883,0,0,0,2.572335378558e-11,0,0.000000,0,sumfact,off,off,0,0,0,0,0,,,0.000,,,,,,,
jac_bare_n192,nid005994,hex8,jac_action,ecolor,ecolor,sumfact,affine,0.000000e+00,72,4096,192,7189057,7077888,28756228,0,0.0000,n/a,20,5.765064955e-02,498.8015,3928.7054,122.7720,104.3562,0,0,0,4.849060801330e-11,0,0.000000,0,sumfact,off,off,0,0,0,0,0,,,0.000,,,,,,,
jac_bare_n192,nid005994,hex8,jac_action,atomic,atomic,sumfact,affine,0.000000e+00,72,0,192,7189057,7077888,28756228,0,0.0000,n/a,20,3.131759167e-02,918.2133,7232.1147,226.0036,192.1030,0,0,0,2.581439207359e-11,0,0.000000,0,sumfact,off,off,0,0,0,0,0,,,0.000,,,,,,,
residual_rc_n192,nid005994,hex8,residual,packed,packed,sumfact,affine,0.000000e+00,72,4096,192,7189057,7077888,28756228,0,0.0000,n/a,20,1.767721176e-02,1626.7400,12812.6776,400.3962,301.8987,0,0,0,-3.009289865907e-14,1,1.000000,0,sumfact,on,off,0,0,0,0,0,,,0.000,,,,,,,
residual_rc_n192,nid005994,hex8,residual,ecolor,ecolor,sumfact,affine,0.000000e+00,72,4096,192,7189057,7077888,28756228,0,0.0000,n/a,20,6.298519373e-02,456.5554,3595.9628,112.3738,84.7299,0,0,0,-1.899240313630e-14,1,1.000000,0,sumfact,on,off,0,0,0,0,0,,,0.000,,,,,,,
residual_rc_n192,nid005994,hex8,residual,atomic,atomic,sumfact,affine,0.000000e+00,72,0,192,7189057,7077888,28756228,0,0.0000,n/a,20,3.365007639e-02,854.5665,6730.8143,210.3379,158.5948,0,0,0,-2.201602615493e-14,1,1.000000,0,sumfact,on,off,0,0,0,0,0,,,0.000,,,,,,,
residual_rc_bnd_n192,nid005994,hex8,residual,packed,packed,sumfact,affine,0.000000e+00,72,4096,192,7189057,7077888,28756228,0,0.0000,n/a,20,1.906735897e-02,1508.1390,11878.5416,371.2044,279.8881,0,0,0,3.727500000000e+00,1,1.000000,1,sumfact,on,on,0,0,0,0,0,,,0.000,,,,,,,
residual_rc_bnd_n192,nid005994,hex8,residual,ecolor,ecolor,sumfact,affine,0.000000e+00,72,4096,192,7189057,7077888,28756228,0,0.0000,n/a,20,6.752192974e-02,425.8798,3354.3534,104.8235,79.0370,0,0,0,3.727500000000e+00,1,1.000000,1,sumfact,on,on,0,0,0,0,0,,,0.000,,,,,,,
residual_rc_bnd_n192,nid005994,hex8,residual,atomic,atomic,sumfact,affine,0.000000e+00,72,0,192,7189057,7077888,28756228,0,0.0000,n/a,20,3.510839939e-02,819.0698,6451.2316,201.6010,152.0071,0,0,0,3.727500000000e+00,1,1.000000,1,sumfact,on,on,0,0,0,0,0,,,0.000,,,,,,,
residual_rc_bnd_dt_n192,nid005994,hex8,residual,packed,packed,sumfact,affine,0.000000e+00,72,4096,192,7189057,7077888,28756228,0,0.0000,n/a,20,2.102921009e-02,1367.4421,10770.3720,336.5741,253.7769,0,0,0,6.759335709367e+00,1,1.000000,1,sumfact,on,on,0,0,0,0,1,,,0.000,,,,,,,
residual_rc_bnd_dt_n192,nid005994,hex8,residual,ecolor,ecolor,sumfact,affine,0.000000e+00,72,4096,192,7189057,7077888,28756228,0,0.0000,n/a,20,6.851685047e-02,419.6957,3305.6455,103.3014,77.8893,0,0,0,6.759309506134e+00,1,1.000000,1,sumfact,on,on,0,0,0,0,1,,,0.000,,,,,,,
residual_rc_bnd_dt_n192,nid005994,hex8,residual,atomic,atomic,sumfact,affine,0.000000e+00,72,0,192,7189057,7077888,28756228,0,0.0000,n/a,20,3.639121056e-02,790.1971,6223.8220,194.4944,146.6488,0,0,0,6.759309506134e+00,1,1.000000,1,sumfact,on,on,0,0,0,0,1,,,0.000,,,,,,,
residual_rc_perapply_n192,nid005994,hex8,residual,packed,packed,sumfact,affine,0.000000e+00,72,4096,192,7189057,7077888,28756228,0,0.0000,n/a,20,2.182549238e-02,1317.5523,10377.4253,324.2945,244.5181,0,0,0,-3.009289865907e-14,1,1.000000,0,sumfact,on,off,0,1,0,0,0,,,0.000,,,,,,,
residual_rc_perapply_n192,nid005994,hex8,residual,atomic,atomic,sumfact,affine,0.000000e+00,72,0,192,7189057,7077888,28756228,0,0.0000,n/a,20,4.951661825e-02,580.7389,4574.0687,142.9396,107.7765,0,0,0,-2.201602615493e-14,1,1.000000,0,sumfact,on,off,0,1,0,0,0,,,0.000,,,,,,,
jac_rc_n192,nid005994,hex8,jac_action,packed,packed,sumfact,affine,0.000000e+00,72,4096,192,7189057,7077888,28756228,0,0.0000,n/a,20,3.229936361e-02,890.3032,7012.2873,219.1340,186.2639,0,0,0,-3.003928248995e-13,1,1.000000,0,sumfact,exact,off,1,0,0,0,0,8.379942400e-03,0.259446,0.000,,,,,,,
jac_rc_n192,nid005994,hex8,jac_action,ecolor,ecolor,sumfact,affine,0.000000e+00,72,4096,192,7189057,7077888,28756228,0,0.0000,n/a,20,1.696534395e-01,169.4998,1335.0299,41.7197,35.4617,0,0,0,-1.781335363639e-12,1,1.000000,0,sumfact,exact,off,1,0,0,0,0,8.403508480e-02,0.495334,0.000,,,,,,,
jac_rc_n192,nid005994,hex8,jac_action,atomic,atomic,sumfact,affine,0.000000e+00,72,0,192,7189057,7077888,28756228,0,0.0000,n/a,20,8.476637602e-02,339.2410,2671.9606,83.4988,70.9740,0,0,0,-3.094966537014e-13,1,1.000000,0,sumfact,exact,off,1,0,0,0,0,5.064728320e-02,0.597493,0.000,,,,,,,
jac_rc_bnd_n192,nid005994,hex8,jac_action,packed,packed,sumfact,affine,0.000000e+00,72,4096,192,7189057,7077888,28756228,0,0.0000,n/a,20,3.381352425e-02,850.4357,6698.2789,209.3212,177.9230,0,0,0,5.049173453743e+00,1,1.000000,1,sumfact,exact,on,1,0,0,0,0,8.323200000e-03,0.246150,0.000,,,,,,,
jac_rc_bnd_n192,nid005994,hex8,jac_action,ecolor,ecolor,sumfact,affine,0.000000e+00,72,4096,192,7189057,7077888,28756228,0,0.0000,n/a,20,1.586359739e-01,181.2718,1427.7494,44.6172,37.9246,0,0,0,5.049423490534e+00,1,1.000000,1,sumfact,exact,on,1,0,0,0,0,7.604033280e-02,0.479339,0.000,,,,,,,
jac_rc_bnd_n192,nid005994,hex8,jac_action,atomic,atomic,sumfact,affine,0.000000e+00,72,0,192,7189057,7077888,28756228,0,0.0000,n/a,20,8.601130247e-02,334.3308,2633.2867,82.2902,69.9467,0,0,0,5.049173453743e+00,1,1.000000,1,sumfact,exact,on,1,0,0,0,0,5.094031360e-02,0.592251,0.000,,,,,,,
assemble_n192,nid005994,hex8,assemble,packed,packed,sumfact,affine,0.000000e+00,72,4096,192,7189057,7077888,28756228,192100033,23449.7111,f64,20,5.575881243e-01,51.5725,406.2002,12.6938,29.2464,0,0,0,2.592910685214e-09,0,0.000000,0,sumfact,off,off,0,0,0,0,0,,,0.000,,,,,,,
assemble_n192,nid005994,hex8,assemble,atomic,atomic,sumfact,affine,0.000000e+00,72,0,192,7189057,7077888,28756228,192100033,23449.7111,f64,20,7.981683373e-01,36.0278,283.7652,8.8677,20.4311,0,0,0,2.591521534265e-09,0,0.000000,0,sumfact,off,off,0,0,0,0,0,,,0.000,,,,,,,
assemble_n192,nid005994,hex8,assemble,colored,colored,sumfact,affine,0.000000e+00,72,4096,192,7189057,7077888,28756228,192100033,23449.7111,f64,20,3.103748441e-01,92.6500,729.7383,22.8043,52.5412,19,90,91,2.592891644889e-09,0,0.000000,0,sumfact,off,off,0,0,0,0,0,,,0.000,,,,,,,
assemble_n192,nid005994,hex8,assemble,store,store,sumfact,affine,0.000000e+00,72,4096,192,7189057,7077888,28756228,192100033,23449.7111,f64,20,4.170201302e-01,68.9565,543.1211,16.9725,39.1047,0,0,0,2.592910685214e-09,0,0.000000,0,sumfact,off,off,0,0,0,0,0,,,0.000,,,,,,,
assemble_diag_n192,nid005994,hex8,assemble_diag,atomic,atomic,sumfact,affine,0.000000e+00,72,0,192,7189057,7077888,28756228,0,0.0000,n/a,20,2.669026256e-01,107.7405,848.5957,26.5186,19.9950,0,0,0,3.215019675301e+03,0,0.000000,0,sumfact,off,off,0,0,0,0,0,,,0.000,,,,,,,
spmv_f64_n192,nid005994,hex8,bsr_apply,packed,n/a,n/a,affine,0.000000e+00,72,4096,192,7189057,7077888,28756228,192100033,23449.7111,f64,20,6.401408911e-02,449.2172,0.0000,0.0000,0.0000,0,0,0,2.533862061957e-11,0,0.000000,0,n/a,off,off,0,0,0,0,0,,,0.000,,,,,,,
spmv_f32_n192,nid005994,hex8,bsr_apply,packed,n/a,n/a,affine,0.000000e+00,72,4096,192,7189057,7077888,28756228,192100033,11724.8555,f32,20,3.317642212e-02,866.7670,0.0000,0.0000,0.0000,0,0,0,-8.660309578814e-06,0,0.000000,0,n/a,off,off,0,0,0,0,0,,,0.000,,,,,,,
spmv_f32_n64,nid005994,hex8,bsr_apply,packed,n/a,n/a,affine,0.000000e+00,72,128,64,274625,262144,1098500,7189057,438.7852,f32,20,1.187169552e-03,925.3101,0.0000,0.0000,0.0000,0,0,0,1.266337291522e-05,0,0.000000,0,n/a,off,off,0,0,0,0,0,,,0.000,,,,,,,
spmv_f64_n64,nid005994,hex8,bsr_apply,packed,n/a,n/a,affine,0.000000e+00,72,128,64,274625,262144,1098500,7189057,877.5704,f64,20,2.395415306e-03,458.5844,0.0000,0.0000,0.0000,0,0,0,-1.151445421215e-12,0,0.000000,0,n/a,off,off,0,0,0,0,0,,,0.000,,,,,,,
assemble_diag_n64,nid005994,hex8,assemble_diag,atomic,atomic,sumfact,affine,0.000000e+00,72,0,64,274625,262144,1098500,0,0.0000,n/a,20,1.080199480e-02,101.6942,776.5795,24.2681,18.2982,0,0,0,5.801523603040e+02,0,0.000000,0,sumfact,off,off,0,0,0,0,0,,,0.000,,,,,,,
assemble_n64,nid005994,hex8,assemble,store,store,sumfact,affine,0.000000e+00,72,128,64,274625,262144,1098500,7189057,877.5704,f64,20,2.007163763e-02,54.7290,417.9334,13.0604,30.0912,0,0,0,2.702547346339e-10,0,0.000000,0,sumfact,off,off,0,0,0,0,0,,,0.000,,,,,,,
assemble_n64,nid005994,hex8,assemble,colored,colored,sumfact,affine,0.000000e+00,72,128,64,274625,262144,1098500,7189057,877.5704,f64,20,1.241043806e-02,88.5142,675.9317,21.1229,48.6671,14,146,147,2.702547346339e-10,0,0.000000,0,sumfact,off,off,0,0,0,0,0,,,0.000,,,,,,,
assemble_n64,nid005994,hex8,assemble,atomic,atomic,sumfact,affine,0.000000e+00,72,0,64,274625,262144,1098500,7189057,877.5704,f64,20,2.940708399e-02,37.3549,285.2581,8.9143,20.5386,0,0,0,2.702932316173e-10,0,0.000000,0,sumfact,off,off,0,0,0,0,0,,,0.000,,,,,,,
assemble_n64,nid005994,hex8,assemble,packed,packed,sumfact,affine,0.000000e+00,72,128,64,274625,262144,1098500,7189057,877.5704,f64,20,1.346759796e-02,81.5661,622.8734,19.4648,44.8469,0,0,0,2.702547346339e-10,0,0.000000,0,sumfact,off,off,0,0,0,0,0,,,0.000,,,,,,,
jac_rc_bnd_n64,nid005994,hex8,jac_action,atomic,atomic,sumfact,affine,0.000000e+00,72,0,64,274625,262144,1098500,0,0.0000,n/a,20,2.902913094e-03,378.4130,2889.7207,90.3038,76.7582,0,0,0,5.047023127365e+00,1,1.000000,1,sumfact,exact,on,1,0,0,0,0,1.351193600e-03,0.465461,0.000,,,,,,,
jac_rc_bnd_n64,nid005994,hex8,jac_action,ecolor,ecolor,sumfact,affine,0.000000e+00,72,128,64,274625,262144,1098500,0,0.0000,n/a,20,1.336264610e-03,822.0677,6277.6548,196.1767,166.7502,0,0,0,5.044934535980e+00,1,1.000000,1,sumfact,exact,on,1,0,0,0,0,4.510848000e-04,0.337571,0.000,,,,,,,
jac_rc_bnd_n64,nid005994,hex8,jac_action,packed,packed,sumfact,affine,0.000000e+00,72,128,64,274625,262144,1098500,0,0.0000,n/a,20,1.095616817e-03,1002.6316,7656.5163,239.2661,203.3762,0,0,0,5.047023127365e+00,1,1.000000,1,sumfact,exact,on,1,0,0,0,0,2.198272000e-04,0.200642,0.000,,,,,,,
jac_rc_n64,nid005994,hex8,jac_action,atomic,atomic,sumfact,affine,0.000000e+00,72,0,64,274625,262144,1098500,0,0.0000,n/a,20,2.807199955e-03,391.3152,2988.2474,93.3827,79.3753,0,0,0,2.991632007225e-13,1,1.000000,0,sumfact,exact,off,1,0,0,0,0,1.547059200e-03,0.551104,0.000,,,,,,,
jac_rc_n64,nid005994,hex8,jac_action,ecolor,ecolor,sumfact,affine,0.000000e+00,72,128,64,274625,262144,1098500,0,0.0000,n/a,20,1.277136803e-03,860.1271,6568.2924,205.2591,174.4703,0,0,0,-6.895899866757e-14,1,1.000000,0,sumfact,exact,off,1,0,0,0,0,4.471936000e-04,0.350153,0.000,,,,,,,
jac_rc_n64,nid005994,hex8,jac_action,packed,packed,sumfact,affine,0.000000e+00,72,128,64,274625,262144,1098500,0,0.0000,n/a,20,1.024973392e-03,1071.7351,8184.2203,255.7569,217.3934,0,0,0,3.033959260039e-13,1,1.000000,0,sumfact,exact,off,1,0,0,0,0,2.114432000e-04,0.206291,0.000,,,,,,,
residual_rc_perapply_n64,nid005994,hex8,residual,atomic,atomic,sumfact,affine,0.000000e+00,72,0,64,274625,262144,1098500,0,0.0000,n/a,20,2.147698402e-03,511.4778,3905.8594,122.0581,92.0318,0,0,0,-1.256492739715e-14,1,1.000000,0,sumfact,on,off,0,1,0,0,0,,,0.000,,,,,,,
residual_rc_perapply_n64,nid005994,hex8,residual,packed,packed,sumfact,affine,0.000000e+00,72,128,64,274625,262144,1098500,0,0.0000,n/a,20,7.254123688e-04,1514.3111,11563.9164,361.3724,272.4748,0,0,0,-1.282860536550e-14,1,1.000000,0,sumfact,on,off,0,1,0,0,0,,,0.000,,,,,,,
residual_rc_bnd_dt_n64,nid005994,hex8,residual,atomic,atomic,sumfact,affine,0.000000e+00,72,0,64,274625,262144,1098500,0,0.0000,n/a,20,1.434111595e-03,765.9794,5849.3412,182.7919,137.8251,0,0,0,6.759448953731e+00,1,1.000000,1,sumfact,on,on,0,0,0,0,1,,,0.000,,,,,,,
residual_rc_bnd_dt_n64,nid005994,hex8,residual,ecolor,ecolor,sumfact,affine,0.000000e+00,72,128,64,274625,262144,1098500,0,0.0000,n/a,20,9.498715401e-04,1156.4722,8831.3079,275.9784,208.0877,0,0,0,6.759448953731e+00,1,1.000000,1,sumfact,on,on,0,0,0,0,1,,,0.000,,,,,,,
residual_rc_bnd_dt_n64,nid005994,hex8,residual,packed,packed,sumfact,affine,0.000000e+00,72,128,64,274625,262144,1098500,0,0.0000,n/a,20,7.852196693e-04,1398.9716,10683.1353,333.8480,251.7214,0,0,0,6.759042994895e+00,1,1.000000,1,sumfact,on,on,0,0,0,0,1,,,0.000,,,,,,,
residual_rc_bnd_n64,nid005994,hex8,residual,atomic,atomic,sumfact,affine,0.000000e+00,72,0,64,274625,262144,1098500,0,0.0000,n/a,20,1.232647896e-03,891.1710,6805.3562,212.6674,160.3512,0,0,0,3.727500000000e+00,1,1.000000,1,sumfact,on,on,0,0,0,0,0,,,0.000,,,,,,,
residual_rc_bnd_n64,nid005994,hex8,residual,ecolor,ecolor,sumfact,affine,0.000000e+00,72,128,64,274625,262144,1098500,0,0.0000,n/a,20,7.567405701e-04,1451.6203,11085.1834,346.4120,261.1946,0,0,0,3.727500000000e+00,1,1.000000,1,sumfact,on,on,0,0,0,0,0,,,0.000,,,,,,,
residual_rc_bnd_n64,nid005994,hex8,residual,packed,packed,sumfact,affine,0.000000e+00,72,128,64,274625,262144,1098500,0,0.0000,n/a,20,6.878376007e-04,1597.0339,12195.6229,381.1132,287.3594,0,0,0,3.727500000000e+00,1,1.000000,1,sumfact,on,on,0,0,0,0,0,,,0.000,,,,,,,
residual_rc_n64,nid005994,hex8,residual,atomic,atomic,sumfact,affine,0.000000e+00,72,0,64,274625,262144,1098500,0,0.0000,n/a,20,1.183962822e-03,927.8163,7085.1955,221.4124,166.9449,0,0,0,-1.256492739715e-14,1,1.000000,0,sumfact,on,off,0,0,0,0,0,,,0.000,,,,,,,
residual_rc_n64,nid005994,hex8,residual,ecolor,ecolor,sumfact,affine,0.000000e+00,72,128,64,274625,262144,1098500,0,0.0000,n/a,20,6.966710091e-04,1576.7844,12040.9891,376.2809,283.7158,0,0,0,-1.256666212063e-14,1,1.000000,0,sumfact,on,off,0,0,0,0,0,,,0.000,,,,,,,
residual_rc_n64,nid005994,hex8,residual,packed,packed,sumfact,affine,0.000000e+00,72,128,64,274625,262144,1098500,0,0.0000,n/a,20,5.513072014e-04,1992.5370,15215.8506,475.4953,358.5235,0,0,0,-1.282860536550e-14,1,1.000000,0,sumfact,on,off,0,0,0,0,0,,,0.000,,,,,,,
jac_bare_n64,nid005994,hex8,jac_action,atomic,atomic,sumfact,affine,0.000000e+00,72,0,64,274625,262144,1098500,0,0.0000,n/a,20,1.233351231e-03,890.6628,6801.4754,212.5461,180.6642,0,0,0,-1.151479248323e-12,0,0.000000,0,sumfact,off,off,0,0,0,0,0,,,0.000,,,,,,,
jac_bare_n64,nid005994,hex8,jac_action,ecolor,ecolor,sumfact,affine,0.000000e+00,72,128,64,274625,262144,1098500,0,0.0000,n/a,20,6.130576134e-04,1791.8381,13683.2295,427.6009,363.4608,0,0,0,-2.097774373915e-12,0,0.000000,0,sumfact,off,off,0,0,0,0,0,,,0.000,,,,,,,
jac_bare_n64,nid005994,hex8,jac_action,packed,packed,sumfact,affine,0.000000e+00,72,128,64,274625,262144,1098500,0,0.0000,n/a,20,4.954576492e-04,2217.1421,16931.0293,529.0947,449.7305,0,0,0,-1.151812315230e-12,0,0.000000,0,sumfact,off,off,0,0,0,0,0,,,0.000,,,,,,,
residual_bare_n64,nid005994,hex8,residual,atomic,atomic,sumfact,affine,0.000000e+00,72,0,64,274625,262144,1098500,0,0.0000,n/a,20,1.174175739e-03,935.5499,7144.2525,223.2579,168.3365,0,0,0,-1.254020758762e-14,0,0.000000,0,sumfact,off,off,0,0,0,0,0,,,0.000,,,,,,,
residual_bare_n64,nid005994,hex8,residual,ecolor,ecolor,sumfact,affine,0.000000e+00,72,128,64,274625,262144,1098500,0,0.0000,n/a,20,5.153775215e-04,2131.4472,16276.6276,508.6446,383.5180,0,0,0,-1.251418673548e-14,0,0.000000,0,sumfact,off,off,0,0,0,0,0,,,0.000,,,,,,,
residual_bare_n64,nid005994,hex8,residual,packed,packed,sumfact,affine,0.000000e+00,72,128,64,274625,262144,1098500,0,0.0000,n/a,20,3.735899925e-04,2940.3893,22454.0490,701.6890,529.0735,0,0,0,-1.235979634612e-14,0,0.000000,0,sumfact,off,off,0,0,0,0,0,,,0.000,,,,,,,
spmv_f32_n96,nid005994,hex8,bsr_apply,packed,n/a,n/a,affine,0.000000e+00,72,512,96,912673,884736,3650692,24137569,1473.2403,f32,20,4.327154160e-03,843.6704,0.0000,0.0000,0.0000,0,0,0,-1.159811748818e-06,0,0.000000,0,n/a,off,off,0,0,0,0,0,,,0.000,,,,,,,
spmv_f64_n96,nid005994,hex8,bsr_apply,packed,n/a,n/a,affine,0.000000e+00,72,512,96,912673,884736,3650692,24137569,2946.4806,f64,20,8.247113228e-03,442.6630,0.0000,0.0000,0.0000,0,0,0,-2.227890574390e-12,0,0.000000,0,n/a,off,off,0,0,0,0,0,,,0.000,,,,,,,
assemble_diag_n96,nid005994,hex8,assemble_diag,atomic,atomic,sumfact,affine,0.000000e+00,72,0,96,912673,884736,3650692,0,0.0000,n/a,20,3.378708363e-02,108.0499,837.9401,26.1856,19.7440,0,0,0,1.054549351220e+03,0,0.000000,0,sumfact,off,off,0,0,0,0,0,,,0.000,,,,,,,
assemble_n96,nid005994,hex8,assemble,store,store,sumfact,affine,0.000000e+00,72,512,96,912673,884736,3650692,24137569,2946.4806,f64,20,4.184778929e-02,87.2374,676.5364,21.1418,48.7106,0,0,0,7.386596588159e-11,0,0.000000,0,sumfact,off,off,0,0,0,0,0,,,0.000,,,,,,,
assemble_n96,nid005994,hex8,assemble,colored,colored,sumfact,affine,0.000000e+00,72,512,96,912673,884736,3650692,24137569,2946.4806,f64,20,3.956323862e-02,92.2749,715.6025,22.3626,51.5234,19,90,91,7.389472065792e-11,0,0.000000,0,sumfact,off,off,0,0,0,0,0,,,0.000,,,,,,,
assemble_n96,nid005994,hex8,assemble,atomic,atomic,sumfact,affine,0.000000e+00,72,0,96,912673,884736,3650692,24137569,2946.4806,f64,20,9.590183496e-02,38.0670,295.2139,9.2254,21.2554,0,0,0,7.342422201788e-11,0,0.000000,0,sumfact,off,off,0,0,0,0,0,,,0.000,,,,,,,
assemble_n96,nid005994,hex8,assemble,packed,packed,sumfact,affine,0.000000e+00,72,512,96,912673,884736,3650692,24137569,2946.4806,f64,20,8.968390226e-02,40.7062,315.6815,9.8650,22.7291,0,0,0,7.386596588159e-11,0,0.000000,0,sumfact,off,off,0,0,0,0,0,,,0.000,,,,,,,
jac_rc_bnd_n96,nid005994,hex8,jac_action,atomic,atomic,sumfact,affine,0.000000e+00,72,0,96,912673,884736,3650692,0,0.0000,n/a,20,9.416401386e-03,387.6950,3006.6212,93.9569,79.8634,0,0,0,5.047058237368e+00,1,1.000000,1,sumfact,exact,on,1,0,0,0,0,4.447744000e-03,0.472340,0.000,,,,,,,
jac_rc_bnd_n96,nid005994,hex8,jac_action,ecolor,ecolor,sumfact,affine,0.000000e+00,72,512,96,912673,884736,3650692,0,0.0000,n/a,20,8.126485348e-03,449.2338,3483.8618,108.8707,92.5401,0,0,0,5.043879373204e+00,1,1.000000,1,sumfact,exact,on,1,0,0,0,0,2.544844800e-03,0.313154,0.000,,,,,,,
jac_rc_bnd_n96,nid005994,hex8,jac_action,packed,packed,sumfact,affine,0.000000e+00,72,512,96,912673,884736,3650692,0,0.0000,n/a,20,4.432845116e-03,823.5551,6386.7677,199.5865,169.6485,0,0,0,5.047058237368e+00,1,1.000000,1,sumfact,exact,on,1,0,0,0,0,9.852672000e-04,0.222265,0.000,,,,,,,
jac_rc_n96,nid005994,hex8,jac_action,atomic,atomic,sumfact,affine,0.000000e+00,72,0,96,912673,884736,3650692,0,0.0000,n/a,20,8.947336674e-03,408.0200,3164.2435,98.8826,84.0502,0,0,0,2.773607352905e-13,1,1.000000,0,sumfact,exact,off,1,0,0,0,0,4.533606400e-03,0.506699,0.000,,,,,,,
jac_rc_n96,nid005994,hex8,jac_action,ecolor,ecolor,sumfact,affine,0.000000e+00,72,512,96,912673,884736,3650692,0,0.0000,n/a,20,7.624101639e-03,478.8357,3713.4279,116.0446,98.6379,0,0,0,5.559625297028e-13,1,1.000000,0,sumfact,exact,off,1,0,0,0,0,2.713920000e-03,0.355966,0.000,,,,,,,
jac_rc_n96,nid005994,hex8,jac_action,packed,packed,sumfact,affine,0.000000e+00,72,512,96,912673,884736,3650692,0,0.0000,n/a,20,3.929233551e-03,929.1105,7205.3625,225.1676,191.3924,0,0,0,2.763892901440e-13,1,1.000000,0,sumfact,exact,off,1,0,0,0,0,1.001587200e-03,0.254907,0.000,,,,,,,
residual_rc_perapply_n96,nid005994,hex8,residual,atomic,atomic,sumfact,affine,0.000000e+00,72,0,96,912673,884736,3650692,0,0.0000,n/a,20,6.335878372e-03,576.1935,4468.4494,139.6390,105.2878,0,0,0,1.025453593567e-13,1,1.000000,0,sumfact,on,off,0,1,0,0,0,,,0.000,,,,,,,
residual_rc_perapply_n96,nid005994,hex8,residual,packed,packed,sumfact,affine,0.000000e+00,72,512,96,912673,884736,3650692,0,0.0000,n/a,20,2.297377586e-03,1589.0692,12323.4214,385.1069,290.3706,0,0,0,1.003804244587e-13,1,1.000000,0,sumfact,on,off,0,1,0,0,0,,,0.000,,,,,,,
residual_rc_bnd_dt_n96,nid005994,hex8,residual,atomic,atomic,sumfact,affine,0.000000e+00,72,0,96,912673,884736,3650692,0,0.0000,n/a,20,4.311847687e-03,846.6653,6565.9907,205.1872,154.7112,0,0,0,6.759287405709e+00,1,1.000000,1,sumfact,on,on,0,0,0,0,1,,,0.000,,,,,,,
residual_rc_bnd_dt_n96,nid005994,hex8,residual,ecolor,ecolor,sumfact,affine,0.000000e+00,72,512,96,912673,884736,3650692,0,0.0000,n/a,20,3.646314144e-03,1001.2006,7764.4303,242.6384,182.9494,0,0,0,6.759287405709e+00,1,1.000000,1,sumfact,on,on,0,0,0,0,1,,,0.000,,,,,,,
residual_rc_bnd_dt_n96,nid005994,hex8,residual,packed,packed,sumfact,affine,0.000000e+00,72,512,96,912673,884736,3650692,0,0.0000,n/a,20,2.383363247e-03,1531.7397,11878.8238,371.2132,279.8948,0,0,0,6.759195490287e+00,1,1.000000,1,sumfact,on,on,0,0,0,0,1,,,0.000,,,,,,,
residual_rc_bnd_n96,nid005994,hex8,residual,atomic,atomic,sumfact,affine,0.000000e+00,72,0,96,912673,884736,3650692,0,0.0000,n/a,20,4.372131824e-03,834.9913,6475.4571,202.3580,152.5780,0,0,0,3.727500000000e+00,1,1.000000,1,sumfact,on,on,0,0,0,0,0,,,0.000,,,,,,,
residual_rc_bnd_n96,nid005994,hex8,residual,ecolor,ecolor,sumfact,affine,0.000000e+00,72,512,96,912673,884736,3650692,0,0.0000,n/a,20,3.469491005e-03,1052.2270,8160.1457,255.0046,192.2734,0,0,0,3.727500000000e+00,1,1.000000,1,sumfact,on,on,0,0,0,0,0,,,0.000,,,,,,,
residual_rc_bnd_n96,nid005994,hex8,residual,packed,packed,sumfact,affine,0.000000e+00,72,512,96,912673,884736,3650692,0,0.0000,n/a,20,2.245581150e-03,1625.7226,12607.6726,393.9898,297.0683,0,0,0,3.727500000000e+00,1,1.000000,1,sumfact,on,on,0,0,0,0,0,,,0.000,,,,,,,
residual_rc_n96,nid005994,hex8,residual,atomic,atomic,sumfact,affine,0.000000e+00,72,0,96,912673,884736,3650692,0,0.0000,n/a,20,4.219448566e-03,865.2059,6709.7754,209.6805,158.0991,0,0,0,1.025453593567e-13,1,1.000000,0,sumfact,on,off,0,0,0,0,0,,,0.000,,,,,,,
residual_rc_n96,nid005994,hex8,residual,ecolor,ecolor,sumfact,affine,0.000000e+00,72,512,96,912673,884736,3650692,0,0.0000,n/a,20,3.261888027e-03,1119.1960,8679.4984,271.2343,204.5107,0,0,0,1.043078384083e-13,1,1.000000,0,sumfact,on,off,0,0,0,0,0,,,0.000,,,,,,,
residual_rc_n96,nid005994,hex8,residual,packed,packed,sumfact,affine,0.000000e+00,72,512,96,912673,884736,3650692,0,0.0000,n/a,20,2.245914936e-03,1625.4810,12605.7989,393.9312,297.0241,0,0,0,1.003804244587e-13,1,1.000000,0,sumfact,on,off,0,0,0,0,0,,,0.000,,,,,,,
jac_bare_n96,nid005994,hex8,jac_action,atomic,atomic,sumfact,affine,0.000000e+00,72,0,96,912673,884736,3650692,0,0.0000,n/a,20,4.112696648e-03,887.6638,6883.9388,215.1231,182.8546,0,0,0,-1.948041947479e-12,0,0.000000,0,sumfact,off,off,0,0,0,0,0,,,0.000,,,,,,,
jac_bare_n96,nid005994,hex8,jac_action,ecolor,ecolor,sumfact,affine,0.000000e+00,72,512,96,912673,884736,3650692,0,0.0000,n/a,20,2.786529064e-03,1310.1216,10160.1495,317.5047,269.8790,0,0,0,-3.581897758541e-12,0,0.000000,0,sumfact,off,off,0,0,0,0,0,,,0.000,,,,,,,
jac_bare_n96,nid005994,hex8,jac_action,packed,packed,sumfact,affine,0.000000e+00,72,512,96,912673,884736,3650692,0,0.0000,n/a,20,1.694774628e-03,2154.0870,16705.2017,522.0376,443.7319,0,0,0,-2.009048702682e-12,0,0.000000,0,sumfact,off,off,0,0,0,0,0,,,0.000,,,,,,,
residual_bare_n96,nid005994,hex8,residual,atomic,atomic,sumfact,affine,0.000000e+00,72,0,96,912673,884736,3650692,0,0.0000,n/a,20,3.514730930e-03,1038.6832,8055.1122,251.7223,189.7986,0,0,0,9.868744276637e-14,0,0.000000,0,sumfact,off,off,0,0,0,0,0,,,0.000,,,,,,,
residual_bare_n96,nid005994,hex8,residual,ecolor,ecolor,sumfact,affine,0.000000e+00,72,512,96,912673,884736,3650692,0,0.0000,n/a,20,2.216184139e-03,1647.2873,12774.9096,399.2159,301.0088,0,0,0,1.006580886351e-13,0,0.000000,0,sumfact,off,off,0,0,0,0,0,,,0.000,,,,,,,
residual_bare_n96,nid005994,hex8,residual,packed,packed,sumfact,affine,0.000000e+00,72,512,96,912673,884736,3650692,0,0.0000,n/a,20,1.393854618e-03,2619.1340,20311.6965,634.7405,478.5943,0,0,0,9.553718493399e-14,0,0.000000,0,sumfact,off,off,0,0,0,0,0,,,0.000,,,,,,,
spmv_f32_n128,nid005994,hex8,bsr_apply,packed,n/a,n/a,affine,0.000000e+00,72,1024,128,2146689,2097152,8586756,57066625,3483.0704,f32,20,1.038978100e-02,826.4617,0.0000,0.0000,0.0000,0,0,0,4.661746579456e-05,0,0.000000,0,n/a,off,off,0,0,0,0,0,,,0.000,,,,,,,
spmv_f64_n128,nid005994,hex8,bsr_apply,packed,n/a,n/a,affine,0.000000e+00,72,1024,128,2146689,2097152,8586756,57066625,6966.1407,f64,20,1.935436726e-02,443.6599,0.0000,0.0000,0.0000,0,0,0,-2.271657308876e-12,0,0.000000,0,n/a,off,off,0,0,0,0,0,,,0.000,,,,,,,
assemble_diag_n128,nid005994,hex8,assemble_diag,atomic,atomic,sumfact,affine,0.000000e+00,72,0,128,2146689,2097152,8586756,0,0.0000,n/a,20,7.726279497e-02,111.1370,868.5793,27.1431,20.4659,0,0,0,1.651826180067e+03,0,0.000000,0,sumfact,off,off,0,0,0,0,0,,,0.000,,,,,,,
assemble_n128,nid005994,hex8,assemble,store,store,sumfact,affine,0.000000e+00,72,1024,128,2146689,2097152,8586756,57066625,6966.1407,f64,20,1.064172864e-01,80.6895,630.6200,19.7069,45.4046,0,0,0,-3.076235482948e-08,0,0.000000,0,sumfact,off,off,0,0,0,0,0,,,0.000,,,,,,,
assemble_n128,nid005994,hex8,assemble,colored,colored,sumfact,affine,0.000000e+00,72,1024,128,2146689,2097152,8586756,57066625,6966.1407,f64,20,8.320329189e-02,103.2021,806.5650,25.2052,58.0727,14,146,147,-3.076235482948e-08,0,0.000000,0,sumfact,off,off,0,0,0,0,0,,,0.000,,,,,,,
assemble_n128,nid005994,hex8,assemble,atomic,atomic,sumfact,affine,0.000000e+00,72,0,128,2146689,2097152,8586756,57066625,6966.1407,f64,20,2.594312787e-01,33.0984,258.6768,8.0837,18.6247,0,0,0,-3.076550014682e-08,0,0.000000,0,sumfact,off,off,0,0,0,0,0,,,0.000,,,,,,,
assemble_n128,nid005994,hex8,assemble,packed,packed,sumfact,affine,0.000000e+00,72,1024,128,2146689,2097152,8586756,57066625,6966.1407,f64,20,1.864878535e-01,46.0446,359.8565,11.2455,25.9097,0,0,0,-3.076235482948e-08,0,0.000000,0,sumfact,off,off,0,0,0,0,0,,,0.000,,,,,,,
jac_rc_bnd_n128,nid005994,hex8,jac_action,atomic,atomic,sumfact,affine,0.000000e+00,72,0,128,2146689,2097152,8586756,0,0.0000,n/a,20,2.605808973e-02,329.5236,2575.3562,80.4799,68.4079,0,0,0,5.048053297186e+00,1,1.000000,1,sumfact,exact,on,1,0,0,0,0,1.484816640e-02,0.569810,0.000,,,,,,,
jac_rc_bnd_n128,nid005994,hex8,jac_action,ecolor,ecolor,sumfact,affine,0.000000e+00,72,1024,128,2146689,2097152,8586756,0,0.0000,n/a,20,2.062411308e-02,416.3455,3253.9030,101.6845,86.4318,0,0,0,5.045353208780e+00,1,1.000000,1,sumfact,exact,on,1,0,0,0,0,8.389158400e-03,0.406765,0.000,,,,,,,
jac_rc_bnd_n128,nid005994,hex8,jac_action,packed,packed,sumfact,affine,0.000000e+00,72,1024,128,2146689,2097152,8586756,0,0.0000,n/a,20,1.046444178e-02,820.5651,6413.0381,200.4074,170.3463,0,0,0,5.048053297186e+00,1,1.000000,1,sumfact,exact,on,1,0,0,0,0,2.504243200e-03,0.239310,0.000,,,,,,,
jac_rc_n128,nid005994,hex8,jac_action,atomic,atomic,sumfact,affine,0.000000e+00,72,0,128,2146689,2097152,8586756,0,0.0000,n/a,20,2.530888319e-02,339.2783,2651.5933,82.8623,70.4329,0,0,0,-3.078244039875e-13,1,1.000000,0,sumfact,exact,off,1,0,0,0,0,1.490877440e-02,0.589073,0.000,,,,,,,
jac_rc_n128,nid005994,hex8,jac_action,ecolor,ecolor,sumfact,affine,0.000000e+00,72,1024,128,2146689,2097152,8586756,0,0.0000,n/a,20,2.008925676e-02,427.4302,3340.5349,104.3917,88.7330,0,0,0,7.779667752020e-13,1,1.000000,0,sumfact,exact,off,1,0,0,0,0,8.491379200e-03,0.422683,0.000,,,,,,,
jac_rc_n128,nid005994,hex8,jac_action,packed,packed,sumfact,affine,0.000000e+00,72,1024,128,2146689,2097152,8586756,0,0.0000,n/a,20,9.987366199e-03,859.7618,6719.3755,209.9805,178.4834,0,0,0,-3.069362255678e-13,1,1.000000,0,sumfact,exact,off,1,0,0,0,0,2.571404800e-03,0.257466,0.000,,,,,,,
residual_rc_perapply_n128,nid005994,hex8,residual,atomic,atomic,sumfact,affine,0.000000e+00,72,0,128,2146689,2097152,8586756,0,0.0000,n/a,20,1.483696699e-02,578.7407,4523.0851,141.3464,106.5752,0,0,0,1.381470350441e-13,1,1.000000,0,sumfact,on,off,0,1,0,0,0,,,0.000,,,,,,,
residual_rc_perapply_n128,nid005994,hex8,residual,packed,packed,sumfact,affine,0.000000e+00,72,1024,128,2146689,2097152,8586756,0,0.0000,n/a,20,6.550216675e-03,1310.9117,10245.2892,320.1653,241.4046,0,0,0,1.366482339608e-13,1,1.000000,0,sumfact,on,off,0,1,0,0,0,,,0.000,,,,,,,
residual_rc_bnd_dt_n128,nid005994,hex8,residual,atomic,atomic,sumfact,affine,0.000000e+00,72,0,128,2146689,2097152,8586756,0,0.0000,n/a,20,1.116034985e-02,769.3985,6013.1506,187.9110,141.6849,0,0,0,6.759329548060e+00,1,1.000000,1,sumfact,on,on,0,0,0,0,1,,,0.000,,,,,,,
residual_rc_bnd_dt_n128,nid005994,hex8,residual,ecolor,ecolor,sumfact,affine,0.000000e+00,72,1024,128,2146689,2097152,8586756,0,0.0000,n/a,20,8.840394020e-03,971.3092,7591.1621,237.2238,178.8668,0,0,0,6.759329548060e+00,1,1.000000,1,sumfact,on,on,0,0,0,0,1,,,0.000,,,,,,,
residual_rc_bnd_dt_n128,nid005994,hex8,residual,packed,packed,sumfact,affine,0.000000e+00,72,1024,128,2146689,2097152,8586756,0,0.0000,n/a,20,6.328094006e-03,1356.9261,10604.9095,331.4034,249.8782,0,0,0,6.759412313613e+00,1,1.000000,1,sumfact,on,on,0,0,0,0,1,,,0.000,,,,,,,
residual_rc_bnd_n128,nid005994,hex8,residual,atomic,atomic,sumfact,affine,0.000000e+00,72,0,128,2146689,2097152,8586756,0,0.0000,n/a,20,1.054515839e-02,814.2842,6363.9503,198.8734,149.9506,0,0,0,3.727500000000e+00,1,1.000000,1,sumfact,on,on,0,0,0,0,0,,,0.000,,,,,,,
residual_rc_bnd_n128,nid005994,hex8,residual,ecolor,ecolor,sumfact,affine,0.000000e+00,72,1024,128,2146689,2097152,8586756,0,0.0000,n/a,20,8.381271362e-03,1024.5171,8007.0029,250.2188,188.6650,0,0,0,3.727500000000e+00,1,1.000000,1,sumfact,on,on,0,0,0,0,0,,,0.000,,,,,,,
residual_rc_bnd_n128,nid005994,hex8,residual,packed,packed,sumfact,affine,0.000000e+00,72,1024,128,2146689,2097152,8586756,0,0.0000,n/a,20,5.744671822e-03,1494.7339,11681.9317,365.0604,275.2555,0,0,0,3.727500000000e+00,1,1.000000,1,sumfact,on,on,0,0,0,0,0,,,0.000,,,,,,,
residual_rc_n128,nid005994,hex8,residual,atomic,atomic,sumfact,affine,0.000000e+00,72,0,128,2146689,2097152,8586756,0,0.0000,n/a,20,1.033972502e-02,830.4627,6490.3916,202.8247,152.9299,0,0,0,1.381470350441e-13,1,1.000000,0,sumfact,on,off,0,0,0,0,0,,,0.000,,,,,,,
residual_rc_n128,nid005994,hex8,residual,ecolor,ecolor,sumfact,affine,0.000000e+00,72,1024,128,2146689,2097152,8586756,0,0.0000,n/a,20,7.628047466e-03,1125.6820,8797.6464,274.9264,207.2945,0,0,0,1.381327235754e-13,1,1.000000,0,sumfact,on,off,0,0,0,0,0,,,0.000,,,,,,,
residual_rc_n128,nid005994,hex8,residual,packed,packed,sumfact,affine,0.000000e+00,72,1024,128,2146689,2097152,8586756,0,0.0000,n/a,20,5.449390411e-03,1575.7278,12314.9305,384.8416,290.1705,0,0,0,1.366482339608e-13,1,1.000000,0,sumfact,on,off,0,0,0,0,0,,,0.000,,,,,,,
jac_bare_n128,nid005994,hex8,jac_action,atomic,atomic,sumfact,affine,0.000000e+00,72,0,128,2146689,2097152,8586756,0,0.0000,n/a,20,9.370791912e-03,916.3319,7161.4934,223.7967,190.2272,0,0,0,-2.268767828771e-12,0,0.000000,0,sumfact,off,off,0,0,0,0,0,,,0.000,,,,,,,
jac_bare_n128,nid005994,hex8,jac_action,ecolor,ecolor,sumfact,affine,0.000000e+00,72,1024,128,2146689,2097152,8586756,0,0.0000,n/a,20,7.047259808e-03,1218.4532,9522.6891,297.5840,252.9464,0,0,0,-2.925569671502e-13,0,0.000000,0,sumfact,off,off,0,0,0,0,0,,,0.000,,,,,,,
jac_bare_n128,nid005994,hex8,jac_action,packed,packed,sumfact,affine,0.000000e+00,72,1024,128,2146689,2097152,8586756,0,0.0000,n/a,20,4.521906376e-03,1898.9239,14840.8345,463.7761,394.2097,0,0,0,-2.268767828771e-12,0,0.000000,0,sumfact,off,off,0,0,0,0,0,,,0.000,,,,,,,
residual_bare_n128,nid005994,hex8,residual,atomic,atomic,sumfact,affine,0.000000e+00,72,0,128,2146689,2097152,8586756,0,0.0000,n/a,20,8.247280121e-03,1041.1622,8137.0904,254.2841,191.7302,0,0,0,1.381469808340e-13,0,0.000000,0,sumfact,off,off,0,0,0,0,0,,,0.000,,,,,,,
residual_bare_n128,nid005994,hex8,residual,ecolor,ecolor,sumfact,affine,0.000000e+00,72,1024,128,2146689,2097152,8586756,0,0.0000,n/a,20,4.835426807e-03,1775.8010,13878.5813,433.7057,327.0141,0,0,0,1.381344040888e-13,0,0.000000,0,sumfact,off,off,0,0,0,0,0,,,0.000,,,,,,,
residual_bare_n128,nid005994,hex8,residual,packed,packed,sumfact,affine,0.000000e+00,72,1024,128,2146689,2097152,8586756,0,0.0000,n/a,20,3.540349007e-03,2425.3982,18955.4374,592.3574,446.6375,0,0,0,1.366551186446e-13,0,0.000000,0,sumfact,off,off,0,0,0,0,0,,,0.000,,,,,,,
spmv_f32_n160,nid005994,hex8,bsr_apply,packed,n/a,n/a,affine,0.000000e+00,72,2048,160,4173281,4096000,16693124,111284641,6792.2755,f32,20,1.906403303e-02,875.6344,0.0000,0.0000,0.0000,0,0,0,4.118532892879e-05,0,0.000000,0,n/a,off,off,0,0,0,0,0,,,0.000,,,,,,,
spmv_f64_n160,nid005994,hex8,bsr_apply,packed,n/a,n/a,affine,0.000000e+00,72,2048,160,4173281,4096000,16693124,111284641,13584.5509,f64,20,3.674186468e-02,454.3352,0.0000,0.0000,0.0000,0,0,0,7.157881465282e-13,0,0.000000,0,n/a,off,off,0,0,0,0,0,,,0.000,,,,,,,
assemble_diag_n160,nid005994,hex8,assemble_diag,atomic,atomic,sumfact,affine,0.000000e+00,72,0,160,4173281,4096000,16693124,0,0.0000,n/a,20,1.487754464e-01,112.2035,881.0056,27.5314,20.7587,0,0,0,2.371982944015e+03,0,0.000000,0,sumfact,off,off,0,0,0,0,0,,,0.000,,,,,,,
assemble_n160,nid005994,hex8,assemble,store,store,sumfact,affine,0.000000e+00,72,2048,160,4173281,4096000,16693124,111284641,13584.5509,f64,20,2.358964801e-01,70.7646,555.6336,17.3635,40.0056,0,0,0,1.165429404451e-08,0,0.000000,0,sumfact,off,off,0,0,0,0,0,,,0.000,,,,,,,
assemble_n160,nid005994,hex8,assemble,colored,colored,sumfact,affine,0.000000e+00,72,2048,160,4173281,4096000,16693124,111284641,13584.5509,f64,20,1.593751907e-01,104.7410,822.4116,25.7004,59.2136,20,99,101,1.165426806529e-08,0,0.000000,0,sumfact,off,off,0,0,0,0,0,,,0.000,,,,,,,
assemble_n160,nid005994,hex8,assemble,atomic,atomic,sumfact,affine,0.000000e+00,72,0,160,4173281,4096000,16693124,111284641,13584.5509,f64,20,4.581863999e-01,36.4330,286.0670,8.9396,20.5968,0,0,0,1.164916721901e-08,0,0.000000,0,sumfact,off,off,0,0,0,0,0,,,0.000,,,,,,,
assemble_n160,nid005994,hex8,assemble,packed,packed,sumfact,affine,0.000000e+00,72,2048,160,4173281,4096000,16693124,111284641,13584.5509,f64,20,3.258066535e-01,51.2363,402.2999,12.5719,28.9656,0,0,0,1.165429404451e-08,0,0.000000,0,sumfact,off,off,0,0,0,0,0,,,0.000,,,,,,,
jac_rc_bnd_n160,nid005994,hex8,jac_action,atomic,atomic,sumfact,affine,0.000000e+00,72,0,160,4173281,4096000,16693124,0,0.0000,n/a,20,5.133428574e-02,325.1847,2553.3033,79.7907,67.8221,0,0,0,5.046148336219e+00,1,1.000000,1,sumfact,exact,on,1,0,0,0,0,3.039281920e-02,0.592057,0.000,,,,,,,
jac_rc_bnd_n160,nid005994,hex8,jac_action,ecolor,ecolor,sumfact,affine,0.000000e+00,72,2048,160,4173281,4096000,16693124,0,0.0000,n/a,20,9.416849613e-02,177.2687,1391.8880,43.4965,36.9720,0,0,0,5.041938959493e+00,1,1.000000,1,sumfact,exact,on,1,0,0,0,0,4.466173440e-02,0.474275,0.000,,,,,,,
jac_rc_bnd_n160,nid005994,hex8,jac_action,packed,packed,sumfact,affine,0.000000e+00,72,2048,160,4173281,4096000,16693124,0,0.0000,n/a,20,1.993432045e-02,837.4062,6575.1928,205.4748,174.6536,0,0,0,5.046148336219e+00,1,1.000000,1,sumfact,exact,on,1,0,0,0,0,5.022425600e-03,0.251949,0.000,,,,,,,
jac_rc_n160,nid005994,hex8,jac_action,atomic,atomic,sumfact,affine,0.000000e+00,72,0,160,4173281,4096000,16693124,0,0.0000,n/a,20,5.062277317e-02,329.7552,2589.1904,80.9122,68.7754,0,0,0,-5.591812752312e-13,1,1.000000,0,sumfact,exact,off,1,0,0,0,0,3.081903360e-02,0.608798,0.000,,,,,,,
jac_rc_n160,nid005994,hex8,jac_action,ecolor,ecolor,sumfact,affine,0.000000e+00,72,2048,160,4173281,4096000,16693124,0,0.0000,n/a,20,8.673710823e-02,192.4565,1511.1410,47.2232,40.1397,0,0,0,4.218664331171e-13,1,1.000000,0,sumfact,exact,off,1,0,0,0,0,4.165067520e-02,0.480194,0.000,,,,,,,
jac_rc_n160,nid005994,hex8,jac_action,packed,packed,sumfact,affine,0.000000e+00,72,2048,160,4173281,4096000,16693124,0,0.0000,n/a,20,1.898537874e-02,879.2621,6903.8391,215.7450,183.3832,0,0,0,-5.547403831327e-13,1,1.000000,0,sumfact,exact,off,1,0,0,0,0,4.900249600e-03,0.258106,0.000,,,,,,,
residual_rc_perapply_n160,nid005994,hex8,residual,atomic,atomic,sumfact,affine,0.000000e+00,72,0,160,4173281,4096000,16693124,0,0.0000,n/a,20,3.065396547e-02,544.5665,4275.8579,133.6206,100.7499,0,0,0,-7.109953901671e-14,1,1.000000,0,sumfact,on,off,0,1,0,0,0,,,0.000,,,,,,,
residual_rc_perapply_n160,nid005994,hex8,residual,packed,packed,sumfact,affine,0.000000e+00,72,2048,160,4173281,4096000,16693124,0,0.0000,n/a,20,1.297217607e-02,1286.8407,10104.0873,315.7527,238.0776,0,0,0,-6.590924637659e-14,1,1.000000,0,sumfact,on,off,0,1,0,0,0,,,0.000,,,,,,,
residual_rc_bnd_dt_n160,nid005994,hex8,residual,atomic,atomic,sumfact,affine,0.000000e+00,72,0,160,4173281,4096000,16693124,0,0.0000,n/a,20,2.172747850e-02,768.2955,6032.5454,188.5170,142.1419,0,0,0,6.759324573300e+00,1,1.000000,1,sumfact,on,on,0,0,0,0,1,,,0.000,,,,,,,
residual_rc_bnd_dt_n160,nid005994,hex8,residual,ecolor,ecolor,sumfact,affine,0.000000e+00,72,2048,160,4173281,4096000,16693124,0,0.0000,n/a,20,3.733266592e-02,447.1452,3510.9199,109.7162,82.7261,0,0,0,6.759324573300e+00,1,1.000000,1,sumfact,on,on,0,0,0,0,1,,,0.000,,,,,,,
residual_rc_bnd_dt_n160,nid005994,hex8,residual,packed,packed,sumfact,affine,0.000000e+00,72,2048,160,4173281,4096000,16693124,0,0.0000,n/a,20,1.281304359e-02,1302.8227,10229.5757,319.6742,241.0344,0,0,0,6.759317416976e+00,1,1.000000,1,sumfact,on,on,0,0,0,0,1,,,0.000,,,,,,,
residual_rc_bnd_n160,nid005994,hex8,residual,atomic,atomic,sumfact,affine,0.000000e+00,72,0,160,4173281,4096000,16693124,0,0.0000,n/a,20,2.080549002e-02,802.3423,6299.8757,196.8711,148.4408,0,0,0,3.727500000000e+00,1,1.000000,1,sumfact,on,on,0,0,0,0,0,,,0.000,,,,,,,
residual_rc_bnd_n160,nid005994,hex8,residual,ecolor,ecolor,sumfact,affine,0.000000e+00,72,2048,160,4173281,4096000,16693124,0,0.0000,n/a,20,3.607227802e-02,462.7688,3633.5936,113.5498,85.6166,0,0,0,3.727500000000e+00,1,1.000000,1,sumfact,on,on,0,0,0,0,0,,,0.000,,,,,,,
residual_rc_bnd_n160,nid005994,hex8,residual,packed,packed,sumfact,affine,0.000000e+00,72,2048,160,4173281,4096000,16693124,0,0.0000,n/a,20,1.153467894e-02,1447.2118,11363.2985,355.1031,267.7477,0,0,0,3.727500000000e+00,1,1.000000,1,sumfact,on,on,0,0,0,0,0,,,0.000,,,,,,,
residual_rc_n160,nid005994,hex8,residual,atomic,atomic,sumfact,affine,0.000000e+00,72,0,160,4173281,4096000,16693124,0,0.0000,n/a,20,1.976836920e-02,844.4361,6630.3901,207.1997,156.2286,0,0,0,-7.109953901671e-14,1,1.000000,0,sumfact,on,off,0,0,0,0,0,,,0.000,,,,,,,
residual_rc_n160,nid005994,hex8,residual,ecolor,ecolor,sumfact,affine,0.000000e+00,72,2048,160,4173281,4096000,16693124,0,0.0000,n/a,20,3.371374607e-02,495.1430,3887.7910,121.4935,91.6061,0,0,0,-6.929802868691e-14,1,1.000000,0,sumfact,on,off,0,0,0,0,0,,,0.000,,,,,,,
residual_rc_n160,nid005994,hex8,residual,packed,packed,sumfact,affine,0.000000e+00,72,2048,160,4173281,4096000,16693124,0,0.0000,n/a,20,1.085883379e-02,1537.2852,12070.5411,377.2044,284.4121,0,0,0,-6.590924637659e-14,1,1.000000,0,sumfact,on,off,0,0,0,0,0,,,0.000,,,,,,,
jac_bare_n160,nid005994,hex8,jac_action,atomic,atomic,sumfact,affine,0.000000e+00,72,0,160,4173281,4096000,16693124,0,0.0000,n/a,20,1.833055019e-02,910.6723,7150.4673,223.4521,189.9343,0,0,0,7.676817487907e-13,0,0.000000,0,sumfact,off,off,0,0,0,0,0,,,0.000,,,,,,,
jac_bare_n160,nid005994,hex8,jac_action,ecolor,ecolor,sumfact,affine,0.000000e+00,72,2048,160,4173281,4096000,16693124,0,0.0000,n/a,20,3.060883284e-02,545.3695,4282.1626,133.8176,113.7449,0,0,0,5.436072422825e-12,0,0.000000,0,sumfact,off,off,0,0,0,0,0,,,0.000,,,,,,,
jac_bare_n160,nid005994,hex8,jac_action,packed,packed,sumfact,affine,0.000000e+00,72,2048,160,4173281,4096000,16693124,0,0.0000,n/a,20,9.578573704e-03,1742.7568,13683.8745,427.6211,363.4779,0,0,0,7.483083570110e-13,0,0.000000,0,sumfact,off,off,0,0,0,0,0,,,0.000,,,,,,,
residual_bare_n160,nid005994,hex8,residual,atomic,atomic,sumfact,affine,0.000000e+00,72,0,160,4173281,4096000,16693124,0,0.0000,n/a,20,1.660406590e-02,1005.3636,7893.9701,246.6866,186.0017,0,0,0,-7.000232641816e-14,0,0.000000,0,sumfact,off,off,0,0,0,0,0,,,0.000,,,,,,,
residual_bare_n160,nid005994,hex8,residual,ecolor,ecolor,sumfact,affine,0.000000e+00,72,2048,160,4173281,4096000,16693124,0,0.0000,n/a,20,2.382857800e-02,700.5506,5500.6220,171.8944,129.6084,0,0,0,-6.929976341039e-14,0,0.000000,0,sumfact,off,off,0,0,0,0,0,,,0.000,,,,,,,
residual_bare_n160,nid005994,hex8,residual,packed,packed,sumfact,affine,0.000000e+00,72,2048,160,4173281,4096000,16693124,0,0.0000,n/a,20,6.961655617e-03,2397.8670,18827.7052,588.3658,443.6278,0,0,0,-6.683819079797e-14,0,0.000000,0,sumfact,off,off,0,0,0,0,0,,,0.000,,,,,,,
spmv_f32_n192,nid005994,hex8,bsr_apply,packed,n/a,n/a,affine,0.000000e+00,72,4096,192,7189057,7077888,28756228,192100033,11724.8555,f32,20,3.284080029e-02,875.6251,0.0000,0.0000,0.0000,0,0,0,-8.660309578814e-06,0,0.000000,0,n/a,off,off,0,0,0,0,0,,,0.000,,,,,,,
spmv_f64_n192,nid005994,hex8,bsr_apply,packed,n/a,n/a,affine,0.000000e+00,72,4096,192,7189057,7077888,28756228,192100033,23449.7111,f64,20,6.352261305e-02,452.6928,0.0000,0.0000,0.0000,0,0,0,2.533862061957e-11,0,0.000000,0,n/a,off,off,0,0,0,0,0,,,0.000,,,,,,,
assemble_diag_n192,nid005994,hex8,assemble_diag,atomic,atomic,sumfact,affine,0.000000e+00,72,0,192,7189057,7077888,28756228,0,0.0000,n/a,20,2.668832779e-01,107.7483,848.6572,26.5205,19.9965,0,0,0,3.215019675301e+03,0,0.000000,0,sumfact,off,off,0,0,0,0,0,,,0.000,,,,,,,
assemble_n192,nid005994,hex8,assemble,store,store,sumfact,affine,0.000000e+00,72,4096,192,7189057,7077888,28756228,192100033,23449.7111,f64,20,3.959954858e-01,72.6176,571.9571,17.8737,41.1809,0,0,0,2.592910685214e-09,0,0.000000,0,sumfact,off,off,0,0,0,0,0,,,0.000,,,,,,,
assemble_n192,nid005994,hex8,assemble,colored,colored,sumfact,affine,0.000000e+00,72,4096,192,7189057,7077888,28756228,192100033,23449.7111,f64,20,3.069925308e-01,93.6708,737.7783,23.0556,53.1200,19,90,91,2.592891644889e-09,0,0.000000,0,sumfact,off,off,0,0,0,0,0,,,0.000,,,,,,,
assemble_n192,nid005994,hex8,assemble,atomic,atomic,sumfact,affine,0.000000e+00,72,0,192,7189057,7077888,28756228,192100033,23449.7111,f64,20,7.934591055e-01,36.2416,285.4494,8.9203,20.5524,0,0,0,2.591521534265e-09,0,0.000000,0,sumfact,off,off,0,0,0,0,0,,,0.000,,,,,,,
assemble_n192,nid005994,hex8,assemble,packed,packed,sumfact,affine,0.000000e+00,72,4096,192,7189057,7077888,28756228,192100033,23449.7111,f64,20,5.305663824e-01,54.1991,426.8880,13.3402,30.7359,0,0,0,2.592910685214e-09,0,0.000000,0,sumfact,off,off,0,0,0,0,0,,,0.000,,,,,,,
jac_rc_bnd_n192,nid005994,hex8,jac_action,atomic,atomic,sumfact,affine,0.000000e+00,72,0,192,7189057,7077888,28756228,0,0.0000,n/a,20,8.596665859e-02,334.5044,2634.6542,82.3329,69.9830,0,0,0,5.049173453743e+00,1,1.000000,1,sumfact,exact,on,1,0,0,0,0,5.128020480e-02,0.596513,0.000,,,,,,,
jac_rc_bnd_n192,nid005994,hex8,jac_action,ecolor,ecolor,sumfact,affine,0.000000e+00,72,4096,192,7189057,7077888,28756228,0,0.0000,n/a,20,1.741328716e-01,165.1396,1300.6873,40.6465,34.5495,0,0,0,5.049423490534e+00,1,1.000000,1,sumfact,exact,on,1,0,0,0,0,8.741721600e-02,0.502014,0.000,,,,,,,
jac_rc_bnd_n192,nid005994,hex8,jac_action,packed,packed,sumfact,affine,0.000000e+00,72,4096,192,7189057,7077888,28756228,0,0.0000,n/a,20,3.392202854e-02,847.7155,6676.8535,208.6517,177.3539,0,0,0,5.049173453743e+00,1,1.000000,1,sumfact,exact,on,1,0,0,0,0,8.279910400e-03,0.244087,0.000,,,,,,,
jac_rc_n192,nid005994,hex8,jac_action,atomic,atomic,sumfact,affine,0.000000e+00,72,0,192,7189057,7077888,28756228,0,0.0000,n/a,20,8.542665243e-02,336.6189,2651.3086,82.8534,70.4254,0,0,0,-3.094966537014e-13,1,1.000000,0,sumfact,exact,off,1,0,0,0,0,5.080053760e-02,0.594668,0.000,,,,,,,
jac_rc_n192,nid005994,hex8,jac_action,ecolor,ecolor,sumfact,affine,0.000000e+00,72,4096,192,7189057,7077888,28756228,0,0.0000,n/a,20,1.538420439e-01,186.9205,1472.2400,46.0075,39.1064,0,0,0,-1.781335363639e-12,1,1.000000,0,sumfact,exact,off,1,0,0,0,0,7.386478080e-02,0.480134,0.000,,,,,,,
jac_rc_n192,nid005994,hex8,jac_action,packed,packed,sumfact,affine,0.000000e+00,72,4096,192,7189057,7077888,28756228,0,0.0000,n/a,20,3.262665272e-02,881.3723,6941.9446,216.9358,184.3954,0,0,0,-3.003928248995e-13,1,1.000000,0,sumfact,exact,off,1,0,0,0,0,8.455897600e-03,0.259171,0.000,,,,,,,
residual_rc_perapply_n192,nid005994,hex8,residual,atomic,atomic,sumfact,affine,0.000000e+00,72,0,192,7189057,7077888,28756228,0,0.0000,n/a,20,5.001087189e-02,574.9995,4528.8636,141.5270,106.7113,0,0,0,-2.201602615493e-14,1,1.000000,0,sumfact,on,off,0,1,0,0,0,,,0.000,,,,,,,
residual_rc_perapply_n192,nid005994,hex8,residual,packed,packed,sumfact,affine,0.000000e+00,72,4096,192,7189057,7077888,28756228,0,0.0000,n/a,20,2.137702703e-02,1345.1930,10595.1317,331.0979,249.6478,0,0,0,-3.009289865907e-14,1,1.000000,0,sumfact,on,off,0,1,0,0,0,,,0.000,,,,,,,
residual_rc_bnd_dt_n192,nid005994,hex8,residual,atomic,atomic,sumfact,affine,0.000000e+00,72,0,192,7189057,7077888,28756228,0,0.0000,n/a,20,3.650401831e-02,787.7551,6204.5886,193.8934,146.1956,0,0,0,6.759309506134e+00,1,1.000000,1,sumfact,on,on,0,0,0,0,1,,,0.000,,,,,,,
residual_rc_bnd_dt_n192,nid005994,hex8,residual,ecolor,ecolor,sumfact,affine,0.000000e+00,72,4096,192,7189057,7077888,28756228,0,0.0000,n/a,20,6.823505163e-02,421.4290,3319.2972,103.7280,78.2109,0,0,0,6.759309506134e+00,1,1.000000,1,sumfact,on,on,0,0,0,0,1,,,0.000,,,,,,,
residual_rc_bnd_dt_n192,nid005994,hex8,residual,packed,packed,sumfact,affine,0.000000e+00,72,4096,192,7189057,7077888,28756228,0,0.0000,n/a,20,2.101587057e-02,1368.3101,10777.2084,336.7878,253.9380,0,0,0,6.759335709367e+00,1,1.000000,1,sumfact,on,on,0,0,0,0,1,,,0.000,,,,,,,
residual_rc_bnd_n192,nid005994,hex8,residual,atomic,atomic,sumfact,affine,0.000000e+00,72,0,192,7189057,7077888,28756228,0,0.0000,n/a,20,3.510067463e-02,819.2500,6452.6514,201.6454,152.0406,0,0,0,3.727500000000e+00,1,1.000000,1,sumfact,on,on,0,0,0,0,0,,,0.000,,,,,,,
residual_rc_bnd_n192,nid005994,hex8,residual,ecolor,ecolor,sumfact,affine,0.000000e+00,72,4096,192,7189057,7077888,28756228,0,0.0000,n/a,20,6.676477194e-02,430.7096,3392.3941,106.0123,79.9333,0,0,0,3.727500000000e+00,1,1.000000,1,sumfact,on,on,0,0,0,0,0,,,0.000,,,,,,,
residual_rc_bnd_n192,nid005994,hex8,residual,packed,packed,sumfact,affine,0.000000e+00,72,4096,192,7189057,7077888,28756228,0,0.0000,n/a,20,1.950986385e-02,1473.9328,11609.1233,362.7851,273.5400,0,0,0,3.727500000000e+00,1,1.000000,1,sumfact,on,on,0,0,0,0,0,,,0.000,,,,,,,
residual_rc_n192,nid005994,hex8,residual,atomic,atomic,sumfact,affine,0.000000e+00,72,0,192,7189057,7077888,28756228,0,0.0000,n/a,20,3.400872946e-02,845.5543,6659.8317,208.1197,156.9223,0,0,0,-2.201602615493e-14,1,1.000000,0,sumfact,on,off,0,0,0,0,0,,,0.000,,,,,,,
residual_rc_n192,nid005994,hex8,residual,ecolor,ecolor,sumfact,affine,0.000000e+00,72,4096,192,7189057,7077888,28756228,0,0.0000,n/a,20,6.308561563e-02,455.8286,3590.2387,112.1950,84.5950,0,0,0,-1.899240313630e-14,1,1.000000,0,sumfact,on,off,0,0,0,0,0,,,0.000,,,,,,,
residual_rc_n192,nid005994,hex8,residual,packed,packed,sumfact,affine,0.000000e+00,72,4096,192,7189057,7077888,28756228,0,0.0000,n/a,20,1.761269569e-02,1632.6988,12859.6110,401.8628,303.0046,0,0,0,-3.009289865907e-14,1,1.000000,0,sumfact,on,off,0,0,0,0,0,,,0.000,,,,,,,
jac_bare_n192,nid005994,hex8,jac_action,atomic,atomic,sumfact,affine,0.000000e+00,72,0,192,7189057,7077888,28756228,0,0.0000,n/a,20,3.113532066e-02,923.5886,7274.4527,227.3266,193.2276,0,0,0,2.581439207359e-11,0,0.000000,0,sumfact,off,off,0,0,0,0,0,,,0.000,,,,,,,
jac_bare_n192,nid005994,hex8,jac_action,ecolor,ecolor,sumfact,affine,0.000000e+00,72,4096,192,7189057,7077888,28756228,0,0.0000,n/a,20,5.765060186e-02,498.8019,3928.7086,122.7721,104.3563,0,0,0,4.849060801330e-11,0,0.000000,0,sumfact,off,off,0,0,0,0,0,,,0.000,,,,,,,
jac_bare_n192,nid005994,hex8,jac_action,packed,packed,sumfact,affine,0.000000e+00,72,4096,192,7189057,7077888,28756228,0,0.0000,n/a,20,1.587054729e-02,1811.9242,14271.2417,445.9763,379.0799,0,0,0,2.572335378558e-11,0,0.000000,0,sumfact,off,off,0,0,0,0,0,,,0.000,,,,,,,
residual_bare_n192,nid005994,hex8,residual,atomic,atomic,sumfact,affine,0.000000e+00,72,0,192,7189057,7077888,28756228,0,0.0000,n/a,20,2.787762880e-02,1031.5163,8124.5223,253.8913,191.4341,0,0,0,-1.935149089582e-14,0,0.000000,0,sumfact,off,off,0,0,0,0,0,,,0.000,,,,,,,
residual_bare_n192,nid005994,hex8,residual,ecolor,ecolor,sumfact,affine,0.000000e+00,72,4096,192,7189057,7077888,28756228,0,0.0000,n/a,20,4.722937346e-02,608.8632,4795.5838,149.8620,112.9959,0,0,0,-1.949200349738e-14,0,0.000000,0,sumfact,off,off,0,0,0,0,0,,,0.000,,,,,,,
residual_bare_n192,nid005994,hex8,residual,packed,packed,sumfact,affine,0.000000e+00,72,4096,192,7189057,7077888,28756228,0,0.0000,n/a,20,1.208761930e-02,2378.9819,18737.5537,585.5486,441.5036,0,0,0,-2.914920908814e-14,0,0.000000,0,sumfact,off,off,0,0,0,0,0,,,0.000,,,,,,,
residual_bare_n64,nid005994,hex8,residual,packed,packed,sumfact,affine,0.000000e+00,72,128,64,274625,262144,1098500,0,0.0000,n/a,20,3.877043724e-04,2833.3444,21636.6092,676.1440,509.8126,0,0,0,-1.235979634612e-14,0,0.000000,0,sumfact,off,off,0,0,0,0,0,,,0.000,,,,,,,
residual_bare_n64,nid005994,hex8,residual,ecolor,ecolor,sumfact,affine,0.000000e+00,72,128,64,274625,262144,1098500,0,0.0000,n/a,20,6.561994553e-04,1674.0337,12783.6254,399.4883,301.2142,0,0,0,-1.251418673548e-14,0,0.000000,0,sumfact,off,off,0,0,0,0,0,,,0.000,,,,,,,
residual_bare_n64,nid005994,hex8,residual,atomic,atomic,sumfact,affine,0.000000e+00,72,0,64,274625,262144,1098500,0,0.0000,n/a,20,1.068222523e-03,1028.3438,7852.8657,245.4021,185.0331,0,0,0,-1.254020758762e-14,0,0.000000,0,sumfact,off,off,0,0,0,0,0,,,0.000,,,,,,,
jac_bare_n64,nid005994,hex8,jac_action,packed,packed,sumfact,affine,0.000000e+00,72,128,64,274625,262144,1098500,0,0.0000,n/a,20,5.184292793e-04,2118.9004,16180.8145,505.6505,429.8029,0,0,0,-1.151812315230e-12,0,0.000000,0,sumfact,off,off,0,0,0,0,0,,,0.000,,,,,,,
jac_bare_n64,nid005994,hex8,jac_action,ecolor,ecolor,sumfact,affine,0.000000e+00,72,128,64,274625,262144,1098500,0,0.0000,n/a,20,6.318926811e-04,1738.4281,13275.3682,414.8553,352.6270,0,0,0,-2.097774373915e-12,0,0.000000,0,sumfact,off,off,0,0,0,0,0,,,0.000,,,,,,,
jac_bare_n64,nid005994,hex8,jac_action,atomic,atomic,sumfact,affine,0.000000e+00,72,0,64,274625,262144,1098500,0,0.0000,n/a,20,1.324176788e-03,829.5720,6334.9608,197.9675,168.2724,0,0,0,-1.151479248323e-12,0,0.000000,0,sumfact,off,off,0,0,0,0,0,,,0.000,,,,,,,
residual_rc_n64,nid005994,hex8,residual,packed,packed,sumfact,affine,0.000000e+00,72,128,64,274625,262144,1098500,0,0.0000,n/a,20,5.750656128e-04,1910.2168,14587.2189,455.8506,343.7113,0,0,0,-1.282860536550e-14,1,1.000000,0,sumfact,on,off,0,0,0,0,0,,,0.000,,,,,,,
residual_rc_n64,nid005994,hex8,residual,ecolor,ecolor,sumfact,affine,0.000000e+00,72,128,64,274625,262144,1098500,0,0.0000,n/a,20,7.191300392e-04,1527.5401,11664.9389,364.5293,274.8551,0,0,0,-1.256666212063e-14,1,1.000000,0,sumfact,on,off,0,0,0,0,0,,,0.000,,,,,,,
residual_rc_n64,nid005994,hex8,residual,atomic,atomic,sumfact,affine,0.000000e+00,72,0,64,274625,262144,1098500,0,0.0000,n/a,20,1.441693306e-03,761.9512,5818.5801,181.8306,137.1003,0,0,0,-1.256492739715e-14,1,1.000000,0,sumfact,on,off,0,0,0,0,0,,,0.000,,,,,,,
residual_rc_bnd_n64,nid005994,hex8,residual,packed,packed,sumfact,affine,0.000000e+00,72,128,64,274625,262144,1098500,0,0.0000,n/a,20,7.915258408e-04,1387.8258,10598.0217,331.1882,249.7159,0,0,0,3.727500000000e+00,1,1.000000,1,sumfact,on,on,0,0,0,0,0,,,0.000,,,,,,,
residual_rc_bnd_n64,nid005994,hex8,residual,ecolor,ecolor,sumfact,affine,0.000000e+00,72,128,64,274625,262144,1098500,0,0.0000,n/a,20,8.877515793e-04,1237.3957,9449.2741,295.2898,222.6485,0,0,0,3.727500000000e+00,1,1.000000,1,sumfact,on,on,0,0,0,0,0,,,0.000,,,,,,,
residual_rc_bnd_n64,nid005994,hex8,residual,atomic,atomic,sumfact,affine,0.000000e+00,72,0,64,274625,262144,1098500,0,0.0000,n/a,20,1.265609264e-03,867.9614,6628.1184,207.1287,156.1750,0,0,0,3.727500000000e+00,1,1.000000,1,sumfact,on,on,0,0,0,0,0,,,0.000,,,,,,,
residual_rc_bnd_dt_n64,nid005994,hex8,residual,packed,packed,sumfact,affine,0.000000e+00,72,128,64,274625,262144,1098500,0,0.0000,n/a,20,6.641983986e-04,1653.8733,12629.6721,394.6773,297.5866,0,0,0,6.759042994895e+00,1,1.000000,1,sumfact,on,on,0,0,0,0,1,,,0.000,,,,,,,
residual_rc_bnd_dt_n64,nid005994,hex8,residual,ecolor,ecolor,sumfact,affine,0.000000e+00,72,128,64,274625,262144,1098500,0,0.0000,n/a,20,8.037090302e-04,1366.7882,10437.3694,326.1678,245.9305,0,0,0,6.759448953731e+00,1,1.000000,1,sumfact,on,on,0,0,0,0,1,,,0.000,,,,,,,
residual_rc_bnd_dt_n64,nid005994,hex8,residual,atomic,atomic,sumfact,affine,0.000000e+00,72,0,64,274625,262144,1098500,0,0.0000,n/a,20,1.411116123e-03,778.4618,5944.6617,185.7707,140.0711,0,0,0,6.759448953731e+00,1,1.000000,1,sumfact,on,on,0,0,0,0,1,,,0.000,,,,,,,
residual_rc_perapply_n64,nid005994,hex8,residual,packed,packed,sumfact,affine,0.000000e+00,72,128,64,274625,262144,1098500,0,0.0000,n/a,20,7.572293282e-04,1450.6834,11078.0284,346.1884,261.0260,0,0,0,-1.282860536550e-14,1,1.000000,0,sumfact,on,off,0,1,0,0,0,,,0.000,,,,,,,
residual_rc_perapply_n64,nid005994,hex8,residual,atomic,atomic,sumfact,affine,0.000000e+00,72,0,64,274625,262144,1098500,0,0.0000,n/a,20,1.981484890e-03,554.3822,4233.4958,132.2967,99.7517,0,0,0,-1.256492739715e-14,1,1.000000,0,sumfact,on,off,0,1,0,0,0,,,0.000,,,,,,,
jac_rc_n64,nid005994,hex8,jac_action,packed,packed,sumfact,affine,0.000000e+00,72,128,64,274625,262144,1098500,0,0.0000,n/a,20,1.156008244e-03,950.2527,7256.5296,226.7665,192.7516,0,0,0,3.033959260039e-13,1,1.000000,0,sumfact,exact,off,1,0,0,0,0,2.198912000e-04,0.190216,0.000,,,,,,,
jac_rc_n64,nid005994,hex8,jac_action,ecolor,ecolor,sumfact,affine,0.000000e+00,72,128,64,274625,262144,1098500,0,0.0000,n/a,20,1.475167274e-03,744.6613,5686.5470,177.7046,151.0489,0,0,0,-6.895899866757e-14,1,1.000000,0,sumfact,exact,off,1,0,0,0,0,5.416832000e-04,0.367201,0.000,,,,,,,
jac_rc_n64,nid005994,hex8,jac_action,atomic,atomic,sumfact,affine,0.000000e+00,72,0,64,274625,262144,1098500,0,0.0000,n/a,20,2.870011330e-03,382.7511,2922.8484,91.3390,77.6382,0,0,0,2.991632007225e-13,1,1.000000,0,sumfact,exact,off,1,0,0,0,0,1.526003200e-03,0.531706,0.000,,,,,,,
jac_rc_bnd_n64,nid005994,hex8,jac_action,packed,packed,sumfact,affine,0.000000e+00,72,128,64,274625,262144,1098500,0,0.0000,n/a,20,1.253008842e-03,876.6897,6694.7716,209.2116,177.8299,0,0,0,5.047023127365e+00,1,1.000000,1,sumfact,exact,on,1,0,0,0,0,2.329472000e-04,0.185910,0.000,,,,,,,
jac_rc_bnd_n64,nid005994,hex8,jac_action,ecolor,ecolor,sumfact,affine,0.000000e+00,72,128,64,274625,262144,1098500,0,0.0000,n/a,20,1.438570023e-03,763.6055,5831.2128,182.2254,154.8916,0,0,0,5.044934535980e+00,1,1.000000,1,sumfact,exact,on,1,0,0,0,0,4.768256000e-04,0.331458,0.000,,,,,,,
jac_rc_bnd_n64,nid005994,hex8,jac_action,atomic,atomic,sumfact,affine,0.000000e+00,72,0,64,274625,262144,1098500,0,0.0000,n/a,20,2.991807461e-03,367.1693,2803.8596,87.6206,74.4775,0,0,0,5.047023127365e+00,1,1.000000,1,sumfact,exact,on,1,0,0,0,0,1.550886400e-03,0.518378,0.000,,,,,,,
assemble_n64,nid005994,hex8,assemble,packed,packed,sumfact,affine,0.000000e+00,72,128,64,274625,262144,1098500,7189057,877.5704,f64,20,1.340060234e-02,81.9739,625.9874,19.5621,45.0711,0,0,0,2.702547346339e-10,0,0.000000,0,sumfact,off,off,0,0,0,0,0,,,0.000,,,,,,,
assemble_n64,nid005994,hex8,assemble,atomic,atomic,sumfact,affine,0.000000e+00,72,0,64,274625,262144,1098500,7189057,877.5704,f64,20,2.900595665e-02,37.8715,289.2029,9.0376,20.8226,0,0,0,2.702932316173e-10,0,0.000000,0,sumfact,off,off,0,0,0,0,0,,,0.000,,,,,,,
assemble_n64,nid005994,hex8,assemble,colored,colored,sumfact,affine,0.000000e+00,72,128,64,274625,262144,1098500,7189057,877.5704,f64,20,1.211756468e-02,90.6535,692.2685,21.6334,49.8433,14,146,147,2.702547346339e-10,0,0.000000,0,sumfact,off,off,0,0,0,0,0,,,0.000,,,,,,,
assemble_n64,nid005994,hex8,assemble,store,store,sumfact,affine,0.000000e+00,72,128,64,274625,262144,1098500,7189057,877.5704,f64,20,9.255528450e-03,118.6858,906.3349,28.3230,65.2561,0,0,0,2.702547346339e-10,0,0.000000,0,sumfact,off,off,0,0,0,0,0,,,0.000,,,,,,,
assemble_diag_n64,nid005994,hex8,assemble_diag,atomic,atomic,sumfact,affine,0.000000e+00,72,0,64,274625,262144,1098500,0,0.0000,n/a,20,1.063783169e-02,103.2635,788.5637,24.6426,18.5805,0,0,0,5.801523603040e+02,0,0.000000,0,sumfact,off,off,0,0,0,0,0,,,0.000,,,,,,,
spmv_f64_n64,nid005994,hex8,bsr_apply,packed,n/a,n/a,affine,0.000000e+00,72,128,64,274625,262144,1098500,7189057,877.5704,f64,20,2.499949932e-03,439.4088,0.0000,0.0000,0.0000,0,0,0,-1.151445421215e-12,0,0.000000,0,n/a,off,off,0,0,0,0,0,,,0.000,,,,,,,
spmv_f32_n64,nid005994,hex8,bsr_apply,packed,n/a,n/a,affine,0.000000e+00,72,128,64,274625,262144,1098500,7189057,438.7852,f32,20,1.307010651e-03,840.4675,0.0000,0.0000,0.0000,0,0,0,1.266337291522e-05,0,0.000000,0,n/a,off,off,0,0,0,0,0,,,0.000,,,,,,,
residual_bare_n96,nid005994,hex8,residual,packed,packed,sumfact,affine,0.000000e+00,72,512,96,912673,884736,3650692,0,0.0000,n/a,20,1.269555092e-03,2875.5680,22300.3729,696.8867,525.4525,0,0,0,9.553718493399e-14,0,0.000000,0,sumfact,off,off,0,0,0,0,0,,,0.000,,,,,,,
residual_bare_n96,nid005994,hex8,residual,ecolor,ecolor,sumfact,affine,0.000000e+00,72,512,96,912673,884736,3650692,0,0.0000,n/a,20,2.465391159e-03,1480.7760,11483.5944,358.8623,270.5822,0,0,0,1.006580886351e-13,0,0.000000,0,sumfact,off,off,0,0,0,0,0,,,0.000,,,,,,,
residual_bare_n96,nid005994,hex8,residual,atomic,atomic,sumfact,affine,0.000000e+00,72,0,96,912673,884736,3650692,0,0.0000,n/a,20,3.617238998e-03,1009.2482,7826.8403,244.5888,184.4199,0,0,0,9.868744276637e-14,0,0.000000,0,sumfact,off,off,0,0,0,0,0,,,0.000,,,,,,,
jac_bare_n96,nid005994,hex8,jac_action,packed,packed,sumfact,affine,0.000000e+00,72,512,96,912673,884736,3650692,0,0.0000,n/a,20,1.749384403e-03,2086.8438,16183.7227,505.7413,429.8801,0,0,0,-2.009048702682e-12,0,0.000000,0,sumfact,off,off,0,0,0,0,0,,,0.000,,,,,,,
jac_bare_n96,nid005994,hex8,jac_action,ecolor,ecolor,sumfact,affine,0.000000e+00,72,512,96,912673,884736,3650692,0,0.0000,n/a,20,2.760672569e-03,1322.3922,10255.3096,320.4784,272.4067,0,0,0,-3.581897758541e-12,0,0.000000,0,sumfact,off,off,0,0,0,0,0,,,0.000,,,,,,,
jac_bare_n96,nid005994,hex8,jac_action,atomic,atomic,sumfact,affine,0.000000e+00,72,0,96,912673,884736,3650692,0,0.0000,n/a,20,4.089498520e-03,892.6992,6922.9887,216.3434,183.8919,0,0,0,-1.946265590640e-12,0,0.000000,0,sumfact,off,off,0,0,0,0,0,,,0.000,,,,,,,
residual_rc_n96,nid005994,hex8,residual,packed,packed,sumfact,affine,0.000000e+00,72,512,96,912673,884736,3650692,0,0.0000,n/a,20,1.965558529e-03,1857.3306,14403.8204,450.1194,339.3900,0,0,0,1.003804244587e-13,1,1.000000,0,sumfact,on,off,0,0,0,0,0,,,0.000,,,,,,,
residual_rc_n96,nid005994,hex8,residual,ecolor,ecolor,sumfact,affine,0.000000e+00,72,512,96,912673,884736,3650692,0,0.0000,n/a,20,3.106343746e-03,1175.2376,9114.1079,284.8159,214.7512,0,0,0,1.043078384083e-13,1,1.000000,0,sumfact,on,off,0,0,0,0,0,,,0.000,,,,,,,
residual_rc_n96,nid005994,hex8,residual,atomic,atomic,sumfact,affine,0.000000e+00,72,0,96,912673,884736,3650692,0,0.0000,n/a,20,4.252588749e-03,858.4634,6657.4865,208.0465,156.8670,0,0,0,1.025453593567e-13,1,1.000000,0,sumfact,on,off,0,0,0,0,0,,,0.000,,,,,,,
residual_rc_bnd_n96,nid005994,hex8,residual,packed,packed,sumfact,affine,0.000000e+00,72,512,96,912673,884736,3650692,0,0.0000,n/a,20,2.157628536e-03,1691.9928,13121.6062,410.0502,309.1778,0,0,0,3.727500000000e+00,1,1.000000,1,sumfact,on,on,0,0,0,0,0,,,0.000,,,,,,,
residual_rc_bnd_n96,nid005994,hex8,residual,ecolor,ecolor,sumfact,affine,0.000000e+00,72,512,96,912673,884736,3650692,0,0.0000,n/a,20,3.444707394e-03,1059.7974,8218.8554,256.8392,193.6568,0,0,0,3.727500000000e+00,1,1.000000,1,sumfact,on,on,0,0,0,0,0,,,0.000,,,,,,,
residual_rc_bnd_n96,nid005994,hex8,residual,atomic,atomic,sumfact,affine,0.000000e+00,72,0,96,912673,884736,3650692,0,0.0000,n/a,20,4.359114170e-03,837.4848,6494.7948,202.9623,153.0336,0,0,0,3.727500000000e+00,1,1.000000,1,sumfact,on,on,0,0,0,0,0,,,0.000,,,,,,,
residual_rc_bnd_dt_n96,nid005994,hex8,residual,packed,packed,sumfact,affine,0.000000e+00,72,512,96,912673,884736,3650692,0,0.0000,n/a,20,2.645409107e-03,1380.0104,10702.1451,334.4420,252.1693,0,0,0,6.759195490287e+00,1,1.000000,1,sumfact,on,on,0,0,0,0,1,,,0.000,,,,,,,
residual_rc_bnd_dt_n96,nid005994,hex8,residual,ecolor,ecolor,sumfact,affine,0.000000e+00,72,512,96,912673,884736,3650692,0,0.0000,n/a,20,3.599667549e-03,1014.1748,7865.0463,245.7827,185.3202,0,0,0,6.759287405709e+00,1,1.000000,1,sumfact,on,on,0,0,0,0,1,,,0.000,,,,,,,
residual_rc_bnd_dt_n96,nid005994,hex8,residual,atomic,atomic,sumfact,affine,0.000000e+00,72,0,96,912673,884736,3650692,0,0.0000,n/a,20,4.877591133e-03,748.4621,5804.4127,181.3879,136.7665,0,0,0,6.759287405709e+00,1,1.000000,1,sumfact,on,on,0,0,0,0,1,,,0.000,,,,,,,
residual_rc_perapply_n96,nid005994,hex8,residual,packed,packed,sumfact,affine,0.000000e+00,72,512,96,912673,884736,3650692,0,0.0000,n/a,20,2.472019196e-03,1476.8057,11452.8043,357.9001,269.8567,0,0,0,1.003804244587e-13,1,1.000000,0,sumfact,on,off,0,1,0,0,0,,,0.000,,,,,,,
residual_rc_perapply_n96,nid005994,hex8,residual,atomic,atomic,sumfact,affine,0.000000e+00,72,0,96,912673,884736,3650692,0,0.0000,n/a,20,6.459617615e-03,565.1561,4382.8526,136.9641,103.2710,0,0,0,1.025453593567e-13,1,1.000000,0,sumfact,on,off,0,1,0,0,0,,,0.000,,,,,,,
jac_rc_n96,nid005994,hex8,jac_action,packed,packed,sumfact,affine,0.000000e+00,72,512,96,912673,884736,3650692,0,0.0000,n/a,20,4.074609280e-03,895.9612,6948.2863,217.1339,184.5639,0,0,0,2.763892901440e-13,1,1.000000,0,sumfact,exact,off,1,0,0,0,0,1.106444800e-03,0.271546,0.000,,,,,,,
jac_rc_n96,nid005994,hex8,jac_action,ecolor,ecolor,sumfact,affine,0.000000e+00,72,512,96,912673,884736,3650692,0,0.0000,n/a,20,7.445144653e-03,490.3453,3802.6866,118.8340,101.0089,0,0,0,5.559625297028e-13,1,1.000000,0,sumfact,exact,off,1,0,0,0,0,2.470604800e-03,0.331841,0.000,,,,,,,
jac_rc_n96,nid005994,hex8,jac_action,atomic,atomic,sumfact,affine,0.000000e+00,72,0,96,912673,884736,3650692,0,0.0000,n/a,20,9.311723709e-03,392.0533,3040.4201,95.0131,80.7612,0,0,0,2.773607352905e-13,1,1.000000,0,sumfact,exact,off,1,0,0,0,0,4.489062400e-03,0.482087,0.000,,,,,,,
jac_rc_bnd_n96,nid005994,hex8,jac_action,packed,packed,sumfact,affine,0.000000e+00,72,512,96,912673,884736,3650692,0,0.0000,n/a,20,4.335665703e-03,842.0142,6529.9204,204.0600,173.4510,0,0,0,5.047058237368e+00,1,1.000000,1,sumfact,exact,on,1,0,0,0,0,9.999232000e-04,0.230627,0.000,,,,,,,
jac_rc_bnd_n96,nid005994,hex8,jac_action,ecolor,ecolor,sumfact,affine,0.000000e+00,72,512,96,912673,884736,3650692,0,0.0000,n/a,20,8.259510994e-03,441.9986,3427.7516,107.1172,91.0497,0,0,0,5.043879373204e+00,1,1.000000,1,sumfact,exact,on,1,0,0,0,0,2.655065600e-03,0.321456,0.000,,,,,,,
jac_rc_bnd_n96,nid005994,hex8,jac_action,atomic,atomic,sumfact,affine,0.000000e+00,72,0,96,912673,884736,3650692,0,0.0000,n/a,20,9.369373322e-03,389.6410,3021.7124,94.4285,80.2642,0,0,0,5.047058237368e+00,1,1.000000,1,sumfact,exact,on,1,0,0,0,0,4.640870400e-03,0.495323,0.000,,,,,,,
assemble_n96,nid005994,hex8,assemble,packed,packed,sumfact,affine,0.000000e+00,72,512,96,912673,884736,3650692,24137569,2946.4806,f64,20,6.117535830e-02,59.6759,462.7934,14.4623,33.3211,0,0,0,7.386596588159e-11,0,0.000000,0,sumfact,off,off,0,0,0,0,0,,,0.000,,,,,,,
assemble_n96,nid005994,hex8,assemble,atomic,atomic,sumfact,affine,0.000000e+00,72,0,96,912673,884736,3650692,24137569,2946.4806,f64,20,9.594777822e-02,38.0487,295.0725,9.2210,21.2452,0,0,0,7.342422201788e-11,0,0.000000,0,sumfact,off,off,0,0,0,0,0,,,0.000,,,,,,,
assemble_n96,nid005994,hex8,assemble,colored,colored,sumfact,affine,0.000000e+00,72,512,96,912673,884736,3650692,24137569,2946.4806,f64,20,3.947157860e-02,92.4891,717.2642,22.4145,51.6430,19,90,91,7.389472065792e-11,0,0.000000,0,sumfact,off,off,0,0,0,0,0,,,0.000,,,,,,,
assemble_n96,nid005994,hex8,assemble,store,store,sumfact,affine,0.000000e+00,72,512,96,912673,884736,3650692,24137569,2946.4806,f64,20,4.237822294e-02,86.1455,668.0684,20.8771,48.1009,0,0,0,7.386596588159e-11,0,0.000000,0,sumfact,off,off,0,0,0,0,0,,,0.000,,,,,,,
assemble_diag_n96,nid005994,hex8,assemble_diag,atomic,atomic,sumfact,affine,0.000000e+00,72,0,96,912673,884736,3650692,0,0.0000,n/a,20,3.318878412e-02,109.9978,853.0458,26.6577,20.0999,0,0,0,1.054549351220e+03,0,0.000000,0,sumfact,off,off,0,0,0,0,0,,,0.000,,,,,,,
spmv_f64_n96,nid005994,hex8,bsr_apply,packed,n/a,n/a,affine,0.000000e+00,72,512,96,912673,884736,3650692,24137569,2946.4806,f64,20,8.226084709e-03,443.7946,0.0000,0.0000,0.0000,0,0,0,-2.227890574390e-12,0,0.000000,0,n/a,off,off,0,0,0,0,0,,,0.000,,,,,,,
spmv_f32_n96,nid005994,hex8,bsr_apply,packed,n/a,n/a,affine,0.000000e+00,72,512,96,912673,884736,3650692,24137569,1473.2403,f32,20,4.282224178e-03,852.5224,0.0000,0.0000,0.0000,0,0,0,-1.159811748818e-06,0,0.000000,0,n/a,off,off,0,0,0,0,0,,,0.000,,,,,,,
residual_bare_n128,nid005994,hex8,residual,packed,packed,sumfact,affine,0.000000e+00,72,1024,128,2146689,2097152,8586756,0,0.0000,n/a,20,3.462874889e-03,2479.6611,19379.5231,605.6101,456.6300,0,0,0,1.366551186446e-13,0,0.000000,0,sumfact,off,off,0,0,0,0,0,,,0.000,,,,,,,
residual_bare_n128,nid005994,hex8,residual,ecolor,ecolor,sumfact,affine,0.000000e+00,72,1024,128,2146689,2097152,8586756,0,0.0000,n/a,20,4.885709286e-03,1757.5250,13735.7465,429.2421,323.6485,0,0,0,1.381344040888e-13,0,0.000000,0,sumfact,off,off,0,0,0,0,0,,,0.000,,,,,,,
residual_bare_n128,nid005994,hex8,residual,atomic,atomic,sumfact,affine,0.000000e+00,72,0,128,2146689,2097152,8586756,0,0.0000,n/a,20,8.470535278e-03,1013.7206,7922.6238,247.5820,186.6768,0,0,0,1.381469808340e-13,0,0.000000,0,sumfact,off,off,0,0,0,0,0,,,0.000,,,,,,,
jac_bare_n128,nid005994,hex8,jac_action,packed,packed,sumfact,affine,0.000000e+00,72,1024,128,2146689,2097152,8586756,0,0.0000,n/a,20,4.751431942e-03,1807.1933,14123.9241,441.3726,375.1667,0,0,0,-2.268767828771e-12,0,0.000000,0,sumfact,off,off,0,0,0,0,0,,,0.000,,,,,,,
jac_bare_n128,nid005994,hex8,jac_action,ecolor,ecolor,sumfact,affine,0.000000e+00,72,1024,128,2146689,2097152,8586756,0,0.0000,n/a,20,7.375097275e-03,1164.2905,9099.3870,284.3558,241.7025,0,0,0,-2.925569671502e-13,0,0.000000,0,sumfact,off,off,0,0,0,0,0,,,0.000,,,,,,,
jac_bare_n128,nid005994,hex8,jac_action,atomic,atomic,sumfact,affine,0.000000e+00,72,0,128,2146689,2097152,8586756,0,0.0000,n/a,20,9.496390820e-03,904.2126,7066.7757,220.8367,187.7112,0,0,0,-2.268767828771e-12,0,0.000000,0,sumfact,off,off,0,0,0,0,0,,,0.000,,,,,,,
residual_rc_n128,nid005994,hex8,residual,packed,packed,sumfact,affine,0.000000e+00,72,1024,128,2146689,2097152,8586756,0,0.0000,n/a,20,5.215883255e-03,1646.2707,12866.2512,402.0703,303.1610,0,0,0,1.366482339608e-13,1,1.000000,0,sumfact,on,off,0,0,0,0,0,,,0.000,,,,,,,
residual_rc_n128,nid005994,hex8,residual,ecolor,ecolor,sumfact,affine,0.000000e+00,72,1024,128,2146689,2097152,8586756,0,0.0000,n/a,20,7.986688614e-03,1075.1334,8402.5893,262.5809,197.9860,0,0,0,1.381327235754e-13,1,1.000000,0,sumfact,on,off,0,0,0,0,0,,,0.000,,,,,,,
residual_rc_n128,nid005994,hex8,residual,atomic,atomic,sumfact,affine,0.000000e+00,72,0,128,2146689,2097152,8586756,0,0.0000,n/a,20,1.036063433e-02,828.7867,6477.2930,202.4154,152.6212,0,0,0,1.381470350441e-13,1,1.000000,0,sumfact,on,off,0,0,0,0,0,,,0.000,,,,,,,
residual_rc_bnd_n128,nid005994,hex8,residual,packed,packed,sumfact,affine,0.000000e+00,72,1024,128,2146689,2097152,8586756,0,0.0000,n/a,20,5.909156799e-03,1453.1271,11356.7580,354.8987,267.5936,0,0,0,3.727500000000e+00,1,1.000000,1,sumfact,on,on,0,0,0,0,0,,,0.000,,,,,,,
residual_rc_bnd_n128,nid005994,hex8,residual,ecolor,ecolor,sumfact,affine,0.000000e+00,72,1024,128,2146689,2097152,8586756,0,0.0000,n/a,20,8.512902260e-03,1008.6755,7883.1945,246.3498,185.7478,0,0,0,3.727500000000e+00,1,1.000000,1,sumfact,on,on,0,0,0,0,0,,,0.000,,,,,,,
residual_rc_bnd_n128,nid005994,hex8,residual,atomic,atomic,sumfact,affine,0.000000e+00,72,0,128,2146689,2097152,8586756,0,0.0000,n/a,20,1.064162254e-02,806.9029,6306.2624,197.0707,148.5913,0,0,0,3.727500000000e+00,1,1.000000,1,sumfact,on,on,0,0,0,0,0,,,0.000,,,,,,,
residual_rc_bnd_dt_n128,nid005994,hex8,residual,packed,packed,sumfact,affine,0.000000e+00,72,1024,128,2146689,2097152,8586756,0,0.0000,n/a,20,6.278622150e-03,1367.6179,10688.4699,334.0147,251.8471,0,0,0,6.759412313613e+00,1,1.000000,1,sumfact,on,on,0,0,0,0,1,,,0.000,,,,,,,
residual_rc_bnd_dt_n128,nid005994,hex8,residual,ecolor,ecolor,sumfact,affine,0.000000e+00,72,1024,128,2146689,2097152,8586756,0,0.0000,n/a,20,8.967983723e-03,957.4901,7483.1608,233.8488,176.3220,0,0,0,6.759329548060e+00,1,1.000000,1,sumfact,on,on,0,0,0,0,1,,,0.000,,,,,,,
residual_rc_bnd_dt_n128,nid005994,hex8,residual,atomic,atomic,sumfact,affine,0.000000e+00,72,0,128,2146689,2097152,8586756,0,0.0000,n/a,20,1.103683710e-02,778.0088,6080.4435,190.0139,143.2704,0,0,0,6.759329548060e+00,1,1.000000,1,sumfact,on,on,0,0,0,0,1,,,0.000,,,,,,,
residual_rc_perapply_n128,nid005994,hex8,residual,packed,packed,sumfact,affine,0.000000e+00,72,1024,128,2146689,2097152,8586756,0,0.0000,n/a,20,6.349515915e-03,1352.3481,10569.1308,330.2853,249.0351,0,0,0,1.366482339608e-13,1,1.000000,0,sumfact,on,off,0,1,0,0,0,,,0.000,,,,,,,
residual_rc_perapply_n128,nid005994,hex8,residual,atomic,atomic,sumfact,affine,0.000000e+00,72,0,128,2146689,2097152,8586756,0,0.0000,n/a,20,1.514819860e-02,566.8500,4430.1547,138.4423,104.3855,0,0,0,1.381470350441e-13,1,1.000000,0,sumfact,on,off,0,1,0,0,0,,,0.000,,,,,,,
jac_rc_n128,nid005994,hex8,jac_action,packed,packed,sumfact,affine,0.000000e+00,72,1024,128,2146689,2097152,8586756,0,0.0000,n/a,20,9.837067127e-03,872.8980,6822.0399,213.1887,181.2104,0,0,0,-3.069362255678e-13,1,1.000000,0,sumfact,exact,off,1,0,0,0,0,2.438105600e-03,0.247849,0.000,,,,,,,
jac_rc_n128,nid005994,hex8,jac_action,ecolor,ecolor,sumfact,affine,0.000000e+00,72,1024,128,2146689,2097152,8586756,0,0.0000,n/a,20,1.993062496e-02,430.8323,3367.1229,105.2226,89.4392,0,0,0,7.779667752020e-13,1,1.000000,0,sumfact,exact,off,1,0,0,0,0,8.483110400e-03,0.425632,0.000,,,,,,,
jac_rc_n128,nid005994,hex8,jac_action,atomic,atomic,sumfact,affine,0.000000e+00,72,0,128,2146689,2097152,8586756,0,0.0000,n/a,20,2.570253611e-02,334.0821,2610.9822,81.5932,69.3542,0,0,0,-3.078244039875e-13,1,1.000000,0,sumfact,exact,off,1,0,0,0,0,1.585414400e-02,0.616832,0.000,,,,,,,
jac_rc_bnd_n128,nid005994,hex8,jac_action,packed,packed,sumfact,affine,0.000000e+00,72,1024,128,2146689,2097152,8586756,0,0.0000,n/a,20,1.042004824e-02,824.0611,6440.3602,201.2613,171.0721,0,0,0,5.048053297186e+00,1,1.000000,1,sumfact,exact,on,1,0,0,0,0,2.465024000e-03,0.236566,0.000,,,,,,,
jac_rc_bnd_n128,nid005994,hex8,jac_action,ecolor,ecolor,sumfact,affine,0.000000e+00,72,1024,128,2146689,2097152,8586756,0,0.0000,n/a,20,2.080336809e-02,412.7580,3225.8653,100.8083,85.6870,0,0,0,5.045353208780e+00,1,1.000000,1,sumfact,exact,on,1,0,0,0,0,8.548774400e-03,0.410932,0.000,,,,,,,
jac_rc_bnd_n128,nid005994,hex8,jac_action,atomic,atomic,sumfact,affine,0.000000e+00,72,0,128,2146689,2097152,8586756,0,0.0000,n/a,20,2.591251135e-02,331.3749,2589.8248,80.9320,68.7922,0,0,0,5.048053297186e+00,1,1.000000,1,sumfact,exact,on,1,0,0,0,0,1.509292800e-02,0.582457,0.000,,,,,,,
assemble_n128,nid005994,hex8,assemble,packed,packed,sumfact,affine,0.000000e+00,72,1024,128,2146689,2097152,8586756,57066625,6966.1407,f64,20,1.515413165e-01,56.6628,442.8420,13.8388,31.8846,0,0,0,-3.076235482948e-08,0,0.000000,0,sumfact,off,off,0,0,0,0,0,,,0.000,,,,,,,
assemble_n128,nid005994,hex8,assemble,atomic,atomic,sumfact,affine,0.000000e+00,72,0,128,2146689,2097152,8586756,57066625,6966.1407,f64,20,2.256336570e-01,38.0562,297.4240,9.2945,21.4145,0,0,0,-3.076550014682e-08,0,0.000000,0,sumfact,off,off,0,0,0,0,0,,,0.000,,,,,,,
assemble_n128,nid005994,hex8,assemble,colored,colored,sumfact,affine,0.000000e+00,72,1024,128,2146689,2097152,8586756,57066625,6966.1407,f64,20,8.412351608e-02,102.0732,797.7420,24.9294,57.4374,14,146,147,-3.076235482948e-08,0,0.000000,0,sumfact,off,off,0,0,0,0,0,,,0.000,,,,,,,
assemble_n128,nid005994,hex8,assemble,store,store,sumfact,affine,0.000000e+00,72,1024,128,2146689,2097152,8586756,57066625,6966.1407,f64,20,1.062594414e-01,80.8093,631.5567,19.7361,45.4721,0,0,0,-3.076235482948e-08,0,0.000000,0,sumfact,off,off,0,0,0,0,0,,,0.000,,,,,,,
assemble_diag_n128,nid005994,hex8,assemble_diag,atomic,atomic,sumfact,affine,0.000000e+00,72,0,128,2146689,2097152,8586756,0,0.0000,n/a,20,7.734304667e-02,111.0217,867.6781,27.1149,20.4447,0,0,0,1.651826180067e+03,0,0.000000,0,sumfact,off,off,0,0,0,0,0,,,0.000,,,,,,,
spmv_f64_n128,nid005994,hex8,bsr_apply,packed,n/a,n/a,affine,0.000000e+00,72,1024,128,2146689,2097152,8586756,57066625,6966.1407,f64,20,1.898541451e-02,452.2817,0.0000,0.0000,0.0000,0,0,0,-2.271657308876e-12,0,0.000000,0,n/a,off,off,0,0,0,0,0,,,0.000,,,,,,,
spmv_f32_n128,nid005994,hex8,bsr_apply,packed,n/a,n/a,affine,0.000000e+00,72,1024,128,2146689,2097152,8586756,57066625,3483.0704,f32,20,1.058554649e-02,811.1774,0.0000,0.0000,0.0000,0,0,0,4.661746579456e-05,0,0.000000,0,n/a,off,off,0,0,0,0,0,,,0.000,,,,,,,
residual_bare_n160,nid005994,hex8,residual,packed,packed,sumfact,affine,0.000000e+00,72,2048,160,4173281,4096000,16693124,0,0.0000,n/a,20,7.114875317e-03,2346.2286,18422.2483,575.6953,434.0742,0,0,0,-6.683819079797e-14,0,0.000000,0,sumfact,off,off,0,0,0,0,0,,,0.000,,,,,,,
residual_bare_n160,nid005994,hex8,residual,ecolor,ecolor,sumfact,affine,0.000000e+00,72,2048,160,4173281,4096000,16693124,0,0.0000,n/a,20,2.437199354e-02,684.9306,5377.9762,168.0618,126.7186,0,0,0,-6.929976341039e-14,0,0.000000,0,sumfact,off,off,0,0,0,0,0,,,0.000,,,,,,,
residual_bare_n160,nid005994,hex8,residual,atomic,atomic,sumfact,affine,0.000000e+00,72,0,160,4173281,4096000,16693124,0,0.0000,n/a,20,1.663144827e-02,1003.7084,7880.9733,246.2804,185.6954,0,0,0,-7.000232641816e-14,0,0.000000,0,sumfact,off,off,0,0,0,0,0,,,0.000,,,,,,,
jac_bare_n160,nid005994,hex8,jac_action,packed,packed,sumfact,affine,0.000000e+00,72,2048,160,4173281,4096000,16693124,0,0.0000,n/a,20,9.259259701e-03,1802.8573,14155.7753,442.3680,376.0128,0,0,0,7.483083570110e-13,0,0.000000,0,sumfact,off,off,0,0,0,0,0,,,0.000,,,,,,,
jac_bare_n160,nid005994,hex8,jac_action,ecolor,ecolor,sumfact,affine,0.000000e+00,72,2048,160,4173281,4096000,16693124,0,0.0000,n/a,20,3.147058487e-02,530.4358,4164.9051,130.1533,110.6303,0,0,0,5.436072422825e-12,0,0.000000,0,sumfact,off,off,0,0,0,0,0,,,0.000,,,,,,,
jac_bare_n160,nid005994,hex8,jac_action,atomic,atomic,sumfact,affine,0.000000e+00,72,0,160,4173281,4096000,16693124,0,0.0000,n/a,20,1.799339056e-02,927.7364,7284.4526,227.6391,193.4933,0,0,0,7.694581056301e-13,0,0.000000,0,sumfact,off,off,0,0,0,0,0,,,0.000,,,,,,,
residual_rc_n160,nid005994,hex8,residual,packed,packed,sumfact,affine,0.000000e+00,72,2048,160,4173281,4096000,16693124,0,0.0000,n/a,20,1.039894819e-02,1605.2704,12604.3517,393.8860,296.9900,0,0,0,-6.590924637659e-14,1,1.000000,0,sumfact,on,off,0,0,0,0,0,,,0.000,,,,,,,
residual_rc_n160,nid005994,hex8,residual,ecolor,ecolor,sumfact,affine,0.000000e+00,72,2048,160,4173281,4096000,16693124,0,0.0000,n/a,20,3.330277205e-02,501.2533,3935.7685,122.9928,92.7365,0,0,0,-6.929802868691e-14,1,1.000000,0,sumfact,on,off,0,0,0,0,0,,,0.000,,,,,,,
residual_rc_n160,nid005994,hex8,residual,atomic,atomic,sumfact,affine,0.000000e+00,72,0,160,4173281,4096000,16693124,0,0.0000,n/a,20,1.939802170e-02,860.5581,6756.9777,211.1556,159.2113,0,0,0,-7.109953901671e-14,1,1.000000,0,sumfact,on,off,0,0,0,0,0,,,0.000,,,,,,,
residual_rc_bnd_n160,nid005994,hex8,residual,packed,packed,sumfact,affine,0.000000e+00,72,2048,160,4173281,4096000,16693124,0,0.0000,n/a,20,1.175186634e-02,1420.4658,11153.2923,348.5404,262.7994,0,0,0,3.727500000000e+00,1,1.000000,1,sumfact,on,on,0,0,0,0,0,,,0.000,,,,,,,
residual_rc_bnd_n160,nid005994,hex8,residual,ecolor,ecolor,sumfact,affine,0.000000e+00,72,2048,160,4173281,4096000,16693124,0,0.0000,n/a,20,4.179781675e-02,399.3779,3135.8576,97.9955,73.8886,0,0,0,3.727500000000e+00,1,1.000000,1,sumfact,on,on,0,0,0,0,0,,,0.000,,,,,,,
residual_rc_bnd_n160,nid005994,hex8,residual,atomic,atomic,sumfact,affine,0.000000e+00,72,0,160,4173281,4096000,16693124,0,0.0000,n/a,20,2.042269707e-02,817.3810,6417.9574,200.5612,151.2231,0,0,0,3.727500000000e+00,1,1.000000,1,sumfact,on,on,0,0,0,0,0,,,0.000,,,,,,,
residual_rc_bnd_dt_n160,nid005994,hex8,residual,packed,packed,sumfact,affine,0.000000e+00,72,2048,160,4173281,4096000,16693124,0,0.0000,n/a,20,1.251214743e-02,1334.1534,10475.5799,327.3619,246.8309,0,0,0,6.759317416976e+00,1,1.000000,1,sumfact,on,on,0,0,0,0,1,,,0.000,,,,,,,
residual_rc_bnd_dt_n160,nid005994,hex8,residual,ecolor,ecolor,sumfact,affine,0.000000e+00,72,2048,160,4173281,4096000,16693124,0,0.0000,n/a,20,3.705544472e-02,450.4905,3537.1860,110.5371,83.3449,0,0,0,6.759324573300e+00,1,1.000000,1,sumfact,on,on,0,0,0,0,1,,,0.000,,,,,,,
residual_rc_bnd_dt_n160,nid005994,hex8,residual,atomic,atomic,sumfact,affine,0.000000e+00,72,0,160,4173281,4096000,16693124,0,0.0000,n/a,20,2.203634977e-02,757.5267,5947.9905,185.8747,140.1495,0,0,0,6.759324573300e+00,1,1.000000,1,sumfact,on,on,0,0,0,0,1,,,0.000,,,,,,,
residual_rc_perapply_n160,nid005994,hex8,residual,packed,packed,sumfact,affine,0.000000e+00,72,2048,160,4173281,4096000,16693124,0,0.0000,n/a,20,1.286088228e-02,1297.9766,10191.5247,318.4851,240.1378,0,0,0,-6.590924637659e-14,1,1.000000,0,sumfact,on,off,0,1,0,0,0,,,0.000,,,,,,,
residual_rc_perapply_n160,nid005994,hex8,residual,atomic,atomic,sumfact,affine,0.000000e+00,72,0,160,4173281,4096000,16693124,0,0.0000,n/a,20,2.956846952e-02,564.5583,4432.8300,138.5259,104.4486,0,0,0,-7.109953901671e-14,1,1.000000,0,sumfact,on,off,0,1,0,0,0,,,0.000,,,,,,,
jac_rc_n160,nid005994,hex8,jac_action,packed,packed,sumfact,affine,0.000000e+00,72,2048,160,4173281,4096000,16693124,0,0.0000,n/a,20,1.886351109e-02,884.9426,6948.4413,217.1388,184.5680,0,0,0,-5.547403831327e-13,1,1.000000,0,sumfact,exact,off,1,0,0,0,0,4.753804800e-03,0.252011,0.000,,,,,,,
jac_rc_n160,nid005994,hex8,jac_action,ecolor,ecolor,sumfact,affine,0.000000e+00,72,2048,160,4173281,4096000,16693124,0,0.0000,n/a,20,8.683305979e-02,192.2439,1509.4712,47.1710,40.0953,0,0,0,4.218664331171e-13,1,1.000000,0,sumfact,exact,off,1,0,0,0,0,4.215255040e-02,0.485444,0.000,,,,,,,
jac_rc_n160,nid005994,hex8,jac_action,atomic,atomic,sumfact,affine,0.000000e+00,72,0,160,4173281,4096000,16693124,0,0.0000,n/a,20,4.995455742e-02,334.1662,2623.8247,81.9945,69.6953,0,0,0,-5.591812752312e-13,1,1.000000,0,sumfact,exact,off,1,0,0,0,0,3.026502400e-02,0.605851,0.000,,,,,,,
jac_rc_bnd_n160,nid005994,hex8,jac_action,packed,packed,sumfact,affine,0.000000e+00,72,2048,160,4173281,4096000,16693124,0,0.0000,n/a,20,1.953519583e-02,854.5153,6709.5309,209.6728,178.2219,0,0,0,5.046148336219e+00,1,1.000000,1,sumfact,exact,on,1,0,0,0,0,4.628684800e-03,0.236941,0.000,,,,,,,
jac_rc_bnd_n160,nid005994,hex8,jac_action,ecolor,ecolor,sumfact,affine,0.000000e+00,72,2048,160,4173281,4096000,16693124,0,0.0000,n/a,20,8.992727995e-02,185.6291,1457.5332,45.5479,38.7157,0,0,0,5.041938959493e+00,1,1.000000,1,sumfact,exact,on,1,0,0,0,0,4.375691520e-02,0.486581,0.000,,,,,,,
jac_rc_bnd_n160,nid005994,hex8,jac_action,atomic,atomic,sumfact,affine,0.000000e+00,72,0,160,4173281,4096000,16693124,0,0.0000,n/a,20,5.104061365e-02,327.0557,2567.9942,80.2498,68.2123,0,0,0,5.046148336219e+00,1,1.000000,1,sumfact,exact,on,1,0,0,0,0,3.023157760e-02,0.592304,0.000,,,,,,,
assemble_n160,nid005994,hex8,assemble,packed,packed,sumfact,affine,0.000000e+00,72,2048,160,4173281,4096000,16693124,111284641,13584.5509,f64,20,3.069034576e-01,54.3921,427.0789,13.3462,30.7497,0,0,0,1.165429404451e-08,0,0.000000,0,sumfact,off,off,0,0,0,0,0,,,0.000,,,,,,,
assemble_n160,nid005994,hex8,assemble,atomic,atomic,sumfact,affine,0.000000e+00,72,0,160,4173281,4096000,16693124,111284641,13584.5509,f64,20,4.613011241e-01,36.1870,284.1354,8.8792,20.4578,0,0,0,1.164916721901e-08,0,0.000000,0,sumfact,off,off,0,0,0,0,0,,,0.000,,,,,,,
assemble_n160,nid005994,hex8,assemble,colored,colored,sumfact,affine,0.000000e+00,72,2048,160,4173281,4096000,16693124,111284641,13584.5509,f64,20,1.612076163e-01,103.5505,813.0633,25.4082,58.5406,20,99,101,1.165426806529e-08,0,0.000000,0,sumfact,off,off,0,0,0,0,0,,,0.000,,,,,,,
assemble_n160,nid005994,hex8,assemble,store,store,sumfact,affine,0.000000e+00,72,2048,160,4173281,4096000,16693124,111284641,13584.5509,f64,20,2.327702999e-01,71.7150,563.0959,17.5967,40.5429,0,0,0,1.165429404451e-08,0,0.000000,0,sumfact,off,off,0,0,0,0,0,,,0.000,,,,,,,
assemble_diag_n160,nid005994,hex8,assemble_diag,atomic,atomic,sumfact,affine,0.000000e+00,72,0,160,4173281,4096000,16693124,0,0.0000,n/a,20,1.546202183e-01,107.9621,847.7029,26.4907,19.9740,0,0,0,2.371982944015e+03,0,0.000000,0,sumfact,off,off,0,0,0,0,0,,,0.000,,,,,,,
spmv_f64_n160,nid005994,hex8,bsr_apply,packed,n/a,n/a,affine,0.000000e+00,72,2048,160,4173281,4096000,16693124,111284641,13584.5509,f64,20,3.694703579e-02,451.8123,0.0000,0.0000,0.0000,0,0,0,7.157881465282e-13,0,0.000000,0,n/a,off,off,0,0,0,0,0,,,0.000,,,,,,,
spmv_f32_n160,nid005994,hex8,bsr_apply,packed,n/a,n/a,affine,0.000000e+00,72,2048,160,4173281,4096000,16693124,111284641,6792.2755,f32,20,1.906447411e-02,875.6142,0.0000,0.0000,0.0000,0,0,0,4.118532892879e-05,0,0.000000,0,n/a,off,off,0,0,0,0,0,,,0.000,,,,,,,
residual_bare_n192,nid005994,hex8,residual,packed,packed,sumfact,affine,0.000000e+00,72,4096,192,7189057,7077888,28756228,0,0.0000,n/a,20,1.160678864e-02,2477.5353,19513.7883,609.8059,459.7936,0,0,0,-2.914920908814e-14,0,0.000000,0,sumfact,off,off,0,0,0,0,0,,,0.000,,,,,,,
residual_bare_n192,nid005994,hex8,residual,ecolor,ecolor,sumfact,affine,0.000000e+00,72,4096,192,7189057,7077888,28756228,0,0.0000,n/a,20,4.683184624e-02,614.0315,4836.2906,151.1341,113.9551,0,0,0,-1.949200349738e-14,0,0.000000,0,sumfact,off,off,0,0,0,0,0,,,0.000,,,,,,,
residual_bare_n192,nid005994,hex8,residual,atomic,atomic,sumfact,affine,0.000000e+00,72,0,192,7189057,7077888,28756228,0,0.0000,n/a,20,2.767179012e-02,1039.1893,8184.9571,255.7799,192.8581,0,0,0,-1.935149089582e-14,0,0.000000,0,sumfact,off,off,0,0,0,0,0,,,0.000,,,,,,,
jac_bare_n192,nid005994,hex8,jac_action,packed,packed,sumfact,affine,0.000000e+00,72,4096,192,7189057,7077888,28756228,0,0.0000,n/a,20,1.540960073e-02,1866.1241,14698.1366,459.3168,390.4193,0,0,0,2.572335378558e-11,0,0.000000,0,sumfact,off,off,0,0,0,0,0,,,0.000,,,,,,,
jac_bare_n192,nid005994,hex8,jac_action,ecolor,ecolor,sumfact,affine,0.000000e+00,72,4096,192,7189057,7077888,28756228,0,0.0000,n/a,20,6.301634312e-02,456.3297,3594.1853,112.3183,95.4705,0,0,0,4.849060801330e-11,0,0.000000,0,sumfact,off,off,0,0,0,0,0,,,0.000,,,,,,,
jac_bare_n192,nid005994,hex8,jac_action,atomic,atomic,sumfact,affine,0.000000e+00,72,0,192,7189057,7077888,28756228,0,0.0000,n/a,20,3.074003458e-02,935.4651,7367.9948,230.2498,195.7124,0,0,0,2.581439207359e-11,0,0.000000,0,sumfact,off,off,0,0,0,0,0,,,0.000,,,,,,,
residual_rc_n192,nid005994,hex8,residual,packed,packed,sumfact,affine,0.000000e+00,72,4096,192,7189057,7077888,28756228,0,0.0000,n/a,20,1.746472120e-02,1646.5323,12968.5675,405.2677,305.5719,0,0,0,-3.009289865907e-14,1,1.000000,0,sumfact,on,off,0,0,0,0,0,,,0.000,,,,,,,
residual_rc_n192,nid005994,hex8,residual,ecolor,ecolor,sumfact,affine,0.000000e+00,72,4096,192,7189057,7077888,28756228,0,0.0000,n/a,20,6.263490915e-02,459.1086,3616.0732,113.0023,85.2037,0,0,0,-1.899240313630e-14,1,1.000000,0,sumfact,on,off,0,0,0,0,0,,,0.000,,,,,,,
residual_rc_n192,nid005994,hex8,residual,atomic,atomic,sumfact,affine,0.000000e+00,72,0,192,7189057,7077888,28756228,0,0.0000,n/a,20,3.289120197e-02,874.2833,6886.1094,215.1909,162.2540,0,0,0,-2.201602615493e-14,1,1.000000,0,sumfact,on,off,0,0,0,0,0,,,0.000,,,,,,,
residual_rc_bnd_n192,nid005994,hex8,residual,packed,packed,sumfact,affine,0.000000e+00,72,4096,192,7189057,7077888,28756228,0,0.0000,n/a,20,1.911171675e-02,1504.6387,11850.9718,370.3429,279.2385,0,0,0,3.727500000000e+00,1,1.000000,1,sumfact,on,on,0,0,0,0,0,,,0.000,,,,,,,
residual_rc_bnd_n192,nid005994,hex8,residual,ecolor,ecolor,sumfact,affine,0.000000e+00,72,4096,192,7189057,7077888,28756228,0,0.0000,n/a,20,6.790827513e-02,423.4569,3335.2698,104.2272,78.5873,0,0,0,3.727500000000e+00,1,1.000000,1,sumfact,on,on,0,0,0,0,0,,,0.000,,,,,,,
residual_rc_bnd_n192,nid005994,hex8,residual,atomic,atomic,sumfact,affine,0.000000e+00,72,0,192,7189057,7077888,28756228,0,0.0000,n/a,20,3.440141678e-02,835.9024,6583.8107,205.7441,155.1310,0,0,0,3.727500000000e+00,1,1.000000,1,sumfact,on,on,0,0,0,0,0,,,0.000,,,,,,,
residual_rc_bnd_dt_n192,nid005994,hex8,residual,packed,packed,sumfact,affine,0.000000e+00,72,4096,192,7189057,7077888,28756228,0,0.0000,n/a,20,2.115248442e-02,1359.4728,10707.6035,334.6126,252.2979,0,0,0,6.759335709367e+00,1,1.000000,1,sumfact,on,on,0,0,0,0,1,,,0.000,,,,,,,
residual_rc_bnd_dt_n192,nid005994,hex8,residual,ecolor,ecolor,sumfact,affine,0.000000e+00,72,4096,192,7189057,7077888,28756228,0,0.0000,n/a,20,6.839662790e-02,420.4334,3311.4559,103.4830,78.0262,0,0,0,6.759309506134e+00,1,1.000000,1,sumfact,on,on,0,0,0,0,1,,,0.000,,,,,,,
residual_rc_bnd_dt_n192,nid005994,hex8,residual,atomic,atomic,sumfact,affine,0.000000e+00,72,0,192,7189057,7077888,28756228,0,0.0000,n/a,20,3.613826036e-02,795.7281,6267.3857,195.8558,147.6753,0,0,0,6.759309506134e+00,1,1.000000,1,sumfact,on,on,0,0,0,0,1,,,0.000,,,,,,,
residual_rc_perapply_n192,nid005994,hex8,residual,packed,packed,sumfact,affine,0.000000e+00,72,4096,192,7189057,7077888,28756228,0,0.0000,n/a,20,2.167257071e-02,1326.8490,10450.6484,326.5828,246.2434,0,0,0,-3.009289865907e-14,1,1.000000,0,sumfact,on,off,0,1,0,0,0,,,0.000,,,,,,,
residual_rc_perapply_n192,nid005994,hex8,residual,atomic,atomic,sumfact,affine,0.000000e+00,72,0,192,7189057,7077888,28756228,0,0.0000,n/a,20,4.954972267e-02,580.3509,4571.0128,142.8441,107.7045,0,0,0,-2.201602615493e-14,1,1.000000,0,sumfact,on,off,0,1,0,0,0,,,0.000,,,,,,,
jac_rc_n192,nid005994,hex8,jac_action,packed,packed,sumfact,affine,0.000000e+00,72,4096,192,7189057,7077888,28756228,0,0.0000,n/a,20,4.799901247e-02,599.1004,4718.6891,147.4590,125.3402,0,0,0,-3.003928248995e-13,1,1.000000,0,sumfact,exact,off,1,0,0,0,0,7.880601600e-03,0.164183,0.000,,,,,,,
jac_rc_n192,nid005994,hex8,jac_action,ecolor,ecolor,sumfact,affine,0.000000e+00,72,4096,192,7189057,7077888,28756228,0,0.0000,n/a,20,1.559807897e-01,184.3575,1452.0533,45.3767,38.5702,0,0,0,-1.781335363639e-12,1,1.000000,0,sumfact,exact,off,1,0,0,0,0,7.749816320e-02,0.496844,0.000,,,,,,,
jac_rc_n192,nid005994,hex8,jac_action,atomic,atomic,sumfact,affine,0.000000e+00,72,0,192,7189057,7077888,28756228,0,0.0000,n/a,20,8.496923447e-02,338.4311,2665.5815,83.2994,70.8045,0,0,0,-3.094966537014e-13,1,1.000000,0,sumfact,exact,off,1,0,0,0,0,5.036881920e-02,0.592789,0.000,,,,,,,
jac_rc_bnd_n192,nid005994,hex8,jac_action,packed,packed,sumfact,affine,0.000000e+00,72,4096,192,7189057,7077888,28756228,0,0.0000,n/a,20,3.320617676e-02,865.9903,6820.7917,213.1497,181.1773,0,0,0,5.049173453743e+00,1,1.000000,1,sumfact,exact,on,1,0,0,0,0,8.180403200e-03,0.246352,0.000,,,,,,,
jac_rc_bnd_n192,nid005994,hex8,jac_action,ecolor,ecolor,sumfact,affine,0.000000e+00,72,4096,192,7189057,7077888,28756228,0,0.0000,n/a,20,1.574147224e-01,182.6781,1438.8261,44.9633,38.2188,0,0,0,5.049423490534e+00,1,1.000000,1,sumfact,exact,on,1,0,0,0,0,7.567051520e-02,0.480708,0.000,,,,,,,
jac_rc_bnd_n192,nid005994,hex8,jac_action,atomic,atomic,sumfact,affine,0.000000e+00,72,0,192,7189057,7077888,28756228,0,0.0000,n/a,20,8.475995064e-02,339.2667,2672.1631,83.5051,70.9793,0,0,0,5.049173453743e+00,1,1.000000,1,sumfact,exact,on,1,0,0,0,0,5.019498240e-02,0.592202,0.000,,,,,,,
assemble_n192,nid005994,hex8,assemble,packed,packed,sumfact,affine,0.000000e+00,72,4096,192,7189057,7077888,28756228,192100033,23449.7111,f64,20,5.194081783e-01,55.3634,436.0586,13.6268,31.3962,0,0,0,2.592910685214e-09,0,0.000000,0,sumfact,off,off,0,0,0,0,0,,,0.000,,,,,,,
assemble_n192,nid005994,hex8,assemble,atomic,atomic,sumfact,affine,0.000000e+00,72,0,192,7189057,7077888,28756228,192100033,23449.7111,f64,20,7.775292397e-01,36.9841,291.2976,9.1031,20.9734,0,0,0,2.591521534265e-09,0,0.000000,0,sumfact,off,off,0,0,0,0,0,,,0.000,,,,,,,
assemble_n192,nid005994,hex8,assemble,colored,colored,sumfact,affine,0.000000e+00,72,4096,192,7189057,7077888,28756228,192100033,23449.7111,f64,20,2.737160325e-01,105.0586,827.4722,25.8585,59.5780,19,90,91,2.592891644889e-09,0,0.000000,0,sumfact,off,off,0,0,0,0,0,,,0.000,,,,,,,
assemble_n192,nid005994,hex8,assemble,store,store,sumfact,affine,0.000000e+00,72,4096,192,7189057,7077888,28756228,192100033,23449.7111,f64,20,4.122759700e-01,69.7499,549.3709,17.1678,39.5547,0,0,0,2.592910685214e-09,0,0.000000,0,sumfact,off,off,0,0,0,0,0,,,0.000,,,,,,,
assemble_diag_n192,nid005994,hex8,assemble_diag,atomic,atomic,sumfact,affine,0.000000e+00,72,0,192,7189057,7077888,28756228,0,0.0000,n/a,20,2.660953045e-01,108.0674,851.1703,26.5991,20.0557,0,0,0,3.215019675301e+03,0,0.000000,0,sumfact,off,off,0,0,0,0,0,,,0.000,,,,,,,
spmv_f64_n192,nid005994,hex8,bsr_apply,packed,n/a,n/a,affine,0.000000e+00,72,4096,192,7189057,7077888,28756228,192100033,23449.7111,f64,20,6.244866848e-02,460.4778,0.0000,0.0000,0.0000,0,0,0,2.533862061957e-11,0,0.000000,0,n/a,off,off,0,0,0,0,0,,,0.000,,,,,,,
spmv_f32_n192,nid005994,hex8,bsr_apply,packed,n/a,n/a,affine,0.000000e+00,72,4096,192,7189057,7077888,28756228,192100033,11724.8555,f32,20,4.321656227e-02,665.3983,0.0000,0.0000,0.0000,0,0,0,-8.660309578814e-06,0,0.000000,0,n/a,off,off,0,0,0,0,0,,,0.000,,,,,,,
