tag,host,element,operation,layout,ran_layout,kernel,geom,warp,threads,pack_size,cube_n,nodes,elements,dofs,bsr_nnz,bsr_values_MiB,bsr_storage,repeat,seconds_per_call,MDOF_s,MDOF_s_element_visits,MELEM_s,GFLOP_s_model,n_colors,packs_per_color_min,packs_per_color_max,checksum,rhie_chow,rhie_chow_scale,boundary,ran_kernel,ran_rc,ran_boundary,exact_rc,pgrad_per_apply,live_vectors,upwind_eps,transient,s_qgrad,frac_qgrad,pa_bytes_per_dof,ms_zero_global,ms_zero_local,ms_gather_u,ms_element_kernel,ms_local_to_global,ms_ghost_reduce,ms_qgrad
residual_bare_n64,nid006550,hex8,residual,packed,packed,sumfact,affine,0.000000e+00,72,128,64,274625,262144,1098500,0,0.0000,n/a,20,3.945827484e-04,2783.9534,21259.4393,664.3575,500.9255,0,0,0,-1.235979634612e-14,0,0.000000,0,sumfact,off,off,0,0,0,0,0,,,0.000,,,,,,,
residual_bare_n64,nid006550,hex8,residual,atomic,atomic,sumfact,affine,0.000000e+00,72,0,64,274625,262144,1098500,0,0.0000,n/a,20,1.050794125e-03,1045.3998,7983.1128,249.4723,188.1021,0,0,0,-1.254020758762e-14,0,0.000000,0,sumfact,off,off,0,0,0,0,0,,,0.000,,,,,,,
jac_bare_n64,nid006550,hex8,jac_action,packed,packed,sumfact,affine,0.000000e+00,72,128,64,274625,262144,1098500,0,0.0000,n/a,20,5.175471306e-04,2122.5120,16208.3944,506.5123,430.5355,0,0,0,-1.151812315230e-12,0,0.000000,0,n/a,off,off,0,0,0,0,0,,,0.000,,,,,,,
jac_bare_n64,nid006550,hex8,jac_action,atomic,atomic,sumfact,affine,0.000000e+00,72,0,64,274625,262144,1098500,0,0.0000,n/a,20,1.253628731e-03,876.2562,6691.4612,209.1082,177.7419,0,0,0,-1.151479248323e-12,0,0.000000,0,n/a,off,off,0,0,0,0,0,,,0.000,,,,,,,
residual_current_n64,nid006550,hex8,residual,atomic,atomic,current,affine,0.000000e+00,72,0,64,274625,262144,1098500,0,0.0000,n/a,20,1.296174526e-03,847.4939,6471.8198,202.2444,152.4923,0,0,0,-1.240218865106e-14,0,0.000000,0,current,off,off,0,0,0,0,0,,,0.000,,,,,,,
residual_current_n64,nid006550,hex8,residual,packed,packed,current,affine,0.000000e+00,72,128,64,274625,262144,1098500,0,0.0000,n/a,20,5.037665367e-04,2180.5736,16651.7769,520.3680,392.3575,0,0,0,-1.272137777064e-14,0,0.000000,0,current,off,off,0,0,0,0,0,,,0.000,,,,,,,
residual_rc_n64,nid006550,hex8,residual,packed,packed,sumfact,affine,0.000000e+00,72,128,64,274625,262144,1098500,0,0.0000,n/a,20,6.568431854e-04,1672.3931,12771.0969,399.0968,300.9190,0,0,0,-1.282860536550e-14,1,1.000000,0,sumfact,on,off,0,0,0,0,0,,,0.000,,,,,,,
residual_rc_n64,nid006550,hex8,residual,atomic,atomic,sumfact,affine,0.000000e+00,72,0,64,274625,262144,1098500,0,0.0000,n/a,20,1.318931580e-03,832.8711,6360.1540,198.7548,149.8611,0,0,0,-1.256492739715e-14,1,1.000000,0,sumfact,on,off,0,0,0,0,0,,,0.000,,,,,,,
residual_rc_bnd_n64,nid006550,hex8,residual,packed,packed,sumfact,affine,0.000000e+00,72,128,64,274625,262144,1098500,0,0.0000,n/a,20,7.057428360e-04,1556.5160,11886.2106,371.4441,280.0688,0,0,0,3.727500000000e+00,1,1.000000,1,sumfact,on,on,0,0,0,0,0,,,0.000,,,,,,,
residual_rc_bnd_n64,nid006550,hex8,residual,atomic,atomic,sumfact,affine,0.000000e+00,72,0,64,274625,262144,1098500,0,0.0000,n/a,20,1.399779320e-03,784.7666,5992.8075,187.2752,141.2055,0,0,0,3.727500000000e+00,1,1.000000,1,sumfact,on,on,0,0,0,0,0,,,0.000,,,,,,,
residual_rc_bnd_dt_n64,nid006550,hex8,residual,packed,packed,sumfact,affine,0.000000e+00,72,128,64,274625,262144,1098500,0,0.0000,n/a,20,7.303118706e-04,1504.1519,11486.3366,358.9480,270.6468,0,0,0,6.759042994895e+00,1,1.000000,1,sumfact,on,on,0,0,0,0,1,,,0.000,,,,,,,
residual_rc_bnd_dt_n64,nid006550,hex8,residual,atomic,atomic,sumfact,affine,0.000000e+00,72,0,64,274625,262144,1098500,0,0.0000,n/a,20,1.441442966e-03,762.0836,5819.5906,181.8622,137.1241,0,0,0,6.759448953731e+00,1,1.000000,1,sumfact,on,on,0,0,0,0,1,,,0.000,,,,,,,
residual_rc_perapply_n64,nid006550,hex8,residual,packed,packed,sumfact,affine,0.000000e+00,72,128,64,274625,262144,1098500,0,0.0000,n/a,20,7.477283478e-04,1469.1164,11218.7909,350.5872,264.3428,0,0,0,-1.282860536550e-14,1,1.000000,0,sumfact,on,off,0,1,0,0,0,,,0.000,,,,,,,
residual_rc_perapply_n64,nid006550,hex8,residual,atomic,atomic,sumfact,affine,0.000000e+00,72,0,64,274625,262144,1098500,0,0.0000,n/a,20,1.938593388e-03,566.6480,4327.1622,135.2238,101.9588,0,0,0,-1.256492739715e-14,1,1.000000,0,sumfact,on,off,0,1,0,0,0,,,0.000,,,,,,,
jac_rc_n64,nid006550,hex8,jac_action,packed,packed,sumfact,affine,0.000000e+00,72,128,64,274625,262144,1098500,0,0.0000,n/a,20,9.779095650e-04,1123.3145,8578.1020,268.0657,227.8558,0,0,0,3.033959260039e-13,1,1.000000,0,n/a,exact,off,1,0,0,0,0,1.367680000e-04,0.139858,0.000,,,,,,,
jac_rc_n64,nid006550,hex8,jac_action,atomic,atomic,sumfact,affine,0.000000e+00,72,0,64,274625,262144,1098500,0,0.0000,n/a,20,2.229595184e-03,492.6903,3762.3906,117.5747,99.9385,0,0,0,2.991632007225e-13,1,1.000000,0,n/a,exact,off,1,0,0,0,0,8.097920000e-04,0.363201,0.000,,,,,,,
jac_rc_bnd_n64,nid006550,hex8,jac_action,packed,packed,sumfact,affine,0.000000e+00,72,128,64,274625,262144,1098500,0,0.0000,n/a,20,1.055347919e-03,1040.8890,7948.6659,248.3958,211.1364,0,0,0,5.047023127365e+00,1,1.000000,1,n/a,exact,on,1,0,0,0,0,1.291520000e-04,0.122379,0.000,,,,,,,
jac_rc_bnd_n64,nid006550,hex8,jac_action,atomic,atomic,sumfact,affine,0.000000e+00,72,0,64,274625,262144,1098500,0,0.0000,n/a,20,2.461457253e-03,446.2803,3407.9844,106.4995,90.5246,0,0,0,5.047023127365e+00,1,1.000000,1,n/a,exact,on,1,0,0,0,0,9.754368000e-04,0.396284,0.000,,,,,,,
assemble_n64,nid006550,hex8,assemble,packed,packed,sumfact,affine,0.000000e+00,72,128,64,274625,262144,1098500,7189057,877.5704,f64,20,1.285669804e-02,85.4418,652.4699,20.3897,46.9778,0,0,0,2.702547346339e-10,0,0.000000,0,sumfact,off,off,0,0,0,0,0,,,0.000,,,,,,,
assemble_n64,nid006550,hex8,assemble,atomic,atomic,sumfact,affine,0.000000e+00,72,0,64,274625,262144,1098500,7189057,877.5704,f64,20,2.789958715e-02,39.3733,300.6714,9.3960,21.6483,0,0,0,2.702932316173e-10,0,0.000000,0,sumfact,off,off,0,0,0,0,0,,,0.000,,,,,,,
assemble_n64,nid006550,hex8,assemble,colored,colored,sumfact,affine,0.000000e+00,72,128,64,274625,262144,1098500,7189057,877.5704,f64,20,1.097311974e-02,100.1083,764.4688,23.8897,55.0418,14,146,147,2.702547346339e-10,0,0.000000,0,sumfact,off,off,0,0,0,0,0,,,0.000,,,,,,,
assemble_n64,nid006550,hex8,assemble,store,store,sumfact,affine,0.000000e+00,72,128,64,274625,262144,1098500,7189057,877.5704,f64,20,9.124648571e-03,120.3882,919.3349,28.7292,66.1921,0,0,0,2.702547346339e-10,0,0.000000,0,sumfact,off,off,0,0,0,0,0,,,0.000,,,,,,,
assemble_sympy_n64,nid006550,hex8,assemble,atomic,atomic,sympy,affine,0.000000e+00,72,0,64,274625,262144,1098500,7189057,877.5704,f64,20,1.962580681e-02,55.9722,427.4274,13.3571,30.7748,0,0,0,2.702932318341e-10,0,0.000000,0,sympy,off,off,0,0,0,0,0,,,0.000,,,,,,,
assemble_sympy_n64,nid006550,hex8,assemble,colored,colored,sympy,affine,0.000000e+00,72,128,64,274625,262144,1098500,7189057,877.5704,f64,20,1.167669296e-02,94.0763,718.4061,22.4502,51.7252,14,146,147,2.702547348507e-10,0,0.000000,0,sympy,off,off,0,0,0,0,0,,,0.000,,,,,,,
assemble_diag_n64,nid006550,hex8,assemble_diag,atomic,atomic,sumfact,affine,0.000000e+00,72,0,64,274625,262144,1098500,0,0.0000,n/a,20,1.035699844e-02,106.0635,809.9459,25.3108,19.0843,0,0,0,5.801523603040e+02,0,0.000000,0,n/a,off,off,0,0,0,0,0,,,0.000,,,,,,,
spmv_f64_n64,nid006550,hex8,bsr_apply,packed,n/a,sumfact,affine,0.000000e+00,72,128,64,274625,262144,1098500,7189057,877.5704,f64,20,2.254951000e-03,487.1503,0.0000,0.0000,0.0000,0,0,0,-1.151445421215e-12,0,0.000000,0,n/a,off,off,0,0,0,0,0,,,0.000,,,,,,,
spmv_f32_n64,nid006550,hex8,bsr_apply,packed,n/a,sumfact,affine,0.000000e+00,72,128,64,274625,262144,1098500,7189057,438.7852,f32,20,1.117038727e-03,983.4037,0.0000,0.0000,0.0000,0,0,0,1.266337291522e-05,0,0.000000,0,n/a,off,off,0,0,0,0,0,,,0.000,,,,,,,
residual_bare_n96,nid006550,hex8,residual,packed,packed,sumfact,affine,0.000000e+00,72,512,96,912673,884736,3650692,0,0.0000,n/a,20,1.283240318e-03,2844.9013,22062.5487,689.4546,519.8488,0,0,0,9.553718493399e-14,0,0.000000,0,sumfact,off,off,0,0,0,0,0,,,0.000,,,,,,,
residual_bare_n96,nid006550,hex8,residual,atomic,atomic,sumfact,affine,0.000000e+00,72,0,96,912673,884736,3650692,0,0.0000,n/a,20,3.288257122e-03,1110.2210,8609.8960,269.0593,202.8707,0,0,0,9.868744276637e-14,0,0.000000,0,sumfact,off,off,0,0,0,0,0,,,0.000,,,,,,,
jac_bare_n96,nid006550,hex8,jac_action,packed,packed,sumfact,affine,0.000000e+00,72,512,96,912673,884736,3650692,0,0.0000,n/a,20,1.737535000e-03,2101.0754,16294.0902,509.1903,432.8118,0,0,0,-2.009048702682e-12,0,0.000000,0,n/a,off,off,0,0,0,0,0,,,0.000,,,,,,,
jac_bare_n96,nid006550,hex8,jac_action,atomic,atomic,sumfact,affine,0.000000e+00,72,0,96,912673,884736,3650692,0,0.0000,n/a,20,3.744697571e-03,974.8964,7560.4375,236.2637,200.8241,0,0,0,-1.944489233800e-12,0,0.000000,0,n/a,off,off,0,0,0,0,0,,,0.000,,,,,,,
residual_current_n96,nid006550,hex8,residual,atomic,atomic,current,affine,0.000000e+00,72,0,96,912673,884736,3650692,0,0.0000,n/a,20,4.171097279e-03,875.2354,6787.5550,212.1111,159.9318,0,0,0,1.028125609821e-13,0,0.000000,0,current,off,off,0,0,0,0,0,,,0.000,,,,,,,
residual_current_n96,nid006550,hex8,residual,packed,packed,current,affine,0.000000e+00,72,512,96,912673,884736,3650692,0,0.0000,n/a,20,1.642978191e-03,2221.9966,17231.8489,538.4953,406.0254,0,0,0,1.028819499212e-13,0,0.000000,0,current,off,off,0,0,0,0,0,,,0.000,,,,,,,
residual_rc_n96,nid006550,hex8,residual,packed,packed,sumfact,affine,0.000000e+00,72,512,96,912673,884736,3650692,0,0.0000,n/a,20,2.378118038e-03,1535.1181,11905.0239,372.0320,280.5121,0,0,0,1.003804244587e-13,1,1.000000,0,sumfact,on,off,0,0,0,0,0,,,0.000,,,,,,,
residual_rc_n96,nid006550,hex8,residual,atomic,atomic,sumfact,affine,0.000000e+00,72,0,96,912673,884736,3650692,0,0.0000,n/a,20,4.554879665e-03,801.4903,6215.6531,194.2392,146.4563,0,0,0,1.025453593567e-13,1,1.000000,0,sumfact,on,off,0,0,0,0,0,,,0.000,,,,,,,
residual_rc_bnd_n96,nid006550,hex8,residual,packed,packed,sumfact,affine,0.000000e+00,72,512,96,912673,884736,3650692,0,0.0000,n/a,20,2.635264397e-03,1385.3229,10743.3440,335.7295,253.1400,0,0,0,3.727500000000e+00,1,1.000000,1,sumfact,on,on,0,0,0,0,0,,,0.000,,,,,,,
residual_rc_bnd_n96,nid006550,hex8,residual,atomic,atomic,sumfact,affine,0.000000e+00,72,0,96,912673,884736,3650692,0,0.0000,n/a,20,4.591464996e-03,795.1040,6166.1261,192.6914,145.2893,0,0,0,3.727500000000e+00,1,1.000000,1,sumfact,on,on,0,0,0,0,0,,,0.000,,,,,,,
residual_rc_bnd_dt_n96,nid006550,hex8,residual,packed,packed,sumfact,affine,0.000000e+00,72,512,96,912673,884736,3650692,0,0.0000,n/a,20,2.787625790e-03,1309.6062,10156.1523,317.3798,239.3043,0,0,0,6.759195490287e+00,1,1.000000,1,sumfact,on,on,0,0,0,0,1,,,0.000,,,,,,,
residual_rc_bnd_dt_n96,nid006550,hex8,residual,atomic,atomic,sumfact,affine,0.000000e+00,72,0,96,912673,884736,3650692,0,0.0000,n/a,20,4.692673683e-03,777.9556,6033.1389,188.5356,142.1558,0,0,0,6.759287405709e+00,1,1.000000,1,sumfact,on,on,0,0,0,0,1,,,0.000,,,,,,,
residual_rc_perapply_n96,nid006550,hex8,residual,packed,packed,sumfact,affine,0.000000e+00,72,512,96,912673,884736,3650692,0,0.0000,n/a,20,2.764642239e-03,1320.4935,10240.5843,320.0183,241.2938,0,0,0,1.003804244587e-13,1,1.000000,0,sumfact,on,off,0,1,0,0,0,,,0.000,,,,,,,
residual_rc_perapply_n96,nid006550,hex8,residual,atomic,atomic,sumfact,affine,0.000000e+00,72,0,96,912673,884736,3650692,0,0.0000,n/a,20,6.332111359e-03,576.5363,4471.1077,139.7221,105.3505,0,0,0,1.025453593567e-13,1,1.000000,0,sumfact,on,off,0,1,0,0,0,,,0.000,,,,,,,
jac_rc_n96,nid006550,hex8,jac_action,packed,packed,sumfact,affine,0.000000e+00,72,512,96,912673,884736,3650692,0,0.0000,n/a,20,3.797829151e-03,961.2576,7454.6671,232.9583,198.0146,0,0,0,2.763892901440e-13,1,1.000000,0,n/a,exact,off,1,0,0,0,0,6.425600000e-04,0.169191,0.000,,,,,,,
jac_rc_n96,nid006550,hex8,jac_action,atomic,atomic,sumfact,affine,0.000000e+00,72,0,96,912673,884736,3650692,0,0.0000,n/a,20,7.075703144e-03,515.9476,4001.2351,125.0386,106.2828,0,0,0,2.773607352905e-13,1,1.000000,0,n/a,exact,off,1,0,0,0,0,2.336166400e-03,0.330167,0.000,,,,,,,
jac_rc_bnd_n96,nid006550,hex8,jac_action,packed,packed,sumfact,affine,0.000000e+00,72,512,96,912673,884736,3650692,0,0.0000,n/a,20,4.059815407e-03,899.2261,6973.6057,217.9252,185.2364,0,0,0,5.047058237368e+00,1,1.000000,1,n/a,exact,on,1,0,0,0,0,6.449024000e-04,0.158850,0.000,,,,,,,
jac_rc_bnd_n96,nid006550,hex8,jac_action,atomic,atomic,sumfact,affine,0.000000e+00,72,0,96,912673,884736,3650692,0,0.0000,n/a,20,7.322669029e-03,498.5466,3866.2886,120.8215,102.6983,0,0,0,5.047058237368e+00,1,1.000000,1,n/a,exact,on,1,0,0,0,0,2.343116800e-03,0.319981,0.000,,,,,,,
assemble_n96,nid006550,hex8,assemble,packed,packed,sumfact,affine,0.000000e+00,72,512,96,912673,884736,3650692,24137569,2946.4806,f64,20,6.080173254e-02,60.0426,465.6373,14.5512,33.5259,0,0,0,7.386596588159e-11,0,0.000000,0,sumfact,off,off,0,0,0,0,0,,,0.000,,,,,,,
assemble_n96,nid006550,hex8,assemble,atomic,atomic,sumfact,affine,0.000000e+00,72,0,96,912673,884736,3650692,24137569,2946.4806,f64,20,9.337761402e-02,39.0960,303.1942,9.4748,21.8300,0,0,0,7.342422201788e-11,0,0.000000,0,sumfact,off,off,0,0,0,0,0,,,0.000,,,,,,,
assemble_n96,nid006550,hex8,assemble,colored,colored,sumfact,affine,0.000000e+00,72,512,96,912673,884736,3650692,24137569,2946.4806,f64,20,3.810772896e-02,95.7993,742.9346,23.2167,53.4913,19,90,91,7.389472065792e-11,0,0.000000,0,sumfact,off,off,0,0,0,0,0,,,0.000,,,,,,,
assemble_n96,nid006550,hex8,assemble,store,store,sumfact,affine,0.000000e+00,72,512,96,912673,884736,3650692,24137569,2946.4806,f64,20,4.344197512e-02,84.0361,651.7096,20.3659,46.9231,0,0,0,7.386596588159e-11,0,0.000000,0,sumfact,off,off,0,0,0,0,0,,,0.000,,,,,,,
assemble_sympy_n96,nid006550,hex8,assemble,atomic,atomic,sympy,affine,0.000000e+00,72,0,96,912673,884736,3650692,24137569,2946.4806,f64,20,6.521894932e-02,55.9759,434.1001,13.5656,31.2552,0,0,0,6.578006241380e-11,0,0.000000,0,sympy,off,off,0,0,0,0,0,,,0.000,,,,,,,
assemble_sympy_n96,nid006550,hex8,assemble,colored,colored,sympy,affine,0.000000e+00,72,512,96,912673,884736,3650692,24137569,2946.4806,f64,20,4.139076471e-02,88.2006,684.0065,21.3752,49.2485,19,90,91,6.632765216512e-11,0,0.000000,0,sympy,off,off,0,0,0,0,0,,,0.000,,,,,,,
assemble_diag_n96,nid006550,hex8,assemble_diag,atomic,atomic,sumfact,affine,0.000000e+00,72,0,96,912673,884736,3650692,0,0.0000,n/a,20,3.320076466e-02,109.9581,852.7380,26.6481,20.0926,0,0,0,1.054549351220e+03,0,0.000000,0,n/a,off,off,0,0,0,0,0,,,0.000,,,,,,,
spmv_f64_n96,nid006550,hex8,bsr_apply,packed,n/a,sumfact,affine,0.000000e+00,72,512,96,912673,884736,3650692,24137569,2946.4806,f64,20,8.246743679e-03,442.6829,0.0000,0.0000,0.0000,0,0,0,-2.227890574390e-12,0,0.000000,0,n/a,off,off,0,0,0,0,0,,,0.000,,,,,,,
spmv_f32_n96,nid006550,hex8,bsr_apply,packed,n/a,sumfact,affine,0.000000e+00,72,512,96,912673,884736,3650692,24137569,1473.2403,f32,20,4.310524464e-03,846.9252,0.0000,0.0000,0.0000,0,0,0,-1.159811748818e-06,0,0.000000,0,n/a,off,off,0,0,0,0,0,,,0.000,,,,,,,
residual_bare_n128,nid006550,hex8,residual,packed,packed,sumfact,affine,0.000000e+00,72,1024,128,2146689,2097152,8586756,0,0.0000,n/a,20,3.302443027e-03,2600.1224,20320.9755,635.0305,478.8130,0,0,0,1.366551186446e-13,0,0.000000,0,sumfact,off,off,0,0,0,0,0,,,0.000,,,,,,,
residual_bare_n128,nid006550,hex8,residual,atomic,atomic,sumfact,affine,0.000000e+00,72,0,128,2146689,2097152,8586756,0,0.0000,n/a,20,7.947397232e-03,1080.4488,8444.1311,263.8791,198.9648,0,0,0,1.381469808340e-13,0,0.000000,0,sumfact,off,off,0,0,0,0,0,,,0.000,,,,,,,
jac_bare_n128,nid006550,hex8,jac_action,packed,packed,sumfact,affine,0.000000e+00,72,1024,128,2146689,2097152,8586756,0,0.0000,n/a,20,4.392194748e-03,1955.0035,15279.1185,477.4725,405.8516,0,0,0,-2.268767828771e-12,0,0.000000,0,n/a,off,off,0,0,0,0,0,,,0.000,,,,,,,
jac_bare_n128,nid006550,hex8,jac_action,atomic,atomic,sumfact,affine,0.000000e+00,72,0,128,2146689,2097152,8586756,0,0.0000,n/a,20,8.792257309e-03,976.6270,7632.7229,238.5226,202.7442,0,0,0,-2.268767828771e-12,0,0.000000,0,n/a,off,off,0,0,0,0,0,,,0.000,,,,,,,
residual_current_n128,nid006550,hex8,residual,atomic,atomic,current,affine,0.000000e+00,72,0,128,2146689,2097152,8586756,0,0.0000,n/a,20,9.785127640e-03,877.5313,6858.2513,214.3204,161.5975,0,0,0,1.381248631097e-13,0,0.000000,0,current,off,off,0,0,0,0,0,,,0.000,,,,,,,
residual_current_n128,nid006550,hex8,residual,packed,packed,current,affine,0.000000e+00,72,1024,128,2146689,2097152,8586756,0,0.0000,n/a,20,4.064226151e-03,2112.7653,16512.0890,516.0028,389.0661,0,0,0,1.366330009203e-13,0,0.000000,0,current,off,off,0,0,0,0,0,,,0.000,,,,,,,
residual_rc_n128,nid006550,hex8,residual,packed,packed,sumfact,affine,0.000000e+00,72,1024,128,2146689,2097152,8586756,0,0.0000,n/a,20,5.622029305e-03,1527.3410,11936.7688,373.0240,281.2601,0,0,0,1.366482339608e-13,1,1.000000,0,sumfact,on,off,0,0,0,0,0,,,0.000,,,,,,,
residual_rc_n128,nid006550,hex8,residual,atomic,atomic,sumfact,affine,0.000000e+00,72,0,128,2146689,2097152,8586756,0,0.0000,n/a,20,1.024910212e-02,837.8057,6547.7798,204.6181,154.2821,0,0,0,1.381470350441e-13,1,1.000000,0,sumfact,on,off,0,0,0,0,0,,,0.000,,,,,,,
residual_rc_bnd_n128,nid006550,hex8,residual,packed,packed,sumfact,affine,0.000000e+00,72,1024,128,2146689,2097152,8586756,0,0.0000,n/a,20,6.145358086e-03,1397.2751,10920.2528,341.2579,257.3085,0,0,0,3.727500000000e+00,1,1.000000,1,sumfact,on,on,0,0,0,0,0,,,0.000,,,,,,,
residual_rc_bnd_n128,nid006550,hex8,residual,atomic,atomic,sumfact,affine,0.000000e+00,72,0,128,2146689,2097152,8586756,0,0.0000,n/a,20,1.080890894e-02,794.4147,6208.6622,194.0207,146.2916,0,0,0,3.727500000000e+00,1,1.000000,1,sumfact,on,on,0,0,0,0,0,,,0.000,,,,,,,
residual_rc_bnd_dt_n128,nid006550,hex8,residual,packed,packed,sumfact,affine,0.000000e+00,72,1024,128,2146689,2097152,8586756,0,0.0000,n/a,20,6.648397446e-03,1291.5527,10093.9910,315.4372,237.8397,0,0,0,6.759412313613e+00,1,1.000000,1,sumfact,on,on,0,0,0,0,1,,,0.000,,,,,,,
residual_rc_bnd_dt_n128,nid006550,hex8,residual,atomic,atomic,sumfact,affine,0.000000e+00,72,0,128,2146689,2097152,8586756,0,0.0000,n/a,20,1.130840778e-02,759.3249,5934.4220,185.4507,139.8298,0,0,0,6.759329548060e+00,1,1.000000,1,sumfact,on,on,0,0,0,0,1,,,0.000,,,,,,,
residual_rc_perapply_n128,nid006550,hex8,residual,packed,packed,sumfact,affine,0.000000e+00,72,1024,128,2146689,2097152,8586756,0,0.0000,n/a,20,6.660568714e-03,1289.1926,10075.5456,314.8608,237.4050,0,0,0,1.366482339608e-13,1,1.000000,0,sumfact,on,off,0,1,0,0,0,,,0.000,,,,,,,
residual_rc_perapply_n128,nid006550,hex8,residual,atomic,atomic,sumfact,affine,0.000000e+00,72,0,128,2146689,2097152,8586756,0,0.0000,n/a,20,1.488517523e-02,576.8663,4508.4363,140.8886,106.2300,0,0,0,1.381470350441e-13,1,1.000000,0,sumfact,on,off,0,1,0,0,0,,,0.000,,,,,,,
jac_rc_n128,nid006550,hex8,jac_action,packed,packed,sumfact,affine,0.000000e+00,72,1024,128,2146689,2097152,8586756,0,0.0000,n/a,20,9.262001514e-03,927.0951,7245.6114,226.4254,192.4616,0,0,0,-3.069362255678e-13,1,1.000000,0,n/a,exact,off,1,0,0,0,0,1.611174400e-03,0.173955,0.000,,,,,,,
jac_rc_n128,nid006550,hex8,jac_action,atomic,atomic,sumfact,affine,0.000000e+00,72,0,128,2146689,2097152,8586756,0,0.0000,n/a,20,1.665394306e-02,515.5990,4029.6081,125.9253,107.0365,0,0,0,-3.078244039875e-13,1,1.000000,0,n/a,exact,off,1,0,0,0,0,5.284889600e-03,0.317336,0.000,,,,,,,
jac_rc_bnd_n128,nid006550,hex8,jac_action,packed,packed,sumfact,affine,0.000000e+00,72,1024,128,2146689,2097152,8586756,0,0.0000,n/a,20,9.871399403e-03,869.8621,6798.3131,212.4473,180.5802,0,0,0,5.048053297186e+00,1,1.000000,1,n/a,exact,on,1,0,0,0,0,1.627187200e-03,0.164839,0.000,,,,,,,
jac_rc_bnd_n128,nid006550,hex8,jac_action,atomic,atomic,sumfact,affine,0.000000e+00,72,0,128,2146689,2097152,8586756,0,0.0000,n/a,20,1.706861258e-02,503.0729,3931.7117,122.8660,104.4361,0,0,0,5.048053297186e+00,1,1.000000,1,n/a,exact,on,1,0,0,0,0,5.346112000e-03,0.313213,0.000,,,,,,,
assemble_n128,nid006550,hex8,assemble,packed,packed,sumfact,affine,0.000000e+00,72,1024,128,2146689,2097152,8586756,57066625,6966.1407,f64,20,1.521044254e-01,56.4530,441.2026,13.7876,31.7666,0,0,0,-3.076235482948e-08,0,0.000000,0,sumfact,off,off,0,0,0,0,0,,,0.000,,,,,,,
assemble_n128,nid006550,hex8,assemble,atomic,atomic,sumfact,affine,0.000000e+00,72,0,128,2146689,2097152,8586756,57066625,6966.1407,f64,20,2.234111190e-01,38.4348,300.3828,9.3870,21.6276,0,0,0,-3.076550014682e-08,0,0.000000,0,sumfact,off,off,0,0,0,0,0,,,0.000,,,,,,,
assemble_n128,nid006550,hex8,assemble,colored,colored,sumfact,affine,0.000000e+00,72,1024,128,2146689,2097152,8586756,57066625,6966.1407,f64,20,8.407691717e-02,102.1298,798.1842,24.9433,57.4693,14,146,147,-3.076235482948e-08,0,0.000000,0,sumfact,off,off,0,0,0,0,0,,,0.000,,,,,,,
assemble_n128,nid006550,hex8,assemble,store,store,sumfact,affine,0.000000e+00,72,1024,128,2146689,2097152,8586756,57066625,6966.1407,f64,20,1.082079411e-01,79.3542,620.1843,19.3808,44.6533,0,0,0,-3.076235482948e-08,0,0.000000,0,sumfact,off,off,0,0,0,0,0,,,0.000,,,,,,,
assemble_sympy_n128,nid006550,hex8,assemble,atomic,atomic,sympy,affine,0.000000e+00,72,0,128,2146689,2097152,8586756,57066625,6966.1407,f64,20,1.561236858e-01,54.9997,429.8442,13.4326,30.9488,0,0,0,-3.076550013728e-08,0,0.000000,0,sympy,off,off,0,0,0,0,0,,,0.000,,,,,,,
assemble_sympy_n128,nid006550,hex8,assemble,colored,colored,sympy,affine,0.000000e+00,72,1024,128,2146689,2097152,8586756,57066625,6966.1407,f64,20,8.642416000e-02,99.3560,776.5058,24.2658,55.9084,14,146,147,-3.076235482687e-08,0,0.000000,0,sympy,off,off,0,0,0,0,0,,,0.000,,,,,,,
assemble_diag_n128,nid006550,hex8,assemble_diag,atomic,atomic,sumfact,affine,0.000000e+00,72,0,128,2146689,2097152,8586756,0,0.0000,n/a,20,7.580125332e-02,113.2799,885.3266,27.6665,20.8605,0,0,0,1.651826180067e+03,0,0.000000,0,n/a,off,off,0,0,0,0,0,,,0.000,,,,,,,
spmv_f64_n128,nid006550,hex8,bsr_apply,packed,n/a,sumfact,affine,0.000000e+00,72,1024,128,2146689,2097152,8586756,57066625,6966.1407,f64,20,1.930382252e-02,444.8215,0.0000,0.0000,0.0000,0,0,0,-2.271657308876e-12,0,0.000000,0,n/a,off,off,0,0,0,0,0,,,0.000,,,,,,,
spmv_f32_n128,nid006550,hex8,bsr_apply,packed,n/a,sumfact,affine,0.000000e+00,72,1024,128,2146689,2097152,8586756,57066625,3483.0704,f32,20,1.066838503e-02,804.8787,0.0000,0.0000,0.0000,0,0,0,4.661746579456e-05,0,0.000000,0,n/a,off,off,0,0,0,0,0,,,0.000,,,,,,,
residual_bare_n160,nid006550,hex8,residual,packed,packed,sumfact,affine,0.000000e+00,72,2048,160,4173281,4096000,16693124,0,0.0000,n/a,20,6.504833698e-03,2566.2645,20149.9387,629.6856,474.7829,0,0,0,-6.683819079797e-14,0,0.000000,0,sumfact,off,off,0,0,0,0,0,,,0.000,,,,,,,
residual_bare_n160,nid006550,hex8,residual,atomic,atomic,sumfact,affine,0.000000e+00,72,0,160,4173281,4096000,16693124,0,0.0000,n/a,20,1.592079401e-02,1048.5108,8232.7552,257.2736,193.9843,0,0,0,-7.000232641816e-14,0,0.000000,0,sumfact,off,off,0,0,0,0,0,,,0.000,,,,,,,
jac_bare_n160,nid006550,hex8,jac_action,packed,packed,sumfact,affine,0.000000e+00,72,2048,160,4173281,4096000,16693124,0,0.0000,n/a,20,8.975243568e-03,1859.9076,14603.7262,456.3664,387.9115,0,0,0,7.483083570110e-13,0,0.000000,0,n/a,off,off,0,0,0,0,0,,,0.000,,,,,,,
jac_bare_n160,nid006550,hex8,jac_action,atomic,atomic,sumfact,affine,0.000000e+00,72,0,160,4173281,4096000,16693124,0,0.0000,n/a,20,1.701217890e-02,981.2455,7704.5980,240.7687,204.6534,0,0,0,7.694581056301e-13,0,0.000000,0,n/a,off,off,0,0,0,0,0,,,0.000,,,,,,,
residual_current_n160,nid006550,hex8,residual,atomic,atomic,current,affine,0.000000e+00,72,0,160,4173281,4096000,16693124,0,0.0000,n/a,20,2.023653984e-02,824.9001,6476.9966,202.4061,152.6142,0,0,0,-7.131918482433e-14,0,0.000000,0,current,off,off,0,0,0,0,0,,,0.000,,,,,,,
residual_current_n160,nid006550,hex8,residual,packed,packed,current,affine,0.000000e+00,72,2048,160,4173281,4096000,16693124,0,0.0000,n/a,20,7.854902744e-03,2125.1853,16686.6484,521.4578,393.1792,0,0,0,-6.568480297436e-14,0,0.000000,0,current,off,off,0,0,0,0,0,,,0.000,,,,,,,
residual_rc_n160,nid006550,hex8,residual,packed,packed,sumfact,affine,0.000000e+00,72,2048,160,4173281,4096000,16693124,0,0.0000,n/a,20,1.185618639e-02,1407.9674,11055.1568,345.4737,260.4871,0,0,0,-6.590924637659e-14,1,1.000000,0,sumfact,on,off,0,0,0,0,0,,,0.000,,,,,,,
residual_rc_n160,nid006550,hex8,residual,atomic,atomic,sumfact,affine,0.000000e+00,72,0,160,4173281,4096000,16693124,0,0.0000,n/a,20,2.120183706e-02,787.3433,6182.1058,193.1908,145.6659,0,0,0,-7.109953901671e-14,1,1.000000,0,sumfact,on,off,0,0,0,0,0,,,0.000,,,,,,,
residual_rc_bnd_n160,nid006550,hex8,residual,packed,packed,sumfact,affine,0.000000e+00,72,2048,160,4173281,4096000,16693124,0,0.0000,n/a,20,1.275539398e-02,1308.7110,10275.8096,321.1191,242.1238,0,0,0,3.727500000000e+00,1,1.000000,1,sumfact,on,on,0,0,0,0,0,,,0.000,,,,,,,
residual_rc_bnd_n160,nid006550,hex8,residual,atomic,atomic,sumfact,affine,0.000000e+00,72,0,160,4173281,4096000,16693124,0,0.0000,n/a,20,2.218458652e-02,752.4650,5908.2462,184.6327,139.2131,0,0,0,3.727500000000e+00,1,1.000000,1,sumfact,on,on,0,0,0,0,0,,,0.000,,,,,,,
residual_rc_bnd_dt_n160,nid006550,hex8,residual,packed,packed,sumfact,affine,0.000000e+00,72,2048,160,4173281,4096000,16693124,0,0.0000,n/a,20,1.386698484e-02,1203.8034,9452.0908,295.3778,222.7149,0,0,0,6.759317416976e+00,1,1.000000,1,sumfact,on,on,0,0,0,0,1,,,0.000,,,,,,,
residual_rc_bnd_dt_n160,nid006550,hex8,residual,atomic,atomic,sumfact,affine,0.000000e+00,72,0,160,4173281,4096000,16693124,0,0.0000,n/a,20,2.324355841e-02,718.1828,5639.0677,176.2209,132.8705,0,0,0,6.759324573300e+00,1,1.000000,1,sumfact,on,on,0,0,0,0,1,,,0.000,,,,,,,
residual_rc_perapply_n160,nid006550,hex8,residual,packed,packed,sumfact,affine,0.000000e+00,72,2048,160,4173281,4096000,16693124,0,0.0000,n/a,20,1.489710808e-02,1120.5614,8798.4862,274.9527,207.3143,0,0,0,-6.590924637659e-14,1,1.000000,0,sumfact,on,off,0,1,0,0,0,,,0.000,,,,,,,
residual_rc_perapply_n160,nid006550,hex8,residual,atomic,atomic,sumfact,affine,0.000000e+00,72,0,160,4173281,4096000,16693124,0,0.0000,n/a,20,3.088673353e-02,540.4626,4243.6342,132.6136,99.9906,0,0,0,-7.109953901671e-14,1,1.000000,0,sumfact,on,off,0,1,0,0,0,,,0.000,,,,,,,
jac_rc_n160,nid006550,hex8,jac_action,packed,packed,sumfact,affine,0.000000e+00,72,2048,160,4173281,4096000,16693124,0,0.0000,n/a,20,1.807790995e-02,923.3990,7250.3957,226.5749,192.5886,0,0,0,-5.547403831327e-13,1,1.000000,0,n/a,exact,off,1,0,0,0,0,3.149696000e-03,0.174229,0.000,,,,,,,
jac_rc_n160,nid006550,hex8,jac_action,atomic,atomic,sumfact,affine,0.000000e+00,72,0,160,4173281,4096000,16693124,0,0.0000,n/a,20,3.293974400e-02,506.7776,3979.1445,124.3483,105.6960,0,0,0,-5.574049183918e-13,1,1.000000,0,n/a,exact,off,1,0,0,0,0,1.064773120e-02,0.323249,0.000,,,,,,,
jac_rc_bnd_n160,nid006550,hex8,jac_action,packed,packed,sumfact,affine,0.000000e+00,72,2048,160,4173281,4096000,16693124,0,0.0000,n/a,20,1.909290552e-02,874.3103,6864.9583,214.5299,182.3505,0,0,0,5.046148336219e+00,1,1.000000,1,n/a,exact,on,1,0,0,0,0,3.148032000e-03,0.164880,0.000,,,,,,,
jac_rc_bnd_n160,nid006550,hex8,jac_action,atomic,atomic,sumfact,affine,0.000000e+00,72,0,160,4173281,4096000,16693124,0,0.0000,n/a,20,3.391493559e-02,492.2057,3864.7280,120.7727,102.6568,0,0,0,5.046148336219e+00,1,1.000000,1,n/a,exact,on,1,0,0,0,0,1.078748160e-02,0.318075,0.000,,,,,,,
assemble_n160,nid006550,hex8,assemble,packed,packed,sumfact,affine,0.000000e+00,72,2048,160,4173281,4096000,16693124,111284641,13584.5509,f64,20,3.105927229e-01,53.7460,422.0060,13.1877,30.3844,0,0,0,1.165429404451e-08,0,0.000000,0,sumfact,off,off,0,0,0,0,0,,,0.000,,,,,,,
assemble_n160,nid006550,hex8,assemble,atomic,atomic,sumfact,affine,0.000000e+00,72,0,160,4173281,4096000,16693124,111284641,13584.5509,f64,20,4.308444738e-01,38.7451,304.2211,9.5069,21.9039,0,0,0,1.164916721901e-08,0,0.000000,0,sumfact,off,off,0,0,0,0,0,,,0.000,,,,,,,
assemble_n160,nid006550,hex8,assemble,colored,colored,sumfact,affine,0.000000e+00,72,2048,160,4173281,4096000,16693124,111284641,13584.5509,f64,20,1.576964974e-01,105.8560,831.1662,25.9739,59.8440,20,99,101,1.165426806529e-08,0,0.000000,0,sumfact,off,off,0,0,0,0,0,,,0.000,,,,,,,
assemble_n160,nid006550,hex8,assemble,store,store,sumfact,affine,0.000000e+00,72,2048,160,4173281,4096000,16693124,111284641,13584.5509,f64,20,2.333631754e-01,71.5328,561.6653,17.5520,40.4399,0,0,0,1.165429404451e-08,0,0.000000,0,sumfact,off,off,0,0,0,0,0,,,0.000,,,,,,,
assemble_sympy_n160,nid006550,hex8,assemble,atomic,atomic,sympy,affine,0.000000e+00,72,0,160,4173281,4096000,16693124,111284641,13584.5509,f64,20,3.011347175e-01,55.4341,435.2603,13.6019,31.3387,0,0,0,1.167343591505e-08,0,0.000000,0,sympy,off,off,0,0,0,0,0,,,0.000,,,,,,,
assemble_sympy_n160,nid006550,hex8,assemble,colored,colored,sympy,affine,0.000000e+00,72,2048,160,4173281,4096000,16693124,111284641,13584.5509,f64,20,1.677310944e-01,99.5231,781.4413,24.4200,56.2638,20,99,101,1.168506756832e-08,0,0.000000,0,sympy,off,off,0,0,0,0,0,,,0.000,,,,,,,
assemble_diag_n160,nid006550,hex8,assemble_diag,atomic,atomic,sumfact,affine,0.000000e+00,72,0,160,4173281,4096000,16693124,0,0.0000,n/a,20,1.476663113e-01,113.0463,887.6229,27.7382,20.9146,0,0,0,2.371982944015e+03,0,0.000000,0,n/a,off,off,0,0,0,0,0,,,0.000,,,,,,,
spmv_f64_n160,nid006550,hex8,bsr_apply,packed,n/a,sumfact,affine,0.000000e+00,72,2048,160,4173281,4096000,16693124,111284641,13584.5509,f64,20,3.779129982e-02,441.7187,0.0000,0.0000,0.0000,0,0,0,7.157881465282e-13,0,0.000000,0,n/a,off,off,0,0,0,0,0,,,0.000,,,,,,,
spmv_f32_n160,nid006550,hex8,bsr_apply,packed,n/a,sumfact,affine,0.000000e+00,72,2048,160,4173281,4096000,16693124,111284641,6792.2755,f32,20,1.888835430e-02,883.7786,0.0000,0.0000,0.0000,0,0,0,4.118532892879e-05,0,0.000000,0,n/a,off,off,0,0,0,0,0,,,0.000,,,,,,,
spmv_f32_n64,nid006550,hex8,bsr_apply,packed,n/a,sumfact,affine,0.000000e+00,72,128,64,274625,262144,1098500,7189057,438.7852,f32,20,1.141047478e-03,962.7119,0.0000,0.0000,0.0000,0,0,0,1.266337291522e-05,0,0.000000,0,n/a,off,off,0,0,0,0,0,,,0.000,,,,,,,
spmv_f64_n64,nid006550,hex8,bsr_apply,packed,n/a,sumfact,affine,0.000000e+00,72,128,64,274625,262144,1098500,7189057,877.5704,f64,20,2.181589603e-03,503.5319,0.0000,0.0000,0.0000,0,0,0,-1.151445421215e-12,0,0.000000,0,n/a,off,off,0,0,0,0,0,,,0.000,,,,,,,
assemble_diag_n64,nid006550,hex8,assemble_diag,atomic,atomic,sumfact,affine,0.000000e+00,72,0,64,274625,262144,1098500,0,0.0000,n/a,20,1.035318375e-02,106.1026,810.2443,25.3201,19.0914,0,0,0,5.801523603040e+02,0,0.000000,0,n/a,off,off,0,0,0,0,0,,,0.000,,,,,,,
assemble_sympy_n64,nid006550,hex8,assemble,colored,colored,sympy,affine,0.000000e+00,72,128,64,274625,262144,1098500,7189057,877.5704,f64,20,1.228665113e-02,89.4060,682.7416,21.3357,49.1574,14,146,147,2.702547348507e-10,0,0.000000,0,sympy,off,off,0,0,0,0,0,,,0.000,,,,,,,
assemble_sympy_n64,nid006550,hex8,assemble,atomic,atomic,sympy,affine,0.000000e+00,72,0,64,274625,262144,1098500,7189057,877.5704,f64,20,1.966756582e-02,55.8534,426.5199,13.3287,30.7094,0,0,0,2.702932318341e-10,0,0.000000,0,sympy,off,off,0,0,0,0,0,,,0.000,,,,,,,
assemble_n64,nid006550,hex8,assemble,store,store,sumfact,affine,0.000000e+00,72,128,64,274625,262144,1098500,7189057,877.5704,f64,20,9.122347832e-03,120.4186,919.5668,28.7365,66.2088,0,0,0,2.702547346339e-10,0,0.000000,0,sumfact,off,off,0,0,0,0,0,,,0.000,,,,,,,
assemble_n64,nid006550,hex8,assemble,colored,colored,sumfact,affine,0.000000e+00,72,128,64,274625,262144,1098500,7189057,877.5704,f64,20,1.127582788e-02,97.4208,743.9461,23.2483,53.5641,14,146,147,2.702547346339e-10,0,0.000000,0,sumfact,off,off,0,0,0,0,0,,,0.000,,,,,,,
assemble_n64,nid006550,hex8,assemble,atomic,atomic,sumfact,affine,0.000000e+00,72,0,64,274625,262144,1098500,7189057,877.5704,f64,20,2.793357372e-02,39.3254,300.3056,9.3845,21.6220,0,0,0,2.702932316173e-10,0,0.000000,0,sumfact,off,off,0,0,0,0,0,,,0.000,,,,,,,
assemble_n64,nid006550,hex8,assemble,packed,packed,sumfact,affine,0.000000e+00,72,128,64,274625,262144,1098500,7189057,877.5704,f64,20,1.221896410e-02,89.9012,686.5237,21.4539,49.4297,0,0,0,2.702547346339e-10,0,0.000000,0,sumfact,off,off,0,0,0,0,0,,,0.000,,,,,,,
jac_rc_bnd_n64,nid006550,hex8,jac_action,atomic,atomic,sumfact,affine,0.000000e+00,72,0,64,274625,262144,1098500,0,0.0000,n/a,20,2.273070812e-03,483.2670,3690.4297,115.3259,98.0270,0,0,0,5.047023127365e+00,1,1.000000,1,n/a,exact,on,1,0,0,0,0,7.915648000e-04,0.348236,0.000,,,,,,,
jac_rc_bnd_n64,nid006550,hex8,jac_action,packed,packed,sumfact,affine,0.000000e+00,72,128,64,274625,262144,1098500,0,0.0000,n/a,20,1.044321060e-03,1051.8796,8032.5949,251.0186,213.3658,0,0,0,5.047023127365e+00,1,1.000000,1,n/a,exact,on,1,0,0,0,0,1.248384000e-04,0.119540,0.000,,,,,,,
jac_rc_n64,nid006550,hex8,jac_action,atomic,atomic,sumfact,affine,0.000000e+00,72,0,64,274625,262144,1098500,0,0.0000,n/a,20,2.220559120e-03,494.6952,3777.7008,118.0532,100.3452,0,0,0,2.991632007225e-13,1,1.000000,0,n/a,exact,off,1,0,0,0,0,7.885184000e-04,0.355099,0.000,,,,,,,
jac_rc_n64,nid006550,hex8,jac_action,packed,packed,sumfact,affine,0.000000e+00,72,128,64,274625,262144,1098500,0,0.0000,n/a,20,1.034975052e-03,1061.3782,8105.1306,253.2853,215.2925,0,0,0,3.033959260039e-13,1,1.000000,0,n/a,exact,off,1,0,0,0,0,1.315200000e-04,0.127076,0.000,,,,,,,
residual_rc_perapply_n64,nid006550,hex8,residual,atomic,atomic,sumfact,affine,0.000000e+00,72,0,64,274625,262144,1098500,0,0.0000,n/a,20,1.961767673e-03,559.9542,4276.0456,133.6264,100.7543,0,0,0,-1.256492739715e-14,1,1.000000,0,sumfact,on,off,0,1,0,0,0,,,0.000,,,,,,,
residual_rc_perapply_n64,nid006550,hex8,residual,packed,packed,sumfact,affine,0.000000e+00,72,128,64,274625,262144,1098500,0,0.0000,n/a,20,7.407903671e-04,1482.8757,11323.8622,353.8707,266.8185,0,0,0,-1.282860536550e-14,1,1.000000,0,sumfact,on,off,0,1,0,0,0,,,0.000,,,,,,,
residual_rc_bnd_dt_n64,nid006550,hex8,residual,atomic,atomic,sumfact,affine,0.000000e+00,72,0,64,274625,262144,1098500,0,0.0000,n/a,20,1.397585869e-03,785.9982,6002.2129,187.5692,141.4271,0,0,0,6.759448953731e+00,1,1.000000,1,sumfact,on,on,0,0,0,0,1,,,0.000,,,,,,,
residual_rc_bnd_dt_n64,nid006550,hex8,residual,packed,packed,sumfact,affine,0.000000e+00,72,128,64,274625,262144,1098500,0,0.0000,n/a,20,9.436011314e-04,1164.1571,8889.9936,277.8123,209.4705,0,0,0,6.759042994895e+00,1,1.000000,1,sumfact,on,on,0,0,0,0,1,,,0.000,,,,,,,
residual_rc_bnd_n64,nid006550,hex8,residual,atomic,atomic,sumfact,affine,0.000000e+00,72,0,64,274625,262144,1098500,0,0.0000,n/a,20,1.393151283e-03,788.5002,6021.3188,188.1662,141.8773,0,0,0,3.727500000000e+00,1,1.000000,1,sumfact,on,on,0,0,0,0,0,,,0.000,,,,,,,
residual_rc_bnd_n64,nid006550,hex8,residual,packed,packed,sumfact,affine,0.000000e+00,72,128,64,274625,262144,1098500,0,0.0000,n/a,20,7.080793381e-04,1551.3798,11846.9888,370.2184,279.1447,0,0,0,3.727500000000e+00,1,1.000000,1,sumfact,on,on,0,0,0,0,0,,,0.000,,,,,,,
residual_rc_n64,nid006550,hex8,residual,atomic,atomic,sumfact,affine,0.000000e+00,72,0,64,274625,262144,1098500,0,0.0000,n/a,20,1.338601112e-03,820.6328,6266.6973,195.8343,147.6591,0,0,0,-1.256492739715e-14,1,1.000000,0,sumfact,on,off,0,0,0,0,0,,,0.000,,,,,,,
residual_rc_n64,nid006550,hex8,residual,packed,packed,sumfact,affine,0.000000e+00,72,128,64,274625,262144,1098500,0,0.0000,n/a,20,8.423924446e-04,1304.0240,9958.0760,311.1899,234.6372,0,0,0,-1.282860536550e-14,1,1.000000,0,sumfact,on,off,0,0,0,0,0,,,0.000,,,,,,,
residual_current_n64,nid006550,hex8,residual,packed,packed,current,affine,0.000000e+00,72,128,64,274625,262144,1098500,0,0.0000,n/a,20,5.080223083e-04,2162.3066,16512.2828,516.0088,389.0707,0,0,0,-1.272137777064e-14,0,0.000000,0,current,off,off,0,0,0,0,0,,,0.000,,,,,,,
residual_current_n64,nid006550,hex8,residual,atomic,atomic,current,affine,0.000000e+00,72,0,64,274625,262144,1098500,0,0.0000,n/a,20,1.281774044e-03,857.0153,6544.5295,204.5165,154.2055,0,0,0,-1.240218865106e-14,0,0.000000,0,current,off,off,0,0,0,0,0,,,0.000,,,,,,,
jac_bare_n64,nid006550,hex8,jac_action,atomic,atomic,sumfact,affine,0.000000e+00,72,0,64,274625,262144,1098500,0,0.0000,n/a,20,1.245009899e-03,882.3223,6737.7842,210.5558,178.9724,0,0,0,-1.151479248323e-12,0,0.000000,0,n/a,off,off,0,0,0,0,0,,,0.000,,,,,,,
jac_bare_n64,nid006550,hex8,jac_action,packed,packed,sumfact,affine,0.000000e+00,72,128,64,274625,262144,1098500,0,0.0000,n/a,20,5.217671394e-04,2105.3453,16077.3022,502.4157,427.0533,0,0,0,-1.151812315230e-12,0,0.000000,0,n/a,off,off,0,0,0,0,0,,,0.000,,,,,,,
residual_bare_n64,nid006550,hex8,residual,atomic,atomic,sumfact,affine,0.000000e+00,72,0,64,274625,262144,1098500,0,0.0000,n/a,20,1.056802273e-03,1039.4565,7937.7271,248.0540,187.0327,0,0,0,-1.254020758762e-14,0,0.000000,0,sumfact,off,off,0,0,0,0,0,,,0.000,,,,,,,
residual_bare_n64,nid006550,hex8,residual,packed,packed,sumfact,affine,0.000000e+00,72,128,64,274625,262144,1098500,0,0.0000,n/a,20,3.862857819e-04,2843.7495,21716.0672,678.6271,511.6848,0,0,0,-1.235979634612e-14,0,0.000000,0,sumfact,off,off,0,0,0,0,0,,,0.000,,,,,,,
spmv_f32_n96,nid006550,hex8,bsr_apply,packed,n/a,sumfact,affine,0.000000e+00,72,512,96,912673,884736,3650692,24137569,1473.2403,f32,20,4.191803932e-03,870.9119,0.0000,0.0000,0.0000,0,0,0,-1.159811748818e-06,0,0.000000,0,n/a,off,off,0,0,0,0,0,,,0.000,,,,,,,
spmv_f64_n96,nid006550,hex8,bsr_apply,packed,n/a,sumfact,affine,0.000000e+00,72,512,96,912673,884736,3650692,24137569,2946.4806,f64,20,8.253800869e-03,442.3043,0.0000,0.0000,0.0000,0,0,0,-2.227890574390e-12,0,0.000000,0,n/a,off,off,0,0,0,0,0,,,0.000,,,,,,,
assemble_diag_n96,nid006550,hex8,assemble_diag,atomic,atomic,sumfact,affine,0.000000e+00,72,0,96,912673,884736,3650692,0,0.0000,n/a,20,3.261164427e-02,111.9444,868.1424,27.1295,20.4556,0,0,0,1.054549351220e+03,0,0.000000,0,n/a,off,off,0,0,0,0,0,,,0.000,,,,,,,
assemble_sympy_n96,nid006550,hex8,assemble,colored,colored,sympy,affine,0.000000e+00,72,512,96,912673,884736,3650692,24137569,2946.4806,f64,20,3.977402449e-02,91.7858,711.8101,22.2441,51.2503,19,90,91,6.632765216512e-11,0,0.000000,0,sympy,off,off,0,0,0,0,0,,,0.000,,,,,,,
assemble_sympy_n96,nid006550,hex8,assemble,atomic,atomic,sympy,affine,0.000000e+00,72,0,96,912673,884736,3650692,24137569,2946.4806,f64,20,6.537290812e-02,55.8441,433.0778,13.5337,31.1816,0,0,0,6.578006241380e-11,0,0.000000,0,sympy,off,off,0,0,0,0,0,,,0.000,,,,,,,
assemble_n96,nid006550,hex8,assemble,store,store,sumfact,affine,0.000000e+00,72,512,96,912673,884736,3650692,24137569,2946.4806,f64,20,4.368476868e-02,83.5690,648.0875,20.2527,46.6623,0,0,0,7.386596588159e-11,0,0.000000,0,sumfact,off,off,0,0,0,0,0,,,0.000,,,,,,,
assemble_n96,nid006550,hex8,assemble,colored,colored,sumfact,affine,0.000000e+00,72,512,96,912673,884736,3650692,24137569,2946.4806,f64,20,3.660125732e-02,99.7423,773.5131,24.1723,55.6929,19,90,91,7.389472065792e-11,0,0.000000,0,sumfact,off,off,0,0,0,0,0,,,0.000,,,,,,,
assemble_n96,nid006550,hex8,assemble,atomic,atomic,sumfact,affine,0.000000e+00,72,0,96,912673,884736,3650692,24137569,2946.4806,f64,20,9.341267347e-02,39.0813,303.0804,9.4713,21.8218,0,0,0,7.342422201788e-11,0,0.000000,0,sumfact,off,off,0,0,0,0,0,,,0.000,,,,,,,
assemble_n96,nid006550,hex8,assemble,packed,packed,sumfact,affine,0.000000e+00,72,512,96,912673,884736,3650692,24137569,2946.4806,f64,20,6.191811562e-02,58.9600,457.2418,14.2888,32.9214,0,0,0,7.386596588159e-11,0,0.000000,0,sumfact,off,off,0,0,0,0,0,,,0.000,,,,,,,
jac_rc_bnd_n96,nid006550,hex8,jac_action,atomic,atomic,sumfact,affine,0.000000e+00,72,0,96,912673,884736,3650692,0,0.0000,n/a,20,7.286906242e-03,500.9934,3885.2637,121.4145,103.2023,0,0,0,5.047058237368e+00,1,1.000000,1,n/a,exact,on,1,0,0,0,0,2.314790400e-03,0.317664,0.000,,,,,,,
jac_rc_bnd_n96,nid006550,hex8,jac_action,packed,packed,sumfact,affine,0.000000e+00,72,512,96,912673,884736,3650692,0,0.0000,n/a,20,4.059433937e-03,899.3106,6974.2611,217.9457,185.2538,0,0,0,5.047058237368e+00,1,1.000000,1,n/a,exact,on,1,0,0,0,0,6.608896000e-04,0.162803,0.000,,,,,,,
jac_rc_n96,nid006550,hex8,jac_action,atomic,atomic,sumfact,affine,0.000000e+00,72,0,96,912673,884736,3650692,0,0.0000,n/a,20,7.096362114e-03,514.4456,3989.5867,124.6746,105.9734,0,0,0,2.773607352905e-13,1,1.000000,0,n/a,exact,off,1,0,0,0,0,2.346688000e-03,0.330689,0.000,,,,,,,
jac_rc_n96,nid006550,hex8,jac_action,packed,packed,sumfact,affine,0.000000e+00,72,512,96,912673,884736,3650692,0,0.0000,n/a,20,3.760921955e-03,970.6907,7527.8223,235.2444,199.9578,0,0,0,2.763892901440e-13,1,1.000000,0,n/a,exact,off,1,0,0,0,0,6.402560000e-04,0.170239,0.000,,,,,,,
residual_rc_perapply_n96,nid006550,hex8,residual,atomic,atomic,sumfact,affine,0.000000e+00,72,0,96,912673,884736,3650692,0,0.0000,n/a,20,6.370234489e-03,573.0860,4444.3501,138.8859,104.7200,0,0,0,1.025453593567e-13,1,1.000000,0,sumfact,on,off,0,1,0,0,0,,,0.000,,,,,,,
residual_rc_perapply_n96,nid006550,hex8,residual,packed,packed,sumfact,affine,0.000000e+00,72,512,96,912673,884736,3650692,0,0.0000,n/a,20,2.765393257e-03,1320.1348,10237.8032,319.9314,241.2282,0,0,0,1.003804244587e-13,1,1.000000,0,sumfact,on,off,0,1,0,0,0,,,0.000,,,,,,,
residual_rc_bnd_dt_n96,nid006550,hex8,residual,atomic,atomic,sumfact,affine,0.000000e+00,72,0,96,912673,884736,3650692,0,0.0000,n/a,20,4.707634449e-03,775.4833,6013.9657,187.9364,141.7041,0,0,0,6.759287405709e+00,1,1.000000,1,sumfact,on,on,0,0,0,0,1,,,0.000,,,,,,,
residual_rc_bnd_dt_n96,nid006550,hex8,residual,packed,packed,sumfact,affine,0.000000e+00,72,512,96,912673,884736,3650692,0,0.0000,n/a,20,2.766251564e-03,1319.7252,10234.6267,319.8321,241.1534,0,0,0,6.759195490287e+00,1,1.000000,1,sumfact,on,on,0,0,0,0,1,,,0.000,,,,,,,
residual_rc_bnd_n96,nid006550,hex8,residual,atomic,atomic,sumfact,affine,0.000000e+00,72,0,96,912673,884736,3650692,0,0.0000,n/a,20,4.556429386e-03,801.2177,6213.5391,194.1731,146.4065,0,0,0,3.727500000000e+00,1,1.000000,1,sumfact,on,on,0,0,0,0,0,,,0.000,,,,,,,
residual_rc_bnd_n96,nid006550,hex8,residual,packed,packed,sumfact,affine,0.000000e+00,72,512,96,912673,884736,3650692,0,0.0000,n/a,20,2.593779564e-03,1407.4797,10915.1727,341.0991,257.1888,0,0,0,3.727500000000e+00,1,1.000000,1,sumfact,on,on,0,0,0,0,0,,,0.000,,,,,,,
residual_rc_n96,nid006550,hex8,residual,atomic,atomic,sumfact,affine,0.000000e+00,72,0,96,912673,884736,3650692,0,0.0000,n/a,20,4.409372807e-03,827.9391,6420.7662,200.6489,151.2893,0,0,0,1.025453593567e-13,1,1.000000,0,sumfact,on,off,0,0,0,0,0,,,0.000,,,,,,,
residual_rc_n96,nid006550,hex8,residual,packed,packed,sumfact,affine,0.000000e+00,72,512,96,912673,884736,3650692,0,0.0000,n/a,20,2.376127243e-03,1536.4043,11914.9983,372.3437,280.7471,0,0,0,1.003804244587e-13,1,1.000000,0,sumfact,on,off,0,0,0,0,0,,,0.000,,,,,,,
residual_current_n96,nid006550,hex8,residual,packed,packed,current,affine,0.000000e+00,72,512,96,912673,884736,3650692,0,0.0000,n/a,20,1.633453369e-03,2234.9533,17332.3295,541.6353,408.3930,0,0,0,1.028819499212e-13,0,0.000000,0,current,off,off,0,0,0,0,0,,,0.000,,,,,,,
residual_current_n96,nid006550,hex8,residual,atomic,atomic,current,affine,0.000000e+00,72,0,96,912673,884736,3650692,0,0.0000,n/a,20,4.276275635e-03,853.7083,6620.6097,206.8941,155.9981,0,0,0,1.028125609821e-13,0,0.000000,0,current,off,off,0,0,0,0,0,,,0.000,,,,,,,
jac_bare_n96,nid006550,hex8,jac_action,atomic,atomic,sumfact,affine,0.000000e+00,72,0,96,912673,884736,3650692,0,0.0000,n/a,20,3.749036789e-03,973.7680,7551.6869,235.9902,200.5917,0,0,0,-1.946265590640e-12,0,0.000000,0,n/a,off,off,0,0,0,0,0,,,0.000,,,,,,,
jac_bare_n96,nid006550,hex8,jac_action,packed,packed,sumfact,affine,0.000000e+00,72,512,96,912673,884736,3650692,0,0.0000,n/a,20,1.728940010e-03,2111.5203,16375.0922,511.7216,434.9634,0,0,0,-2.009048702682e-12,0,0.000000,0,n/a,off,off,0,0,0,0,0,,,0.000,,,,,,,
residual_bare_n96,nid006550,hex8,residual,atomic,atomic,sumfact,affine,0.000000e+00,72,0,96,912673,884736,3650692,0,0.0000,n/a,20,3.274309635e-03,1114.9501,8646.5714,270.2054,203.7348,0,0,0,9.868744276637e-14,0,0.000000,0,sumfact,off,off,0,0,0,0,0,,,0.000,,,,,,,
residual_bare_n96,nid006550,hex8,residual,packed,packed,sumfact,affine,0.000000e+00,72,512,96,912673,884736,3650692,0,0.0000,n/a,20,1.257872581e-03,2902.2749,22507.4880,703.3590,530.3327,0,0,0,9.553718493399e-14,0,0.000000,0,sumfact,off,off,0,0,0,0,0,,,0.000,,,,,,,
spmv_f32_n128,nid006550,hex8,bsr_apply,packed,n/a,sumfact,affine,0.000000e+00,72,1024,128,2146689,2097152,8586756,57066625,3483.0704,f32,20,1.040116549e-02,825.5571,0.0000,0.0000,0.0000,0,0,0,4.661746579456e-05,0,0.000000,0,n/a,off,off,0,0,0,0,0,,,0.000,,,,,,,
spmv_f64_n128,nid006550,hex8,bsr_apply,packed,n/a,sumfact,affine,0.000000e+00,72,1024,128,2146689,2097152,8586756,57066625,6966.1407,f64,20,1.939156055e-02,442.8089,0.0000,0.0000,0.0000,0,0,0,-2.271657308876e-12,0,0.000000,0,n/a,off,off,0,0,0,0,0,,,0.000,,,,,,,
assemble_diag_n128,nid006550,hex8,assemble_diag,atomic,atomic,sumfact,affine,0.000000e+00,72,0,128,2146689,2097152,8586756,0,0.0000,n/a,20,7.598736286e-02,113.0024,883.1582,27.5987,20.8094,0,0,0,1.651826180067e+03,0,0.000000,0,n/a,off,off,0,0,0,0,0,,,0.000,,,,,,,
assemble_sympy_n128,nid006550,hex8,assemble,colored,colored,sympy,affine,0.000000e+00,72,1024,128,2146689,2097152,8586756,57066625,6966.1407,f64,20,8.603458405e-02,99.8059,780.0219,24.3757,56.1616,14,146,147,-3.076235482687e-08,0,0.000000,0,sympy,off,off,0,0,0,0,0,,,0.000,,,,,,,
assemble_sympy_n128,nid006550,hex8,assemble,atomic,atomic,sympy,affine,0.000000e+00,72,0,128,2146689,2097152,8586756,57066625,6966.1407,f64,20,1.555360079e-01,55.2075,431.4683,13.4834,31.0657,0,0,0,-3.076550013728e-08,0,0.000000,0,sympy,off,off,0,0,0,0,0,,,0.000,,,,,,,
assemble_n128,nid006550,hex8,assemble,store,store,sumfact,affine,0.000000e+00,72,1024,128,2146689,2097152,8586756,57066625,6966.1407,f64,20,1.082878828e-01,79.2956,619.7264,19.3665,44.6203,0,0,0,-3.076235482948e-08,0,0.000000,0,sumfact,off,off,0,0,0,0,0,,,0.000,,,,,,,
assemble_n128,nid006550,hex8,assemble,colored,colored,sumfact,affine,0.000000e+00,72,1024,128,2146689,2097152,8586756,57066625,6966.1407,f64,20,8.279371262e-02,103.7127,810.5551,25.3298,58.3600,14,146,147,-3.076235482948e-08,0,0.000000,0,sumfact,off,off,0,0,0,0,0,,,0.000,,,,,,,
assemble_n128,nid006550,hex8,assemble,atomic,atomic,sumfact,affine,0.000000e+00,72,0,128,2146689,2097152,8586756,57066625,6966.1407,f64,20,2.229149461e-01,38.5203,301.0514,9.4079,21.6757,0,0,0,-3.076550014682e-08,0,0.000000,0,sumfact,off,off,0,0,0,0,0,,,0.000,,,,,,,
assemble_n128,nid006550,hex8,assemble,packed,packed,sumfact,affine,0.000000e+00,72,1024,128,2146689,2097152,8586756,57066625,6966.1407,f64,20,1.516914964e-01,56.6067,442.4036,13.8251,31.8531,0,0,0,-3.076235482948e-08,0,0.000000,0,sumfact,off,off,0,0,0,0,0,,,0.000,,,,,,,
jac_rc_bnd_n128,nid006550,hex8,jac_action,atomic,atomic,sumfact,affine,0.000000e+00,72,0,128,2146689,2097152,8586756,0,0.0000,n/a,20,1.715323925e-02,500.5909,3912.3143,122.2598,103.9208,0,0,0,5.048053297186e+00,1,1.000000,1,n/a,exact,on,1,0,0,0,0,5.417164800e-03,0.315810,0.000,,,,,,,
jac_rc_bnd_n128,nid006550,hex8,jac_action,packed,packed,sumfact,affine,0.000000e+00,72,1024,128,2146689,2097152,8586756,0,0.0000,n/a,20,9.862458706e-03,870.6506,6804.4760,212.6399,180.7439,0,0,0,5.048053297186e+00,1,1.000000,1,n/a,exact,on,1,0,0,0,0,1.637696000e-03,0.166054,0.000,,,,,,,
jac_rc_n128,nid006550,hex8,jac_action,atomic,atomic,sumfact,affine,0.000000e+00,72,0,128,2146689,2097152,8586756,0,0.0000,n/a,20,1.648451090e-02,520.8984,4071.0255,127.2195,108.1366,0,0,0,-3.078244039875e-13,1,1.000000,0,n/a,exact,off,1,0,0,0,0,5.258099200e-03,0.318972,0.000,,,,,,,
jac_rc_n128,nid006550,hex8,jac_action,packed,packed,sumfact,affine,0.000000e+00,72,1024,128,2146689,2097152,8586756,0,0.0000,n/a,20,9.298408031e-03,923.4652,7217.2423,225.5388,191.7080,0,0,0,-3.069362255678e-13,1,1.000000,0,n/a,exact,off,1,0,0,0,0,1.634483200e-03,0.175781,0.000,,,,,,,
residual_rc_perapply_n128,nid006550,hex8,residual,atomic,atomic,sumfact,affine,0.000000e+00,72,0,128,2146689,2097152,8586756,0,0.0000,n/a,20,1.494554281e-02,574.5362,4490.2259,140.3196,105.8009,0,0,0,1.381470350441e-13,1,1.000000,0,sumfact,on,off,0,1,0,0,0,,,0.000,,,,,,,
residual_rc_perapply_n128,nid006550,hex8,residual,packed,packed,sumfact,affine,0.000000e+00,72,1024,128,2146689,2097152,8586756,0,0.0000,n/a,20,6.677079201e-03,1286.0048,10050.6317,314.0822,236.8180,0,0,0,1.366482339608e-13,1,1.000000,0,sumfact,on,off,0,1,0,0,0,,,0.000,,,,,,,
residual_rc_bnd_dt_n128,nid006550,hex8,residual,atomic,atomic,sumfact,affine,0.000000e+00,72,0,128,2146689,2097152,8586756,0,0.0000,n/a,20,1.129331589e-02,760.3397,5942.3525,185.6985,140.0167,0,0,0,6.759329548060e+00,1,1.000000,1,sumfact,on,on,0,0,0,0,1,,,0.000,,,,,,,
residual_rc_bnd_dt_n128,nid006550,hex8,residual,packed,packed,sumfact,affine,0.000000e+00,72,1024,128,2146689,2097152,8586756,0,0.0000,n/a,20,6.874608994e-03,1249.0537,9761.8445,305.0576,230.0135,0,0,0,6.759412313613e+00,1,1.000000,1,sumfact,on,on,0,0,0,0,1,,,0.000,,,,,,,
residual_rc_bnd_n128,nid006550,hex8,residual,atomic,atomic,sumfact,affine,0.000000e+00,72,0,128,2146689,2097152,8586756,0,0.0000,n/a,20,1.087198257e-02,789.8059,6172.6427,192.8951,145.4429,0,0,0,3.727500000000e+00,1,1.000000,1,sumfact,on,on,0,0,0,0,0,,,0.000,,,,,,,
residual_rc_bnd_n128,nid006550,hex8,residual,packed,packed,sumfact,affine,0.000000e+00,72,1024,128,2146689,2097152,8586756,0,0.0000,n/a,20,6.174981594e-03,1390.5719,10867.8646,339.6208,256.0741,0,0,0,3.727500000000e+00,1,1.000000,1,sumfact,on,on,0,0,0,0,0,,,0.000,,,,,,,
residual_rc_n128,nid006550,hex8,residual,atomic,atomic,sumfact,affine,0.000000e+00,72,0,128,2146689,2097152,8586756,0,0.0000,n/a,20,1.026923656e-02,836.1630,6534.9419,204.2169,153.9796,0,0,0,1.381470350441e-13,1,1.000000,0,sumfact,on,off,0,0,0,0,0,,,0.000,,,,,,,
residual_rc_n128,nid006550,hex8,residual,packed,packed,sumfact,affine,0.000000e+00,72,1024,128,2146689,2097152,8586756,0,0.0000,n/a,20,5.614662170e-03,1529.3451,11952.4313,373.5135,281.6292,0,0,0,1.366482339608e-13,1,1.000000,0,sumfact,on,off,0,0,0,0,0,,,0.000,,,,,,,
residual_current_n128,nid006550,hex8,residual,packed,packed,current,affine,0.000000e+00,72,1024,128,2146689,2097152,8586756,0,0.0000,n/a,20,4.037809372e-03,2126.5878,16620.1170,519.3787,391.6115,0,0,0,1.366330009203e-13,0,0.000000,0,current,off,off,0,0,0,0,0,,,0.000,,,,,,,
residual_current_n128,nid006550,hex8,residual,atomic,atomic,current,affine,0.000000e+00,72,0,128,2146689,2097152,8586756,0,0.0000,n/a,20,9.816694260e-03,874.7095,6836.1978,213.6312,161.0779,0,0,0,1.381248631097e-13,0,0.000000,0,current,off,off,0,0,0,0,0,,,0.000,,,,,,,
jac_bare_n128,nid006550,hex8,jac_action,atomic,atomic,sumfact,affine,0.000000e+00,72,0,128,2146689,2097152,8586756,0,0.0000,n/a,20,8.746886253e-03,981.6929,7672.3147,239.7598,203.7959,0,0,0,-2.268767828771e-12,0,0.000000,0,n/a,off,off,0,0,0,0,0,,,0.000,,,,,,,
jac_bare_n128,nid006550,hex8,jac_action,packed,packed,sumfact,affine,0.000000e+00,72,1024,128,2146689,2097152,8586756,0,0.0000,n/a,20,4.407012463e-03,1948.4302,15227.7455,475.8670,404.4870,0,0,0,-2.268767828771e-12,0,0.000000,0,n/a,off,off,0,0,0,0,0,,,0.000,,,,,,,
residual_bare_n128,nid006550,hex8,residual,atomic,atomic,sumfact,affine,0.000000e+00,72,0,128,2146689,2097152,8586756,0,0.0000,n/a,20,7.900357246e-03,1086.8820,8494.4088,265.4503,200.1495,0,0,0,1.381469808340e-13,0,0.000000,0,sumfact,off,off,0,0,0,0,0,,,0.000,,,,,,,
residual_bare_n128,nid006550,hex8,residual,packed,packed,sumfact,affine,0.000000e+00,72,1024,128,2146689,2097152,8586756,0,0.0000,n/a,20,3.309249878e-03,2594.7741,20279.1770,633.7243,477.8281,0,0,0,1.366551186446e-13,0,0.000000,0,sumfact,off,off,0,0,0,0,0,,,0.000,,,,,,,
spmv_f32_n160,nid006550,hex8,bsr_apply,packed,n/a,sumfact,affine,0.000000e+00,72,2048,160,4173281,4096000,16693124,111284641,6792.2755,f32,20,1.917835474e-02,870.4148,0.0000,0.0000,0.0000,0,0,0,4.118532892879e-05,0,0.000000,0,n/a,off,off,0,0,0,0,0,,,0.000,,,,,,,
spmv_f64_n160,nid006550,hex8,bsr_apply,packed,n/a,sumfact,affine,0.000000e+00,72,2048,160,4173281,4096000,16693124,111284641,13584.5509,f64,20,3.737660646e-02,446.6196,0.0000,0.0000,0.0000,0,0,0,7.157881465282e-13,0,0.000000,0,n/a,off,off,0,0,0,0,0,,,0.000,,,,,,,
assemble_diag_n160,nid006550,hex8,assemble_diag,atomic,atomic,sumfact,affine,0.000000e+00,72,0,160,4173281,4096000,16693124,0,0.0000,n/a,20,1.467971563e-01,113.7156,892.8783,27.9024,21.0384,0,0,0,2.371982944015e+03,0,0.000000,0,n/a,off,off,0,0,0,0,0,,,0.000,,,,,,,
assemble_sympy_n160,nid006550,hex8,assemble,colored,colored,sympy,affine,0.000000e+00,72,2048,160,4173281,4096000,16693124,111284641,13584.5509,f64,20,1.672681570e-01,99.7986,783.6040,24.4876,56.4195,20,99,101,1.168506756832e-08,0,0.000000,0,sympy,off,off,0,0,0,0,0,,,0.000,,,,,,,
assemble_sympy_n160,nid006550,hex8,assemble,atomic,atomic,sympy,affine,0.000000e+00,72,0,160,4173281,4096000,16693124,111284641,13584.5509,f64,20,3.020695448e-01,55.2625,433.9133,13.5598,31.2418,0,0,0,1.167343591505e-08,0,0.000000,0,sympy,off,off,0,0,0,0,0,,,0.000,,,,,,,
assemble_n160,nid006550,hex8,assemble,store,store,sumfact,affine,0.000000e+00,72,2048,160,4173281,4096000,16693124,111284641,13584.5509,f64,20,2.343569517e-01,71.2295,559.2836,17.4776,40.2684,0,0,0,1.165429404451e-08,0,0.000000,0,sumfact,off,off,0,0,0,0,0,,,0.000,,,,,,,
assemble_n160,nid006550,hex8,assemble,colored,colored,sumfact,affine,0.000000e+00,72,2048,160,4173281,4096000,16693124,111284641,13584.5509,f64,20,1.575259686e-01,105.9706,832.0660,26.0021,59.9088,20,99,101,1.165426806529e-08,0,0.000000,0,sumfact,off,off,0,0,0,0,0,,,0.000,,,,,,,
assemble_n160,nid006550,hex8,assemble,atomic,atomic,sumfact,affine,0.000000e+00,72,0,160,4173281,4096000,16693124,111284641,13584.5509,f64,20,4.338646889e-01,38.4754,302.1034,9.4407,21.7514,0,0,0,1.164916721901e-08,0,0.000000,0,sumfact,off,off,0,0,0,0,0,,,0.000,,,,,,,
assemble_n160,nid006550,hex8,assemble,packed,packed,sumfact,affine,0.000000e+00,72,2048,160,4173281,4096000,16693124,111284641,13584.5509,f64,20,2.955502272e-01,56.4815,443.4847,13.8589,31.9309,0,0,0,1.165429404451e-08,0,0.000000,0,sumfact,off,off,0,0,0,0,0,,,0.000,,,,,,,
jac_rc_bnd_n160,nid006550,hex8,jac_action,atomic,atomic,sumfact,affine,0.000000e+00,72,0,160,4173281,4096000,16693124,0,0.0000,n/a,20,3.376507759e-02,494.3902,3881.8806,121.3088,103.1125,0,0,0,5.046148336219e+00,1,1.000000,1,n/a,exact,on,1,0,0,0,0,1.070120960e-02,0.316931,0.000,,,,,,,
jac_rc_bnd_n160,nid006550,hex8,jac_action,packed,packed,sumfact,affine,0.000000e+00,72,2048,160,4173281,4096000,16693124,0,0.0000,n/a,20,1.894091368e-02,881.3262,6920.0463,216.2514,183.8137,0,0,0,5.046148336219e+00,1,1.000000,1,n/a,exact,on,1,0,0,0,0,3.167488000e-03,0.167230,0.000,,,,,,,
jac_rc_n160,nid006550,hex8,jac_action,atomic,atomic,sumfact,affine,0.000000e+00,72,0,160,4173281,4096000,16693124,0,0.0000,n/a,20,3.314622641e-02,503.6206,3954.3566,123.5736,105.0376,0,0,0,-5.574049183918e-13,1,1.000000,0,n/a,exact,off,1,0,0,0,0,1.084392960e-02,0.327154,0.000,,,,,,,
jac_rc_n160,nid006550,hex8,jac_action,packed,packed,sumfact,affine,0.000000e+00,72,2048,160,4173281,4096000,16693124,0,0.0000,n/a,20,1.805156469e-02,924.7467,7260.9772,226.9055,192.8697,0,0,0,-5.547403831327e-13,1,1.000000,0,n/a,exact,off,1,0,0,0,0,3.139404800e-03,0.173913,0.000,,,,,,,
residual_rc_perapply_n160,nid006550,hex8,residual,atomic,atomic,sumfact,affine,0.000000e+00,72,0,160,4173281,4096000,16693124,0,0.0000,n/a,20,3.197544813e-02,522.0607,4099.1451,128.0983,96.5861,0,0,0,-7.109953901671e-14,1,1.000000,0,sumfact,on,off,0,1,0,0,0,,,0.000,,,,,,,
residual_rc_perapply_n160,nid006550,hex8,residual,packed,packed,sumfact,affine,0.000000e+00,72,2048,160,4173281,4096000,16693124,0,0.0000,n/a,20,1.391282082e-02,1199.8375,9420.9508,294.4047,221.9812,0,0,0,-6.590924637659e-14,1,1.000000,0,sumfact,on,off,0,1,0,0,0,,,0.000,,,,,,,
residual_rc_bnd_dt_n160,nid006550,hex8,residual,atomic,atomic,sumfact,affine,0.000000e+00,72,0,160,4173281,4096000,16693124,0,0.0000,n/a,20,2.304407358e-02,724.3999,5687.8832,177.7464,134.0207,0,0,0,6.759324573300e+00,1,1.000000,1,sumfact,on,on,0,0,0,0,1,,,0.000,,,,,,,
residual_rc_bnd_dt_n160,nid006550,hex8,residual,packed,packed,sumfact,affine,0.000000e+00,72,2048,160,4173281,4096000,16693124,0,0.0000,n/a,20,1.390539408e-02,1200.4783,9425.9824,294.5620,222.0997,0,0,0,6.759317416976e+00,1,1.000000,1,sumfact,on,on,0,0,0,0,1,,,0.000,,,,,,,
residual_rc_bnd_n160,nid006550,hex8,residual,atomic,atomic,sumfact,affine,0.000000e+00,72,0,160,4173281,4096000,16693124,0,0.0000,n/a,20,2.220662832e-02,751.7181,5902.3819,184.4494,139.0749,0,0,0,3.727500000000e+00,1,1.000000,1,sumfact,on,on,0,0,0,0,0,,,0.000,,,,,,,
residual_rc_bnd_n160,nid006550,hex8,residual,packed,packed,sumfact,affine,0.000000e+00,72,2048,160,4173281,4096000,16693124,0,0.0000,n/a,20,1.271452904e-02,1312.9172,10308.8364,322.1511,242.9020,0,0,0,3.727500000000e+00,1,1.000000,1,sumfact,on,on,0,0,0,0,0,,,0.000,,,,,,,
residual_rc_n160,nid006550,hex8,residual,atomic,atomic,sumfact,affine,0.000000e+00,72,0,160,4173281,4096000,16693124,0,0.0000,n/a,20,2.127876282e-02,784.4969,6159.7566,192.4924,145.1393,0,0,0,-7.109953901671e-14,1,1.000000,0,sumfact,on,off,0,0,0,0,0,,,0.000,,,,,,,
residual_rc_n160,nid006550,hex8,residual,packed,packed,sumfact,affine,0.000000e+00,72,2048,160,4173281,4096000,16693124,0,0.0000,n/a,20,1.180461645e-02,1414.1183,11103.4527,346.9829,261.6251,0,0,0,-6.590924637659e-14,1,1.000000,0,sumfact,on,off,0,0,0,0,0,,,0.000,,,,,,,
residual_current_n160,nid006550,hex8,residual,packed,packed,current,affine,0.000000e+00,72,2048,160,4173281,4096000,16693124,0,0.0000,n/a,20,7.889068127e-03,2115.9817,16614.3831,519.1995,391.4764,0,0,0,-6.568480297436e-14,0,0.000000,0,current,off,off,0,0,0,0,0,,,0.000,,,,,,,
residual_current_n160,nid006550,hex8,residual,atomic,atomic,current,affine,0.000000e+00,72,0,160,4173281,4096000,16693124,0,0.0000,n/a,20,2.005944252e-02,832.1828,6534.1796,204.1931,153.9616,0,0,0,-7.131918482433e-14,0,0.000000,0,current,off,off,0,0,0,0,0,,,0.000,,,,,,,
jac_bare_n160,nid006550,hex8,jac_action,atomic,atomic,sumfact,affine,0.000000e+00,72,0,160,4173281,4096000,16693124,0,0.0000,n/a,20,1.700643301e-02,981.5770,7707.2011,240.8500,204.7225,0,0,0,7.694581056301e-13,0,0.000000,0,n/a,off,off,0,0,0,0,0,,,0.000,,,,,,,
jac_bare_n160,nid006550,hex8,jac_action,packed,packed,sumfact,affine,0.000000e+00,72,2048,160,4173281,4096000,16693124,0,0.0000,n/a,20,8.968973160e-03,1861.2079,14613.9360,456.6855,388.1827,0,0,0,7.483083570110e-13,0,0.000000,0,n/a,off,off,0,0,0,0,0,,,0.000,,,,,,,
residual_bare_n160,nid006550,hex8,residual,atomic,atomic,sumfact,affine,0.000000e+00,72,0,160,4173281,4096000,16693124,0,0.0000,n/a,20,1.594772339e-02,1046.7403,8218.8534,256.8392,193.6567,0,0,0,-7.000232641816e-14,0,0.000000,0,sumfact,off,off,0,0,0,0,0,,,0.000,,,,,,,
residual_bare_n160,nid006550,hex8,residual,packed,packed,sumfact,affine,0.000000e+00,72,2048,160,4173281,4096000,16693124,0,0.0000,n/a,20,6.671166420e-03,2502.2797,19647.5386,613.9856,462.9451,0,0,0,-6.683819079797e-14,0,0.000000,0,sumfact,off,off,0,0,0,0,0,,,0.000,,,,,,,
residual_bare_n64,nid006550,hex8,residual,packed,packed,sumfact,affine,0.000000e+00,72,128,64,274625,262144,1098500,0,0.0000,n/a,20,3.930091858e-04,2795.1001,21344.5596,667.0175,502.9312,0,0,0,-1.235979634612e-14,0,0.000000,0,sumfact,off,off,0,0,0,0,0,,,0.000,,,,,,,
residual_bare_n64,nid006550,hex8,residual,atomic,atomic,sumfact,affine,0.000000e+00,72,0,64,274625,262144,1098500,0,0.0000,n/a,20,1.025605202e-03,1071.0749,8179.1785,255.5993,192.7219,0,0,0,-1.254020758762e-14,0,0.000000,0,sumfact,off,off,0,0,0,0,0,,,0.000,,,,,,,
jac_bare_n64,nid006550,hex8,jac_action,packed,packed,sumfact,affine,0.000000e+00,72,128,64,274625,262144,1098500,0,0.0000,n/a,20,5.206942558e-04,2109.6833,16110.4293,503.4509,427.9333,0,0,0,-1.151812315230e-12,0,0.000000,0,n/a,off,off,0,0,0,0,0,,,0.000,,,,,,,
jac_bare_n64,nid006550,hex8,jac_action,atomic,atomic,sumfact,affine,0.000000e+00,72,0,64,274625,262144,1098500,0,0.0000,n/a,20,1.252186298e-03,877.2656,6699.1693,209.3490,177.9467,0,0,0,-1.151479248323e-12,0,0.000000,0,n/a,off,off,0,0,0,0,0,,,0.000,,,,,,,
residual_current_n64,nid006550,hex8,residual,atomic,atomic,current,affine,0.000000e+00,72,0,64,274625,262144,1098500,0,0.0000,n/a,20,1.317322254e-03,833.8886,6367.9240,198.9976,150.0442,0,0,0,-1.240218865106e-14,0,0.000000,0,current,off,off,0,0,0,0,0,,,0.000,,,,,,,
residual_current_n64,nid006550,hex8,residual,packed,packed,current,affine,0.000000e+00,72,128,64,274625,262144,1098500,0,0.0000,n/a,20,5.186796188e-04,2117.8777,16173.0049,505.4064,381.0764,0,0,0,-1.272137777064e-14,0,0.000000,0,current,off,off,0,0,0,0,0,,,0.000,,,,,,,
residual_rc_n64,nid006550,hex8,residual,packed,packed,sumfact,affine,0.000000e+00,72,128,64,274625,262144,1098500,0,0.0000,n/a,20,6.596803665e-04,1665.2004,12716.1705,397.3803,299.6248,0,0,0,-1.282860536550e-14,1,1.000000,0,sumfact,on,off,0,0,0,0,0,,,0.000,,,,,,,
residual_rc_n64,nid006550,hex8,residual,atomic,atomic,sumfact,affine,0.000000e+00,72,0,64,274625,262144,1098500,0,0.0000,n/a,20,1.326763630e-03,827.9546,6322.6093,197.5815,148.9765,0,0,0,-1.256492739715e-14,1,1.000000,0,sumfact,on,off,0,0,0,0,0,,,0.000,,,,,,,
residual_rc_bnd_n64,nid006550,hex8,residual,packed,packed,sumfact,affine,0.000000e+00,72,128,64,274625,262144,1098500,0,0.0000,n/a,20,7.159829140e-04,1534.2545,11716.2125,366.1316,276.0633,0,0,0,3.727500000000e+00,1,1.000000,1,sumfact,on,on,0,0,0,0,0,,,0.000,,,,,,,
residual_rc_bnd_n64,nid006550,hex8,residual,atomic,atomic,sumfact,affine,0.000000e+00,72,0,64,274625,262144,1098500,0,0.0000,n/a,20,1.393496990e-03,788.3045,6019.8250,188.1195,141.8421,0,0,0,3.727500000000e+00,1,1.000000,1,sumfact,on,on,0,0,0,0,0,,,0.000,,,,,,,
residual_rc_bnd_dt_n64,nid006550,hex8,residual,packed,packed,sumfact,affine,0.000000e+00,72,128,64,274625,262144,1098500,0,0.0000,n/a,20,7.356286049e-04,1493.2807,11403.3195,356.3537,268.6907,0,0,0,6.759042994895e+00,1,1.000000,1,sumfact,on,on,0,0,0,0,1,,,0.000,,,,,,,
residual_rc_bnd_dt_n64,nid006550,hex8,residual,atomic,atomic,sumfact,affine,0.000000e+00,72,0,64,274625,262144,1098500,0,0.0000,n/a,20,1.406085491e-03,781.2469,5965.9303,186.4353,140.5722,0,0,0,6.759448953731e+00,1,1.000000,1,sumfact,on,on,0,0,0,0,1,,,0.000,,,,,,,
residual_rc_perapply_n64,nid006550,hex8,residual,packed,packed,sumfact,affine,0.000000e+00,72,128,64,274625,262144,1098500,0,0.0000,n/a,20,7.524847984e-04,1459.8302,11147.8770,348.3712,262.6719,0,0,0,-1.282860536550e-14,1,1.000000,0,sumfact,on,off,0,1,0,0,0,,,0.000,,,,,,,
residual_rc_perapply_n64,nid006550,hex8,residual,atomic,atomic,sumfact,affine,0.000000e+00,72,0,64,274625,262144,1098500,0,0.0000,n/a,20,1.978909969e-03,555.1036,4239.0044,132.4689,99.8815,0,0,0,-1.256492739715e-14,1,1.000000,0,sumfact,on,off,0,1,0,0,0,,,0.000,,,,,,,
jac_rc_n64,nid006550,hex8,jac_action,packed,packed,sumfact,affine,0.000000e+00,72,128,64,274625,262144,1098500,0,0.0000,n/a,20,9.848833084e-04,1115.3606,8517.3623,266.1676,226.2424,0,0,0,3.033959260039e-13,1,1.000000,0,n/a,exact,off,1,0,0,0,0,1.290240000e-04,0.131004,0.000,,,,,,,
jac_rc_n64,nid006550,hex8,jac_action,atomic,atomic,sumfact,affine,0.000000e+00,72,0,64,274625,262144,1098500,0,0.0000,n/a,20,2.202725410e-03,498.7004,3808.2858,119.0089,101.1576,0,0,0,2.991632007225e-13,1,1.000000,0,n/a,exact,off,1,0,0,0,0,7.870336000e-04,0.357300,0.000,,,,,,,
jac_rc_bnd_n64,nid006550,hex8,jac_action,packed,packed,sumfact,affine,0.000000e+00,72,128,64,274625,262144,1098500,0,0.0000,n/a,20,1.040983200e-03,1055.2524,8058.3510,251.8235,214.0499,0,0,0,5.047023127365e+00,1,1.000000,1,n/a,exact,on,1,0,0,0,0,1.307008000e-04,0.125555,0.000,,,,,,,
jac_rc_bnd_n64,nid006550,hex8,jac_action,atomic,atomic,sumfact,affine,0.000000e+00,72,0,64,274625,262144,1098500,0,0.0000,n/a,20,2.285838127e-03,480.5677,3669.8172,114.6818,97.4795,0,0,0,5.047023127365e+00,1,1.000000,1,n/a,exact,on,1,0,0,0,0,7.911296000e-04,0.346100,0.000,,,,,,,
assemble_n64,nid006550,hex8,assemble,packed,packed,sumfact,affine,0.000000e+00,72,128,64,274625,262144,1098500,7189057,877.5704,f64,20,1.222476959e-02,89.8585,686.1976,21.4437,49.4062,0,0,0,2.702547346339e-10,0,0.000000,0,sumfact,off,off,0,0,0,0,0,,,0.000,,,,,,,
assemble_n64,nid006550,hex8,assemble,atomic,atomic,sumfact,affine,0.000000e+00,72,0,64,274625,262144,1098500,7189057,877.5704,f64,20,2.794805765e-02,39.3051,300.1499,9.3797,21.6108,0,0,0,2.702932316173e-10,0,0.000000,0,sumfact,off,off,0,0,0,0,0,,,0.000,,,,,,,
assemble_n64,nid006550,hex8,assemble,colored,colored,sumfact,affine,0.000000e+00,72,128,64,274625,262144,1098500,7189057,877.5704,f64,20,1.144787073e-02,95.9567,732.7658,22.8989,52.7591,14,146,147,2.702547346339e-10,0,0.000000,0,sumfact,off,off,0,0,0,0,0,,,0.000,,,,,,,
assemble_n64,nid006550,hex8,assemble,store,store,sumfact,affine,0.000000e+00,72,128,64,274625,262144,1098500,7189057,877.5704,f64,20,9.097158909e-03,120.7520,922.1129,28.8160,66.3921,0,0,0,2.702547346339e-10,0,0.000000,0,sumfact,off,off,0,0,0,0,0,,,0.000,,,,,,,
assemble_sympy_n64,nid006550,hex8,assemble,atomic,atomic,sympy,affine,0.000000e+00,72,0,64,274625,262144,1098500,7189057,877.5704,f64,20,1.962094307e-02,55.9861,427.5334,13.3604,30.7824,0,0,0,2.702932318341e-10,0,0.000000,0,sympy,off,off,0,0,0,0,0,,,0.000,,,,,,,
assemble_sympy_n64,nid006550,hex8,assemble,colored,colored,sympy,affine,0.000000e+00,72,128,64,274625,262144,1098500,7189057,877.5704,f64,20,1.197440624e-02,91.7373,700.5448,21.8920,50.4392,14,146,147,2.702547348507e-10,0,0.000000,0,sympy,off,off,0,0,0,0,0,,,0.000,,,,,,,
assemble_diag_n64,nid006550,hex8,assemble_diag,atomic,atomic,sumfact,affine,0.000000e+00,72,0,64,274625,262144,1098500,0,0.0000,n/a,20,1.034395695e-02,106.1973,810.9670,25.3427,19.1084,0,0,0,5.801523603040e+02,0,0.000000,0,n/a,off,off,0,0,0,0,0,,,0.000,,,,,,,
spmv_f64_n64,nid006550,hex8,bsr_apply,packed,n/a,sumfact,affine,0.000000e+00,72,128,64,274625,262144,1098500,7189057,877.5704,f64,20,2.280282974e-03,481.7385,0.0000,0.0000,0.0000,0,0,0,-1.151445421215e-12,0,0.000000,0,n/a,off,off,0,0,0,0,0,,,0.000,,,,,,,
spmv_f32_n64,nid006550,hex8,bsr_apply,packed,n/a,sumfact,affine,0.000000e+00,72,128,64,274625,262144,1098500,7189057,438.7852,f32,20,1.100456715e-03,998.2219,0.0000,0.0000,0.0000,0,0,0,1.266337291522e-05,0,0.000000,0,n/a,off,off,0,0,0,0,0,,,0.000,,,,,,,
residual_bare_n96,nid006550,hex8,residual,packed,packed,sumfact,affine,0.000000e+00,72,512,96,912673,884736,3650692,0,0.0000,n/a,20,1.266896725e-03,2881.6019,22347.1665,698.3490,526.5551,0,0,0,9.553718493399e-14,0,0.000000,0,sumfact,off,off,0,0,0,0,0,,,0.000,,,,,,,
residual_bare_n96,nid006550,hex8,residual,atomic,atomic,sumfact,affine,0.000000e+00,72,0,96,912673,884736,3650692,0,0.0000,n/a,20,3.255987167e-03,1121.2243,8695.2284,271.7259,204.8813,0,0,0,9.868744276637e-14,0,0.000000,0,sumfact,off,off,0,0,0,0,0,,,0.000,,,,,,,
jac_bare_n96,nid006550,hex8,jac_action,packed,packed,sumfact,affine,0.000000e+00,72,512,96,912673,884736,3650692,0,0.0000,n/a,20,1.748454571e-03,2087.9536,16192.3292,506.0103,430.1087,0,0,0,-2.009048702682e-12,0,0.000000,0,n/a,off,off,0,0,0,0,0,,,0.000,,,,,,,
jac_bare_n96,nid006550,hex8,jac_action,atomic,atomic,sumfact,affine,0.000000e+00,72,0,96,912673,884736,3650692,0,0.0000,n/a,20,3.743660450e-03,975.1664,7562.5320,236.3291,200.8798,0,0,0,-1.946265590640e-12,0,0.000000,0,n/a,off,off,0,0,0,0,0,,,0.000,,,,,,,
residual_current_n96,nid006550,hex8,residual,atomic,atomic,current,affine,0.000000e+00,72,0,96,912673,884736,3650692,0,0.0000,n/a,20,4.126024246e-03,884.7965,6861.7028,214.4282,161.6789,0,0,0,1.028125609821e-13,0,0.000000,0,current,off,off,0,0,0,0,0,,,0.000,,,,,,,
residual_current_n96,nid006550,hex8,residual,packed,packed,current,affine,0.000000e+00,72,512,96,912673,884736,3650692,0,0.0000,n/a,20,1.631855965e-03,2237.1411,17349.2959,542.1655,408.7928,0,0,0,1.028819499212e-13,0,0.000000,0,current,off,off,0,0,0,0,0,,,0.000,,,,,,,
residual_rc_n96,nid006550,hex8,residual,packed,packed,sumfact,affine,0.000000e+00,72,512,96,912673,884736,3650692,0,0.0000,n/a,20,2.373909950e-03,1537.8393,11926.1272,372.6915,281.0094,0,0,0,1.003804244587e-13,1,1.000000,0,sumfact,on,off,0,0,0,0,0,,,0.000,,,,,,,
residual_rc_n96,nid006550,hex8,residual,atomic,atomic,sumfact,affine,0.000000e+00,72,0,96,912673,884736,3650692,0,0.0000,n/a,20,4.539537430e-03,804.1991,6236.6601,194.8956,146.9513,0,0,0,1.025453593567e-13,1,1.000000,0,sumfact,on,off,0,0,0,0,0,,,0.000,,,,,,,
residual_rc_bnd_n96,nid006550,hex8,residual,packed,packed,sumfact,affine,0.000000e+00,72,512,96,912673,884736,3650692,0,0.0000,n/a,20,2.628207207e-03,1389.0427,10772.1918,336.6310,253.8198,0,0,0,3.727500000000e+00,1,1.000000,1,sumfact,on,on,0,0,0,0,0,,,0.000,,,,,,,
residual_rc_bnd_n96,nid006550,hex8,residual,atomic,atomic,sumfact,affine,0.000000e+00,72,0,96,912673,884736,3650692,0,0.0000,n/a,20,4.554617405e-03,801.5365,6216.0110,194.2503,146.4648,0,0,0,3.727500000000e+00,1,1.000000,1,sumfact,on,on,0,0,0,0,0,,,0.000,,,,,,,
residual_rc_bnd_dt_n96,nid006550,hex8,residual,packed,packed,sumfact,affine,0.000000e+00,72,512,96,912673,884736,3650692,0,0.0000,n/a,20,2.768552303e-03,1318.6285,10226.1214,319.5663,240.9530,0,0,0,6.759195490287e+00,1,1.000000,1,sumfact,on,on,0,0,0,0,1,,,0.000,,,,,,,
residual_rc_bnd_dt_n96,nid006550,hex8,residual,atomic,atomic,sumfact,affine,0.000000e+00,72,0,96,912673,884736,3650692,0,0.0000,n/a,20,4.702281952e-03,776.3660,6020.8112,188.1504,141.8654,0,0,0,6.759287405709e+00,1,1.000000,1,sumfact,on,on,0,0,0,0,1,,,0.000,,,,,,,
residual_rc_perapply_n96,nid006550,hex8,residual,packed,packed,sumfact,affine,0.000000e+00,72,512,96,912673,884736,3650692,0,0.0000,n/a,20,2.764689922e-03,1320.4707,10240.4077,320.0127,241.2896,0,0,0,1.003804244587e-13,1,1.000000,0,sumfact,on,off,0,1,0,0,0,,,0.000,,,,,,,
residual_rc_perapply_n96,nid006550,hex8,residual,atomic,atomic,sumfact,affine,0.000000e+00,72,0,96,912673,884736,3650692,0,0.0000,n/a,20,6.326186657e-03,577.0762,4475.2951,139.8530,105.4491,0,0,0,1.025453593567e-13,1,1.000000,0,sumfact,on,off,0,1,0,0,0,,,0.000,,,,,,,
jac_rc_n96,nid006550,hex8,jac_action,packed,packed,sumfact,affine,0.000000e+00,72,512,96,912673,884736,3650692,0,0.0000,n/a,20,3.787314892e-03,963.9262,7475.3626,233.6051,198.5643,0,0,0,2.763892901440e-13,1,1.000000,0,n/a,exact,off,1,0,0,0,0,6.510720000e-04,0.171909,0.000,,,,,,,
jac_rc_n96,nid006550,hex8,jac_action,atomic,atomic,sumfact,affine,0.000000e+00,72,0,96,912673,884736,3650692,0,0.0000,n/a,20,7.061898708e-03,516.9562,4009.0567,125.2830,106.4906,0,0,0,2.773607352905e-13,1,1.000000,0,n/a,exact,off,1,0,0,0,0,2.321203200e-03,0.328694,0.000,,,,,,,
jac_rc_bnd_n96,nid006550,hex8,jac_action,packed,packed,sumfact,affine,0.000000e+00,72,512,96,912673,884736,3650692,0,0.0000,n/a,20,4.085910320e-03,893.4831,6929.0684,216.5334,184.0534,0,0,0,5.047058237368e+00,1,1.000000,1,n/a,exact,on,1,0,0,0,0,6.607872000e-04,0.161723,0.000,,,,,,,
jac_rc_bnd_n96,nid006550,hex8,jac_action,atomic,atomic,sumfact,affine,0.000000e+00,72,0,96,912673,884736,3650692,0,0.0000,n/a,20,7.321548462e-03,498.6229,3866.8804,120.8400,102.7140,0,0,0,5.047058237368e+00,1,1.000000,1,n/a,exact,on,1,0,0,0,0,2.323955200e-03,0.317413,0.000,,,,,,,
assemble_n96,nid006550,hex8,assemble,packed,packed,sumfact,affine,0.000000e+00,72,512,96,912673,884736,3650692,24137569,2946.4806,f64,20,6.174640656e-02,59.1240,458.5134,14.3285,33.0130,0,0,0,7.386596588159e-11,0,0.000000,0,sumfact,off,off,0,0,0,0,0,,,0.000,,,,,,,
assemble_n96,nid006550,hex8,assemble,atomic,atomic,sumfact,affine,0.000000e+00,72,0,96,912673,884736,3650692,24137569,2946.4806,f64,20,9.336050749e-02,39.1032,303.2498,9.4766,21.8340,0,0,0,7.342422201788e-11,0,0.000000,0,sumfact,off,off,0,0,0,0,0,,,0.000,,,,,,,
assemble_n96,nid006550,hex8,assemble,colored,colored,sumfact,affine,0.000000e+00,72,512,96,912673,884736,3650692,24137569,2946.4806,f64,20,3.735674620e-02,97.7251,757.8699,23.6834,54.5666,19,90,91,7.389472065792e-11,0,0.000000,0,sumfact,off,off,0,0,0,0,0,,,0.000,,,,,,,
assemble_n96,nid006550,hex8,assemble,store,store,sumfact,affine,0.000000e+00,72,512,96,912673,884736,3650692,24137569,2946.4806,f64,20,4.336761236e-02,84.1801,652.8271,20.4008,47.0036,0,0,0,7.386596588159e-11,0,0.000000,0,sumfact,off,off,0,0,0,0,0,,,0.000,,,,,,,
assemble_sympy_n96,nid006550,hex8,assemble,atomic,atomic,sympy,affine,0.000000e+00,72,0,96,912673,884736,3650692,24137569,2946.4806,f64,20,6.543087959e-02,55.7946,432.6940,13.5217,31.1540,0,0,0,6.578006241380e-11,0,0.000000,0,sympy,off,off,0,0,0,0,0,,,0.000,,,,,,,
assemble_sympy_n96,nid006550,hex8,assemble,colored,colored,sympy,affine,0.000000e+00,72,512,96,912673,884736,3650692,24137569,2946.4806,f64,20,4.046504498e-02,90.2184,699.6545,21.8642,50.3751,19,90,91,6.632765216512e-11,0,0.000000,0,sympy,off,off,0,0,0,0,0,,,0.000,,,,,,,
assemble_diag_n96,nid006550,hex8,assemble_diag,atomic,atomic,sumfact,affine,0.000000e+00,72,0,96,912673,884736,3650692,0,0.0000,n/a,20,3.263038397e-02,111.8801,867.6439,27.1139,20.4439,0,0,0,1.054549351220e+03,0,0.000000,0,n/a,off,off,0,0,0,0,0,,,0.000,,,,,,,
spmv_f64_n96,nid006550,hex8,bsr_apply,packed,n/a,sumfact,affine,0.000000e+00,72,512,96,912673,884736,3650692,24137569,2946.4806,f64,20,8.182919025e-03,446.1357,0.0000,0.0000,0.0000,0,0,0,-2.227890574390e-12,0,0.000000,0,n/a,off,off,0,0,0,0,0,,,0.000,,,,,,,
spmv_f32_n96,nid006550,hex8,bsr_apply,packed,n/a,sumfact,affine,0.000000e+00,72,512,96,912673,884736,3650692,24137569,1473.2403,f32,20,4.284155369e-03,852.1381,0.0000,0.0000,0.0000,0,0,0,-1.159811748818e-06,0,0.000000,0,n/a,off,off,0,0,0,0,0,,,0.000,,,,,,,
residual_bare_n128,nid006550,hex8,residual,packed,packed,sumfact,affine,0.000000e+00,72,1024,128,2146689,2097152,8586756,0,0.0000,n/a,20,3.282701969e-03,2615.7586,20443.1790,638.8493,481.6924,0,0,0,1.366551186446e-13,0,0.000000,0,sumfact,off,off,0,0,0,0,0,,,0.000,,,,,,,
residual_bare_n128,nid006550,hex8,residual,atomic,atomic,sumfact,affine,0.000000e+00,72,0,128,2146689,2097152,8586756,0,0.0000,n/a,20,7.889306545e-03,1088.4044,8506.3071,265.8221,200.4299,0,0,0,1.381469808340e-13,0,0.000000,0,sumfact,off,off,0,0,0,0,0,,,0.000,,,,,,,
jac_bare_n128,nid006550,hex8,jac_action,packed,packed,sumfact,affine,0.000000e+00,72,1024,128,2146689,2097152,8586756,0,0.0000,n/a,20,4.406070709e-03,1948.8466,15231.0002,475.9688,404.5734,0,0,0,-2.268767828771e-12,0,0.000000,0,n/a,off,off,0,0,0,0,0,,,0.000,,,,,,,
jac_bare_n128,nid006550,hex8,jac_action,atomic,atomic,sumfact,affine,0.000000e+00,72,0,128,2146689,2097152,8586756,0,0.0000,n/a,20,8.713352680e-03,985.4710,7701.8418,240.6826,204.5802,0,0,0,-2.268767828771e-12,0,0.000000,0,n/a,off,off,0,0,0,0,0,,,0.000,,,,,,,
residual_current_n128,nid006550,hex8,residual,atomic,atomic,current,affine,0.000000e+00,72,0,128,2146689,2097152,8586756,0,0.0000,n/a,20,9.766387939e-03,879.2151,6871.4108,214.7316,161.9076,0,0,0,1.381248631097e-13,0,0.000000,0,current,off,off,0,0,0,0,0,,,0.000,,,,,,,
residual_current_n128,nid006550,hex8,residual,packed,packed,current,affine,0.000000e+00,72,1024,128,2146689,2097152,8586756,0,0.0000,n/a,20,4.036080837e-03,2127.4985,16627.2349,519.6011,391.7792,0,0,0,1.366330009203e-13,0,0.000000,0,current,off,off,0,0,0,0,0,,,0.000,,,,,,,
residual_rc_n128,nid006550,hex8,residual,packed,packed,sumfact,affine,0.000000e+00,72,1024,128,2146689,2097152,8586756,0,0.0000,n/a,20,5.591857433e-03,1535.5821,12001.1758,375.0367,282.7777,0,0,0,1.366482339608e-13,1,1.000000,0,sumfact,on,off,0,0,0,0,0,,,0.000,,,,,,,
residual_rc_n128,nid006550,hex8,residual,atomic,atomic,sumfact,affine,0.000000e+00,72,0,128,2146689,2097152,8586756,0,0.0000,n/a,20,1.026771069e-02,836.2873,6535.9130,204.2473,154.0025,0,0,0,1.381470350441e-13,1,1.000000,0,sumfact,on,off,0,0,0,0,0,,,0.000,,,,,,,
residual_rc_bnd_n128,nid006550,hex8,residual,packed,packed,sumfact,affine,0.000000e+00,72,1024,128,2146689,2097152,8586756,0,0.0000,n/a,20,6.132435799e-03,1400.2195,10943.2640,341.9770,257.8507,0,0,0,3.727500000000e+00,1,1.000000,1,sumfact,on,on,0,0,0,0,0,,,0.000,,,,,,,
residual_rc_bnd_n128,nid006550,hex8,residual,atomic,atomic,sumfact,affine,0.000000e+00,72,0,128,2146689,2097152,8586756,0,0.0000,n/a,20,1.085422039e-02,791.0984,6182.7438,193.2107,145.6809,0,0,0,3.727500000000e+00,1,1.000000,1,sumfact,on,on,0,0,0,0,0,,,0.000,,,,,,,
residual_rc_bnd_dt_n128,nid006550,hex8,residual,packed,packed,sumfact,affine,0.000000e+00,72,1024,128,2146689,2097152,8586756,0,0.0000,n/a,20,6.778252125e-03,1266.8098,9900.6149,309.3942,233.2832,0,0,0,6.759412313613e+00,1,1.000000,1,sumfact,on,on,0,0,0,0,1,,,0.000,,,,,,,
residual_rc_bnd_dt_n128,nid006550,hex8,residual,atomic,atomic,sumfact,affine,0.000000e+00,72,0,128,2146689,2097152,8586756,0,0.0000,n/a,20,1.129508018e-02,760.2209,5941.4243,185.6695,139.9948,0,0,0,6.759329548060e+00,1,1.000000,1,sumfact,on,on,0,0,0,0,1,,,0.000,,,,,,,
residual_rc_perapply_n128,nid006550,hex8,residual,packed,packed,sumfact,affine,0.000000e+00,72,1024,128,2146689,2097152,8586756,0,0.0000,n/a,20,6.671142578e-03,1287.1492,10059.5757,314.3617,237.0288,0,0,0,1.366482339608e-13,1,1.000000,0,sumfact,on,off,0,1,0,0,0,,,0.000,,,,,,,
residual_rc_perapply_n128,nid006550,hex8,residual,atomic,atomic,sumfact,affine,0.000000e+00,72,0,128,2146689,2097152,8586756,0,0.0000,n/a,20,1.486498117e-02,577.6500,4514.5610,141.0800,106.3743,0,0,0,1.381470350441e-13,1,1.000000,0,sumfact,on,off,0,1,0,0,0,,,0.000,,,,,,,
jac_rc_n128,nid006550,hex8,jac_action,packed,packed,sumfact,affine,0.000000e+00,72,1024,128,2146689,2097152,8586756,0,0.0000,n/a,20,9.286713600e-03,924.6281,7226.3307,225.8228,191.9494,0,0,0,-3.069362255678e-13,1,1.000000,0,n/a,exact,off,1,0,0,0,0,1.632742400e-03,0.175815,0.000,,,,,,,
jac_rc_n128,nid006550,hex8,jac_action,atomic,atomic,sumfact,affine,0.000000e+00,72,0,128,2146689,2097152,8586756,0,0.0000,n/a,20,1.649336815e-02,520.6187,4068.8393,127.1512,108.0785,0,0,0,-3.078244039875e-13,1,1.000000,0,n/a,exact,off,1,0,0,0,0,5.254720000e-03,0.318596,0.000,,,,,,,
jac_rc_bnd_n128,nid006550,hex8,jac_action,packed,packed,sumfact,affine,0.000000e+00,72,1024,128,2146689,2097152,8586756,0,0.0000,n/a,20,9.894573689e-03,867.8248,6782.3906,211.9497,180.1573,0,0,0,5.048053297186e+00,1,1.000000,1,n/a,exact,on,1,0,0,0,0,1.635174400e-03,0.165260,0.000,,,,,,,
jac_rc_bnd_n128,nid006550,hex8,jac_action,atomic,atomic,sumfact,affine,0.000000e+00,72,0,128,2146689,2097152,8586756,0,0.0000,n/a,20,1.713924408e-02,500.9997,3915.5090,122.3597,104.0057,0,0,0,5.048053297186e+00,1,1.000000,1,n/a,exact,on,1,0,0,0,0,5.569190400e-03,0.324938,0.000,,,,,,,
assemble_n128,nid006550,hex8,assemble,packed,packed,sumfact,affine,0.000000e+00,72,1024,128,2146689,2097152,8586756,57066625,6966.1407,f64,20,1.507889390e-01,56.9455,445.0516,13.9079,32.0437,0,0,0,-3.076235482948e-08,0,0.000000,0,sumfact,off,off,0,0,0,0,0,,,0.000,,,,,,,
assemble_n128,nid006550,hex8,assemble,atomic,atomic,sumfact,affine,0.000000e+00,72,0,128,2146689,2097152,8586756,57066625,6966.1407,f64,20,2.209293127e-01,38.8665,303.7572,9.4924,21.8705,0,0,0,-3.076550014682e-08,0,0.000000,0,sumfact,off,off,0,0,0,0,0,,,0.000,,,,,,,
assemble_n128,nid006550,hex8,assemble,colored,colored,sumfact,affine,0.000000e+00,72,1024,128,2146689,2097152,8586756,57066625,6966.1407,f64,20,8.160374165e-02,105.2250,822.3748,25.6992,59.2110,14,146,147,-3.076235482948e-08,0,0.000000,0,sumfact,off,off,0,0,0,0,0,,,0.000,,,,,,,
assemble_n128,nid006550,hex8,assemble,store,store,sumfact,affine,0.000000e+00,72,1024,128,2146689,2097152,8586756,57066625,6966.1407,f64,20,1.087133884e-01,78.9853,617.3008,19.2907,44.4457,0,0,0,-3.076235482948e-08,0,0.000000,0,sumfact,off,off,0,0,0,0,0,,,0.000,,,,,,,
assemble_sympy_n128,nid006550,hex8,assemble,atomic,atomic,sympy,affine,0.000000e+00,72,0,128,2146689,2097152,8586756,57066625,6966.1407,f64,20,1.555954099e-01,55.1864,431.3036,13.4782,31.0539,0,0,0,-3.076550013728e-08,0,0.000000,0,sympy,off,off,0,0,0,0,0,,,0.000,,,,,,,
assemble_sympy_n128,nid006550,hex8,assemble,colored,colored,sympy,affine,0.000000e+00,72,1024,128,2146689,2097152,8586756,57066625,6966.1407,f64,20,8.799177408e-02,97.5859,762.6720,23.8335,54.9124,14,146,147,-3.076235482687e-08,0,0.000000,0,sympy,off,off,0,0,0,0,0,,,0.000,,,,,,,
assemble_diag_n128,nid006550,hex8,assemble_diag,atomic,atomic,sumfact,affine,0.000000e+00,72,0,128,2146689,2097152,8586756,0,0.0000,n/a,20,7.582885027e-02,113.2386,885.0044,27.6564,20.8529,0,0,0,1.651826180067e+03,0,0.000000,0,n/a,off,off,0,0,0,0,0,,,0.000,,,,,,,
spmv_f64_n128,nid006550,hex8,bsr_apply,packed,n/a,sumfact,affine,0.000000e+00,72,1024,128,2146689,2097152,8586756,57066625,6966.1407,f64,20,1.927069426e-02,445.5862,0.0000,0.0000,0.0000,0,0,0,-2.271657308876e-12,0,0.000000,0,n/a,off,off,0,0,0,0,0,,,0.000,,,,,,,
spmv_f32_n128,nid006550,hex8,bsr_apply,packed,n/a,sumfact,affine,0.000000e+00,72,1024,128,2146689,2097152,8586756,57066625,3483.0704,f32,20,1.075147390e-02,798.6585,0.0000,0.0000,0.0000,0,0,0,4.661746579456e-05,0,0.000000,0,n/a,off,off,0,0,0,0,0,,,0.000,,,,,,,
residual_bare_n160,nid006550,hex8,residual,packed,packed,sumfact,affine,0.000000e+00,72,2048,160,4173281,4096000,16693124,0,0.0000,n/a,20,6.573653221e-03,2539.3983,19938.9891,623.0934,469.8124,0,0,0,-6.683819079797e-14,0,0.000000,0,sumfact,off,off,0,0,0,0,0,,,0.000,,,,,,,
residual_bare_n160,nid006550,hex8,residual,atomic,atomic,sumfact,affine,0.000000e+00,72,0,160,4173281,4096000,16693124,0,0.0000,n/a,20,1.567013264e-02,1065.2829,8364.4474,261.3890,197.0873,0,0,0,-7.000232641816e-14,0,0.000000,0,sumfact,off,off,0,0,0,0,0,,,0.000,,,,,,,
jac_bare_n160,nid006550,hex8,jac_action,packed,packed,sumfact,affine,0.000000e+00,72,2048,160,4173281,4096000,16693124,0,0.0000,n/a,20,8.957183361e-03,1863.6577,14633.1715,457.2866,388.6936,0,0,0,7.483083570110e-13,0,0.000000,0,n/a,off,off,0,0,0,0,0,,,0.000,,,,,,,
jac_bare_n160,nid006550,hex8,jac_action,atomic,atomic,sumfact,affine,0.000000e+00,72,0,160,4173281,4096000,16693124,0,0.0000,n/a,20,1.706024408e-02,978.4810,7682.8913,240.0904,204.0768,0,0,0,7.694581056301e-13,0,0.000000,0,n/a,off,off,0,0,0,0,0,,,0.000,,,,,,,
residual_current_n160,nid006550,hex8,residual,atomic,atomic,current,affine,0.000000e+00,72,0,160,4173281,4096000,16693124,0,0.0000,n/a,20,2.028473616e-02,822.9402,6461.6073,201.9252,152.2516,0,0,0,-7.131918482433e-14,0,0.000000,0,current,off,off,0,0,0,0,0,,,0.000,,,,,,,
residual_current_n160,nid006550,hex8,residual,packed,packed,current,affine,0.000000e+00,72,2048,160,4173281,4096000,16693124,0,0.0000,n/a,20,7.818007469e-03,2135.2146,16765.3971,523.9187,395.0347,0,0,0,-6.568480297436e-14,0,0.000000,0,current,off,off,0,0,0,0,0,,,0.000,,,,,,,
residual_rc_n160,nid006550,hex8,residual,packed,packed,sumfact,affine,0.000000e+00,72,2048,160,4173281,4096000,16693124,0,0.0000,n/a,20,1.183789968e-02,1410.1424,11072.2344,346.0073,260.8895,0,0,0,-6.590924637659e-14,1,1.000000,0,sumfact,on,off,0,0,0,0,0,,,0.000,,,,,,,
residual_rc_n160,nid006550,hex8,residual,atomic,atomic,sumfact,affine,0.000000e+00,72,0,160,4173281,4096000,16693124,0,0.0000,n/a,20,2.137515545e-02,780.9592,6131.9788,191.6243,144.4848,0,0,0,-7.109953901671e-14,1,1.000000,0,sumfact,on,off,0,0,0,0,0,,,0.000,,,,,,,
residual_rc_bnd_n160,nid006550,hex8,residual,packed,packed,sumfact,affine,0.000000e+00,72,2048,160,4173281,4096000,16693124,0,0.0000,n/a,20,1.275016069e-02,1309.2481,10280.0273,321.2509,242.2231,0,0,0,3.727500000000e+00,1,1.000000,1,sumfact,on,on,0,0,0,0,0,,,0.000,,,,,,,
residual_rc_bnd_n160,nid006550,hex8,residual,atomic,atomic,sumfact,affine,0.000000e+00,72,0,160,4173281,4096000,16693124,0,0.0000,n/a,20,2.315582037e-02,720.9040,5660.4343,176.8886,133.3740,0,0,0,3.727500000000e+00,1,1.000000,1,sumfact,on,on,0,0,0,0,0,,,0.000,,,,,,,
residual_rc_bnd_dt_n160,nid006550,hex8,residual,packed,packed,sumfact,affine,0.000000e+00,72,2048,160,4173281,4096000,16693124,0,0.0000,n/a,20,1.401205063e-02,1191.3405,9354.2340,292.3198,220.4091,0,0,0,6.759317416976e+00,1,1.000000,1,sumfact,on,on,0,0,0,0,1,,,0.000,,,,,,,
residual_rc_bnd_dt_n160,nid006550,hex8,residual,atomic,atomic,sumfact,affine,0.000000e+00,72,0,160,4173281,4096000,16693124,0,0.0000,n/a,20,2.324212790e-02,718.2270,5639.4148,176.2317,132.8787,0,0,0,6.759324573300e+00,1,1.000000,1,sumfact,on,on,0,0,0,0,1,,,0.000,,,,,,,
residual_rc_perapply_n160,nid006550,hex8,residual,packed,packed,sumfact,affine,0.000000e+00,72,2048,160,4173281,4096000,16693124,0,0.0000,n/a,20,1.391153336e-02,1199.9485,9421.8226,294.4320,222.0017,0,0,0,-6.590924637659e-14,1,1.000000,0,sumfact,on,off,0,1,0,0,0,,,0.000,,,,,,,
residual_rc_perapply_n160,nid006550,hex8,residual,atomic,atomic,sumfact,affine,0.000000e+00,72,0,160,4173281,4096000,16693124,0,0.0000,n/a,20,3.185362816e-02,524.0572,4114.8217,128.5882,96.9555,0,0,0,-7.109953901671e-14,1,1.000000,0,sumfact,on,off,0,1,0,0,0,,,0.000,,,,,,,
jac_rc_n160,nid006550,hex8,jac_action,packed,packed,sumfact,affine,0.000000e+00,72,2048,160,4173281,4096000,16693124,0,0.0000,n/a,20,1.836197376e-02,909.1138,7138.2304,223.0697,189.6092,0,0,0,-5.547403831327e-13,1,1.000000,0,n/a,exact,off,1,0,0,0,0,3.187571200e-03,0.173596,0.000,,,,,,,
jac_rc_n160,nid006550,hex8,jac_action,atomic,atomic,sumfact,affine,0.000000e+00,72,0,160,4173281,4096000,16693124,0,0.0000,n/a,20,3.310685158e-02,504.2196,3959.0596,123.7206,105.1625,0,0,0,-5.574049183918e-13,1,1.000000,0,n/a,exact,off,1,0,0,0,0,1.077895680e-02,0.325581,0.000,,,,,,,
jac_rc_bnd_n160,nid006550,hex8,jac_action,packed,packed,sumfact,affine,0.000000e+00,72,2048,160,4173281,4096000,16693124,0,0.0000,n/a,20,1.902843714e-02,877.2725,6888.2168,215.2568,182.9683,0,0,0,5.046148336219e+00,1,1.000000,1,n/a,exact,on,1,0,0,0,0,3.154188800e-03,0.165762,0.000,,,,,,,
jac_rc_bnd_n160,nid006550,hex8,jac_action,atomic,atomic,sumfact,affine,0.000000e+00,72,0,160,4173281,4096000,16693124,0,0.0000,n/a,20,3.393553495e-02,491.9069,3862.3820,120.6994,102.5945,0,0,0,5.046148336219e+00,1,1.000000,1,n/a,exact,on,1,0,0,0,0,1.069043200e-02,0.315022,0.000,,,,,,,
assemble_n160,nid006550,hex8,assemble,packed,packed,sumfact,affine,0.000000e+00,72,2048,160,4173281,4096000,16693124,111284641,13584.5509,f64,20,2.969906092e-01,56.2076,441.3338,13.7917,31.7760,0,0,0,1.165429404451e-08,0,0.000000,0,sumfact,off,off,0,0,0,0,0,,,0.000,,,,,,,
assemble_n160,nid006550,hex8,assemble,atomic,atomic,sumfact,affine,0.000000e+00,72,0,160,4173281,4096000,16693124,111284641,13584.5509,f64,20,4.304419041e-01,38.7814,304.5057,9.5158,21.9244,0,0,0,1.164916721901e-08,0,0.000000,0,sumfact,off,off,0,0,0,0,0,,,0.000,,,,,,,
assemble_n160,nid006550,hex8,assemble,colored,colored,sumfact,affine,0.000000e+00,72,2048,160,4173281,4096000,16693124,111284641,13584.5509,f64,20,1.597629189e-01,104.4868,820.4157,25.6380,59.0699,20,99,101,1.165426806529e-08,0,0.000000,0,sumfact,off,off,0,0,0,0,0,,,0.000,,,,,,,
assemble_n160,nid006550,hex8,assemble,store,store,sumfact,affine,0.000000e+00,72,2048,160,4173281,4096000,16693124,111284641,13584.5509,f64,20,2.337686896e-01,71.4087,560.6910,17.5216,40.3698,0,0,0,1.165429404451e-08,0,0.000000,0,sumfact,off,off,0,0,0,0,0,,,0.000,,,,,,,
assemble_sympy_n160,nid006550,hex8,assemble,atomic,atomic,sympy,affine,0.000000e+00,72,0,160,4173281,4096000,16693124,111284641,13584.5509,f64,20,3.022128701e-01,55.2363,433.7075,13.5534,31.2269,0,0,0,1.167343591505e-08,0,0.000000,0,sympy,off,off,0,0,0,0,0,,,0.000,,,,,,,
assemble_sympy_n160,nid006550,hex8,assemble,colored,colored,sympy,affine,0.000000e+00,72,2048,160,4173281,4096000,16693124,111284641,13584.5509,f64,20,1.691290498e-01,98.7005,774.9822,24.2182,55.7987,20,99,101,1.168506756832e-08,0,0.000000,0,sympy,off,off,0,0,0,0,0,,,0.000,,,,,,,
assemble_diag_n160,nid006550,hex8,assemble_diag,atomic,atomic,sumfact,affine,0.000000e+00,72,0,160,4173281,4096000,16693124,0,0.0000,n/a,20,1.467590690e-01,113.7451,893.1101,27.9097,21.0439,0,0,0,2.371982944015e+03,0,0.000000,0,n/a,off,off,0,0,0,0,0,,,0.000,,,,,,,
spmv_f64_n160,nid006550,hex8,bsr_apply,packed,n/a,sumfact,affine,0.000000e+00,72,2048,160,4173281,4096000,16693124,111284641,13584.5509,f64,20,3.749963045e-02,445.1544,0.0000,0.0000,0.0000,0,0,0,7.157881465282e-13,0,0.000000,0,n/a,off,off,0,0,0,0,0,,,0.000,,,,,,,
spmv_f32_n160,nid006550,hex8,bsr_apply,packed,n/a,sumfact,affine,0.000000e+00,72,2048,160,4173281,4096000,16693124,111284641,6792.2755,f32,20,1.949130297e-02,856.4396,0.0000,0.0000,0.0000,0,0,0,4.118532892879e-05,0,0.000000,0,n/a,off,off,0,0,0,0,0,,,0.000,,,,,,,
spmv_f32_n64,nid006550,hex8,bsr_apply,packed,n/a,sumfact,affine,0.000000e+00,72,128,64,274625,262144,1098500,7189057,438.7852,f32,20,1.096963882e-03,1001.4003,0.0000,0.0000,0.0000,0,0,0,1.266337291522e-05,0,0.000000,0,n/a,off,off,0,0,0,0,0,,,0.000,,,,,,,
spmv_f64_n64,nid006550,hex8,bsr_apply,packed,n/a,sumfact,affine,0.000000e+00,72,128,64,274625,262144,1098500,7189057,877.5704,f64,20,2.198195457e-03,499.7281,0.0000,0.0000,0.0000,0,0,0,-1.151445421215e-12,0,0.000000,0,n/a,off,off,0,0,0,0,0,,,0.000,,,,,,,
assemble_diag_n64,nid006550,hex8,assemble_diag,atomic,atomic,sumfact,affine,0.000000e+00,72,0,64,274625,262144,1098500,0,0.0000,n/a,20,1.044510603e-02,105.1689,803.1137,25.0973,18.9234,0,0,0,5.801523603040e+02,0,0.000000,0,n/a,off,off,0,0,0,0,0,,,0.000,,,,,,,
assemble_sympy_n64,nid006550,hex8,assemble,colored,colored,sympy,affine,0.000000e+00,72,128,64,274625,262144,1098500,7189057,877.5704,f64,20,1.216229200e-02,90.3201,689.7226,21.5538,49.6600,14,146,147,2.702547348507e-10,0,0.000000,0,sympy,off,off,0,0,0,0,0,,,0.000,,,,,,,
assemble_sympy_n64,nid006550,hex8,assemble,atomic,atomic,sympy,affine,0.000000e+00,72,0,64,274625,262144,1098500,7189057,877.5704,f64,20,1.968339682e-02,55.8085,426.1768,13.3180,30.6847,0,0,0,2.702932318341e-10,0,0.000000,0,sympy,off,off,0,0,0,0,0,,,0.000,,,,,,,
assemble_n64,nid006550,hex8,assemble,store,store,sumfact,affine,0.000000e+00,72,128,64,274625,262144,1098500,7189057,877.5704,f64,20,9.300065041e-03,118.1175,901.9946,28.1873,64.9436,0,0,0,2.702547346339e-10,0,0.000000,0,sumfact,off,off,0,0,0,0,0,,,0.000,,,,,,,
assemble_n64,nid006550,hex8,assemble,colored,colored,sumfact,affine,0.000000e+00,72,128,64,274625,262144,1098500,7189057,877.5704,f64,20,1.098096371e-02,100.0368,763.9228,23.8726,55.0024,14,146,147,2.702547346339e-10,0,0.000000,0,sumfact,off,off,0,0,0,0,0,,,0.000,,,,,,,
assemble_n64,nid006550,hex8,assemble,atomic,atomic,sumfact,affine,0.000000e+00,72,0,64,274625,262144,1098500,7189057,877.5704,f64,20,2.802772522e-02,39.1933,299.2968,9.3530,21.5494,0,0,0,2.702932316173e-10,0,0.000000,0,sumfact,off,off,0,0,0,0,0,,,0.000,,,,,,,
assemble_n64,nid006550,hex8,assemble,packed,packed,sumfact,affine,0.000000e+00,72,128,64,274625,262144,1098500,7189057,877.5704,f64,20,1.218816042e-02,90.1284,688.2587,21.5081,49.5546,0,0,0,2.702547346339e-10,0,0.000000,0,sumfact,off,off,0,0,0,0,0,,,0.000,,,,,,,
jac_rc_bnd_n64,nid006550,hex8,jac_action,atomic,atomic,sumfact,affine,0.000000e+00,72,0,64,274625,262144,1098500,0,0.0000,n/a,20,2.274572849e-03,482.9478,3687.9927,115.2498,97.9623,0,0,0,5.047023127365e+00,1,1.000000,1,n/a,exact,on,1,0,0,0,0,7.862528000e-04,0.345671,0.000,,,,,,,
jac_rc_bnd_n64,nid006550,hex8,jac_action,packed,packed,sumfact,affine,0.000000e+00,72,128,64,274625,262144,1098500,0,0.0000,n/a,20,1.046848297e-03,1049.3402,8013.2031,250.4126,212.8507,0,0,0,5.047023127365e+00,1,1.000000,1,n/a,exact,on,1,0,0,0,0,1.262208000e-04,0.120572,0.000,,,,,,,
jac_rc_n64,nid006550,hex8,jac_action,atomic,atomic,sumfact,affine,0.000000e+00,72,0,64,274625,262144,1098500,0,0.0000,n/a,20,2.212786674e-03,496.4329,3790.9700,118.4678,100.6976,0,0,0,2.991632007225e-13,1,1.000000,0,n/a,exact,off,1,0,0,0,0,7.847552000e-04,0.354646,0.000,,,,,,,
jac_rc_n64,nid006550,hex8,jac_action,packed,packed,sumfact,affine,0.000000e+00,72,128,64,274625,262144,1098500,0,0.0000,n/a,20,9.752869606e-04,1126.3352,8601.1690,268.7865,228.4686,0,0,0,3.033959260039e-13,1,1.000000,0,n/a,exact,off,1,0,0,0,0,1.287424000e-04,0.132005,0.000,,,,,,,
residual_rc_perapply_n64,nid006550,hex8,residual,atomic,atomic,sumfact,affine,0.000000e+00,72,0,64,274625,262144,1098500,0,0.0000,n/a,20,1.965916157e-03,558.7726,4267.0223,133.3444,100.5417,0,0,0,-1.256492739715e-14,1,1.000000,0,sumfact,on,off,0,1,0,0,0,,,0.000,,,,,,,
residual_rc_perapply_n64,nid006550,hex8,residual,packed,packed,sumfact,affine,0.000000e+00,72,128,64,274625,262144,1098500,0,0.0000,n/a,20,7.521033287e-04,1460.5706,11153.5313,348.5479,262.8051,0,0,0,-1.282860536550e-14,1,1.000000,0,sumfact,on,off,0,1,0,0,0,,,0.000,,,,,,,
residual_rc_bnd_dt_n64,nid006550,hex8,residual,atomic,atomic,sumfact,affine,0.000000e+00,72,0,64,274625,262144,1098500,0,0.0000,n/a,20,1.391971111e-03,789.1687,6026.4239,188.3257,141.9976,0,0,0,6.759448953731e+00,1,1.000000,1,sumfact,on,on,0,0,0,0,1,,,0.000,,,,,,,
residual_rc_bnd_dt_n64,nid006550,hex8,residual,packed,packed,sumfact,affine,0.000000e+00,72,128,64,274625,262144,1098500,0,0.0000,n/a,20,7.315874100e-04,1501.5294,11466.3100,358.3222,270.1749,0,0,0,6.759042994895e+00,1,1.000000,1,sumfact,on,on,0,0,0,0,1,,,0.000,,,,,,,
residual_rc_bnd_n64,nid006550,hex8,residual,atomic,atomic,sumfact,affine,0.000000e+00,72,0,64,274625,262144,1098500,0,0.0000,n/a,20,1.370346546e-03,801.6220,6121.5231,191.2976,144.2384,0,0,0,3.727500000000e+00,1,1.000000,1,sumfact,on,on,0,0,0,0,0,,,0.000,,,,,,,
residual_rc_bnd_n64,nid006550,hex8,residual,packed,packed,sumfact,affine,0.000000e+00,72,128,64,274625,262144,1098500,0,0.0000,n/a,20,8.674263954e-04,1266.3899,9670.6857,302.2089,227.8655,0,0,0,3.727500000000e+00,1,1.000000,1,sumfact,on,on,0,0,0,0,0,,,0.000,,,,,,,
residual_rc_n64,nid006550,hex8,residual,atomic,atomic,sumfact,affine,0.000000e+00,72,0,64,274625,262144,1098500,0,0.0000,n/a,20,1.310408115e-03,838.2885,6401.5232,200.0476,150.8359,0,0,0,-1.256492739715e-14,1,1.000000,0,sumfact,on,off,0,0,0,0,0,,,0.000,,,,,,,
residual_rc_n64,nid006550,hex8,residual,packed,packed,sumfact,affine,0.000000e+00,72,128,64,274625,262144,1098500,0,0.0000,n/a,20,6.651997566e-04,1651.3836,12610.6601,394.0831,297.1387,0,0,0,-1.282860536550e-14,1,1.000000,0,sumfact,on,off,0,0,0,0,0,,,0.000,,,,,,,
residual_current_n64,nid006550,hex8,residual,packed,packed,current,affine,0.000000e+00,72,128,64,274625,262144,1098500,0,0.0000,n/a,20,5.055189133e-04,2173.0146,16594.0537,518.5642,390.9974,0,0,0,-1.272137777064e-14,0,0.000000,0,current,off,off,0,0,0,0,0,,,0.000,,,,,,,
residual_current_n64,nid006550,hex8,residual,atomic,atomic,current,affine,0.000000e+00,72,0,64,274625,262144,1098500,0,0.0000,n/a,20,1.299679279e-03,845.2085,6454.3677,201.6990,152.0810,0,0,0,-1.240218865106e-14,0,0.000000,0,current,off,off,0,0,0,0,0,,,0.000,,,,,,,
jac_bare_n64,nid006550,hex8,jac_action,atomic,atomic,sumfact,affine,0.000000e+00,72,0,64,274625,262144,1098500,0,0.0000,n/a,20,1.268243790e-03,866.1584,6614.3498,206.6984,175.6937,0,0,0,-1.151479248323e-12,0,0.000000,0,n/a,off,off,0,0,0,0,0,,,0.000,,,,,,,
jac_bare_n64,nid006550,hex8,jac_action,packed,packed,sumfact,affine,0.000000e+00,72,128,64,274625,262144,1098500,0,0.0000,n/a,20,5.193352699e-04,2115.2039,16152.5868,504.7683,429.0531,0,0,0,-1.151812315230e-12,0,0.000000,0,n/a,off,off,0,0,0,0,0,,,0.000,,,,,,,
residual_bare_n64,nid006550,hex8,residual,atomic,atomic,sumfact,affine,0.000000e+00,72,0,64,274625,262144,1098500,0,0.0000,n/a,20,1.035213470e-03,1061.1338,8103.2640,253.2270,190.9332,0,0,0,-1.254020758762e-14,0,0.000000,0,sumfact,off,off,0,0,0,0,0,,,0.000,,,,,,,
residual_bare_n64,nid006550,hex8,residual,packed,packed,sumfact,affine,0.000000e+00,72,128,64,274625,262144,1098500,0,0.0000,n/a,20,3.859519958e-04,2846.2089,21734.8481,679.2140,512.1274,0,0,0,-1.235979634612e-14,0,0.000000,0,sumfact,off,off,0,0,0,0,0,,,0.000,,,,,,,
spmv_f32_n96,nid006550,hex8,bsr_apply,packed,n/a,sumfact,affine,0.000000e+00,72,512,96,912673,884736,3650692,24137569,1473.2403,f32,20,4.295730591e-03,849.8419,0.0000,0.0000,0.0000,0,0,0,-1.159811748818e-06,0,0.000000,0,n/a,off,off,0,0,0,0,0,,,0.000,,,,,,,
spmv_f64_n96,nid006550,hex8,bsr_apply,packed,n/a,sumfact,affine,0.000000e+00,72,512,96,912673,884736,3650692,24137569,2946.4806,f64,20,8.190929890e-03,445.6993,0.0000,0.0000,0.0000,0,0,0,-2.227890574390e-12,0,0.000000,0,n/a,off,off,0,0,0,0,0,,,0.000,,,,,,,
assemble_diag_n96,nid006550,hex8,assemble_diag,atomic,atomic,sumfact,affine,0.000000e+00,72,0,96,912673,884736,3650692,0,0.0000,n/a,20,3.262902498e-02,111.8848,867.6800,27.1150,20.4447,0,0,0,1.054549351220e+03,0,0.000000,0,n/a,off,off,0,0,0,0,0,,,0.000,,,,,,,
assemble_sympy_n96,nid006550,hex8,assemble,colored,colored,sympy,affine,0.000000e+00,72,512,96,912673,884736,3650692,24137569,2946.4806,f64,20,4.020967484e-02,90.7914,704.0980,22.0031,50.6951,19,90,91,6.632765216512e-11,0,0.000000,0,sympy,off,off,0,0,0,0,0,,,0.000,,,,,,,
assemble_sympy_n96,nid006550,hex8,assemble,atomic,atomic,sympy,affine,0.000000e+00,72,0,96,912673,884736,3650692,24137569,2946.4806,f64,20,6.536043882e-02,55.8548,433.1604,13.5363,31.1875,0,0,0,6.578006241380e-11,0,0.000000,0,sympy,off,off,0,0,0,0,0,,,0.000,,,,,,,
assemble_n96,nid006550,hex8,assemble,store,store,sumfact,affine,0.000000e+00,72,512,96,912673,884736,3650692,24137569,2946.4806,f64,20,4.347181320e-02,83.9784,651.2623,20.3519,46.8909,0,0,0,7.386596588159e-11,0,0.000000,0,sumfact,off,off,0,0,0,0,0,,,0.000,,,,,,,
assemble_n96,nid006550,hex8,assemble,colored,colored,sumfact,affine,0.000000e+00,72,512,96,912673,884736,3650692,24137569,2946.4806,f64,20,3.793770075e-02,96.2286,746.2643,23.3208,53.7310,19,90,91,7.389472065792e-11,0,0.000000,0,sumfact,off,off,0,0,0,0,0,,,0.000,,,,,,,
assemble_n96,nid006550,hex8,assemble,atomic,atomic,sumfact,affine,0.000000e+00,72,0,96,912673,884736,3650692,24137569,2946.4806,f64,20,9.455156326e-02,38.6106,299.4298,9.3572,21.5589,0,0,0,7.342422201788e-11,0,0.000000,0,sumfact,off,off,0,0,0,0,0,,,0.000,,,,,,,
assemble_n96,nid006550,hex8,assemble,packed,packed,sumfact,affine,0.000000e+00,72,512,96,912673,884736,3650692,24137569,2946.4806,f64,20,6.227618456e-02,58.6210,454.6128,14.2067,32.7321,0,0,0,7.386596588159e-11,0,0.000000,0,sumfact,off,off,0,0,0,0,0,,,0.000,,,,,,,
jac_rc_bnd_n96,nid006550,hex8,jac_action,atomic,atomic,sumfact,affine,0.000000e+00,72,0,96,912673,884736,3650692,0,0.0000,n/a,20,7.290709019e-03,500.7321,3883.2371,121.3512,103.1485,0,0,0,5.047058237368e+00,1,1.000000,1,n/a,exact,on,1,0,0,0,0,2.317120000e-03,0.317818,0.000,,,,,,,
jac_rc_bnd_n96,nid006550,hex8,jac_action,packed,packed,sumfact,affine,0.000000e+00,72,512,96,912673,884736,3650692,0,0.0000,n/a,20,4.079699516e-03,894.8434,6939.6170,216.8630,184.3336,0,0,0,5.047058237368e+00,1,1.000000,1,n/a,exact,on,1,0,0,0,0,6.827264000e-04,0.167347,0.000,,,,,,,
jac_rc_n96,nid006550,hex8,jac_action,atomic,atomic,sumfact,affine,0.000000e+00,72,0,96,912673,884736,3650692,0,0.0000,n/a,20,7.074689865e-03,516.0215,4001.8082,125.0565,106.2980,0,0,0,2.773607352905e-13,1,1.000000,0,n/a,exact,off,1,0,0,0,0,2.323468800e-03,0.328420,0.000,,,,,,,
jac_rc_n96,nid006550,hex8,jac_action,packed,packed,sumfact,affine,0.000000e+00,72,512,96,912673,884736,3650692,0,0.0000,n/a,20,3.802669048e-03,960.0341,7445.1791,232.6618,197.7626,0,0,0,2.763892901440e-13,1,1.000000,0,n/a,exact,off,1,0,0,0,0,6.428672000e-04,0.169057,0.000,,,,,,,
residual_rc_perapply_n96,nid006550,hex8,residual,atomic,atomic,sumfact,affine,0.000000e+00,72,0,96,912673,884736,3650692,0,0.0000,n/a,20,6.310713291e-03,578.4912,4486.2681,140.1959,105.7077,0,0,0,1.025453593567e-13,1,1.000000,0,sumfact,on,off,0,1,0,0,0,,,0.000,,,,,,,
residual_rc_perapply_n96,nid006550,hex8,residual,packed,packed,sumfact,affine,0.000000e+00,72,512,96,912673,884736,3650692,0,0.0000,n/a,20,2.769255638e-03,1318.2936,10223.5242,319.4851,240.8918,0,0,0,1.003804244587e-13,1,1.000000,0,sumfact,on,off,0,1,0,0,0,,,0.000,,,,,,,
residual_rc_bnd_dt_n96,nid006550,hex8,residual,atomic,atomic,sumfact,affine,0.000000e+00,72,0,96,912673,884736,3650692,0,0.0000,n/a,20,4.712247849e-03,774.7241,6008.0779,187.7524,141.5653,0,0,0,6.759287405709e+00,1,1.000000,1,sumfact,on,on,0,0,0,0,1,,,0.000,,,,,,,
residual_rc_bnd_dt_n96,nid006550,hex8,residual,packed,packed,sumfact,affine,0.000000e+00,72,512,96,912673,884736,3650692,0,0.0000,n/a,20,2.790117264e-03,1308.4368,10147.0832,317.0963,239.0906,0,0,0,6.759195490287e+00,1,1.000000,1,sumfact,on,on,0,0,0,0,1,,,0.000,,,,,,,
residual_rc_bnd_n96,nid006550,hex8,residual,atomic,atomic,sumfact,affine,0.000000e+00,72,0,96,912673,884736,3650692,0,0.0000,n/a,20,4.568302631e-03,799.1353,6197.3898,193.6684,146.0260,0,0,0,3.727500000000e+00,1,1.000000,1,sumfact,on,on,0,0,0,0,0,,,0.000,,,,,,,
residual_rc_bnd_n96,nid006550,hex8,residual,packed,packed,sumfact,affine,0.000000e+00,72,512,96,912673,884736,3650692,0,0.0000,n/a,20,2.603256702e-03,1402.3557,10875.4361,339.8574,256.2525,0,0,0,3.727500000000e+00,1,1.000000,1,sumfact,on,on,0,0,0,0,0,,,0.000,,,,,,,
residual_rc_n96,nid006550,hex8,residual,atomic,atomic,sumfact,affine,0.000000e+00,72,0,96,912673,884736,3650692,0,0.0000,n/a,20,4.501867294e-03,810.9284,6288.8464,196.5265,148.1809,0,0,0,1.025453593567e-13,1,1.000000,0,sumfact,on,off,0,0,0,0,0,,,0.000,,,,,,,
residual_rc_n96,nid006550,hex8,residual,packed,packed,sumfact,affine,0.000000e+00,72,512,96,912673,884736,3650692,0,0.0000,n/a,20,2.354383469e-03,1550.5936,12025.0386,375.7825,283.3400,0,0,0,1.003804244587e-13,1,1.000000,0,sumfact,on,off,0,0,0,0,0,,,0.000,,,,,,,
residual_current_n96,nid006550,hex8,residual,packed,packed,current,affine,0.000000e+00,72,512,96,912673,884736,3650692,0,0.0000,n/a,20,1.633143425e-03,2235.3775,17335.6189,541.7381,408.4705,0,0,0,1.028819499212e-13,0,0.000000,0,current,off,off,0,0,0,0,0,,,0.000,,,,,,,
residual_current_n96,nid006550,hex8,residual,atomic,atomic,current,affine,0.000000e+00,72,0,96,912673,884736,3650692,0,0.0000,n/a,20,4.129397869e-03,884.0737,6856.0969,214.2530,161.5468,0,0,0,1.028125609821e-13,0,0.000000,0,current,off,off,0,0,0,0,0,,,0.000,,,,,,,
jac_bare_n96,nid006550,hex8,jac_action,atomic,atomic,sumfact,affine,0.000000e+00,72,0,96,912673,884736,3650692,0,0.0000,n/a,20,3.734171391e-03,977.6445,7581.7495,236.9297,201.3902,0,0,0,-1.946265590640e-12,0,0.000000,0,n/a,off,off,0,0,0,0,0,,,0.000,,,,,,,
jac_bare_n96,nid006550,hex8,jac_action,packed,packed,sumfact,affine,0.000000e+00,72,512,96,912673,884736,3650692,0,0.0000,n/a,20,1.762819290e-03,2070.9394,16060.3825,501.8870,426.6039,0,0,0,-2.009048702682e-12,0,0.000000,0,n/a,off,off,0,0,0,0,0,,,0.000,,,,,,,
residual_bare_n96,nid006550,hex8,residual,atomic,atomic,sumfact,affine,0.000000e+00,72,0,96,912673,884736,3650692,0,0.0000,n/a,20,3.297543526e-03,1107.0944,8585.6492,268.3015,202.2994,0,0,0,9.868744276637e-14,0,0.000000,0,sumfact,off,off,0,0,0,0,0,,,0.000,,,,,,,
residual_bare_n96,nid006550,hex8,residual,packed,packed,sumfact,affine,0.000000e+00,72,512,96,912673,884736,3650692,0,0.0000,n/a,20,1.268458366e-03,2878.0543,22319.6541,697.4892,525.9069,0,0,0,9.553718493399e-14,0,0.000000,0,sumfact,off,off,0,0,0,0,0,,,0.000,,,,,,,
spmv_f32_n128,nid006550,hex8,bsr_apply,packed,n/a,sumfact,affine,0.000000e+00,72,1024,128,2146689,2097152,8586756,57066625,3483.0704,f32,20,1.046960354e-02,820.1606,0.0000,0.0000,0.0000,0,0,0,4.661746579456e-05,0,0.000000,0,n/a,off,off,0,0,0,0,0,,,0.000,,,,,,,
spmv_f64_n128,nid006550,hex8,bsr_apply,packed,n/a,sumfact,affine,0.000000e+00,72,1024,128,2146689,2097152,8586756,57066625,6966.1407,f64,20,1.920408010e-02,447.1319,0.0000,0.0000,0.0000,0,0,0,-2.271657308876e-12,0,0.000000,0,n/a,off,off,0,0,0,0,0,,,0.000,,,,,,,
assemble_diag_n128,nid006550,hex8,assemble_diag,atomic,atomic,sumfact,affine,0.000000e+00,72,0,128,2146689,2097152,8586756,0,0.0000,n/a,20,7.595521212e-02,113.0503,883.5320,27.6104,20.8182,0,0,0,1.651826180067e+03,0,0.000000,0,n/a,off,off,0,0,0,0,0,,,0.000,,,,,,,
assemble_sympy_n128,nid006550,hex8,assemble,colored,colored,sympy,affine,0.000000e+00,72,1024,128,2146689,2097152,8586756,57066625,6966.1407,f64,20,8.649058342e-02,99.2797,775.9095,24.2472,55.8655,14,146,147,-3.076235482687e-08,0,0.000000,0,sympy,off,off,0,0,0,0,0,,,0.000,,,,,,,
assemble_sympy_n128,nid006550,hex8,assemble,atomic,atomic,sympy,affine,0.000000e+00,72,0,128,2146689,2097152,8586756,57066625,6966.1407,f64,20,1.564861298e-01,54.8723,428.8486,13.4015,30.8771,0,0,0,-3.076550013728e-08,0,0.000000,0,sympy,off,off,0,0,0,0,0,,,0.000,,,,,,,
assemble_n128,nid006550,hex8,assemble,store,store,sumfact,affine,0.000000e+00,72,1024,128,2146689,2097152,8586756,57066625,6966.1407,f64,20,1.088533163e-01,78.8837,616.5073,19.2659,44.3885,0,0,0,-3.076235482948e-08,0,0.000000,0,sumfact,off,off,0,0,0,0,0,,,0.000,,,,,,,
assemble_n128,nid006550,hex8,assemble,colored,colored,sumfact,affine,0.000000e+00,72,1024,128,2146689,2097152,8586756,57066625,6966.1407,f64,20,8.313016891e-02,103.2929,807.2745,25.2273,58.1238,14,146,147,-3.076235482948e-08,0,0.000000,0,sumfact,off,off,0,0,0,0,0,,,0.000,,,,,,,
assemble_n128,nid006550,hex8,assemble,atomic,atomic,sumfact,affine,0.000000e+00,72,0,128,2146689,2097152,8586756,57066625,6966.1407,f64,20,2.218830347e-01,38.6995,302.4515,9.4516,21.7765,0,0,0,-3.076550014682e-08,0,0.000000,0,sumfact,off,off,0,0,0,0,0,,,0.000,,,,,,,
assemble_n128,nid006550,hex8,assemble,packed,packed,sumfact,affine,0.000000e+00,72,1024,128,2146689,2097152,8586756,57066625,6966.1407,f64,20,1.482467294e-01,57.9221,452.6836,14.1464,32.5932,0,0,0,-3.076235482948e-08,0,0.000000,0,sumfact,off,off,0,0,0,0,0,,,0.000,,,,,,,
jac_rc_bnd_n128,nid006550,hex8,jac_action,atomic,atomic,sumfact,affine,0.000000e+00,72,0,128,2146689,2097152,8586756,0,0.0000,n/a,20,1.703646183e-02,504.0223,3939.1315,123.0979,104.6332,0,0,0,5.048053297186e+00,1,1.000000,1,n/a,exact,on,1,0,0,0,0,5.248089600e-03,0.308050,0.000,,,,,,,
jac_rc_bnd_n128,nid006550,hex8,jac_action,packed,packed,sumfact,affine,0.000000e+00,72,1024,128,2146689,2097152,8586756,0,0.0000,n/a,20,9.872996807e-03,869.7213,6797.2132,212.4129,180.5510,0,0,0,5.048053297186e+00,1,1.000000,1,n/a,exact,on,1,0,0,0,0,1.627020800e-03,0.164795,0.000,,,,,,,
jac_rc_n128,nid006550,hex8,jac_action,atomic,atomic,sumfact,affine,0.000000e+00,72,0,128,2146689,2097152,8586756,0,0.0000,n/a,20,1.668162346e-02,514.7434,4022.9216,125.7163,106.8589,0,0,0,-3.078244039875e-13,1,1.000000,0,n/a,exact,off,1,0,0,0,0,5.269696000e-03,0.315898,0.000,,,,,,,
jac_rc_n128,nid006550,hex8,jac_action,packed,packed,sumfact,affine,0.000000e+00,72,1024,128,2146689,2097152,8586756,0,0.0000,n/a,20,9.336578846e-03,919.6898,7187.7360,224.6168,190.9242,0,0,0,-3.069362255678e-13,1,1.000000,0,n/a,exact,off,1,0,0,0,0,1.643302400e-03,0.176007,0.000,,,,,,,
residual_rc_perapply_n128,nid006550,hex8,residual,atomic,atomic,sumfact,affine,0.000000e+00,72,0,128,2146689,2097152,8586756,0,0.0000,n/a,20,1.504178047e-02,570.8603,4461.4974,139.4218,105.1240,0,0,0,1.381470350441e-13,1,1.000000,0,sumfact,on,off,0,1,0,0,0,,,0.000,,,,,,,
residual_rc_perapply_n128,nid006550,hex8,residual,packed,packed,sumfact,affine,0.000000e+00,72,1024,128,2146689,2097152,8586756,0,0.0000,n/a,20,6.625986099e-03,1295.9212,10128.1323,316.5041,238.6441,0,0,0,1.366482339608e-13,1,1.000000,0,sumfact,on,off,0,1,0,0,0,,,0.000,,,,,,,
residual_rc_bnd_dt_n128,nid006550,hex8,residual,atomic,atomic,sumfact,affine,0.000000e+00,72,0,128,2146689,2097152,8586756,0,0.0000,n/a,20,1.250947714e-02,686.4201,5364.6418,167.6451,126.4044,0,0,0,6.759329548060e+00,1,1.000000,1,sumfact,on,on,0,0,0,0,1,,,0.000,,,,,,,
residual_rc_bnd_dt_n128,nid006550,hex8,residual,packed,packed,sumfact,affine,0.000000e+00,72,1024,128,2146689,2097152,8586756,0,0.0000,n/a,20,6.707620621e-03,1280.1493,10004.8688,312.6521,235.7397,0,0,0,6.759412313613e+00,1,1.000000,1,sumfact,on,on,0,0,0,0,1,,,0.000,,,,,,,
residual_rc_bnd_n128,nid006550,hex8,residual,atomic,atomic,sumfact,affine,0.000000e+00,72,0,128,2146689,2097152,8586756,0,0.0000,n/a,20,1.127438545e-02,761.6163,5952.3301,186.0103,140.2518,0,0,0,3.727500000000e+00,1,1.000000,1,sumfact,on,on,0,0,0,0,0,,,0.000,,,,,,,
residual_rc_bnd_n128,nid006550,hex8,residual,packed,packed,sumfact,affine,0.000000e+00,72,1024,128,2146689,2097152,8586756,0,0.0000,n/a,20,6.190133095e-03,1387.1682,10841.2635,338.7895,255.4473,0,0,0,3.727500000000e+00,1,1.000000,1,sumfact,on,on,0,0,0,0,0,,,0.000,,,,,,,
residual_rc_n128,nid006550,hex8,residual,atomic,atomic,sumfact,affine,0.000000e+00,72,0,128,2146689,2097152,8586756,0,0.0000,n/a,20,1.029577255e-02,834.0079,6518.0989,203.6906,153.5827,0,0,0,1.381470350441e-13,1,1.000000,0,sumfact,on,off,0,0,0,0,0,,,0.000,,,,,,,
residual_rc_n128,nid006550,hex8,residual,packed,packed,sumfact,affine,0.000000e+00,72,1024,128,2146689,2097152,8586756,0,0.0000,n/a,20,5.567502975e-03,1542.2993,12053.6737,376.6773,284.0147,0,0,0,1.366482339608e-13,1,1.000000,0,sumfact,on,off,0,0,0,0,0,,,0.000,,,,,,,
residual_current_n128,nid006550,hex8,residual,packed,packed,current,affine,0.000000e+00,72,1024,128,2146689,2097152,8586756,0,0.0000,n/a,20,4.044103622e-03,2123.2779,16594.2494,518.5703,391.0020,0,0,0,1.366330009203e-13,0,0.000000,0,current,off,off,0,0,0,0,0,,,0.000,,,,,,,
residual_current_n128,nid006550,hex8,residual,atomic,atomic,current,affine,0.000000e+00,72,0,128,2146689,2097152,8586756,0,0.0000,n/a,20,9.795498848e-03,876.6022,6850.9899,214.0934,161.4265,0,0,0,1.381248631097e-13,0,0.000000,0,current,off,off,0,0,0,0,0,,,0.000,,,,,,,
jac_bare_n128,nid006550,hex8,jac_action,atomic,atomic,sumfact,affine,0.000000e+00,72,0,128,2146689,2097152,8586756,0,0.0000,n/a,20,8.735799789e-03,982.9387,7682.0515,240.0641,204.0545,0,0,0,-2.268767828771e-12,0,0.000000,0,n/a,off,off,0,0,0,0,0,,,0.000,,,,,,,
jac_bare_n128,nid006550,hex8,jac_action,packed,packed,sumfact,affine,0.000000e+00,72,1024,128,2146689,2097152,8586756,0,0.0000,n/a,20,4.420781136e-03,1942.3617,15180.3181,474.3849,403.2272,0,0,0,-2.268767828771e-12,0,0.000000,0,n/a,off,off,0,0,0,0,0,,,0.000,,,,,,,
residual_bare_n128,nid006550,hex8,residual,atomic,atomic,sumfact,affine,0.000000e+00,72,0,128,2146689,2097152,8586756,0,0.0000,n/a,20,7.903885841e-03,1086.3968,8490.6166,265.3318,200.0602,0,0,0,1.381469808340e-13,0,0.000000,0,sumfact,off,off,0,0,0,0,0,,,0.000,,,,,,,
residual_bare_n128,nid006550,hex8,residual,packed,packed,sumfact,affine,0.000000e+00,72,1024,128,2146689,2097152,8586756,0,0.0000,n/a,20,3.231239319e-03,2657.4188,20768.7693,649.0240,489.3641,0,0,0,1.366551186446e-13,0,0.000000,0,sumfact,off,off,0,0,0,0,0,,,0.000,,,,,,,
spmv_f32_n160,nid006550,hex8,bsr_apply,packed,n/a,sumfact,affine,0.000000e+00,72,2048,160,4173281,4096000,16693124,111284641,6792.2755,f32,20,1.932759285e-02,863.6939,0.0000,0.0000,0.0000,0,0,0,4.118532892879e-05,0,0.000000,0,n/a,off,off,0,0,0,0,0,,,0.000,,,,,,,
spmv_f64_n160,nid006550,hex8,bsr_apply,packed,n/a,sumfact,affine,0.000000e+00,72,2048,160,4173281,4096000,16693124,111284641,13584.5509,f64,20,3.788117170e-02,440.6707,0.0000,0.0000,0.0000,0,0,0,7.157881465282e-13,0,0.000000,0,n/a,off,off,0,0,0,0,0,,,0.000,,,,,,,
assemble_diag_n160,nid006550,hex8,assemble_diag,atomic,atomic,sumfact,affine,0.000000e+00,72,0,160,4173281,4096000,16693124,0,0.0000,n/a,20,1.468460917e-01,113.6777,892.5808,27.8931,21.0314,0,0,0,2.371982944015e+03,0,0.000000,0,n/a,off,off,0,0,0,0,0,,,0.000,,,,,,,
assemble_sympy_n160,nid006550,hex8,assemble,colored,colored,sympy,affine,0.000000e+00,72,2048,160,4173281,4096000,16693124,111284641,13584.5509,f64,20,1.661448002e-01,100.4733,788.9022,24.6532,56.8010,20,99,101,1.168506756832e-08,0,0.000000,0,sympy,off,off,0,0,0,0,0,,,0.000,,,,,,,
assemble_sympy_n160,nid006550,hex8,assemble,atomic,atomic,sympy,affine,0.000000e+00,72,0,160,4173281,4096000,16693124,111284641,13584.5509,f64,20,3.015653610e-01,55.3549,434.6388,13.5825,31.2940,0,0,0,1.167343591505e-08,0,0.000000,0,sympy,off,off,0,0,0,0,0,,,0.000,,,,,,,
assemble_n160,nid006550,hex8,assemble,store,store,sumfact,affine,0.000000e+00,72,2048,160,4173281,4096000,16693124,111284641,13584.5509,f64,20,2.335976124e-01,71.4610,561.1016,17.5344,40.3993,0,0,0,1.165429404451e-08,0,0.000000,0,sumfact,off,off,0,0,0,0,0,,,0.000,,,,,,,
assemble_n160,nid006550,hex8,assemble,colored,colored,sumfact,affine,0.000000e+00,72,2048,160,4173281,4096000,16693124,111284641,13584.5509,f64,20,1.572485805e-01,106.1575,833.5338,26.0479,60.0144,20,99,101,1.165426806529e-08,0,0.000000,0,sumfact,off,off,0,0,0,0,0,,,0.000,,,,,,,
assemble_n160,nid006550,hex8,assemble,atomic,atomic,sumfact,affine,0.000000e+00,72,0,160,4173281,4096000,16693124,111284641,13584.5509,f64,20,4.308306456e-01,38.7464,304.2309,9.5072,21.9046,0,0,0,1.164916721901e-08,0,0.000000,0,sumfact,off,off,0,0,0,0,0,,,0.000,,,,,,,
assemble_n160,nid006550,hex8,assemble,packed,packed,sumfact,affine,0.000000e+00,72,2048,160,4173281,4096000,16693124,111284641,13584.5509,f64,20,2.993541360e-01,55.7638,437.8493,13.6828,31.5251,0,0,0,1.165429404451e-08,0,0.000000,0,sumfact,off,off,0,0,0,0,0,,,0.000,,,,,,,
jac_rc_bnd_n160,nid006550,hex8,jac_action,atomic,atomic,sumfact,affine,0.000000e+00,72,0,160,4173281,4096000,16693124,0,0.0000,n/a,20,3.379616737e-02,493.9354,3878.3096,121.1972,103.0176,0,0,0,5.046148336219e+00,1,1.000000,1,n/a,exact,on,1,0,0,0,0,1.069017600e-02,0.316313,0.000,,,,,,,
jac_rc_bnd_n160,nid006550,hex8,jac_action,packed,packed,sumfact,affine,0.000000e+00,72,2048,160,4173281,4096000,16693124,0,0.0000,n/a,20,1.895982027e-02,880.4474,6913.1457,216.0358,183.6304,0,0,0,5.046148336219e+00,1,1.000000,1,n/a,exact,on,1,0,0,0,0,3.155340800e-03,0.166423,0.000,,,,,,,
jac_rc_n160,nid006550,hex8,jac_action,atomic,atomic,sumfact,affine,0.000000e+00,72,0,160,4173281,4096000,16693124,0,0.0000,n/a,20,3.401749134e-02,490.7218,3853.0766,120.4086,102.3473,0,0,0,-5.574049183918e-13,1,1.000000,0,n/a,exact,off,1,0,0,0,0,1.161171200e-02,0.341345,0.000,,,,,,,
jac_rc_n160,nid006550,hex8,jac_action,packed,packed,sumfact,affine,0.000000e+00,72,2048,160,4173281,4096000,16693124,0,0.0000,n/a,20,1.821126938e-02,916.6370,7197.3017,224.9157,191.1783,0,0,0,-5.547403831327e-13,1,1.000000,0,n/a,exact,off,1,0,0,0,0,3.189337600e-03,0.175130,0.000,,,,,,,
residual_rc_perapply_n160,nid006550,hex8,residual,atomic,atomic,sumfact,affine,0.000000e+00,72,0,160,4173281,4096000,16693124,0,0.0000,n/a,20,3.071261644e-02,543.5266,4267.6924,133.3654,100.5575,0,0,0,-7.109953901671e-14,1,1.000000,0,sumfact,on,off,0,1,0,0,0,,,0.000,,,,,,,
residual_rc_perapply_n160,nid006550,hex8,residual,packed,packed,sumfact,affine,0.000000e+00,72,2048,160,4173281,4096000,16693124,0,0.0000,n/a,20,1.493477821e-02,1117.7350,8776.2937,274.2592,206.7914,0,0,0,-6.590924637659e-14,1,1.000000,0,sumfact,on,off,0,1,0,0,0,,,0.000,,,,,,,
residual_rc_bnd_dt_n160,nid006550,hex8,residual,atomic,atomic,sumfact,affine,0.000000e+00,72,0,160,4173281,4096000,16693124,0,0.0000,n/a,20,2.317891121e-02,720.1859,5654.7954,176.7124,133.2411,0,0,0,6.759324573300e+00,1,1.000000,1,sumfact,on,on,0,0,0,0,1,,,0.000,,,,,,,
residual_rc_bnd_dt_n160,nid006550,hex8,residual,packed,packed,sumfact,affine,0.000000e+00,72,2048,160,4173281,4096000,16693124,0,0.0000,n/a,20,1.386177540e-02,1204.2558,9455.6430,295.4888,222.7986,0,0,0,6.759317416976e+00,1,1.000000,1,sumfact,on,on,0,0,0,0,1,,,0.000,,,,,,,
residual_rc_bnd_n160,nid006550,hex8,residual,atomic,atomic,sumfact,affine,0.000000e+00,72,0,160,4173281,4096000,16693124,0,0.0000,n/a,20,2.216261625e-02,753.2109,5914.1032,184.8157,139.3511,0,0,0,3.727500000000e+00,1,1.000000,1,sumfact,on,on,0,0,0,0,0,,,0.000,,,,,,,
residual_rc_bnd_n160,nid006550,hex8,residual,packed,packed,sumfact,affine,0.000000e+00,72,2048,160,4173281,4096000,16693124,0,0.0000,n/a,20,1.270792484e-02,1313.5995,10314.1938,322.3186,243.0282,0,0,0,3.727500000000e+00,1,1.000000,1,sumfact,on,on,0,0,0,0,0,,,0.000,,,,,,,
residual_rc_n160,nid006550,hex8,residual,atomic,atomic,sumfact,affine,0.000000e+00,72,0,160,4173281,4096000,16693124,0,0.0000,n/a,20,2.125196457e-02,785.4862,6167.5239,192.7351,145.3223,0,0,0,-7.109953901671e-14,1,1.000000,0,sumfact,on,off,0,0,0,0,0,,,0.000,,,,,,,
residual_rc_n160,nid006550,hex8,residual,packed,packed,sumfact,affine,0.000000e+00,72,2048,160,4173281,4096000,16693124,0,0.0000,n/a,20,1.179965734e-02,1414.7126,11108.1192,347.1287,261.7351,0,0,0,-6.590924637659e-14,1,1.000000,0,sumfact,on,off,0,0,0,0,0,,,0.000,,,,,,,
residual_current_n160,nid006550,hex8,residual,packed,packed,current,affine,0.000000e+00,72,2048,160,4173281,4096000,16693124,0,0.0000,n/a,20,7.815635204e-03,2135.8627,16770.4859,524.0777,395.1546,0,0,0,-6.568480297436e-14,0,0.000000,0,current,off,off,0,0,0,0,0,,,0.000,,,,,,,
residual_current_n160,nid006550,hex8,residual,atomic,atomic,current,affine,0.000000e+00,72,0,160,4173281,4096000,16693124,0,0.0000,n/a,20,2.024441957e-02,824.5790,6474.4756,202.3274,152.5548,0,0,0,-7.131918482433e-14,0,0.000000,0,current,off,off,0,0,0,0,0,,,0.000,,,,,,,
jac_bare_n160,nid006550,hex8,jac_action,atomic,atomic,sumfact,affine,0.000000e+00,72,0,160,4173281,4096000,16693124,0,0.0000,n/a,20,1.700720787e-02,981.5323,7706.8500,240.8391,204.7132,0,0,0,7.694581056301e-13,0,0.000000,0,n/a,off,off,0,0,0,0,0,,,0.000,,,,,,,
jac_bare_n160,nid006550,hex8,jac_action,packed,packed,sumfact,affine,0.000000e+00,72,2048,160,4173281,4096000,16693124,0,0.0000,n/a,20,8.983039856e-03,1858.2934,14591.0518,455.9704,387.5748,0,0,0,7.483083570110e-13,0,0.000000,0,n/a,off,off,0,0,0,0,0,,,0.000,,,,,,,
residual_bare_n160,nid006550,hex8,residual,atomic,atomic,sumfact,affine,0.000000e+00,72,0,160,4173281,4096000,16693124,0,0.0000,n/a,20,1.585977077e-02,1052.5451,8264.4322,258.2635,194.7307,0,0,0,-7.000232641816e-14,0,0.000000,0,sumfact,off,off,0,0,0,0,0,,,0.000,,,,,,,
residual_bare_n160,nid006550,hex8,residual,packed,packed,sumfact,affine,0.000000e+00,72,2048,160,4173281,4096000,16693124,0,0.0000,n/a,20,6.541407108e-03,2551.9164,20037.2791,626.1650,472.1284,0,0,0,-6.683819079797e-14,0,0.000000,0,sumfact,off,off,0,0,0,0,0,,,0.000,,,,,,,
residual_bare_n64,nid006550,hex8,residual,packed,packed,sumfact,affine,0.000000e+00,72,128,64,274625,262144,1098500,0,0.0000,n/a,20,3.916740417e-04,2804.6280,21417.3193,669.2912,504.6456,0,0,0,-1.235979634612e-14,0,0.000000,0,sumfact,off,off,0,0,0,0,0,,,0.000,,,,,,,
residual_bare_n64,nid006550,hex8,residual,atomic,atomic,sumfact,affine,0.000000e+00,72,0,64,274625,262144,1098500,0,0.0000,n/a,20,1.043677330e-03,1052.5284,8037.5493,251.1734,189.3848,0,0,0,-1.254020758762e-14,0,0.000000,0,sumfact,off,off,0,0,0,0,0,,,0.000,,,,,,,
jac_bare_n64,nid006550,hex8,jac_action,packed,packed,sumfact,affine,0.000000e+00,72,128,64,274625,262144,1098500,0,0.0000,n/a,20,5.324959755e-04,2062.9264,15753.3735,492.2929,418.4490,0,0,0,-1.151812315230e-12,0,0.000000,0,n/a,off,off,0,0,0,0,0,,,0.000,,,,,,,
jac_bare_n64,nid006550,hex8,jac_action,atomic,atomic,sumfact,affine,0.000000e+00,72,0,64,274625,262144,1098500,0,0.0000,n/a,20,1.249074936e-03,879.4508,6715.8565,209.8705,178.3899,0,0,0,-1.151479248323e-12,0,0.000000,0,n/a,off,off,0,0,0,0,0,,,0.000,,,,,,,
residual_current_n64,nid006550,hex8,residual,atomic,atomic,current,affine,0.000000e+00,72,0,64,274625,262144,1098500,0,0.0000,n/a,20,1.297962666e-03,846.3263,6462.9039,201.9657,152.2822,0,0,0,-1.240218865106e-14,0,0.000000,0,current,off,off,0,0,0,0,0,,,0.000,,,,,,,
residual_current_n64,nid006550,hex8,residual,packed,packed,current,affine,0.000000e+00,72,128,64,274625,262144,1098500,0,0.0000,n/a,20,5.119681358e-04,2145.6413,16385.0197,512.0319,386.0720,0,0,0,-1.272137777064e-14,0,0.000000,0,current,off,off,0,0,0,0,0,,,0.000,,,,,,,
residual_rc_n64,nid006550,hex8,residual,packed,packed,sumfact,affine,0.000000e+00,72,128,64,274625,262144,1098500,0,0.0000,n/a,20,6.517410278e-04,1685.4854,12871.0755,402.2211,303.2747,0,0,0,-1.282860536550e-14,1,1.000000,0,sumfact,on,off,0,0,0,0,0,,,0.000,,,,,,,
residual_rc_n64,nid006550,hex8,residual,atomic,atomic,sumfact,affine,0.000000e+00,72,0,64,274625,262144,1098500,0,0.0000,n/a,20,1.326727867e-03,827.9769,6322.7797,197.5869,148.9805,0,0,0,-1.256492739715e-14,1,1.000000,0,sumfact,on,off,0,0,0,0,0,,,0.000,,,,,,,
residual_rc_bnd_n64,nid006550,hex8,residual,packed,packed,sumfact,affine,0.000000e+00,72,128,64,274625,262144,1098500,0,0.0000,n/a,20,7.076621056e-04,1552.2945,11853.9737,370.4367,279.3093,0,0,0,3.727500000000e+00,1,1.000000,1,sumfact,on,on,0,0,0,0,0,,,0.000,,,,,,,
residual_rc_bnd_n64,nid006550,hex8,residual,atomic,atomic,sumfact,affine,0.000000e+00,72,0,64,274625,262144,1098500,0,0.0000,n/a,20,1.388514042e-03,791.1335,6041.4283,188.7946,142.3512,0,0,0,3.727500000000e+00,1,1.000000,1,sumfact,on,on,0,0,0,0,0,,,0.000,,,,,,,
residual_rc_bnd_dt_n64,nid006550,hex8,residual,packed,packed,sumfact,affine,0.000000e+00,72,128,64,274625,262144,1098500,0,0.0000,n/a,20,7.489442825e-04,1466.7313,11200.5769,350.0180,263.9136,0,0,0,6.759042994895e+00,1,1.000000,1,sumfact,on,on,0,0,0,0,1,,,0.000,,,,,,,
residual_rc_bnd_dt_n64,nid006550,hex8,residual,atomic,atomic,sumfact,affine,0.000000e+00,72,0,64,274625,262144,1098500,0,0.0000,n/a,20,1.430606842e-03,767.8560,5863.6711,183.2397,138.1628,0,0,0,6.759448953731e+00,1,1.000000,1,sumfact,on,on,0,0,0,0,1,,,0.000,,,,,,,
residual_rc_perapply_n64,nid006550,hex8,residual,packed,packed,sumfact,affine,0.000000e+00,72,128,64,274625,262144,1098500,0,0.0000,n/a,20,7.414460182e-04,1481.5644,11313.8486,353.5578,266.5826,0,0,0,-1.282860536550e-14,1,1.000000,0,sumfact,on,off,0,1,0,0,0,,,0.000,,,,,,,
residual_rc_perapply_n64,nid006550,hex8,residual,atomic,atomic,sumfact,affine,0.000000e+00,72,0,64,274625,262144,1098500,0,0.0000,n/a,20,1.974368095e-03,556.3805,4248.7559,132.7736,100.1113,0,0,0,-1.256492739715e-14,1,1.000000,0,sumfact,on,off,0,1,0,0,0,,,0.000,,,,,,,
jac_rc_n64,nid006550,hex8,jac_action,packed,packed,sumfact,affine,0.000000e+00,72,128,64,274625,262144,1098500,0,0.0000,n/a,20,9.961843491e-04,1102.7075,8420.7386,263.1481,223.6759,0,0,0,3.033959260039e-13,1,1.000000,0,n/a,exact,off,1,0,0,0,0,1.295232000e-04,0.130019,0.000,,,,,,,
jac_rc_n64,nid006550,hex8,jac_action,atomic,atomic,sumfact,affine,0.000000e+00,72,0,64,274625,262144,1098500,0,0.0000,n/a,20,2.242910862e-03,489.7653,3740.0541,116.8767,99.3452,0,0,0,2.991632007225e-13,1,1.000000,0,n/a,exact,off,1,0,0,0,0,7.915904000e-04,0.352930,0.000,,,,,,,
jac_rc_bnd_n64,nid006550,hex8,jac_action,packed,packed,sumfact,affine,0.000000e+00,72,128,64,274625,262144,1098500,0,0.0000,n/a,20,1.054561138e-03,1041.6655,7954.5962,248.5811,211.2940,0,0,0,5.047023127365e+00,1,1.000000,1,n/a,exact,on,1,0,0,0,0,1.298688000e-04,0.123150,0.000,,,,,,,
jac_rc_bnd_n64,nid006550,hex8,jac_action,atomic,atomic,sumfact,affine,0.000000e+00,72,0,64,274625,262144,1098500,0,0.0000,n/a,20,2.272582054e-03,483.3709,3691.2234,115.3507,98.0481,0,0,0,5.047023127365e+00,1,1.000000,1,n/a,exact,on,1,0,0,0,0,7.906560000e-04,0.347911,0.000,,,,,,,
assemble_n64,nid006550,hex8,assemble,packed,packed,sumfact,affine,0.000000e+00,72,128,64,274625,262144,1098500,7189057,877.5704,f64,20,1.276692152e-02,86.0427,657.0580,20.5331,47.3082,0,0,0,2.702547346339e-10,0,0.000000,0,sumfact,off,off,0,0,0,0,0,,,0.000,,,,,,,
assemble_n64,nid006550,hex8,assemble,atomic,atomic,sumfact,affine,0.000000e+00,72,0,64,274625,262144,1098500,7189057,877.5704,f64,20,2.840471268e-02,38.6732,295.3245,9.2289,21.2634,0,0,0,2.702932316173e-10,0,0.000000,0,sumfact,off,off,0,0,0,0,0,,,0.000,,,,,,,
assemble_n64,nid006550,hex8,assemble,colored,colored,sumfact,affine,0.000000e+00,72,128,64,274625,262144,1098500,7189057,877.5704,f64,20,1.087911129e-02,100.9733,771.0747,24.0961,55.5174,14,146,147,2.702547346339e-10,0,0.000000,0,sumfact,off,off,0,0,0,0,0,,,0.000,,,,,,,
assemble_n64,nid006550,hex8,assemble,store,store,sumfact,affine,0.000000e+00,72,128,64,274625,262144,1098500,7189057,877.5704,f64,20,9.137070179e-03,120.2245,918.0851,28.6902,66.1021,0,0,0,2.702547346339e-10,0,0.000000,0,sumfact,off,off,0,0,0,0,0,,,0.000,,,,,,,
assemble_sympy_n64,nid006550,hex8,assemble,atomic,atomic,sympy,affine,0.000000e+00,72,0,64,274625,262144,1098500,7189057,877.5704,f64,20,1.960440874e-02,56.0333,427.8940,13.3717,30.8084,0,0,0,2.702932318341e-10,0,0.000000,0,sympy,off,off,0,0,0,0,0,,,0.000,,,,,,,
assemble_sympy_n64,nid006550,hex8,assemble,colored,colored,sympy,affine,0.000000e+00,72,128,64,274625,262144,1098500,7189057,877.5704,f64,20,1.194264889e-02,91.9813,702.4077,21.9502,50.5734,14,146,147,2.702547348507e-10,0,0.000000,0,sympy,off,off,0,0,0,0,0,,,0.000,,,,,,,
assemble_diag_n64,nid006550,hex8,assemble_diag,atomic,atomic,sumfact,affine,0.000000e+00,72,0,64,274625,262144,1098500,0,0.0000,n/a,20,1.034742594e-02,106.1617,810.6951,25.3342,19.1020,0,0,0,5.801523603040e+02,0,0.000000,0,n/a,off,off,0,0,0,0,0,,,0.000,,,,,,,
spmv_f64_n64,nid006550,hex8,bsr_apply,packed,n/a,sumfact,affine,0.000000e+00,72,128,64,274625,262144,1098500,7189057,877.5704,f64,20,2.272093296e-03,483.4749,0.0000,0.0000,0.0000,0,0,0,-1.151445421215e-12,0,0.000000,0,n/a,off,off,0,0,0,0,0,,,0.000,,,,,,,
spmv_f32_n64,nid006550,hex8,bsr_apply,packed,n/a,sumfact,affine,0.000000e+00,72,128,64,274625,262144,1098500,7189057,438.7852,f32,20,1.124429703e-03,976.9397,0.0000,0.0000,0.0000,0,0,0,1.266337291522e-05,0,0.000000,0,n/a,off,off,0,0,0,0,0,,,0.000,,,,,,,
residual_bare_n96,nid006550,hex8,residual,packed,packed,sumfact,affine,0.000000e+00,72,512,96,912673,884736,3650692,0,0.0000,n/a,20,1.268410683e-03,2878.1625,22320.4932,697.5154,525.9266,0,0,0,9.553718493399e-14,0,0.000000,0,sumfact,off,off,0,0,0,0,0,,,0.000,,,,,,,
residual_bare_n96,nid006550,hex8,residual,atomic,atomic,sumfact,affine,0.000000e+00,72,0,96,912673,884736,3650692,0,0.0000,n/a,20,3.271007538e-03,1116.0757,8655.3001,270.4781,203.9405,0,0,0,9.868744276637e-14,0,0.000000,0,sumfact,off,off,0,0,0,0,0,,,0.000,,,,,,,
jac_bare_n96,nid006550,hex8,jac_action,packed,packed,sumfact,affine,0.000000e+00,72,512,96,912673,884736,3650692,0,0.0000,n/a,20,1.744914055e-03,2092.1902,16225.1842,507.0370,430.9815,0,0,0,-2.009048702682e-12,0,0.000000,0,n/a,off,off,0,0,0,0,0,,,0.000,,,,,,,
jac_bare_n96,nid006550,hex8,jac_action,atomic,atomic,sumfact,affine,0.000000e+00,72,0,96,912673,884736,3650692,0,0.0000,n/a,20,3.736925125e-03,976.9240,7576.1625,236.7551,201.2418,0,0,0,-1.946265590640e-12,0,0.000000,0,n/a,off,off,0,0,0,0,0,,,0.000,,,,,,,
residual_current_n96,nid006550,hex8,residual,atomic,atomic,current,affine,0.000000e+00,72,0,96,912673,884736,3650692,0,0.0000,n/a,20,4.170179367e-03,875.4281,6789.0490,212.1578,159.9670,0,0,0,1.028125609821e-13,0,0.000000,0,current,off,off,0,0,0,0,0,,,0.000,,,,,,,
residual_current_n96,nid006550,hex8,residual,packed,packed,current,affine,0.000000e+00,72,512,96,912673,884736,3650692,0,0.0000,n/a,20,1.639473438e-03,2226.7467,17268.6860,539.6464,406.8934,0,0,0,1.028819499212e-13,0,0.000000,0,current,off,off,0,0,0,0,0,,,0.000,,,,,,,
residual_rc_n96,nid006550,hex8,residual,packed,packed,sumfact,affine,0.000000e+00,72,512,96,912673,884736,3650692,0,0.0000,n/a,20,2.385652065e-03,1530.2701,11867.4271,370.8571,279.6263,0,0,0,1.003804244587e-13,1,1.000000,0,sumfact,on,off,0,0,0,0,0,,,0.000,,,,,,,
residual_rc_n96,nid006550,hex8,residual,atomic,atomic,sumfact,affine,0.000000e+00,72,0,96,912673,884736,3650692,0,0.0000,n/a,20,4.403173923e-03,829.1047,6429.8055,200.9314,151.5023,0,0,0,1.025453593567e-13,1,1.000000,0,sumfact,on,off,0,0,0,0,0,,,0.000,,,,,,,
residual_rc_bnd_n96,nid006550,hex8,residual,packed,packed,sumfact,affine,0.000000e+00,72,512,96,912673,884736,3650692,0,0.0000,n/a,20,2.611291409e-03,1398.0408,10841.9734,338.8117,255.4640,0,0,0,3.727500000000e+00,1,1.000000,1,sumfact,on,on,0,0,0,0,0,,,0.000,,,,,,,
residual_rc_bnd_n96,nid006550,hex8,residual,atomic,atomic,sumfact,affine,0.000000e+00,72,0,96,912673,884736,3650692,0,0.0000,n/a,20,4.567933083e-03,799.2000,6197.8911,193.6841,146.0378,0,0,0,3.727500000000e+00,1,1.000000,1,sumfact,on,on,0,0,0,0,0,,,0.000,,,,,,,
residual_rc_bnd_dt_n96,nid006550,hex8,residual,packed,packed,sumfact,affine,0.000000e+00,72,512,96,912673,884736,3650692,0,0.0000,n/a,20,2.774214745e-03,1315.9371,10205.2489,318.9140,240.4612,0,0,0,6.759195490287e+00,1,1.000000,1,sumfact,on,on,0,0,0,0,1,,,0.000,,,,,,,
residual_rc_bnd_dt_n96,nid006550,hex8,residual,atomic,atomic,sumfact,affine,0.000000e+00,72,0,96,912673,884736,3650692,0,0.0000,n/a,20,4.694998264e-03,777.5705,6030.1518,188.4422,142.0855,0,0,0,6.759287405709e+00,1,1.000000,1,sumfact,on,on,0,0,0,0,1,,,0.000,,,,,,,
residual_rc_perapply_n96,nid006550,hex8,residual,packed,packed,sumfact,affine,0.000000e+00,72,512,96,912673,884736,3650692,0,0.0000,n/a,20,2.755129337e-03,1325.0529,10275.9430,321.1232,242.1269,0,0,0,1.003804244587e-13,1,1.000000,0,sumfact,on,off,0,1,0,0,0,,,0.000,,,,,,,
residual_rc_perapply_n96,nid006550,hex8,residual,atomic,atomic,sumfact,affine,0.000000e+00,72,0,96,912673,884736,3650692,0,0.0000,n/a,20,6.314814091e-03,578.1155,4483.3548,140.1048,105.6390,0,0,0,1.025453593567e-13,1,1.000000,0,sumfact,on,off,0,1,0,0,0,,,0.000,,,,,,,
jac_rc_n96,nid006550,hex8,jac_action,packed,packed,sumfact,affine,0.000000e+00,72,512,96,912673,884736,3650692,0,0.0000,n/a,20,3.798460960e-03,961.0977,7453.4271,232.9196,197.9817,0,0,0,2.763892901440e-13,1,1.000000,0,n/a,exact,off,1,0,0,0,0,6.487808000e-04,0.170801,0.000,,,,,,,
jac_rc_n96,nid006550,hex8,jac_action,atomic,atomic,sumfact,affine,0.000000e+00,72,0,96,912673,884736,3650692,0,0.0000,n/a,20,7.076382637e-03,515.8980,4000.8509,125.0266,106.2726,0,0,0,2.773607352905e-13,1,1.000000,0,n/a,exact,off,1,0,0,0,0,2.317452800e-03,0.327491,0.000,,,,,,,
jac_rc_bnd_n96,nid006550,hex8,jac_action,packed,packed,sumfact,affine,0.000000e+00,72,512,96,912673,884736,3650692,0,0.0000,n/a,20,4.066252708e-03,897.8025,6962.5658,217.5802,184.9432,0,0,0,5.047058237368e+00,1,1.000000,1,n/a,exact,on,1,0,0,0,0,6.457984000e-04,0.158819,0.000,,,,,,,
jac_rc_bnd_n96,nid006550,hex8,jac_action,atomic,atomic,sumfact,affine,0.000000e+00,72,0,96,912673,884736,3650692,0,0.0000,n/a,20,7.303678989e-03,499.8429,3876.3412,121.1357,102.9653,0,0,0,5.047058237368e+00,1,1.000000,1,n/a,exact,on,1,0,0,0,0,2.333542400e-03,0.319502,0.000,,,,,,,
assemble_n96,nid006550,hex8,assemble,packed,packed,sumfact,affine,0.000000e+00,72,512,96,912673,884736,3650692,24137569,2946.4806,f64,20,6.272085905e-02,58.2054,451.3897,14.1059,32.5001,0,0,0,7.386596588159e-11,0,0.000000,0,sumfact,off,off,0,0,0,0,0,,,0.000,,,,,,,
assemble_n96,nid006550,hex8,assemble,atomic,atomic,sumfact,affine,0.000000e+00,72,0,96,912673,884736,3650692,24137569,2946.4806,f64,20,9.348487854e-02,39.0511,302.8463,9.4639,21.8049,0,0,0,7.342422201788e-11,0,0.000000,0,sumfact,off,off,0,0,0,0,0,,,0.000,,,,,,,
assemble_n96,nid006550,hex8,assemble,colored,colored,sumfact,affine,0.000000e+00,72,512,96,912673,884736,3650692,24137569,2946.4806,f64,20,3.804899454e-02,95.9471,744.0815,23.2525,53.5739,19,90,91,7.389472065792e-11,0,0.000000,0,sumfact,off,off,0,0,0,0,0,,,0.000,,,,,,,
assemble_n96,nid006550,hex8,assemble,store,store,sumfact,affine,0.000000e+00,72,512,96,912673,884736,3650692,24137569,2946.4806,f64,20,4.336978197e-02,84.1759,652.7944,20.3998,47.0012,0,0,0,7.386596588159e-11,0,0.000000,0,sumfact,off,off,0,0,0,0,0,,,0.000,,,,,,,
assemble_sympy_n96,nid006550,hex8,assemble,atomic,atomic,sympy,affine,0.000000e+00,72,0,96,912673,884736,3650692,24137569,2946.4806,f64,20,6.531260014e-02,55.8957,433.4776,13.5462,31.2104,0,0,0,6.578006241380e-11,0,0.000000,0,sympy,off,off,0,0,0,0,0,,,0.000,,,,,,,
assemble_sympy_n96,nid006550,hex8,assemble,colored,colored,sympy,affine,0.000000e+00,72,512,96,912673,884736,3650692,24137569,2946.4806,f64,20,4.027581215e-02,90.6423,702.9418,21.9669,50.6118,19,90,91,6.632765216512e-11,0,0.000000,0,sympy,off,off,0,0,0,0,0,,,0.000,,,,,,,
assemble_diag_n96,nid006550,hex8,assemble_diag,atomic,atomic,sumfact,affine,0.000000e+00,72,0,96,912673,884736,3650692,0,0.0000,n/a,20,3.262714148e-02,111.8913,867.7301,27.1166,20.4459,0,0,0,1.054549351220e+03,0,0.000000,0,n/a,off,off,0,0,0,0,0,,,0.000,,,,,,,
spmv_f64_n96,nid006550,hex8,bsr_apply,packed,n/a,sumfact,affine,0.000000e+00,72,512,96,912673,884736,3650692,24137569,2946.4806,f64,20,9.135544300e-03,399.6141,0.0000,0.0000,0.0000,0,0,0,-2.227890574390e-12,0,0.000000,0,n/a,off,off,0,0,0,0,0,,,0.000,,,,,,,
spmv_f32_n96,nid006550,hex8,bsr_apply,packed,n/a,sumfact,affine,0.000000e+00,72,512,96,912673,884736,3650692,24137569,1473.2403,f32,20,4.312908649e-03,846.4571,0.0000,0.0000,0.0000,0,0,0,-1.159811748818e-06,0,0.000000,0,n/a,off,off,0,0,0,0,0,,,0.000,,,,,,,
residual_bare_n128,nid006550,hex8,residual,packed,packed,sumfact,affine,0.000000e+00,72,1024,128,2146689,2097152,8586756,0,0.0000,n/a,20,3.291487694e-03,2608.7766,20388.6115,637.1441,480.4067,0,0,0,1.366551186446e-13,0,0.000000,0,sumfact,off,off,0,0,0,0,0,,,0.000,,,,,,,
residual_bare_n128,nid006550,hex8,residual,atomic,atomic,sumfact,affine,0.000000e+00,72,0,128,2146689,2097152,8586756,0,0.0000,n/a,20,7.982361317e-03,1075.7163,8407.1444,262.7233,198.0933,0,0,0,1.381469808340e-13,0,0.000000,0,sumfact,off,off,0,0,0,0,0,,,0.000,,,,,,,
jac_bare_n128,nid006550,hex8,jac_action,packed,packed,sumfact,affine,0.000000e+00,72,1024,128,2146689,2097152,8586756,0,0.0000,n/a,20,4.418492317e-03,1943.3679,15188.1817,474.6307,403.4361,0,0,0,-2.268767828771e-12,0,0.000000,0,n/a,off,off,0,0,0,0,0,,,0.000,,,,,,,
jac_bare_n128,nid006550,hex8,jac_action,atomic,atomic,sumfact,affine,0.000000e+00,72,0,128,2146689,2097152,8586756,0,0.0000,n/a,20,8.776187897e-03,978.4152,7646.6986,238.9593,203.1154,0,0,0,-2.268767828771e-12,0,0.000000,0,n/a,off,off,0,0,0,0,0,,,0.000,,,,,,,
residual_current_n128,nid006550,hex8,residual,atomic,atomic,current,affine,0.000000e+00,72,0,128,2146689,2097152,8586756,0,0.0000,n/a,20,9.634232521e-03,891.2756,6965.6679,217.6771,164.1285,0,0,0,1.381248631097e-13,0,0.000000,0,current,off,off,0,0,0,0,0,,,0.000,,,,,,,
residual_current_n128,nid006550,hex8,residual,packed,packed,current,affine,0.000000e+00,72,1024,128,2146689,2097152,8586756,0,0.0000,n/a,20,4.027783871e-03,2131.8810,16661.4859,520.6714,392.5863,0,0,0,1.366330009203e-13,0,0.000000,0,current,off,off,0,0,0,0,0,,,0.000,,,,,,,
residual_rc_n128,nid006550,hex8,residual,packed,packed,sumfact,affine,0.000000e+00,72,1024,128,2146689,2097152,8586756,0,0.0000,n/a,20,5.601465702e-03,1532.9481,11980.5900,374.3934,282.2927,0,0,0,1.366482339608e-13,1,1.000000,0,sumfact,on,off,0,0,0,0,0,,,0.000,,,,,,,
residual_rc_n128,nid006550,hex8,residual,atomic,atomic,sumfact,affine,0.000000e+00,72,0,128,2146689,2097152,8586756,0,0.0000,n/a,20,1.027728319e-02,835.5084,6529.8253,204.0570,153.8590,0,0,0,1.381470350441e-13,1,1.000000,0,sumfact,on,off,0,0,0,0,0,,,0.000,,,,,,,
residual_rc_bnd_n128,nid006550,hex8,residual,packed,packed,sumfact,affine,0.000000e+00,72,1024,128,2146689,2097152,8586756,0,0.0000,n/a,20,6.138432026e-03,1398.8517,10932.5743,341.6429,257.5988,0,0,0,3.727500000000e+00,1,1.000000,1,sumfact,on,on,0,0,0,0,0,,,0.000,,,,,,,
residual_rc_bnd_n128,nid006550,hex8,residual,atomic,atomic,sumfact,affine,0.000000e+00,72,0,128,2146689,2097152,8586756,0,0.0000,n/a,20,1.089785099e-02,787.9311,6157.9906,192.4372,145.0977,0,0,0,3.727500000000e+00,1,1.000000,1,sumfact,on,on,0,0,0,0,0,,,0.000,,,,,,,
residual_rc_bnd_dt_n128,nid006550,hex8,residual,packed,packed,sumfact,affine,0.000000e+00,72,1024,128,2146689,2097152,8586756,0,0.0000,n/a,20,6.730246544e-03,1275.8457,9971.2341,311.6011,234.9472,0,0,0,6.759412313613e+00,1,1.000000,1,sumfact,on,on,0,0,0,0,1,,,0.000,,,,,,,
residual_rc_bnd_dt_n128,nid006550,hex8,residual,atomic,atomic,sumfact,affine,0.000000e+00,72,0,128,2146689,2097152,8586756,0,0.0000,n/a,20,1.133819818e-02,757.3299,5918.8297,184.9634,139.4624,0,0,0,6.759329548060e+00,1,1.000000,1,sumfact,on,on,0,0,0,0,1,,,0.000,,,,,,,
residual_rc_perapply_n128,nid006550,hex8,residual,packed,packed,sumfact,affine,0.000000e+00,72,1024,128,2146689,2097152,8586756,0,0.0000,n/a,20,6.665122509e-03,1288.3118,10068.6617,314.6457,237.2428,0,0,0,1.366482339608e-13,1,1.000000,0,sumfact,on,off,0,1,0,0,0,,,0.000,,,,,,,
residual_rc_perapply_n128,nid006550,hex8,residual,atomic,atomic,sumfact,affine,0.000000e+00,72,0,128,2146689,2097152,8586756,0,0.0000,n/a,20,1.508396864e-02,569.2637,4449.0191,139.0318,104.8300,0,0,0,1.381470350441e-13,1,1.000000,0,sumfact,on,off,0,1,0,0,0,,,0.000,,,,,,,
jac_rc_n128,nid006550,hex8,jac_action,packed,packed,sumfact,affine,0.000000e+00,72,1024,128,2146689,2097152,8586756,0,0.0000,n/a,20,9.348511696e-03,918.5158,7178.5613,224.3300,190.6805,0,0,0,-3.069362255678e-13,1,1.000000,0,n/a,exact,off,1,0,0,0,0,1.678003200e-03,0.179494,0.000,,,,,,,
jac_rc_n128,nid006550,hex8,jac_action,atomic,atomic,sumfact,affine,0.000000e+00,72,0,128,2146689,2097152,8586756,0,0.0000,n/a,20,1.649259329e-02,520.6432,4069.0304,127.1572,108.0836,0,0,0,-3.078244039875e-13,1,1.000000,0,n/a,exact,off,1,0,0,0,0,5.276070400e-03,0.319905,0.000,,,,,,,
jac_rc_bnd_n128,nid006550,hex8,jac_action,packed,packed,sumfact,affine,0.000000e+00,72,1024,128,2146689,2097152,8586756,0,0.0000,n/a,20,9.872090816e-03,869.8012,6797.8370,212.4324,180.5675,0,0,0,5.048053297186e+00,1,1.000000,1,n/a,exact,on,1,0,0,0,0,1.638822400e-03,0.166006,0.000,,,,,,,
jac_rc_bnd_n128,nid006550,hex8,jac_action,atomic,atomic,sumfact,affine,0.000000e+00,72,0,128,2146689,2097152,8586756,0,0.0000,n/a,20,1.703395844e-02,504.0963,3939.7104,123.1160,104.6486,0,0,0,5.048053297186e+00,1,1.000000,1,n/a,exact,on,1,0,0,0,0,5.286246400e-03,0.310336,0.000,,,,,,,
assemble_n128,nid006550,hex8,assemble,packed,packed,sumfact,affine,0.000000e+00,72,1024,128,2146689,2097152,8586756,57066625,6966.1407,f64,20,1.503449559e-01,57.1137,446.3659,13.9489,32.1383,0,0,0,-3.076235482948e-08,0,0.000000,0,sumfact,off,off,0,0,0,0,0,,,0.000,,,,,,,
assemble_n128,nid006550,hex8,assemble,atomic,atomic,sumfact,affine,0.000000e+00,72,0,128,2146689,2097152,8586756,57066625,6966.1407,f64,20,2.207589030e-01,38.8965,303.9917,9.4997,21.8874,0,0,0,-3.076550014682e-08,0,0.000000,0,sumfact,off,off,0,0,0,0,0,,,0.000,,,,,,,
assemble_n128,nid006550,hex8,assemble,colored,colored,sumfact,affine,0.000000e+00,72,1024,128,2146689,2097152,8586756,57066625,6966.1407,f64,20,8.398755789e-02,102.2384,799.0334,24.9698,57.5304,14,146,147,-3.076235482948e-08,0,0.000000,0,sumfact,off,off,0,0,0,0,0,,,0.000,,,,,,,
assemble_n128,nid006550,hex8,assemble,store,store,sumfact,affine,0.000000e+00,72,1024,128,2146689,2097152,8586756,57066625,6966.1407,f64,20,1.096402645e-01,78.3175,612.0823,19.1276,44.0699,0,0,0,-3.076235482948e-08,0,0.000000,0,sumfact,off,off,0,0,0,0,0,,,0.000,,,,,,,
assemble_sympy_n128,nid006550,hex8,assemble,atomic,atomic,sympy,affine,0.000000e+00,72,0,128,2146689,2097152,8586756,57066625,6966.1407,f64,20,1.556603074e-01,55.1634,431.1238,13.4726,31.0409,0,0,0,-3.076550013728e-08,0,0.000000,0,sympy,off,off,0,0,0,0,0,,,0.000,,,,,,,
assemble_sympy_n128,nid006550,hex8,assemble,colored,colored,sympy,affine,0.000000e+00,72,1024,128,2146689,2097152,8586756,57066625,6966.1407,f64,20,8.716106415e-02,98.5160,769.9409,24.0607,55.4357,14,146,147,-3.076235482687e-08,0,0.000000,0,sympy,off,off,0,0,0,0,0,,,0.000,,,,,,,
assemble_diag_n128,nid006550,hex8,assemble_diag,atomic,atomic,sumfact,affine,0.000000e+00,72,0,128,2146689,2097152,8586756,0,0.0000,n/a,20,7.583190203e-02,113.2341,884.9688,27.6553,20.8521,0,0,0,1.651826180067e+03,0,0.000000,0,n/a,off,off,0,0,0,0,0,,,0.000,,,,,,,
spmv_f64_n128,nid006550,hex8,bsr_apply,packed,n/a,sumfact,affine,0.000000e+00,72,1024,128,2146689,2097152,8586756,57066625,6966.1407,f64,20,1.928164959e-02,445.3331,0.0000,0.0000,0.0000,0,0,0,-2.271657308876e-12,0,0.000000,0,n/a,off,off,0,0,0,0,0,,,0.000,,,,,,,
spmv_f32_n128,nid006550,hex8,bsr_apply,packed,n/a,sumfact,affine,0.000000e+00,72,1024,128,2146689,2097152,8586756,57066625,3483.0704,f32,20,1.051570177e-02,816.5652,0.0000,0.0000,0.0000,0,0,0,4.661746579456e-05,0,0.000000,0,n/a,off,off,0,0,0,0,0,,,0.000,,,,,,,
residual_bare_n160,nid006550,hex8,residual,packed,packed,sumfact,affine,0.000000e+00,72,2048,160,4173281,4096000,16693124,0,0.0000,n/a,20,7.427990437e-03,2247.3271,17645.6878,551.4277,415.7765,0,0,0,-6.683819079797e-14,0,0.000000,0,sumfact,off,off,0,0,0,0,0,,,0.000,,,,,,,
residual_bare_n160,nid006550,hex8,residual,atomic,atomic,sumfact,affine,0.000000e+00,72,0,160,4173281,4096000,16693124,0,0.0000,n/a,20,1.588909626e-02,1050.6025,8249.1791,257.7868,194.3713,0,0,0,-7.000232641816e-14,0,0.000000,0,sumfact,off,off,0,0,0,0,0,,,0.000,,,,,,,
jac_bare_n160,nid006550,hex8,jac_action,packed,packed,sumfact,affine,0.000000e+00,72,2048,160,4173281,4096000,16693124,0,0.0000,n/a,20,9.177446365e-03,1818.9291,14281.9685,446.3115,379.3648,0,0,0,7.483083570110e-13,0,0.000000,0,n/a,off,off,0,0,0,0,0,,,0.000,,,,,,,
jac_bare_n160,nid006550,hex8,jac_action,atomic,atomic,sumfact,affine,0.000000e+00,72,0,160,4173281,4096000,16693124,0,0.0000,n/a,20,1.707035303e-02,977.9015,7678.3415,239.9482,203.9559,0,0,0,7.694581056301e-13,0,0.000000,0,n/a,off,off,0,0,0,0,0,,,0.000,,,,,,,
residual_current_n160,nid006550,hex8,residual,atomic,atomic,current,affine,0.000000e+00,72,0,160,4173281,4096000,16693124,0,0.0000,n/a,20,2.032333612e-02,821.3772,6449.3349,201.5417,151.9625,0,0,0,-7.131918482433e-14,0,0.000000,0,current,off,off,0,0,0,0,0,,,0.000,,,,,,,
residual_current_n160,nid006550,hex8,residual,packed,packed,current,affine,0.000000e+00,72,2048,160,4173281,4096000,16693124,0,0.0000,n/a,20,7.851016521e-03,2126.2373,16694.9082,521.7159,393.3738,0,0,0,-6.568480297436e-14,0,0.000000,0,current,off,off,0,0,0,0,0,,,0.000,,,,,,,
residual_rc_n160,nid006550,hex8,residual,packed,packed,sumfact,affine,0.000000e+00,72,2048,160,4173281,4096000,16693124,0,0.0000,n/a,20,1.182653904e-02,1411.4970,11082.8704,346.3397,261.1401,0,0,0,-6.590924637659e-14,1,1.000000,0,sumfact,on,off,0,0,0,0,0,,,0.000,,,,,,,
residual_rc_n160,nid006550,hex8,residual,atomic,atomic,sumfact,affine,0.000000e+00,72,0,160,4173281,4096000,16693124,0,0.0000,n/a,20,2.121797800e-02,786.7443,6177.4030,193.0438,145.5551,0,0,0,-7.109953901671e-14,1,1.000000,0,sumfact,on,off,0,0,0,0,0,,,0.000,,,,,,,
residual_rc_bnd_n160,nid006550,hex8,residual,packed,packed,sumfact,affine,0.000000e+00,72,2048,160,4173281,4096000,16693124,0,0.0000,n/a,20,1.270128489e-02,1314.2862,10319.5859,322.4871,243.1552,0,0,0,3.727500000000e+00,1,1.000000,1,sumfact,on,on,0,0,0,0,0,,,0.000,,,,,,,
residual_rc_bnd_n160,nid006550,hex8,residual,atomic,atomic,sumfact,affine,0.000000e+00,72,0,160,4173281,4096000,16693124,0,0.0000,n/a,20,2.220090628e-02,751.9118,5903.9031,184.4970,139.1107,0,0,0,3.727500000000e+00,1,1.000000,1,sumfact,on,on,0,0,0,0,0,,,0.000,,,,,,,
residual_rc_bnd_dt_n160,nid006550,hex8,residual,packed,packed,sumfact,affine,0.000000e+00,72,2048,160,4173281,4096000,16693124,0,0.0000,n/a,20,1.385953426e-02,1204.4506,9457.1720,295.5366,222.8346,0,0,0,6.759317416976e+00,1,1.000000,1,sumfact,on,on,0,0,0,0,1,,,0.000,,,,,,,
residual_rc_bnd_dt_n160,nid006550,hex8,residual,atomic,atomic,sumfact,affine,0.000000e+00,72,0,160,4173281,4096000,16693124,0,0.0000,n/a,20,2.316054106e-02,720.7571,5659.2806,176.8525,133.3468,0,0,0,6.759324573300e+00,1,1.000000,1,sumfact,on,on,0,0,0,0,1,,,0.000,,,,,,,
residual_rc_perapply_n160,nid006550,hex8,residual,packed,packed,sumfact,affine,0.000000e+00,72,2048,160,4173281,4096000,16693124,0,0.0000,n/a,20,1.390283108e-02,1200.6996,9427.7201,294.6163,222.1407,0,0,0,-6.590924637659e-14,1,1.000000,0,sumfact,on,off,0,1,0,0,0,,,0.000,,,,,,,
residual_rc_perapply_n160,nid006550,hex8,residual,atomic,atomic,sumfact,affine,0.000000e+00,72,0,160,4173281,4096000,16693124,0,0.0000,n/a,20,3.091720343e-02,539.9299,4239.4520,132.4829,99.8921,0,0,0,-7.109953901671e-14,1,1.000000,0,sumfact,on,off,0,1,0,0,0,,,0.000,,,,,,,
jac_rc_n160,nid006550,hex8,jac_action,packed,packed,sumfact,affine,0.000000e+00,72,2048,160,4173281,4096000,16693124,0,0.0000,n/a,20,1.806230545e-02,924.1968,7256.6595,226.7706,192.7550,0,0,0,-5.547403831327e-13,1,1.000000,0,n/a,exact,off,1,0,0,0,0,3.164659200e-03,0.175208,0.000,,,,,,,
jac_rc_n160,nid006550,hex8,jac_action,atomic,atomic,sumfact,affine,0.000000e+00,72,0,160,4173281,4096000,16693124,0,0.0000,n/a,20,3.308970928e-02,504.4808,3961.1107,123.7847,105.2170,0,0,0,-5.574049183918e-13,1,1.000000,0,n/a,exact,off,1,0,0,0,0,1.069629440e-02,0.323251,0.000,,,,,,,
jac_rc_bnd_n160,nid006550,hex8,jac_action,packed,packed,sumfact,affine,0.000000e+00,72,2048,160,4173281,4096000,16693124,0,0.0000,n/a,20,1.914391518e-02,871.9807,6846.6664,213.9583,181.8646,0,0,0,5.046148336219e+00,1,1.000000,1,n/a,exact,on,1,0,0,0,0,3.161113600e-03,0.165124,0.000,,,,,,,
jac_rc_bnd_n160,nid006550,hex8,jac_action,atomic,atomic,sumfact,affine,0.000000e+00,72,0,160,4173281,4096000,16693124,0,0.0000,n/a,20,3.396910429e-02,491.4208,3858.5651,120.5802,102.4931,0,0,0,5.046148336219e+00,1,1.000000,1,n/a,exact,on,1,0,0,0,0,1.071237120e-02,0.315356,0.000,,,,,,,
assemble_n160,nid006550,hex8,assemble,packed,packed,sumfact,affine,0.000000e+00,72,2048,160,4173281,4096000,16693124,111284641,13584.5509,f64,20,2.980298162e-01,56.0116,439.7949,13.7436,31.6652,0,0,0,1.165429404451e-08,0,0.000000,0,sumfact,off,off,0,0,0,0,0,,,0.000,,,,,,,
assemble_n160,nid006550,hex8,assemble,atomic,atomic,sumfact,affine,0.000000e+00,72,0,160,4173281,4096000,16693124,111284641,13584.5509,f64,20,4.308640718e-01,38.7434,304.2073,9.5065,21.9029,0,0,0,1.164916721901e-08,0,0.000000,0,sumfact,off,off,0,0,0,0,0,,,0.000,,,,,,,
assemble_n160,nid006550,hex8,assemble,colored,colored,sumfact,affine,0.000000e+00,72,2048,160,4173281,4096000,16693124,111284641,13584.5509,f64,20,1.589386225e-01,105.0287,824.6705,25.7710,59.3763,20,99,101,1.165426806529e-08,0,0.000000,0,sumfact,off,off,0,0,0,0,0,,,0.000,,,,,,,
assemble_n160,nid006550,hex8,assemble,store,store,sumfact,affine,0.000000e+00,72,2048,160,4173281,4096000,16693124,111284641,13584.5509,f64,20,2.332892299e-01,71.5555,561.8433,17.5576,40.4527,0,0,0,1.165429404451e-08,0,0.000000,0,sumfact,off,off,0,0,0,0,0,,,0.000,,,,,,,
assemble_sympy_n160,nid006550,hex8,assemble,atomic,atomic,sympy,affine,0.000000e+00,72,0,160,4173281,4096000,16693124,111284641,13584.5509,f64,20,3.014721990e-01,55.3720,434.7731,13.5867,31.3037,0,0,0,1.167343591505e-08,0,0.000000,0,sympy,off,off,0,0,0,0,0,,,0.000,,,,,,,
assemble_sympy_n160,nid006550,hex8,assemble,colored,colored,sympy,affine,0.000000e+00,72,2048,160,4173281,4096000,16693124,111284641,13584.5509,f64,20,1.668966413e-01,100.0207,785.3483,24.5421,56.5451,20,99,101,1.168506756832e-08,0,0.000000,0,sympy,off,off,0,0,0,0,0,,,0.000,,,,,,,
assemble_diag_n160,nid006550,hex8,assemble_diag,atomic,atomic,sumfact,affine,0.000000e+00,72,0,160,4173281,4096000,16693124,0,0.0000,n/a,20,1.484851480e-01,112.4229,882.7280,27.5853,20.7993,0,0,0,2.371982944015e+03,0,0.000000,0,n/a,off,off,0,0,0,0,0,,,0.000,,,,,,,
spmv_f64_n160,nid006550,hex8,bsr_apply,packed,n/a,sumfact,affine,0.000000e+00,72,2048,160,4173281,4096000,16693124,111284641,13584.5509,f64,20,3.762689829e-02,443.6487,0.0000,0.0000,0.0000,0,0,0,7.157881465282e-13,0,0.000000,0,n/a,off,off,0,0,0,0,0,,,0.000,,,,,,,
spmv_f32_n160,nid006550,hex8,bsr_apply,packed,n/a,sumfact,affine,0.000000e+00,72,2048,160,4173281,4096000,16693124,111284641,6792.2755,f32,20,1.916435957e-02,871.0504,0.0000,0.0000,0.0000,0,0,0,4.118532892879e-05,0,0.000000,0,n/a,off,off,0,0,0,0,0,,,0.000,,,,,,,
residual_bare_n192,nid006550,hex8,residual,packed,packed,sumfact,affine,0.000000e+00,72,4096,192,7189057,7077888,28756228,0,0.0000,n/a,20,1.090000868e-02,2638.1840,20779.1042,649.3470,489.6076,0,0,0,-2.914920908814e-14,0,0.000000,0,sumfact,off,off,0,0,0,0,0,,,0.000,,,,,,,
residual_bare_n192,nid006550,hex8,residual,atomic,atomic,sumfact,affine,0.000000e+00,72,0,192,7189057,7077888,28756228,0,0.0000,n/a,20,2.645485401e-02,1086.9925,8561.4691,267.5459,201.7296,0,0,0,-1.935149089582e-14,0,0.000000,0,sumfact,off,off,0,0,0,0,0,,,0.000,,,,,,,
jac_bare_n192,nid006550,hex8,jac_action,packed,packed,sumfact,affine,0.000000e+00,72,4096,192,7189057,7077888,28756228,0,0.0000,n/a,20,1.498746872e-02,1918.6848,15112.1193,472.2537,401.4157,0,0,0,2.572335378558e-11,0,0.000000,0,n/a,off,off,0,0,0,0,0,,,0.000,,,,,,,
jac_bare_n192,nid006550,hex8,jac_action,atomic,atomic,sumfact,affine,0.000000e+00,72,0,192,7189057,7077888,28756228,0,0.0000,n/a,20,2.934508324e-02,979.9334,7718.2407,241.1950,205.0158,0,0,0,2.581261571676e-11,0,0.000000,0,n/a,off,off,0,0,0,0,0,,,0.000,,,,,,,
residual_current_n192,nid006550,hex8,residual,atomic,atomic,current,affine,0.000000e+00,72,0,192,7189057,7077888,28756228,0,0.0000,n/a,20,3.358005285e-02,856.3485,6744.8499,210.7766,158.9255,0,0,0,-1.950513589619e-14,0,0.000000,0,current,off,off,0,0,0,0,0,,,0.000,,,,,,,
residual_current_n192,nid006550,hex8,residual,packed,packed,current,affine,0.000000e+00,72,4096,192,7189057,7077888,28756228,0,0.0000,n/a,20,1.336799860e-02,2151.1244,16942.8815,529.4650,399.2166,0,0,0,-2.561136253163e-14,0,0.000000,0,current,off,off,0,0,0,0,0,,,0.000,,,,,,,
residual_rc_n192,nid006550,hex8,residual,packed,packed,sumfact,affine,0.000000e+00,72,4096,192,7189057,7077888,28756228,0,0.0000,n/a,20,1.998578310e-02,1438.8342,11332.6766,354.1461,267.0262,0,0,0,-3.009289865907e-14,1,1.000000,0,sumfact,on,off,0,0,0,0,0,,,0.000,,,,,,,
residual_rc_n192,nid006550,hex8,residual,atomic,atomic,sumfact,affine,0.000000e+00,72,0,192,7189057,7077888,28756228,0,0.0000,n/a,20,3.573757410e-02,804.6497,6337.6550,198.0517,149.3310,0,0,0,-2.201602615493e-14,1,1.000000,0,sumfact,on,off,0,0,0,0,0,,,0.000,,,,,,,
residual_rc_bnd_n192,nid006550,hex8,residual,packed,packed,sumfact,affine,0.000000e+00,72,4096,192,7189057,7077888,28756228,0,0.0000,n/a,20,2.130670547e-02,1349.6328,10630.1003,332.1906,250.4717,0,0,0,3.727500000000e+00,1,1.000000,1,sumfact,on,on,0,0,0,0,0,,,0.000,,,,,,,
residual_rc_bnd_n192,nid006550,hex8,residual,atomic,atomic,sumfact,affine,0.000000e+00,72,0,192,7189057,7077888,28756228,0,0.0000,n/a,20,3.723288774e-02,772.3341,6083.1278,190.0977,143.3337,0,0,0,3.727500000000e+00,1,1.000000,1,sumfact,on,on,0,0,0,0,0,,,0.000,,,,,,,
residual_rc_bnd_dt_n192,nid006550,hex8,residual,packed,packed,sumfact,affine,0.000000e+00,72,4096,192,7189057,7077888,28756228,0,0.0000,n/a,20,2.320203781e-02,1239.3837,9761.7467,305.0546,230.0112,0,0,0,6.759335709367e+00,1,1.000000,1,sumfact,on,on,0,0,0,0,1,,,0.000,,,,,,,
residual_rc_bnd_dt_n192,nid006550,hex8,residual,atomic,atomic,sumfact,affine,0.000000e+00,72,0,192,7189057,7077888,28756228,0,0.0000,n/a,20,3.891682625e-02,738.9150,5819.9097,181.8722,137.1316,0,0,0,6.759309506134e+00,1,1.000000,1,sumfact,on,on,0,0,0,0,1,,,0.000,,,,,,,
residual_rc_perapply_n192,nid006550,hex8,residual,packed,packed,sumfact,affine,0.000000e+00,72,4096,192,7189057,7077888,28756228,0,0.0000,n/a,20,2.339351177e-02,1229.2395,9681.8476,302.5577,228.1285,0,0,0,-3.009289865907e-14,1,1.000000,0,sumfact,on,off,0,1,0,0,0,,,0.000,,,,,,,
residual_rc_perapply_n192,nid006550,hex8,residual,atomic,atomic,sumfact,affine,0.000000e+00,72,0,192,7189057,7077888,28756228,0,0.0000,n/a,20,5.106625557e-02,563.1160,4435.2658,138.6021,104.5060,0,0,0,-2.201602615493e-14,1,1.000000,0,sumfact,on,off,0,1,0,0,0,,,0.000,,,,,,,
jac_rc_n192,nid006550,hex8,jac_action,packed,packed,sumfact,affine,0.000000e+00,72,4096,192,7189057,7077888,28756228,0,0.0000,n/a,20,3.085354567e-02,932.0234,7340.8878,229.4027,194.9923,0,0,0,-3.003928248995e-13,1,1.000000,0,n/a,exact,off,1,0,0,0,0,5.207846400e-03,0.168792,0.000,,,,,,,
jac_rc_n192,nid006550,hex8,jac_action,atomic,atomic,sumfact,affine,0.000000e+00,72,0,192,7189057,7077888,28756228,0,0.0000,n/a,20,5.600008965e-02,513.5032,4044.5010,126.3907,107.4321,0,0,0,-3.094966537014e-13,1,1.000000,0,n/a,exact,off,1,0,0,0,0,1.750115840e-02,0.312520,0.000,,,,,,,
jac_rc_bnd_n192,nid006550,hex8,jac_action,packed,packed,sumfact,affine,0.000000e+00,72,4096,192,7189057,7077888,28756228,0,0.0000,n/a,20,3.198484182e-02,899.0580,7081.2423,221.2888,188.0955,0,0,0,5.049173453743e+00,1,1.000000,1,n/a,exact,on,1,0,0,0,0,5.190771200e-03,0.162288,0.000,,,,,,,
jac_rc_bnd_n192,nid006550,hex8,jac_action,atomic,atomic,sumfact,affine,0.000000e+00,72,0,192,7189057,7077888,28756228,0,0.0000,n/a,20,5.707648993e-02,503.8191,3968.2261,124.0071,105.4060,0,0,0,5.049173453743e+00,1,1.000000,1,n/a,exact,on,1,0,0,0,0,1.747153920e-02,0.306107,0.000,,,,,,,
assemble_n192,nid006550,hex8,assemble,packed,packed,sumfact,affine,0.000000e+00,72,4096,192,7189057,7077888,28756228,192100033,23449.7111,f64,20,5.066346765e-01,56.7593,447.0527,13.9704,32.1878,0,0,0,2.592910685214e-09,0,0.000000,0,sumfact,off,off,0,0,0,0,0,,,0.000,,,,,,,
assemble_n192,nid006550,hex8,assemble,atomic,atomic,sumfact,affine,0.000000e+00,72,0,192,7189057,7077888,28756228,192100033,23449.7111,f64,20,7.480954051e-01,38.4393,302.7587,9.4612,21.7986,0,0,0,2.591521534265e-09,0,0.000000,0,sumfact,off,off,0,0,0,0,0,,,0.000,,,,,,,
assemble_n192,nid006550,hex8,assemble,colored,colored,sumfact,affine,0.000000e+00,72,4096,192,7189057,7077888,28756228,192100033,23449.7111,f64,20,2.760625839e-01,104.1656,820.4387,25.6387,59.0716,19,90,91,2.592891644889e-09,0,0.000000,0,sumfact,off,off,0,0,0,0,0,,,0.000,,,,,,,
assemble_n192,nid006550,hex8,assemble,store,store,sumfact,affine,0.000000e+00,72,4096,192,7189057,7077888,28756228,192100033,23449.7111,f64,20,3.914320588e-01,73.4642,578.6251,18.0820,41.6610,0,0,0,2.592910685214e-09,0,0.000000,0,sumfact,off,off,0,0,0,0,0,,,0.000,,,,,,,
assemble_sympy_n192,nid006550,hex8,assemble,atomic,atomic,sympy,affine,0.000000e+00,72,0,192,7189057,7077888,28756228,192100033,23449.7111,f64,20,5.201626301e-01,55.2831,435.4262,13.6071,31.3507,0,0,0,2.579395400885e-09,0,0.000000,0,sympy,off,off,0,0,0,0,0,,,0.000,,,,,,,
assemble_sympy_n192,nid006550,hex8,assemble,colored,colored,sympy,affine,0.000000e+00,72,4096,192,7189057,7077888,28756228,192100033,23449.7111,f64,20,2.980790257e-01,96.4718,759.8402,23.7450,54.7085,19,90,91,2.580736401329e-09,0,0.000000,0,sympy,off,off,0,0,0,0,0,,,0.000,,,,,,,
assemble_diag_n192,nid006550,hex8,assemble_diag,atomic,atomic,sumfact,affine,0.000000e+00,72,0,192,7189057,7077888,28756228,0,0.0000,n/a,20,2.533948898e-01,113.4839,893.8318,27.9322,21.0609,0,0,0,3.215019675301e+03,0,0.000000,0,n/a,off,off,0,0,0,0,0,,,0.000,,,,,,,
spmv_f64_n192,nid006550,hex8,bsr_apply,packed,n/a,sumfact,affine,0.000000e+00,72,4096,192,7189057,7077888,28756228,192100033,23449.7111,f64,20,6.506161690e-02,441.9845,0.0000,0.0000,0.0000,0,0,0,2.533862061957e-11,0,0.000000,0,n/a,off,off,0,0,0,0,0,,,0.000,,,,,,,
spmv_f32_n192,nid006550,hex8,bsr_apply,packed,n/a,sumfact,affine,0.000000e+00,72,4096,192,7189057,7077888,28756228,192100033,11724.8555,f32,20,3.340567350e-02,860.8187,0.0000,0.0000,0.0000,0,0,0,-8.660309578814e-06,0,0.000000,0,n/a,off,off,0,0,0,0,0,,,0.000,,,,,,,
spmv_f32_n192,nid006550,hex8,bsr_apply,packed,n/a,sumfact,affine,0.000000e+00,72,4096,192,7189057,7077888,28756228,192100033,11724.8555,f32,20,3.322902918e-02,865.3948,0.0000,0.0000,0.0000,0,0,0,-8.660309578814e-06,0,0.000000,0,n/a,off,off,0,0,0,0,0,,,0.000,,,,,,,
spmv_f64_n192,nid006550,hex8,bsr_apply,packed,n/a,sumfact,affine,0.000000e+00,72,4096,192,7189057,7077888,28756228,192100033,23449.7111,f64,20,6.500296593e-02,442.3833,0.0000,0.0000,0.0000,0,0,0,2.533862061957e-11,0,0.000000,0,n/a,off,off,0,0,0,0,0,,,0.000,,,,,,,
assemble_diag_n192,nid006550,hex8,assemble_diag,atomic,atomic,sumfact,affine,0.000000e+00,72,0,192,7189057,7077888,28756228,0,0.0000,n/a,20,2.536867023e-01,113.3533,892.8037,27.9001,21.0367,0,0,0,3.215019675301e+03,0,0.000000,0,n/a,off,off,0,0,0,0,0,,,0.000,,,,,,,
assemble_sympy_n192,nid006550,hex8,assemble,colored,colored,sympy,affine,0.000000e+00,72,4096,192,7189057,7077888,28756228,192100033,23449.7111,f64,20,2.968251467e-01,96.8794,763.0500,23.8453,54.9396,19,90,91,2.580736401329e-09,0,0.000000,0,sympy,off,off,0,0,0,0,0,,,0.000,,,,,,,
assemble_sympy_n192,nid006550,hex8,assemble,atomic,atomic,sympy,affine,0.000000e+00,72,0,192,7189057,7077888,28756228,192100033,23449.7111,f64,20,5.217535496e-01,55.1146,434.0985,13.5656,31.2551,0,0,0,2.579395400885e-09,0,0.000000,0,sympy,off,off,0,0,0,0,0,,,0.000,,,,,,,
assemble_n192,nid006550,hex8,assemble,store,store,sumfact,affine,0.000000e+00,72,4096,192,7189057,7077888,28756228,192100033,23449.7111,f64,20,3.901546955e-01,73.7047,580.5195,18.1412,41.7974,0,0,0,2.592910685214e-09,0,0.000000,0,sumfact,off,off,0,0,0,0,0,,,0.000,,,,,,,
assemble_n192,nid006550,hex8,assemble,colored,colored,sumfact,affine,0.000000e+00,72,4096,192,7189057,7077888,28756228,192100033,23449.7111,f64,20,2.748477101e-01,104.6260,824.0651,25.7520,59.3327,19,90,91,2.592891644889e-09,0,0.000000,0,sumfact,off,off,0,0,0,0,0,,,0.000,,,,,,,
assemble_n192,nid006550,hex8,assemble,atomic,atomic,sumfact,affine,0.000000e+00,72,0,192,7189057,7077888,28756228,192100033,23449.7111,f64,20,7.431525230e-01,38.6949,304.7725,9.5241,21.9436,0,0,0,2.591521534265e-09,0,0.000000,0,sumfact,off,off,0,0,0,0,0,,,0.000,,,,,,,
assemble_n192,nid006550,hex8,assemble,packed,packed,sumfact,affine,0.000000e+00,72,4096,192,7189057,7077888,28756228,192100033,23449.7111,f64,20,5.062546968e-01,56.8019,447.3883,13.9809,32.2120,0,0,0,2.592910685214e-09,0,0.000000,0,sumfact,off,off,0,0,0,0,0,,,0.000,,,,,,,
jac_rc_bnd_n192,nid006550,hex8,jac_action,atomic,atomic,sumfact,affine,0.000000e+00,72,0,192,7189057,7077888,28756228,0,0.0000,n/a,20,5.724968910e-02,502.2949,3956.2209,123.6319,105.0871,0,0,0,5.049173453743e+00,1,1.000000,1,n/a,exact,on,1,0,0,0,0,1.754236160e-02,0.306418,0.000,,,,,,,
jac_rc_bnd_n192,nid006550,hex8,jac_action,packed,packed,sumfact,affine,0.000000e+00,72,4096,192,7189057,7077888,28756228,0,0.0000,n/a,20,3.202205896e-02,898.0131,7073.0123,221.0316,187.8769,0,0,0,5.049173453743e+00,1,1.000000,1,n/a,exact,on,1,0,0,0,0,5.168192000e-03,0.161395,0.000,,,,,,,
jac_rc_n192,nid006550,hex8,jac_action,atomic,atomic,sumfact,affine,0.000000e+00,72,0,192,7189057,7077888,28756228,0,0.0000,n/a,20,5.593781471e-02,514.0749,4049.0037,126.5314,107.5517,0,0,0,-3.094966537014e-13,1,1.000000,0,n/a,exact,off,1,0,0,0,0,1.744449280e-02,0.311855,0.000,,,,,,,
jac_rc_n192,nid006550,hex8,jac_action,packed,packed,sumfact,affine,0.000000e+00,72,4096,192,7189057,7077888,28756228,0,0.0000,n/a,20,3.074578047e-02,935.2902,7366.6179,230.2068,195.6758,0,0,0,-3.003928248995e-13,1,1.000000,0,n/a,exact,off,1,0,0,0,0,5.176166400e-03,0.168354,0.000,,,,,,,
residual_rc_perapply_n192,nid006550,hex8,residual,atomic,atomic,sumfact,affine,0.000000e+00,72,0,192,7189057,7077888,28756228,0,0.0000,n/a,20,5.092899799e-02,564.6337,4447.2192,138.9756,104.7876,0,0,0,-2.201602615493e-14,1,1.000000,0,sumfact,on,off,0,1,0,0,0,,,0.000,,,,,,,
residual_rc_perapply_n192,nid006550,hex8,residual,packed,packed,sumfact,affine,0.000000e+00,72,4096,192,7189057,7077888,28756228,0,0.0000,n/a,20,2.343897820e-02,1226.8550,9663.0670,301.9708,227.6860,0,0,0,-3.009289865907e-14,1,1.000000,0,sumfact,on,off,0,1,0,0,0,,,0.000,,,,,,,
residual_rc_bnd_dt_n192,nid006550,hex8,residual,atomic,atomic,sumfact,affine,0.000000e+00,72,0,192,7189057,7077888,28756228,0,0.0000,n/a,20,3.887183666e-02,739.7702,5826.6456,182.0827,137.2903,0,0,0,6.759309506134e+00,1,1.000000,1,sumfact,on,on,0,0,0,0,1,,,0.000,,,,,,,
residual_rc_bnd_dt_n192,nid006550,hex8,residual,packed,packed,sumfact,affine,0.000000e+00,72,4096,192,7189057,7077888,28756228,0,0.0000,n/a,20,2.320730686e-02,1239.1023,9759.5304,304.9853,229.9589,0,0,0,6.759335709367e+00,1,1.000000,1,sumfact,on,on,0,0,0,0,1,,,0.000,,,,,,,
residual_rc_bnd_n192,nid006550,hex8,residual,atomic,atomic,sumfact,affine,0.000000e+00,72,0,192,7189057,7077888,28756228,0,0.0000,n/a,20,3.717123270e-02,773.6151,6093.2178,190.4131,143.5714,0,0,0,3.727500000000e+00,1,1.000000,1,sumfact,on,on,0,0,0,0,0,,,0.000,,,,,,,
residual_rc_bnd_n192,nid006550,hex8,residual,packed,packed,sumfact,affine,0.000000e+00,72,4096,192,7189057,7077888,28756228,0,0.0000,n/a,20,2.130293846e-02,1349.8714,10631.9800,332.2494,250.5160,0,0,0,3.727500000000e+00,1,1.000000,1,sumfact,on,on,0,0,0,0,0,,,0.000,,,,,,,
residual_rc_n192,nid006550,hex8,residual,atomic,atomic,sumfact,affine,0.000000e+00,72,0,192,7189057,7077888,28756228,0,0.0000,n/a,20,3.599289656e-02,798.9418,6292.6977,196.6468,148.2717,0,0,0,-2.201602615493e-14,1,1.000000,0,sumfact,on,off,0,0,0,0,0,,,0.000,,,,,,,
residual_rc_n192,nid006550,hex8,residual,packed,packed,sumfact,affine,0.000000e+00,72,4096,192,7189057,7077888,28756228,0,0.0000,n/a,20,2.017641068e-02,1425.2400,11225.6050,350.8002,264.5033,0,0,0,-3.009289865907e-14,1,1.000000,0,sumfact,on,off,0,0,0,0,0,,,0.000,,,,,,,
residual_current_n192,nid006550,hex8,residual,packed,packed,current,affine,0.000000e+00,72,4096,192,7189057,7077888,28756228,0,0.0000,n/a,20,1.336491108e-02,2151.6213,16946.7956,529.5874,399.3089,0,0,0,-2.561136253163e-14,0,0.000000,0,current,off,off,0,0,0,0,0,,,0.000,,,,,,,
residual_current_n192,nid006550,hex8,residual,atomic,atomic,current,affine,0.000000e+00,72,0,192,7189057,7077888,28756228,0,0.0000,n/a,20,3.464946747e-02,829.9183,6536.6781,204.2712,154.0205,0,0,0,-1.950513589619e-14,0,0.000000,0,current,off,off,0,0,0,0,0,,,0.000,,,,,,,
jac_bare_n192,nid006550,hex8,jac_action,atomic,atomic,sumfact,affine,0.000000e+00,72,0,192,7189057,7077888,28756228,0,0.0000,n/a,20,2.931263447e-02,981.0182,7726.7847,241.4620,205.2427,0,0,0,2.581261571676e-11,0,0.000000,0,n/a,off,off,0,0,0,0,0,,,0.000,,,,,,,
jac_bare_n192,nid006550,hex8,jac_action,packed,packed,sumfact,affine,0.000000e+00,72,4096,192,7189057,7077888,28756228,0,0.0000,n/a,20,1.498284340e-02,1919.2771,15116.7846,472.3995,401.5396,0,0,0,2.572335378558e-11,0,0.000000,0,n/a,off,off,0,0,0,0,0,,,0.000,,,,,,,
residual_bare_n192,nid006550,hex8,residual,atomic,atomic,sumfact,affine,0.000000e+00,72,0,192,7189057,7077888,28756228,0,0.0000,n/a,20,2.637841702e-02,1090.1423,8586.2778,268.3212,202.3142,0,0,0,-1.935149089582e-14,0,0.000000,0,sumfact,off,off,0,0,0,0,0,,,0.000,,,,,,,
residual_bare_n192,nid006550,hex8,residual,packed,packed,sumfact,affine,0.000000e+00,72,4096,192,7189057,7077888,28756228,0,0.0000,n/a,20,1.098036766e-02,2618.8766,20627.0339,644.5948,486.0245,0,0,0,-2.914920908814e-14,0,0.000000,0,sumfact,off,off,0,0,0,0,0,,,0.000,,,,,,,
residual_bare_n192,nid006550,hex8,residual,packed,packed,sumfact,affine,0.000000e+00,72,4096,192,7189057,7077888,28756228,0,0.0000,n/a,20,1.093190908e-02,2630.4855,20718.4687,647.4521,488.1789,0,0,0,-2.914920908814e-14,0,0.000000,0,sumfact,off,off,0,0,0,0,0,,,0.000,,,,,,,
residual_bare_n192,nid006550,hex8,residual,atomic,atomic,sumfact,affine,0.000000e+00,72,0,192,7189057,7077888,28756228,0,0.0000,n/a,20,2.637878656e-02,1090.1270,8586.1575,268.3174,202.3113,0,0,0,-1.935149089582e-14,0,0.000000,0,sumfact,off,off,0,0,0,0,0,,,0.000,,,,,,,
jac_bare_n192,nid006550,hex8,jac_action,packed,packed,sumfact,affine,0.000000e+00,72,4096,192,7189057,7077888,28756228,0,0.0000,n/a,20,1.490535736e-02,1929.2545,15195.3697,474.8553,403.6270,0,0,0,2.572335378558e-11,0,0.000000,0,n/a,off,off,0,0,0,0,0,,,0.000,,,,,,,
jac_bare_n192,nid006550,hex8,jac_action,atomic,atomic,sumfact,affine,0.000000e+00,72,0,192,7189057,7077888,28756228,0,0.0000,n/a,20,2.932568789e-02,980.5815,7723.3454,241.3545,205.1514,0,0,0,2.581261571676e-11,0,0.000000,0,n/a,off,off,0,0,0,0,0,,,0.000,,,,,,,
residual_current_n192,nid006550,hex8,residual,atomic,atomic,current,affine,0.000000e+00,72,0,192,7189057,7077888,28756228,0,0.0000,n/a,20,3.378802538e-02,851.0775,6703.3339,209.4792,157.9473,0,0,0,-1.950513589619e-14,0,0.000000,0,current,off,off,0,0,0,0,0,,,0.000,,,,,,,
residual_current_n192,nid006550,hex8,residual,packed,packed,current,affine,0.000000e+00,72,4096,192,7189057,7077888,28756228,0,0.0000,n/a,20,1.337118149e-02,2150.6123,16938.8484,529.3390,399.1216,0,0,0,-2.561136253163e-14,0,0.000000,0,current,off,off,0,0,0,0,0,,,0.000,,,,,,,
residual_rc_n192,nid006550,hex8,residual,packed,packed,sumfact,affine,0.000000e+00,72,4096,192,7189057,7077888,28756228,0,0.0000,n/a,20,1.998496056e-02,1438.8934,11333.1430,354.1607,267.0372,0,0,0,-3.009289865907e-14,1,1.000000,0,sumfact,on,off,0,0,0,0,0,,,0.000,,,,,,,
residual_rc_n192,nid006550,hex8,residual,atomic,atomic,sumfact,affine,0.000000e+00,72,0,192,7189057,7077888,28756228,0,0.0000,n/a,20,3.591814041e-02,800.6046,6305.7946,197.0561,148.5803,0,0,0,-2.201602615493e-14,1,1.000000,0,sumfact,on,off,0,0,0,0,0,,,0.000,,,,,,,
residual_rc_bnd_n192,nid006550,hex8,residual,packed,packed,sumfact,affine,0.000000e+00,72,4096,192,7189057,7077888,28756228,0,0.0000,n/a,20,2.131947279e-02,1348.8245,10623.7344,331.9917,250.3217,0,0,0,3.727500000000e+00,1,1.000000,1,sumfact,on,on,0,0,0,0,0,,,0.000,,,,,,,
residual_rc_bnd_n192,nid006550,hex8,residual,atomic,atomic,sumfact,affine,0.000000e+00,72,0,192,7189057,7077888,28756228,0,0.0000,n/a,20,3.717521429e-02,773.5323,6092.5652,190.3927,143.5561,0,0,0,3.727500000000e+00,1,1.000000,1,sumfact,on,on,0,0,0,0,0,,,0.000,,,,,,,
residual_rc_bnd_dt_n192,nid006550,hex8,residual,packed,packed,sumfact,affine,0.000000e+00,72,4096,192,7189057,7077888,28756228,0,0.0000,n/a,20,2.310329676e-02,1244.6807,9803.4674,306.3584,230.9942,0,0,0,6.759335709367e+00,1,1.000000,1,sumfact,on,on,0,0,0,0,1,,,0.000,,,,,,,
residual_rc_bnd_dt_n192,nid006550,hex8,residual,atomic,atomic,sumfact,affine,0.000000e+00,72,0,192,7189057,7077888,28756228,0,0.0000,n/a,20,3.890808821e-02,739.0810,5821.2168,181.9130,137.1624,0,0,0,6.759309506134e+00,1,1.000000,1,sumfact,on,on,0,0,0,0,1,,,0.000,,,,,,,
residual_rc_perapply_n192,nid006550,hex8,residual,packed,packed,sumfact,affine,0.000000e+00,72,4096,192,7189057,7077888,28756228,0,0.0000,n/a,20,2.352079153e-02,1222.5876,9629.4555,300.9205,226.8940,0,0,0,-3.009289865907e-14,1,1.000000,0,sumfact,on,off,0,1,0,0,0,,,0.000,,,,,,,
residual_rc_perapply_n192,nid006550,hex8,residual,atomic,atomic,sumfact,affine,0.000000e+00,72,0,192,7189057,7077888,28756228,0,0.0000,n/a,20,5.107585192e-02,563.0102,4434.4325,138.5760,104.4863,0,0,0,-2.201602615493e-14,1,1.000000,0,sumfact,on,off,0,1,0,0,0,,,0.000,,,,,,,
jac_rc_n192,nid006550,hex8,jac_action,packed,packed,sumfact,affine,0.000000e+00,72,4096,192,7189057,7077888,28756228,0,0.0000,n/a,20,3.079963923e-02,933.6547,7353.7360,229.8043,195.3336,0,0,0,-3.003928248995e-13,1,1.000000,0,n/a,exact,off,1,0,0,0,0,5.203392000e-03,0.168943,0.000,,,,,,,
jac_rc_n192,nid006550,hex8,jac_action,atomic,atomic,sumfact,affine,0.000000e+00,72,0,192,7189057,7077888,28756228,0,0.0000,n/a,20,5.591961145e-02,514.2423,4050.3217,126.5726,107.5867,0,0,0,-3.094966537014e-13,1,1.000000,0,n/a,exact,off,1,0,0,0,0,1.740677120e-02,0.311282,0.000,,,,,,,
jac_rc_bnd_n192,nid006550,hex8,jac_action,packed,packed,sumfact,affine,0.000000e+00,72,4096,192,7189057,7077888,28756228,0,0.0000,n/a,20,3.207832575e-02,896.4379,7060.6059,220.6439,187.5473,0,0,0,5.049173453743e+00,1,1.000000,1,n/a,exact,on,1,0,0,0,0,5.210496000e-03,0.162430,0.000,,,,,,,
jac_rc_bnd_n192,nid006550,hex8,jac_action,atomic,atomic,sumfact,affine,0.000000e+00,72,0,192,7189057,7077888,28756228,0,0.0000,n/a,20,5.713571310e-02,503.2969,3964.1129,123.8785,105.2967,0,0,0,5.049173453743e+00,1,1.000000,1,n/a,exact,on,1,0,0,0,0,1.749694720e-02,0.306235,0.000,,,,,,,
assemble_n192,nid006550,hex8,assemble,packed,packed,sumfact,affine,0.000000e+00,72,4096,192,7189057,7077888,28756228,192100033,23449.7111,f64,20,5.253608704e-01,54.7361,431.1178,13.4724,31.0405,0,0,0,2.592910685214e-09,0,0.000000,0,sumfact,off,off,0,0,0,0,0,,,0.000,,,,,,,
assemble_n192,nid006550,hex8,assemble,atomic,atomic,sumfact,affine,0.000000e+00,72,0,192,7189057,7077888,28756228,192100033,23449.7111,f64,20,7.431444526e-01,38.6953,304.7758,9.5242,21.9439,0,0,0,2.591521534265e-09,0,0.000000,0,sumfact,off,off,0,0,0,0,0,,,0.000,,,,,,,
assemble_n192,nid006550,hex8,assemble,colored,colored,sumfact,affine,0.000000e+00,72,4096,192,7189057,7077888,28756228,192100033,23449.7111,f64,20,2.757757783e-01,104.2739,821.2919,25.6654,59.1330,19,90,91,2.592891644889e-09,0,0.000000,0,sumfact,off,off,0,0,0,0,0,,,0.000,,,,,,,
assemble_n192,nid006550,hex8,assemble,store,store,sumfact,affine,0.000000e+00,72,4096,192,7189057,7077888,28756228,192100033,23449.7111,f64,20,3.913867116e-01,73.4727,578.6921,18.0841,41.6658,0,0,0,2.592910685214e-09,0,0.000000,0,sumfact,off,off,0,0,0,0,0,,,0.000,,,,,,,
assemble_sympy_n192,nid006550,hex8,assemble,atomic,atomic,sympy,affine,0.000000e+00,72,0,192,7189057,7077888,28756228,192100033,23449.7111,f64,20,5.198706985e-01,55.3142,435.6707,13.6147,31.3683,0,0,0,2.579395400885e-09,0,0.000000,0,sympy,off,off,0,0,0,0,0,,,0.000,,,,,,,
assemble_sympy_n192,nid006550,hex8,assemble,colored,colored,sympy,affine,0.000000e+00,72,4096,192,7189057,7077888,28756228,192100033,23449.7111,f64,20,2.966254711e-01,96.9446,763.5636,23.8614,54.9766,19,90,91,2.580736401329e-09,0,0.000000,0,sympy,off,off,0,0,0,0,0,,,0.000,,,,,,,
assemble_diag_n192,nid006550,hex8,assemble_diag,atomic,atomic,sumfact,affine,0.000000e+00,72,0,192,7189057,7077888,28756228,0,0.0000,n/a,20,2.525131226e-01,113.8801,896.9531,28.0298,21.1345,0,0,0,3.215019675301e+03,0,0.000000,0,n/a,off,off,0,0,0,0,0,,,0.000,,,,,,,
spmv_f64_n192,nid006550,hex8,bsr_apply,packed,n/a,sumfact,affine,0.000000e+00,72,4096,192,7189057,7077888,28756228,192100033,23449.7111,f64,20,6.473399401e-02,444.2214,0.0000,0.0000,0.0000,0,0,0,2.533862061957e-11,0,0.000000,0,n/a,off,off,0,0,0,0,0,,,0.000,,,,,,,
spmv_f32_n192,nid006550,hex8,bsr_apply,packed,n/a,sumfact,affine,0.000000e+00,72,4096,192,7189057,7077888,28756228,192100033,11724.8555,f32,20,3.359057903e-02,856.0802,0.0000,0.0000,0.0000,0,0,0,-8.660309578814e-06,0,0.000000,0,n/a,off,off,0,0,0,0,0,,,0.000,,,,,,,
spmv_f32_n192,nid006550,hex8,bsr_apply,packed,n/a,sumfact,affine,0.000000e+00,72,4096,192,7189057,7077888,28756228,192100033,11724.8555,f32,20,3.343347311e-02,860.1029,0.0000,0.0000,0.0000,0,0,0,-8.660309578814e-06,0,0.000000,0,n/a,off,off,0,0,0,0,0,,,0.000,,,,,,,
spmv_f64_n192,nid006550,hex8,bsr_apply,packed,n/a,sumfact,affine,0.000000e+00,72,4096,192,7189057,7077888,28756228,192100033,23449.7111,f64,20,6.462205648e-02,444.9909,0.0000,0.0000,0.0000,0,0,0,2.533862061957e-11,0,0.000000,0,n/a,off,off,0,0,0,0,0,,,0.000,,,,,,,
assemble_diag_n192,nid006550,hex8,assemble_diag,atomic,atomic,sumfact,affine,0.000000e+00,72,0,192,7189057,7077888,28756228,0,0.0000,n/a,20,2.525392175e-01,113.8684,896.8604,28.0269,21.1323,0,0,0,3.215019675301e+03,0,0.000000,0,n/a,off,off,0,0,0,0,0,,,0.000,,,,,,,
assemble_sympy_n192,nid006550,hex8,assemble,colored,colored,sympy,affine,0.000000e+00,72,4096,192,7189057,7077888,28756228,192100033,23449.7111,f64,20,2.974072218e-01,96.6897,761.5565,23.7986,54.8321,19,90,91,2.580736401329e-09,0,0.000000,0,sympy,off,off,0,0,0,0,0,,,0.000,,,,,,,
assemble_sympy_n192,nid006550,hex8,assemble,atomic,atomic,sympy,affine,0.000000e+00,72,0,192,7189057,7077888,28756228,192100033,23449.7111,f64,20,5.203590512e-01,55.2623,435.2618,13.6019,31.3388,0,0,0,2.579395400885e-09,0,0.000000,0,sympy,off,off,0,0,0,0,0,,,0.000,,,,,,,
assemble_n192,nid006550,hex8,assemble,store,store,sumfact,affine,0.000000e+00,72,4096,192,7189057,7077888,28756228,192100033,23449.7111,f64,20,3.896717668e-01,73.7960,581.2390,18.1637,41.8492,0,0,0,2.592910685214e-09,0,0.000000,0,sumfact,off,off,0,0,0,0,0,,,0.000,,,,,,,
assemble_n192,nid006550,hex8,assemble,colored,colored,sumfact,affine,0.000000e+00,72,4096,192,7189057,7077888,28756228,192100033,23449.7111,f64,20,2.744122505e-01,104.7921,825.3728,25.7929,59.4268,19,90,91,2.592891644889e-09,0,0.000000,0,sumfact,off,off,0,0,0,0,0,,,0.000,,,,,,,
assemble_n192,nid006550,hex8,assemble,atomic,atomic,sumfact,affine,0.000000e+00,72,0,192,7189057,7077888,28756228,192100033,23449.7111,f64,20,7.434359670e-01,38.6802,304.6563,9.5205,21.9353,0,0,0,2.591521534265e-09,0,0.000000,0,sumfact,off,off,0,0,0,0,0,,,0.000,,,,,,,
assemble_n192,nid006550,hex8,assemble,packed,packed,sumfact,affine,0.000000e+00,72,4096,192,7189057,7077888,28756228,192100033,23449.7111,f64,20,5.079722643e-01,56.6098,445.8756,13.9336,32.1030,0,0,0,2.592910685214e-09,0,0.000000,0,sumfact,off,off,0,0,0,0,0,,,0.000,,,,,,,
jac_rc_bnd_n192,nid006550,hex8,jac_action,atomic,atomic,sumfact,affine,0.000000e+00,72,0,192,7189057,7077888,28756228,0,0.0000,n/a,20,5.796244144e-02,496.1183,3907.5720,122.1116,103.7949,0,0,0,5.049173453743e+00,1,1.000000,1,n/a,exact,on,1,0,0,0,0,1.849552640e-02,0.319095,0.000,,,,,,,
jac_rc_bnd_n192,nid006550,hex8,jac_action,packed,packed,sumfact,affine,0.000000e+00,72,4096,192,7189057,7077888,28756228,0,0.0000,n/a,20,3.212574720e-02,895.1147,7050.1836,220.3182,187.2705,0,0,0,5.049173453743e+00,1,1.000000,1,n/a,exact,on,1,0,0,0,0,5.214937600e-03,0.162329,0.000,,,,,,,
jac_rc_n192,nid006550,hex8,jac_action,atomic,atomic,sumfact,affine,0.000000e+00,72,0,192,7189057,7077888,28756228,0,0.0000,n/a,20,5.604031086e-02,513.1347,4041.5981,126.2999,107.3550,0,0,0,-3.094966537014e-13,1,1.000000,0,n/a,exact,off,1,0,0,0,0,1.742721280e-02,0.310976,0.000,,,,,,,
jac_rc_n192,nid006550,hex8,jac_action,packed,packed,sumfact,affine,0.000000e+00,72,4096,192,7189057,7077888,28756228,0,0.0000,n/a,20,3.081635237e-02,933.1483,7349.7477,229.6796,195.2277,0,0,0,-3.003928248995e-13,1,1.000000,0,n/a,exact,off,1,0,0,0,0,5.216678400e-03,0.169283,0.000,,,,,,,
residual_rc_perapply_n192,nid006550,hex8,residual,atomic,atomic,sumfact,affine,0.000000e+00,72,0,192,7189057,7077888,28756228,0,0.0000,n/a,20,5.084065199e-02,565.6149,4454.9471,139.2171,104.9697,0,0,0,-2.201602615493e-14,1,1.000000,0,sumfact,on,off,0,1,0,0,0,,,0.000,,,,,,,
residual_rc_perapply_n192,nid006550,hex8,residual,packed,packed,sumfact,affine,0.000000e+00,72,4096,192,7189057,7077888,28756228,0,0.0000,n/a,20,2.328538895e-02,1234.9473,9726.8041,303.9626,229.1878,0,0,0,-3.009289865907e-14,1,1.000000,0,sumfact,on,off,0,1,0,0,0,,,0.000,,,,,,,
residual_rc_bnd_dt_n192,nid006550,hex8,residual,atomic,atomic,sumfact,affine,0.000000e+00,72,0,192,7189057,7077888,28756228,0,0.0000,n/a,20,3.869695663e-02,743.1134,5852.9775,182.9055,137.9108,0,0,0,6.759309506134e+00,1,1.000000,1,sumfact,on,on,0,0,0,0,1,,,0.000,,,,,,,
residual_rc_bnd_dt_n192,nid006550,hex8,residual,packed,packed,sumfact,affine,0.000000e+00,72,4096,192,7189057,7077888,28756228,0,0.0000,n/a,20,2.327892780e-02,1235.2901,9729.5038,304.0470,229.2514,0,0,0,6.759335709367e+00,1,1.000000,1,sumfact,on,on,0,0,0,0,1,,,0.000,,,,,,,
residual_rc_bnd_n192,nid006550,hex8,residual,atomic,atomic,sumfact,affine,0.000000e+00,72,0,192,7189057,7077888,28756228,0,0.0000,n/a,20,3.713160753e-02,774.4407,6099.7202,190.6163,143.7247,0,0,0,3.727500000000e+00,1,1.000000,1,sumfact,on,on,0,0,0,0,0,,,0.000,,,,,,,
residual_rc_bnd_n192,nid006550,hex8,residual,packed,packed,sumfact,affine,0.000000e+00,72,4096,192,7189057,7077888,28756228,0,0.0000,n/a,20,2.130846977e-02,1349.5210,10629.2201,332.1631,250.4510,0,0,0,3.727500000000e+00,1,1.000000,1,sumfact,on,on,0,0,0,0,0,,,0.000,,,,,,,
residual_rc_n192,nid006550,hex8,residual,atomic,atomic,sumfact,affine,0.000000e+00,72,0,192,7189057,7077888,28756228,0,0.0000,n/a,20,3.592362404e-02,800.4824,6304.8320,197.0260,148.5576,0,0,0,-2.201602615493e-14,1,1.000000,0,sumfact,on,off,0,0,0,0,0,,,0.000,,,,,,,
residual_rc_n192,nid006550,hex8,residual,packed,packed,sumfact,affine,0.000000e+00,72,4096,192,7189057,7077888,28756228,0,0.0000,n/a,20,2.013459206e-02,1428.2002,11248.9200,351.5288,265.0527,0,0,0,-3.009289865907e-14,1,1.000000,0,sumfact,on,off,0,0,0,0,0,,,0.000,,,,,,,
residual_current_n192,nid006550,hex8,residual,packed,packed,current,affine,0.000000e+00,72,4096,192,7189057,7077888,28756228,0,0.0000,n/a,20,1.361678839e-02,2111.8216,16633.3213,519.7913,391.9226,0,0,0,-2.561136253163e-14,0,0.000000,0,current,off,off,0,0,0,0,0,,,0.000,,,,,,,
residual_current_n192,nid006550,hex8,residual,atomic,atomic,current,affine,0.000000e+00,72,0,192,7189057,7077888,28756228,0,0.0000,n/a,20,3.240245581e-02,887.4706,6989.9769,218.4368,164.7013,0,0,0,-1.950513589619e-14,0,0.000000,0,current,off,off,0,0,0,0,0,,,0.000,,,,,,,
jac_bare_n192,nid006550,hex8,jac_action,atomic,atomic,sumfact,affine,0.000000e+00,72,0,192,7189057,7077888,28756228,0,0.0000,n/a,20,2.924479246e-02,983.2940,7744.7093,242.0222,205.7188,0,0,0,2.581261571676e-11,0,0.000000,0,n/a,off,off,0,0,0,0,0,,,0.000,,,,,,,
jac_bare_n192,nid006550,hex8,jac_action,packed,packed,sumfact,affine,0.000000e+00,72,4096,192,7189057,7077888,28756228,0,0.0000,n/a,20,1.500412226e-02,1916.5552,15095.3459,471.7296,400.9701,0,0,0,2.572335378558e-11,0,0.000000,0,n/a,off,off,0,0,0,0,0,,,0.000,,,,,,,
residual_bare_n192,nid006550,hex8,residual,atomic,atomic,sumfact,affine,0.000000e+00,72,0,192,7189057,7077888,28756228,0,0.0000,n/a,20,2.742134333e-02,1048.6805,8259.7126,258.1160,194.6195,0,0,0,-1.935149089582e-14,0,0.000000,0,sumfact,off,off,0,0,0,0,0,,,0.000,,,,,,,
residual_bare_n192,nid006550,hex8,residual,packed,packed,sumfact,affine,0.000000e+00,72,4096,192,7189057,7077888,28756228,0,0.0000,n/a,20,1.100383997e-02,2613.2903,20583.0343,643.2198,484.9877,0,0,0,-2.914920908814e-14,0,0.000000,0,sumfact,off,off,0,0,0,0,0,,,0.000,,,,,,,
residual_bare_n192,nid006550,hex8,residual,packed,packed,sumfact,affine,0.000000e+00,72,4096,192,7189057,7077888,28756228,0,0.0000,n/a,20,1.096959114e-02,2621.4494,20647.2979,645.2281,486.5020,0,0,0,-2.914920908814e-14,0,0.000000,0,sumfact,off,off,0,0,0,0,0,,,0.000,,,,,,,
residual_bare_n192,nid006550,hex8,residual,atomic,atomic,sumfact,affine,0.000000e+00,72,0,192,7189057,7077888,28756228,0,0.0000,n/a,20,2.634619474e-02,1091.4756,8596.7791,268.6493,202.5616,0,0,0,-1.935149089582e-14,0,0.000000,0,sumfact,off,off,0,0,0,0,0,,,0.000,,,,,,,
jac_bare_n192,nid006550,hex8,jac_action,packed,packed,sumfact,affine,0.000000e+00,72,4096,192,7189057,7077888,28756228,0,0.0000,n/a,20,1.496775150e-02,1921.2123,15132.0267,472.8758,401.9445,0,0,0,2.572335378558e-11,0,0.000000,0,n/a,off,off,0,0,0,0,0,,,0.000,,,,,,,
jac_bare_n192,nid006550,hex8,jac_action,atomic,atomic,sumfact,affine,0.000000e+00,72,0,192,7189057,7077888,28756228,0,0.0000,n/a,20,2.922103405e-02,984.0934,7751.0062,242.2189,205.8861,0,0,0,2.581261571676e-11,0,0.000000,0,n/a,off,off,0,0,0,0,0,,,0.000,,,,,,,
residual_current_n192,nid006550,hex8,residual,atomic,atomic,current,affine,0.000000e+00,72,0,192,7189057,7077888,28756228,0,0.0000,n/a,20,3.344899416e-02,859.7038,6771.2773,211.6024,159.5482,0,0,0,-1.950513589619e-14,0,0.000000,0,current,off,off,0,0,0,0,0,,,0.000,,,,,,,
residual_current_n192,nid006550,hex8,residual,packed,packed,current,affine,0.000000e+00,72,4096,192,7189057,7077888,28756228,0,0.0000,n/a,20,1.341687441e-02,2143.2882,16881.1609,527.5363,397.7624,0,0,0,-2.561136253163e-14,0,0.000000,0,current,off,off,0,0,0,0,0,,,0.000,,,,,,,
residual_rc_n192,nid006550,hex8,residual,packed,packed,sumfact,affine,0.000000e+00,72,4096,192,7189057,7077888,28756228,0,0.0000,n/a,20,2.003055811e-02,1435.6179,11307.3442,353.3545,266.4293,0,0,0,-3.009289865907e-14,1,1.000000,0,sumfact,on,off,0,0,0,0,0,,,0.000,,,,,,,
residual_rc_n192,nid006550,hex8,residual,atomic,atomic,sumfact,affine,0.000000e+00,72,0,192,7189057,7077888,28756228,0,0.0000,n/a,20,3.595508337e-02,799.7820,6299.3156,196.8536,148.4276,0,0,0,-2.201602615493e-14,1,1.000000,0,sumfact,on,off,0,0,0,0,0,,,0.000,,,,,,,
residual_rc_bnd_n192,nid006550,hex8,residual,packed,packed,sumfact,affine,0.000000e+00,72,4096,192,7189057,7077888,28756228,0,0.0000,n/a,20,2.151170969e-02,1336.7709,10528.7966,329.0249,248.0848,0,0,0,3.727500000000e+00,1,1.000000,1,sumfact,on,on,0,0,0,0,0,,,0.000,,,,,,,
residual_rc_bnd_n192,nid006550,hex8,residual,atomic,atomic,sumfact,affine,0.000000e+00,72,0,192,7189057,7077888,28756228,0,0.0000,n/a,20,3.701730967e-02,776.8319,6118.5542,191.2048,144.1684,0,0,0,3.727500000000e+00,1,1.000000,1,sumfact,on,on,0,0,0,0,0,,,0.000,,,,,,,
residual_rc_bnd_dt_n192,nid006550,hex8,residual,packed,packed,sumfact,affine,0.000000e+00,72,4096,192,7189057,7077888,28756228,0,0.0000,n/a,20,2.333017588e-02,1232.5766,9708.1315,303.3791,228.7478,0,0,0,6.759335709367e+00,1,1.000000,1,sumfact,on,on,0,0,0,0,1,,,0.000,,,,,,,
residual_rc_bnd_dt_n192,nid006550,hex8,residual,atomic,atomic,sumfact,affine,0.000000e+00,72,0,192,7189057,7077888,28756228,0,0.0000,n/a,20,3.886599541e-02,739.8814,5827.5213,182.1100,137.3110,0,0,0,6.759309506134e+00,1,1.000000,1,sumfact,on,on,0,0,0,0,1,,,0.000,,,,,,,
residual_rc_perapply_n192,nid006550,hex8,residual,packed,packed,sumfact,affine,0.000000e+00,72,4096,192,7189057,7077888,28756228,0,0.0000,n/a,20,2.412564754e-02,1191.9360,9388.0347,293.3761,221.2056,0,0,0,-3.009289865907e-14,1,1.000000,0,sumfact,on,off,0,1,0,0,0,,,0.000,,,,,,,
residual_rc_perapply_n192,nid006550,hex8,residual,atomic,atomic,sumfact,affine,0.000000e+00,72,0,192,7189057,7077888,28756228,0,0.0000,n/a,20,5.106437206e-02,563.1368,4435.4294,138.6072,104.5098,0,0,0,-2.201602615493e-14,1,1.000000,0,sumfact,on,off,0,1,0,0,0,,,0.000,,,,,,,
jac_rc_n192,nid006550,hex8,jac_action,packed,packed,sumfact,affine,0.000000e+00,72,4096,192,7189057,7077888,28756228,0,0.0000,n/a,20,3.186818361e-02,902.3491,7107.1643,222.0989,188.7841,0,0,0,-3.003928248995e-13,1,1.000000,0,n/a,exact,off,1,0,0,0,0,5.186009600e-03,0.162733,0.000,,,,,,,
jac_rc_n192,nid006550,hex8,jac_action,atomic,atomic,sumfact,affine,0.000000e+00,72,0,192,7189057,7077888,28756228,0,0.0000,n/a,20,5.601177216e-02,513.3961,4043.6574,126.3643,107.4096,0,0,0,-3.094966537014e-13,1,1.000000,0,n/a,exact,off,1,0,0,0,0,1.748783360e-02,0.312217,0.000,,,,,,,
jac_rc_bnd_n192,nid006550,hex8,jac_action,packed,packed,sumfact,affine,0.000000e+00,72,4096,192,7189057,7077888,28756228,0,0.0000,n/a,20,3.206464052e-02,896.8205,7063.6194,220.7381,187.6274,0,0,0,5.049173453743e+00,1,1.000000,1,n/a,exact,on,1,0,0,0,0,5.196454400e-03,0.162062,0.000,,,,,,,
jac_rc_bnd_n192,nid006550,hex8,jac_action,atomic,atomic,sumfact,affine,0.000000e+00,72,0,192,7189057,7077888,28756228,0,0.0000,n/a,20,5.724843740e-02,502.3059,3956.3074,123.6346,105.0894,0,0,0,5.049173453743e+00,1,1.000000,1,n/a,exact,on,1,0,0,0,0,1.749377280e-02,0.305576,0.000,,,,,,,
assemble_n192,nid006550,hex8,assemble,packed,packed,sumfact,affine,0.000000e+00,72,4096,192,7189057,7077888,28756228,192100033,23449.7111,f64,20,5.017027497e-01,57.3173,451.4474,14.1077,32.5042,0,0,0,2.592910685214e-09,0,0.000000,0,sumfact,off,off,0,0,0,0,0,,,0.000,,,,,,,
assemble_n192,nid006550,hex8,assemble,atomic,atomic,sumfact,affine,0.000000e+00,72,0,192,7189057,7077888,28756228,192100033,23449.7111,f64,20,7.433637738e-01,38.6839,304.6858,9.5214,21.9374,0,0,0,2.591521534265e-09,0,0.000000,0,sumfact,off,off,0,0,0,0,0,,,0.000,,,,,,,
assemble_n192,nid006550,hex8,assemble,colored,colored,sumfact,affine,0.000000e+00,72,4096,192,7189057,7077888,28756228,192100033,23449.7111,f64,20,2.760331631e-01,104.1767,820.5261,25.6414,59.0779,19,90,91,2.592891644889e-09,0,0.000000,0,sumfact,off,off,0,0,0,0,0,,,0.000,,,,,,,
assemble_n192,nid006550,hex8,assemble,store,store,sumfact,affine,0.000000e+00,72,4096,192,7189057,7077888,28756228,192100033,23449.7111,f64,20,3.924595475e-01,73.2718,577.1102,18.0347,41.5519,0,0,0,2.592910685214e-09,0,0.000000,0,sumfact,off,off,0,0,0,0,0,,,0.000,,,,,,,
assemble_sympy_n192,nid006550,hex8,assemble,atomic,atomic,sympy,affine,0.000000e+00,72,0,192,7189057,7077888,28756228,192100033,23449.7111,f64,20,5.192902327e-01,55.3760,436.1577,13.6299,31.4034,0,0,0,2.579395400885e-09,0,0.000000,0,sympy,off,off,0,0,0,0,0,,,0.000,,,,,,,
assemble_sympy_n192,nid006550,hex8,assemble,colored,colored,sympy,affine,0.000000e+00,72,4096,192,7189057,7077888,28756228,192100033,23449.7111,f64,20,2.977414489e-01,96.5812,760.7017,23.7719,54.7705,19,90,91,2.580736401329e-09,0,0.000000,0,sympy,off,off,0,0,0,0,0,,,0.000,,,,,,,
assemble_diag_n192,nid006550,hex8,assemble_diag,atomic,atomic,sumfact,affine,0.000000e+00,72,0,192,7189057,7077888,28756228,0,0.0000,n/a,20,2.533375621e-01,113.5095,894.0341,27.9386,21.0657,0,0,0,3.215019675301e+03,0,0.000000,0,n/a,off,off,0,0,0,0,0,,,0.000,,,,,,,
spmv_f64_n192,nid006550,hex8,bsr_apply,packed,n/a,sumfact,affine,0.000000e+00,72,4096,192,7189057,7077888,28756228,192100033,23449.7111,f64,20,6.404860020e-02,448.9751,0.0000,0.0000,0.0000,0,0,0,2.533862061957e-11,0,0.000000,0,n/a,off,off,0,0,0,0,0,,,0.000,,,,,,,
spmv_f32_n192,nid006550,hex8,bsr_apply,packed,n/a,sumfact,affine,0.000000e+00,72,4096,192,7189057,7077888,28756228,192100033,11724.8555,f32,20,3.305910826e-02,869.8428,0.0000,0.0000,0.0000,0,0,0,-8.660309578814e-06,0,0.000000,0,n/a,off,off,0,0,0,0,0,,,0.000,,,,,,,
