tag,host,element,operation,layout,ran_layout,kernel,geom,warp,threads,pack_size,cube_n,nodes,elements,dofs,bsr_nnz,bsr_values_MiB,bsr_storage,repeat,seconds_per_call,MDOF_s,MDOF_s_element_visits,MELEM_s,GFLOP_s_model,n_colors,packs_per_color_min,packs_per_color_max,checksum,rhie_chow,rhie_chow_scale,boundary,ran_kernel,ran_rc,ran_boundary,exact_rc,pgrad_per_apply,live_vectors,upwind_eps,transient,s_qgrad,frac_qgrad,pa_bytes_per_dof,ms_zero_global,ms_zero_local,ms_gather_u,ms_element_kernel,ms_local_to_global,ms_ghost_reduce,ms_qgrad
residual_bare_n64,nid006549,hex8,residual,packed,packed,sumfact,affine,0.000000e+00,72,128,64,274625,262144,1098500,0,0.0000,n/a,20,4.031538963e-04,2724.7659,20807.4586,650.2331,490.2757,0,0,0,-1.235979634612e-14,0,0.000000,0,sumfact,off,off,0,0,0,0,0,,,0.000,,,,,,,
residual_bare_n64,nid006549,hex8,residual,atomic,atomic,sumfact,affine,0.000000e+00,72,0,64,274625,262144,1098500,0,0.0000,n/a,20,1.045942307e-03,1050.2491,8020.1441,250.6295,188.9746,0,0,0,-1.254020758762e-14,0,0.000000,0,sumfact,off,off,0,0,0,0,0,,,0.000,,,,,,,
jac_bare_n64,nid006549,hex8,jac_action,packed,packed,sumfact,affine,0.000000e+00,72,128,64,274625,262144,1098500,0,0.0000,n/a,20,5.171418190e-04,2124.1755,16221.0978,506.9093,430.8729,0,0,0,-1.151812315230e-12,0,0.000000,0,n/a,off,off,0,0,0,0,0,,,0.000,,,,,,,
jac_bare_n64,nid006549,hex8,jac_action,atomic,atomic,sumfact,affine,0.000000e+00,72,0,64,274625,262144,1098500,0,0.0000,n/a,20,1.261663437e-03,870.6759,6648.8477,207.7765,176.6100,0,0,0,-1.151479248323e-12,0,0.000000,0,n/a,off,off,0,0,0,0,0,,,0.000,,,,,,,
residual_current_n64,nid006549,hex8,residual,atomic,atomic,current,affine,0.000000e+00,72,0,64,274625,262144,1098500,0,0.0000,n/a,20,1.344680786e-03,816.9225,6238.3638,194.9489,146.9914,0,0,0,-1.240218865106e-14,0,0.000000,0,current,off,off,0,0,0,0,0,,,0.000,,,,,,,
residual_current_n64,nid006549,hex8,residual,packed,packed,current,affine,0.000000e+00,72,128,64,274625,262144,1098500,0,0.0000,n/a,20,5.008935928e-04,2193.0806,16747.2855,523.3527,394.6079,0,0,0,-1.272137777064e-14,0,0.000000,0,current,off,off,0,0,0,0,0,,,0.000,,,,,,,
residual_rc_n64,nid006549,hex8,residual,packed,packed,sumfact,affine,0.000000e+00,72,128,64,274625,262144,1098500,0,0.0000,n/a,20,5.769848824e-04,1903.8627,14538.6963,454.3343,342.5680,0,0,0,-1.282860536550e-14,1,1.000000,0,sumfact,on,off,0,0,0,0,0,,,0.000,,,,,,,
residual_rc_n64,nid006549,hex8,residual,atomic,atomic,sumfact,affine,0.000000e+00,72,0,64,274625,262144,1098500,0,0.0000,n/a,20,1.223289967e-03,897.9882,6857.4158,214.2942,161.5779,0,0,0,-1.256492739715e-14,1,1.000000,0,sumfact,on,off,0,0,0,0,0,,,0.000,,,,,,,
residual_rc_bnd_n64,nid006549,hex8,residual,packed,packed,sumfact,affine,0.000000e+00,72,128,64,274625,262144,1098500,0,0.0000,n/a,20,6.273508072e-04,1751.0139,13371.4788,417.8587,315.0655,0,0,0,3.727500000000e+00,1,1.000000,1,sumfact,on,on,0,0,0,0,0,,,0.000,,,,,,,
residual_rc_bnd_n64,nid006549,hex8,residual,atomic,atomic,sumfact,affine,0.000000e+00,72,0,64,274625,262144,1098500,0,0.0000,n/a,20,1.284885406e-03,854.9401,6528.6818,204.0213,153.8321,0,0,0,3.727500000000e+00,1,1.000000,1,sumfact,on,on,0,0,0,0,0,,,0.000,,,,,,,
residual_rc_bnd_dt_n64,nid006549,hex8,residual,packed,packed,sumfact,affine,0.000000e+00,72,128,64,274625,262144,1098500,0,0.0000,n/a,20,6.394147873e-04,1717.9772,13119.1961,409.9749,309.1211,0,0,0,6.759042994895e+00,1,1.000000,1,sumfact,on,on,0,0,0,0,1,,,0.000,,,,,,,
residual_rc_bnd_dt_n64,nid006549,hex8,residual,atomic,atomic,sumfact,affine,0.000000e+00,72,0,64,274625,262144,1098500,0,0.0000,n/a,20,1.347231865e-03,815.3756,6226.5511,194.5797,146.7131,0,0,0,6.759448953731e+00,1,1.000000,1,sumfact,on,on,0,0,0,0,1,,,0.000,,,,,,,
residual_rc_perapply_n64,nid006549,hex8,residual,packed,packed,sumfact,affine,0.000000e+00,72,128,64,274625,262144,1098500,0,0.0000,n/a,20,6.570816040e-04,1671.7863,12766.4630,398.9520,300.8098,0,0,0,-1.282860536550e-14,1,1.000000,0,sumfact,on,off,0,1,0,0,0,,,0.000,,,,,,,
residual_rc_perapply_n64,nid006549,hex8,residual,atomic,atomic,sumfact,affine,0.000000e+00,72,0,64,274625,262144,1098500,0,0.0000,n/a,20,1.863825321e-03,589.3793,4500.7480,140.6484,106.0489,0,0,0,-1.256492739715e-14,1,1.000000,0,sumfact,on,off,0,1,0,0,0,,,0.000,,,,,,,
jac_rc_n64,nid006549,hex8,jac_action,packed,packed,sumfact,affine,0.000000e+00,72,128,64,274625,262144,1098500,0,0.0000,n/a,20,9.307861328e-04,1180.1852,9012.3904,281.6372,239.3916,0,0,0,3.033959260039e-13,1,1.000000,0,n/a,exact,off,1,0,0,0,0,1.318784000e-04,0.141685,0.000,,,,,,,
jac_rc_n64,nid006549,hex8,jac_action,atomic,atomic,sumfact,affine,0.000000e+00,72,0,64,274625,262144,1098500,0,0.0000,n/a,20,2.122890949e-03,517.4547,3951.5021,123.4844,104.9618,0,0,0,2.991632007225e-13,1,1.000000,0,n/a,exact,off,1,0,0,0,0,7.857664000e-04,0.370140,0.000,,,,,,,
jac_rc_bnd_n64,nid006549,hex8,jac_action,packed,packed,sumfact,affine,0.000000e+00,72,128,64,274625,262144,1098500,0,0.0000,n/a,20,1.000547409e-03,1097.8990,8384.0185,262.0006,222.7005,0,0,0,5.047023127365e+00,1,1.000000,1,n/a,exact,on,1,0,0,0,0,1.311360000e-04,0.131064,0.000,,,,,,,
jac_rc_bnd_n64,nid006549,hex8,jac_action,atomic,atomic,sumfact,affine,0.000000e+00,72,0,64,274625,262144,1098500,0,0.0000,n/a,20,2.197515965e-03,499.8826,3817.3138,119.2911,101.3974,0,0,0,5.047023127365e+00,1,1.000000,1,n/a,exact,on,1,0,0,0,0,8.022784000e-04,0.365084,0.000,,,,,,,
assemble_n64,nid006549,hex8,assemble,packed,packed,sumfact,affine,0.000000e+00,72,128,64,274625,262144,1098500,7189057,877.5704,f64,20,1.319996119e-02,83.2199,635.5025,19.8595,45.7562,0,0,0,2.702547346339e-10,0,0.000000,0,sumfact,off,off,0,0,0,0,0,,,0.000,,,,,,,
assemble_n64,nid006549,hex8,assemble,atomic,atomic,sumfact,affine,0.000000e+00,72,0,64,274625,262144,1098500,7189057,877.5704,f64,20,2.810055017e-02,39.0918,298.5211,9.3288,21.4935,0,0,0,2.702932316173e-10,0,0.000000,0,sumfact,off,off,0,0,0,0,0,,,0.000,,,,,,,
assemble_n64,nid006549,hex8,assemble,colored,colored,sumfact,affine,0.000000e+00,72,128,64,274625,262144,1098500,7189057,877.5704,f64,20,1.148840189e-02,95.6182,730.1806,22.8181,52.5730,14,146,147,2.702547346339e-10,0,0.000000,0,sumfact,off,off,0,0,0,0,0,,,0.000,,,,,,,
assemble_n64,nid006549,hex8,assemble,store,store,sumfact,affine,0.000000e+00,72,128,64,274625,262144,1098500,7189057,877.5704,f64,20,9.278666973e-03,118.3899,904.0747,28.2523,65.0934,0,0,0,2.702547346339e-10,0,0.000000,0,sumfact,off,off,0,0,0,0,0,,,0.000,,,,,,,
assemble_sympy_n64,nid006549,hex8,assemble,atomic,atomic,sympy,affine,0.000000e+00,72,0,64,274625,262144,1098500,7189057,877.5704,f64,20,1.954333782e-02,56.2084,429.2311,13.4135,30.9046,0,0,0,2.702932318341e-10,0,0.000000,0,sympy,off,off,0,0,0,0,0,,,0.000,,,,,,,
assemble_sympy_n64,nid006549,hex8,assemble,colored,colored,sympy,affine,0.000000e+00,72,128,64,274625,262144,1098500,7189057,877.5704,f64,20,1.226396561e-02,89.5714,684.0045,21.3751,49.2483,14,146,147,2.702547348507e-10,0,0.000000,0,sympy,off,off,0,0,0,0,0,,,0.000,,,,,,,
assemble_diag_n64,nid006549,hex8,assemble_diag,atomic,atomic,sumfact,affine,0.000000e+00,72,0,64,274625,262144,1098500,0,0.0000,n/a,20,1.059086323e-02,103.7215,792.0608,24.7519,18.6629,0,0,0,5.801523603040e+02,0,0.000000,0,n/a,off,off,0,0,0,0,0,,,0.000,,,,,,,
spmv_f64_n64,nid006549,hex8,bsr_apply,packed,n/a,sumfact,affine,0.000000e+00,72,128,64,274625,262144,1098500,7189057,877.5704,f64,20,2.228355408e-03,492.9645,0.0000,0.0000,0.0000,0,0,0,-1.151445421215e-12,0,0.000000,0,n/a,off,off,0,0,0,0,0,,,0.000,,,,,,,
spmv_f32_n64,nid006549,hex8,bsr_apply,packed,n/a,sumfact,affine,0.000000e+00,72,128,64,274625,262144,1098500,7189057,438.7852,f32,20,1.110386848e-03,989.2949,0.0000,0.0000,0.0000,0,0,0,1.266337291522e-05,0,0.000000,0,n/a,off,off,0,0,0,0,0,,,0.000,,,,,,,
residual_bare_n96,nid006549,hex8,residual,packed,packed,sumfact,affine,0.000000e+00,72,512,96,912673,884736,3650692,0,0.0000,n/a,20,1.279866695e-03,2852.4002,22120.7037,691.2720,521.2191,0,0,0,9.553718493399e-14,0,0.000000,0,sumfact,off,off,0,0,0,0,0,,,0.000,,,,,,,
residual_bare_n96,nid006549,hex8,residual,atomic,atomic,sumfact,affine,0.000000e+00,72,0,96,912673,884736,3650692,0,0.0000,n/a,20,3.269767761e-03,1116.4989,8658.5819,270.5807,204.0178,0,0,0,9.868744276637e-14,0,0.000000,0,sumfact,off,off,0,0,0,0,0,,,0.000,,,,,,,
jac_bare_n96,nid006549,hex8,jac_action,packed,packed,sumfact,affine,0.000000e+00,72,512,96,912673,884736,3650692,0,0.0000,n/a,20,1.753306389e-03,2082.1757,16147.5212,504.6100,428.9185,0,0,0,-2.009048702682e-12,0,0.000000,0,n/a,off,off,0,0,0,0,0,,,0.000,,,,,,,
jac_bare_n96,nid006549,hex8,jac_action,atomic,atomic,sumfact,affine,0.000000e+00,72,0,96,912673,884736,3650692,0,0.0000,n/a,20,3.770697117e-03,968.1743,7508.3071,234.6346,199.4394,0,0,0,-1.946265590640e-12,0,0.000000,0,n/a,off,off,0,0,0,0,0,,,0.000,,,,,,,
residual_current_n96,nid006549,hex8,residual,atomic,atomic,current,affine,0.000000e+00,72,0,96,912673,884736,3650692,0,0.0000,n/a,20,4.338204861e-03,841.5213,6526.0984,203.9406,153.7712,0,0,0,1.028125609821e-13,0,0.000000,0,current,off,off,0,0,0,0,0,,,0.000,,,,,,,
residual_current_n96,nid006549,hex8,residual,packed,packed,current,affine,0.000000e+00,72,512,96,912673,884736,3650692,0,0.0000,n/a,20,1.615679264e-03,2259.5400,17523.0026,547.5938,412.8857,0,0,0,1.028819499212e-13,0,0.000000,0,current,off,off,0,0,0,0,0,,,0.000,,,,,,,
residual_rc_n96,nid006549,hex8,residual,packed,packed,sumfact,affine,0.000000e+00,72,512,96,912673,884736,3650692,0,0.0000,n/a,20,1.976490021e-03,1847.0581,14324.1563,447.6299,337.5129,0,0,0,1.003804244587e-13,1,1.000000,0,sumfact,on,off,0,0,0,0,0,,,0.000,,,,,,,
residual_rc_n96,nid006549,hex8,residual,atomic,atomic,sumfact,affine,0.000000e+00,72,0,96,912673,884736,3650692,0,0.0000,n/a,20,3.918576241e-03,931.6374,7224.9588,225.7800,170.2381,0,0,0,1.025453593567e-13,1,1.000000,0,sumfact,on,off,0,0,0,0,0,,,0.000,,,,,,,
residual_rc_bnd_n96,nid006549,hex8,residual,packed,packed,sumfact,affine,0.000000e+00,72,512,96,912673,884736,3650692,0,0.0000,n/a,20,2.189195156e-03,1667.5955,12932.4021,404.1376,304.7197,0,0,0,3.727500000000e+00,1,1.000000,1,sumfact,on,on,0,0,0,0,0,,,0.000,,,,,,,
residual_rc_bnd_n96,nid006549,hex8,residual,atomic,atomic,sumfact,affine,0.000000e+00,72,0,96,912673,884736,3650692,0,0.0000,n/a,20,4.220950603e-03,864.8981,6707.3877,209.6059,158.0428,0,0,0,3.727500000000e+00,1,1.000000,1,sumfact,on,on,0,0,0,0,0,,,0.000,,,,,,,
residual_rc_bnd_dt_n96,nid006549,hex8,residual,packed,packed,sumfact,affine,0.000000e+00,72,512,96,912673,884736,3650692,0,0.0000,n/a,20,2.338182926e-03,1561.3372,12108.3563,378.3861,285.3031,0,0,0,6.759195490287e+00,1,1.000000,1,sumfact,on,on,0,0,0,0,1,,,0.000,,,,,,,
residual_rc_bnd_dt_n96,nid006549,hex8,residual,atomic,atomic,sumfact,affine,0.000000e+00,72,0,96,912673,884736,3650692,0,0.0000,n/a,20,4.240894318e-03,860.8307,6675.8447,208.6201,157.2996,0,0,0,6.759287405709e+00,1,1.000000,1,sumfact,on,on,0,0,0,0,1,,,0.000,,,,,,,
residual_rc_perapply_n96,nid006549,hex8,residual,packed,packed,sumfact,affine,0.000000e+00,72,512,96,912673,884736,3650692,0,0.0000,n/a,20,2.441108227e-03,1495.5060,11597.8274,362.4321,273.2738,0,0,0,1.003804244587e-13,1,1.000000,0,sumfact,on,off,0,1,0,0,0,,,0.000,,,,,,,
residual_rc_perapply_n96,nid006549,hex8,residual,atomic,atomic,sumfact,affine,0.000000e+00,72,0,96,912673,884736,3650692,0,0.0000,n/a,20,5.840265751e-03,625.0900,4847.6479,151.4890,114.2227,0,0,0,1.025453593567e-13,1,1.000000,0,sumfact,on,off,0,1,0,0,0,,,0.000,,,,,,,
jac_rc_n96,nid006549,hex8,jac_action,packed,packed,sumfact,affine,0.000000e+00,72,512,96,912673,884736,3650692,0,0.0000,n/a,20,3.596162796e-03,1015.1632,7872.7114,246.0222,209.1189,0,0,0,2.763892901440e-13,1,1.000000,0,n/a,exact,off,1,0,0,0,0,6.595840000e-04,0.183413,0.000,,,,,,,
jac_rc_n96,nid006549,hex8,jac_action,atomic,atomic,sumfact,affine,0.000000e+00,72,0,96,912673,884736,3650692,0,0.0000,n/a,20,6.894612312e-03,529.4992,4106.3298,128.3228,109.0744,0,0,0,2.773607352905e-13,1,1.000000,0,n/a,exact,off,1,0,0,0,0,2.330521600e-03,0.338021,0.000,,,,,,,
jac_rc_bnd_n96,nid006549,hex8,jac_action,packed,packed,sumfact,affine,0.000000e+00,72,512,96,912673,884736,3650692,0,0.0000,n/a,20,3.877937794e-03,941.4004,7300.6720,228.1460,193.9241,0,0,0,5.047058237368e+00,1,1.000000,1,n/a,exact,on,1,0,0,0,0,6.545664000e-04,0.168792,0.000,,,,,,,
jac_rc_bnd_n96,nid006549,hex8,jac_action,atomic,atomic,sumfact,affine,0.000000e+00,72,0,96,912673,884736,3650692,0,0.0000,n/a,20,7.087051868e-03,515.1214,3994.8278,124.8384,106.1126,0,0,0,5.047058237368e+00,1,1.000000,1,n/a,exact,on,1,0,0,0,0,2.341516800e-03,0.330394,0.000,,,,,,,
assemble_n96,nid006549,hex8,assemble,packed,packed,sumfact,affine,0.000000e+00,72,512,96,912673,884736,3650692,24137569,2946.4806,f64,20,6.270987988e-02,58.2156,451.4688,14.1084,32.5058,0,0,0,7.386596588159e-11,0,0.000000,0,sumfact,off,off,0,0,0,0,0,,,0.000,,,,,,,
assemble_n96,nid006549,hex8,assemble,atomic,atomic,sumfact,affine,0.000000e+00,72,0,96,912673,884736,3650692,24137569,2946.4806,f64,20,9.321719408e-02,39.1633,303.7160,9.4911,21.8676,0,0,0,7.342422201788e-11,0,0.000000,0,sumfact,off,off,0,0,0,0,0,,,0.000,,,,,,,
assemble_n96,nid006549,hex8,assemble,colored,colored,sumfact,affine,0.000000e+00,72,512,96,912673,884736,3650692,24137569,2946.4806,f64,20,3.907140493e-02,93.4364,724.6105,22.6441,52.1720,19,90,91,7.389472065792e-11,0,0.000000,0,sumfact,off,off,0,0,0,0,0,,,0.000,,,,,,,
assemble_n96,nid006549,hex8,assemble,store,store,sumfact,affine,0.000000e+00,72,512,96,912673,884736,3650692,24137569,2946.4806,f64,20,4.303990602e-02,84.8211,657.7977,20.5562,47.3614,0,0,0,7.386596588159e-11,0,0.000000,0,sumfact,off,off,0,0,0,0,0,,,0.000,,,,,,,
assemble_sympy_n96,nid006549,hex8,assemble,atomic,atomic,sympy,affine,0.000000e+00,72,0,96,912673,884736,3650692,24137569,2946.4806,f64,20,6.497787237e-02,56.1836,435.7107,13.6160,31.3712,0,0,0,6.578006241380e-11,0,0.000000,0,sympy,off,off,0,0,0,0,0,,,0.000,,,,,,,
assemble_sympy_n96,nid006549,hex8,assemble,colored,colored,sympy,affine,0.000000e+00,72,512,96,912673,884736,3650692,24137569,2946.4806,f64,20,4.106155634e-02,88.9078,689.4905,21.5466,49.6433,19,90,91,6.632765216512e-11,0,0.000000,0,sympy,off,off,0,0,0,0,0,,,0.000,,,,,,,
assemble_diag_n96,nid006549,hex8,assemble_diag,atomic,atomic,sumfact,affine,0.000000e+00,72,0,96,912673,884736,3650692,0,0.0000,n/a,20,3.296331167e-02,110.7502,858.8807,26.8400,20.2374,0,0,0,1.054549351220e+03,0,0.000000,0,n/a,off,off,0,0,0,0,0,,,0.000,,,,,,,
spmv_f64_n96,nid006549,hex8,bsr_apply,packed,n/a,sumfact,affine,0.000000e+00,72,512,96,912673,884736,3650692,24137569,2946.4806,f64,20,8.150994778e-03,447.8830,0.0000,0.0000,0.0000,0,0,0,-2.227890574390e-12,0,0.000000,0,n/a,off,off,0,0,0,0,0,,,0.000,,,,,,,
spmv_f32_n96,nid006549,hex8,bsr_apply,packed,n/a,sumfact,affine,0.000000e+00,72,512,96,912673,884736,3650692,24137569,1473.2403,f32,20,4.333817959e-03,842.3732,0.0000,0.0000,0.0000,0,0,0,-1.159811748818e-06,0,0.000000,0,n/a,off,off,0,0,0,0,0,,,0.000,,,,,,,
residual_bare_n128,nid006549,hex8,residual,packed,packed,sumfact,affine,0.000000e+00,72,1024,128,2146689,2097152,8586756,0,0.0000,n/a,20,3.300535679e-03,2601.6250,20332.7188,635.3975,479.0897,0,0,0,1.366551186446e-13,0,0.000000,0,sumfact,off,off,0,0,0,0,0,,,0.000,,,,,,,
residual_bare_n128,nid006549,hex8,residual,atomic,atomic,sumfact,affine,0.000000e+00,72,0,128,2146689,2097152,8586756,0,0.0000,n/a,20,7.894968987e-03,1087.6238,8500.2062,265.6314,200.2861,0,0,0,1.381469808340e-13,0,0.000000,0,sumfact,off,off,0,0,0,0,0,,,0.000,,,,,,,
jac_bare_n128,nid006549,hex8,jac_action,packed,packed,sumfact,affine,0.000000e+00,72,1024,128,2146689,2097152,8586756,0,0.0000,n/a,20,4.402816296e-03,1950.2871,15242.2585,476.3206,404.8725,0,0,0,-2.268767828771e-12,0,0.000000,0,n/a,off,off,0,0,0,0,0,,,0.000,,,,,,,
jac_bare_n128,nid006549,hex8,jac_action,atomic,atomic,sumfact,affine,0.000000e+00,72,0,128,2146689,2097152,8586756,0,0.0000,n/a,20,8.837449551e-03,971.6328,7593.6913,237.3029,201.7074,0,0,0,-2.268767828771e-12,0,0.000000,0,n/a,off,off,0,0,0,0,0,,,0.000,,,,,,,
residual_current_n128,nid006549,hex8,residual,atomic,atomic,current,affine,0.000000e+00,72,0,128,2146689,2097152,8586756,0,0.0000,n/a,20,1.024435759e-02,838.1937,6550.8123,204.7129,154.3535,0,0,0,1.381248631097e-13,0,0.000000,0,current,off,off,0,0,0,0,0,,,0.000,,,,,,,
residual_current_n128,nid006549,hex8,residual,packed,packed,current,affine,0.000000e+00,72,1024,128,2146689,2097152,8586756,0,0.0000,n/a,20,4.037845135e-03,2126.5689,16619.9698,519.3741,391.6080,0,0,0,1.366330009203e-13,0,0.000000,0,current,off,off,0,0,0,0,0,,,0.000,,,,,,,
residual_rc_n128,nid006549,hex8,residual,packed,packed,sumfact,affine,0.000000e+00,72,1024,128,2146689,2097152,8586756,0,0.0000,n/a,20,5.087888241e-03,1687.6857,13189.9249,412.1852,310.7876,0,0,0,1.366482339608e-13,1,1.000000,0,sumfact,on,off,0,0,0,0,0,,,0.000,,,,,,,
residual_rc_n128,nid006549,hex8,residual,atomic,atomic,sumfact,affine,0.000000e+00,72,0,128,2146689,2097152,8586756,0,0.0000,n/a,20,9.526252747e-03,901.3781,7044.6235,220.1445,165.9889,0,0,0,1.381470350441e-13,1,1.000000,0,sumfact,on,off,0,0,0,0,0,,,0.000,,,,,,,
residual_rc_bnd_n128,nid006549,hex8,residual,packed,packed,sumfact,affine,0.000000e+00,72,1024,128,2146689,2097152,8586756,0,0.0000,n/a,20,5.468988419e-03,1570.0812,12270.8002,383.4625,289.1307,0,0,0,3.727500000000e+00,1,1.000000,1,sumfact,on,on,0,0,0,0,0,,,0.000,,,,,,,
residual_rc_bnd_n128,nid006549,hex8,residual,atomic,atomic,sumfact,affine,0.000000e+00,72,0,128,2146689,2097152,8586756,0,0.0000,n/a,20,1.035041809e-02,829.6047,6483.6863,202.6152,152.7719,0,0,0,3.727500000000e+00,1,1.000000,1,sumfact,on,on,0,0,0,0,0,,,0.000,,,,,,,
residual_rc_bnd_dt_n128,nid006549,hex8,residual,packed,packed,sumfact,affine,0.000000e+00,72,1024,128,2146689,2097152,8586756,0,0.0000,n/a,20,6.003630161e-03,1430.2607,11178.0476,349.3140,263.3827,0,0,0,6.759412313613e+00,1,1.000000,1,sumfact,on,on,0,0,0,0,1,,,0.000,,,,,,,
residual_rc_bnd_dt_n128,nid006549,hex8,residual,atomic,atomic,sumfact,affine,0.000000e+00,72,0,128,2146689,2097152,8586756,0,0.0000,n/a,20,1.048465967e-02,818.9828,6400.6717,200.0210,150.8158,0,0,0,6.759329548060e+00,1,1.000000,1,sumfact,on,on,0,0,0,0,1,,,0.000,,,,,,,
residual_rc_perapply_n128,nid006549,hex8,residual,packed,packed,sumfact,affine,0.000000e+00,72,1024,128,2146689,2097152,8586756,0,0.0000,n/a,20,6.074666977e-03,1413.5353,11047.3322,345.2291,260.3028,0,0,0,1.366482339608e-13,1,1.000000,0,sumfact,on,off,0,1,0,0,0,,,0.000,,,,,,,
residual_rc_perapply_n128,nid006549,hex8,residual,atomic,atomic,sumfact,affine,0.000000e+00,72,0,128,2146689,2097152,8586756,0,0.0000,n/a,20,1.448743343e-02,592.7037,4632.2121,144.7566,109.1465,0,0,0,1.381470350441e-13,1,1.000000,0,sumfact,on,off,0,1,0,0,0,,,0.000,,,,,,,
jac_rc_n128,nid006549,hex8,jac_action,packed,packed,sumfact,affine,0.000000e+00,72,1024,128,2146689,2097152,8586756,0,0.0000,n/a,20,8.933377266e-03,961.1993,7512.1493,234.7547,199.5415,0,0,0,-3.069362255678e-13,1,1.000000,0,n/a,exact,off,1,0,0,0,0,1.659584000e-03,0.185773,0.000,,,,,,,
jac_rc_n128,nid006549,hex8,jac_action,atomic,atomic,sumfact,affine,0.000000e+00,72,0,128,2146689,2097152,8586756,0,0.0000,n/a,20,1.601123810e-02,536.2956,4191.3601,130.9800,111.3330,0,0,0,-3.078244039875e-13,1,1.000000,0,n/a,exact,off,1,0,0,0,0,5.251379200e-03,0.327981,0.000,,,,,,,
jac_rc_bnd_n128,nid006549,hex8,jac_action,packed,packed,sumfact,affine,0.000000e+00,72,1024,128,2146689,2097152,8586756,0,0.0000,n/a,20,9.483885765e-03,905.4048,7076.0937,221.1279,187.9587,0,0,0,5.048053297186e+00,1,1.000000,1,n/a,exact,on,1,0,0,0,0,1.676672000e-03,0.176792,0.000,,,,,,,
jac_rc_bnd_n128,nid006549,hex8,jac_action,atomic,atomic,sumfact,affine,0.000000e+00,72,0,128,2146689,2097152,8586756,0,0.0000,n/a,20,1.665409803e-02,515.5942,4029.5706,125.9241,107.0355,0,0,0,5.048053297186e+00,1,1.000000,1,n/a,exact,on,1,0,0,0,0,5.394816000e-03,0.323933,0.000,,,,,,,
assemble_n128,nid006549,hex8,assemble,packed,packed,sumfact,affine,0.000000e+00,72,1024,128,2146689,2097152,8586756,57066625,6966.1407,f64,20,1.547948360e-01,55.4719,433.5343,13.5479,31.2145,0,0,0,-3.076235482948e-08,0,0.000000,0,sumfact,off,off,0,0,0,0,0,,,0.000,,,,,,,
assemble_n128,nid006549,hex8,assemble,atomic,atomic,sumfact,affine,0.000000e+00,72,0,128,2146689,2097152,8586756,57066625,6966.1407,f64,20,2.220306158e-01,38.6737,302.2505,9.4453,21.7620,0,0,0,-3.076550014682e-08,0,0.000000,0,sumfact,off,off,0,0,0,0,0,,,0.000,,,,,,,
assemble_n128,nid006549,hex8,assemble,colored,colored,sumfact,affine,0.000000e+00,72,1024,128,2146689,2097152,8586756,57066625,6966.1407,f64,20,8.299378157e-02,103.4626,808.6011,25.2688,58.2193,14,146,147,-3.076235482948e-08,0,0.000000,0,sumfact,off,off,0,0,0,0,0,,,0.000,,,,,,,
assemble_n128,nid006549,hex8,assemble,store,store,sumfact,affine,0.000000e+00,72,1024,128,2146689,2097152,8586756,57066625,6966.1407,f64,20,1.098011255e-01,78.2028,611.1856,19.0995,44.0054,0,0,0,-3.076235482948e-08,0,0.000000,0,sumfact,off,off,0,0,0,0,0,,,0.000,,,,,,,
assemble_sympy_n128,nid006549,hex8,assemble,atomic,atomic,sympy,affine,0.000000e+00,72,0,128,2146689,2097152,8586756,57066625,6966.1407,f64,20,1.545986414e-01,55.5422,434.0844,13.5651,31.2541,0,0,0,-3.076550013728e-08,0,0.000000,0,sympy,off,off,0,0,0,0,0,,,0.000,,,,,,,
assemble_sympy_n128,nid006549,hex8,assemble,colored,colored,sympy,affine,0.000000e+00,72,1024,128,2146689,2097152,8586756,57066625,6966.1407,f64,20,8.763470650e-02,97.9835,765.7795,23.9306,55.1361,14,146,147,-3.076235482687e-08,0,0.000000,0,sympy,off,off,0,0,0,0,0,,,0.000,,,,,,,
assemble_diag_n128,nid006549,hex8,assemble_diag,atomic,atomic,sumfact,affine,0.000000e+00,72,0,128,2146689,2097152,8586756,0,0.0000,n/a,20,7.536631823e-02,113.9336,890.4357,27.8261,20.9809,0,0,0,1.651826180067e+03,0,0.000000,0,n/a,off,off,0,0,0,0,0,,,0.000,,,,,,,
spmv_f64_n128,nid006549,hex8,bsr_apply,packed,n/a,sumfact,affine,0.000000e+00,72,1024,128,2146689,2097152,8586756,57066625,6966.1407,f64,20,1.910631657e-02,449.4197,0.0000,0.0000,0.0000,0,0,0,-2.271657308876e-12,0,0.000000,0,n/a,off,off,0,0,0,0,0,,,0.000,,,,,,,
spmv_f32_n128,nid006549,hex8,bsr_apply,packed,n/a,sumfact,affine,0.000000e+00,72,1024,128,2146689,2097152,8586756,57066625,3483.0704,f32,20,1.057112217e-02,812.2842,0.0000,0.0000,0.0000,0,0,0,4.661746579456e-05,0,0.000000,0,n/a,off,off,0,0,0,0,0,,,0.000,,,,,,,
residual_bare_n160,nid006549,hex8,residual,packed,packed,sumfact,affine,0.000000e+00,72,2048,160,4173281,4096000,16693124,0,0.0000,n/a,20,6.646752357e-03,2511.4707,19719.7056,616.2408,464.6456,0,0,0,-6.683819079797e-14,0,0.000000,0,sumfact,off,off,0,0,0,0,0,,,0.000,,,,,,,
residual_bare_n160,nid006549,hex8,residual,atomic,atomic,sumfact,affine,0.000000e+00,72,0,160,4173281,4096000,16693124,0,0.0000,n/a,20,1.569080353e-02,1063.8795,8353.4282,261.0446,196.8277,0,0,0,-7.000232641816e-14,0,0.000000,0,sumfact,off,off,0,0,0,0,0,,,0.000,,,,,,,
jac_bare_n160,nid006549,hex8,jac_action,packed,packed,sumfact,affine,0.000000e+00,72,2048,160,4173281,4096000,16693124,0,0.0000,n/a,20,9.009170532e-03,1852.9035,14548.7312,454.6478,386.4507,0,0,0,7.483083570110e-13,0,0.000000,0,n/a,off,off,0,0,0,0,0,,,0.000,,,,,,,
jac_bare_n160,nid006549,hex8,jac_action,atomic,atomic,sumfact,affine,0.000000e+00,72,0,160,4173281,4096000,16693124,0,0.0000,n/a,20,1.712101698e-02,975.0077,7655.6200,239.2381,203.3524,0,0,0,7.694581056301e-13,0,0.000000,0,n/a,off,off,0,0,0,0,0,,,0.000,,,,,,,
residual_current_n160,nid006549,hex8,residual,atomic,atomic,current,affine,0.000000e+00,72,0,160,4173281,4096000,16693124,0,0.0000,n/a,20,2.044622898e-02,816.4402,6410.5709,200.3303,151.0491,0,0,0,-7.131918482433e-14,0,0.000000,0,current,off,off,0,0,0,0,0,,,0.000,,,,,,,
residual_current_n160,nid006549,hex8,residual,packed,packed,current,affine,0.000000e+00,72,2048,160,4173281,4096000,16693124,0,0.0000,n/a,20,7.835638523e-03,2130.4102,16727.6731,522.7398,394.1458,0,0,0,-6.568480297436e-14,0,0.000000,0,current,off,off,0,0,0,0,0,,,0.000,,,,,,,
residual_rc_n160,nid006549,hex8,residual,packed,packed,sumfact,affine,0.000000e+00,72,2048,160,4173281,4096000,16693124,0,0.0000,n/a,20,9.971511364e-03,1674.0816,13144.6473,410.7702,309.7208,0,0,0,-6.590924637659e-14,1,1.000000,0,sumfact,on,off,0,0,0,0,0,,,0.000,,,,,,,
residual_rc_n160,nid006549,hex8,residual,atomic,atomic,sumfact,affine,0.000000e+00,72,0,160,4173281,4096000,16693124,0,0.0000,n/a,20,1.903425455e-02,877.0043,6886.1115,215.1910,162.2540,0,0,0,-7.109953901671e-14,1,1.000000,0,sumfact,on,off,0,0,0,0,0,,,0.000,,,,,,,
residual_rc_bnd_n160,nid006549,hex8,residual,packed,packed,sumfact,affine,0.000000e+00,72,2048,160,4173281,4096000,16693124,0,0.0000,n/a,20,1.101210117e-02,1515.8891,11902.5423,371.9544,280.4537,0,0,0,3.727500000000e+00,1,1.000000,1,sumfact,on,on,0,0,0,0,0,,,0.000,,,,,,,
residual_rc_bnd_n160,nid006549,hex8,residual,atomic,atomic,sumfact,affine,0.000000e+00,72,0,160,4173281,4096000,16693124,0,0.0000,n/a,20,1.990396976e-02,838.6831,6585.2190,205.7881,155.1642,0,0,0,3.727500000000e+00,1,1.000000,1,sumfact,on,on,0,0,0,0,0,,,0.000,,,,,,,
residual_rc_bnd_dt_n160,nid006549,hex8,residual,packed,packed,sumfact,affine,0.000000e+00,72,2048,160,4173281,4096000,16693124,0,0.0000,n/a,20,1.195442677e-02,1396.3969,10964.3066,342.6346,258.3465,0,0,0,6.759317416976e+00,1,1.000000,1,sumfact,on,on,0,0,0,0,1,,,0.000,,,,,,,
residual_rc_bnd_dt_n160,nid006549,hex8,residual,atomic,atomic,sumfact,affine,0.000000e+00,72,0,160,4173281,4096000,16693124,0,0.0000,n/a,20,2.098306417e-02,795.5523,6246.5615,195.2050,147.1846,0,0,0,6.759324573300e+00,1,1.000000,1,sumfact,on,on,0,0,0,0,1,,,0.000,,,,,,,
residual_rc_perapply_n160,nid006549,hex8,residual,packed,packed,sumfact,affine,0.000000e+00,72,2048,160,4173281,4096000,16693124,0,0.0000,n/a,20,1.205635071e-02,1384.5918,10871.6147,339.7380,256.1624,0,0,0,-6.590924637659e-14,1,1.000000,0,sumfact,on,off,0,1,0,0,0,,,0.000,,,,,,,
residual_rc_perapply_n160,nid006549,hex8,residual,atomic,atomic,sumfact,affine,0.000000e+00,72,0,160,4173281,4096000,16693124,0,0.0000,n/a,20,2.852610350e-02,585.1877,4594.8091,143.5878,108.2652,0,0,0,-7.109953901671e-14,1,1.000000,0,sumfact,on,off,0,1,0,0,0,,,0.000,,,,,,,
jac_rc_n160,nid006549,hex8,jac_action,packed,packed,sumfact,affine,0.000000e+00,72,2048,160,4173281,4096000,16693124,0,0.0000,n/a,20,1.711021662e-02,975.6232,7660.4524,239.3891,203.4808,0,0,0,-5.547403831327e-13,1,1.000000,0,n/a,exact,off,1,0,0,0,0,3.250444800e-03,0.189971,0.000,,,,,,,
jac_rc_n160,nid006549,hex8,jac_action,atomic,atomic,sumfact,affine,0.000000e+00,72,0,160,4173281,4096000,16693124,0,0.0000,n/a,20,3.176271915e-02,525.5571,4126.5988,128.9562,109.6128,0,0,0,-5.591812752312e-13,1,1.000000,0,n/a,exact,off,1,0,0,0,0,1.060369920e-02,0.333841,0.000,,,,,,,
jac_rc_bnd_n160,nid006549,hex8,jac_action,packed,packed,sumfact,affine,0.000000e+00,72,2048,160,4173281,4096000,16693124,0,0.0000,n/a,20,1.787347794e-02,933.9606,7333.3237,229.1664,194.7914,0,0,0,5.046148336219e+00,1,1.000000,1,n/a,exact,on,1,0,0,0,0,3.233484800e-03,0.180910,0.000,,,,,,,
jac_rc_bnd_n160,nid006549,hex8,jac_action,atomic,atomic,sumfact,affine,0.000000e+00,72,0,160,4173281,4096000,16693124,0,0.0000,n/a,20,3.250685930e-02,513.5262,4032.1336,126.0042,107.1035,0,0,0,5.046148336219e+00,1,1.000000,1,n/a,exact,on,1,0,0,0,0,1.063663360e-02,0.327212,0.000,,,,,,,
assemble_n160,nid006549,hex8,assemble,packed,packed,sumfact,affine,0.000000e+00,72,2048,160,4173281,4096000,16693124,111284641,13584.5509,f64,20,3.063819051e-01,54.4847,427.8059,13.3689,30.8020,0,0,0,1.165429404451e-08,0,0.000000,0,sumfact,off,off,0,0,0,0,0,,,0.000,,,,,,,
assemble_n160,nid006549,hex8,assemble,atomic,atomic,sumfact,affine,0.000000e+00,72,0,160,4173281,4096000,16693124,111284641,13584.5509,f64,20,4.304325223e-01,38.7822,304.5123,9.5160,21.9249,0,0,0,1.164916721901e-08,0,0.000000,0,sumfact,off,off,0,0,0,0,0,,,0.000,,,,,,,
assemble_n160,nid006549,hex8,assemble,colored,colored,sumfact,affine,0.000000e+00,72,2048,160,4173281,4096000,16693124,111284641,13584.5509,f64,20,1.601350188e-01,104.2441,818.5093,25.5784,58.9327,20,99,101,1.165426806529e-08,0,0.000000,0,sumfact,off,off,0,0,0,0,0,,,0.000,,,,,,,
assemble_n160,nid006549,hex8,assemble,store,store,sumfact,affine,0.000000e+00,72,2048,160,4173281,4096000,16693124,111284641,13584.5509,f64,20,2.369699597e-01,70.4441,553.1165,17.2849,39.8244,0,0,0,1.165429404451e-08,0,0.000000,0,sumfact,off,off,0,0,0,0,0,,,0.000,,,,,,,
assemble_sympy_n160,nid006549,hex8,assemble,atomic,atomic,sympy,affine,0.000000e+00,72,0,160,4173281,4096000,16693124,111284641,13584.5509,f64,20,3.021259904e-01,55.2522,433.8323,13.5573,31.2359,0,0,0,1.167343591505e-08,0,0.000000,0,sympy,off,off,0,0,0,0,0,,,0.000,,,,,,,
assemble_sympy_n160,nid006549,hex8,assemble,colored,colored,sympy,affine,0.000000e+00,72,2048,160,4173281,4096000,16693124,111284641,13584.5509,f64,20,1.686881304e-01,98.9585,777.0078,24.2815,55.9446,20,99,101,1.168506756832e-08,0,0.000000,0,sympy,off,off,0,0,0,0,0,,,0.000,,,,,,,
assemble_diag_n160,nid006549,hex8,assemble_diag,atomic,atomic,sumfact,affine,0.000000e+00,72,0,160,4173281,4096000,16693124,0,0.0000,n/a,20,1.467159629e-01,113.7785,893.3725,27.9179,21.0501,0,0,0,2.371982944015e+03,0,0.000000,0,n/a,off,off,0,0,0,0,0,,,0.000,,,,,,,
spmv_f64_n160,nid006549,hex8,bsr_apply,packed,n/a,sumfact,affine,0.000000e+00,72,2048,160,4173281,4096000,16693124,111284641,13584.5509,f64,20,3.661352396e-02,455.9278,0.0000,0.0000,0.0000,0,0,0,7.157881465282e-13,0,0.000000,0,n/a,off,off,0,0,0,0,0,,,0.000,,,,,,,
spmv_f32_n160,nid006549,hex8,bsr_apply,packed,n/a,sumfact,affine,0.000000e+00,72,2048,160,4173281,4096000,16693124,111284641,6792.2755,f32,20,1.926651001e-02,866.4322,0.0000,0.0000,0.0000,0,0,0,4.118532892879e-05,0,0.000000,0,n/a,off,off,0,0,0,0,0,,,0.000,,,,,,,
spmv_f32_n64,nid006549,hex8,bsr_apply,packed,n/a,sumfact,affine,0.000000e+00,72,128,64,274625,262144,1098500,7189057,438.7852,f32,20,1.124131680e-03,977.1987,0.0000,0.0000,0.0000,0,0,0,1.266337291522e-05,0,0.000000,0,n/a,off,off,0,0,0,0,0,,,0.000,,,,,,,
spmv_f64_n64,nid006549,hex8,bsr_apply,packed,n/a,sumfact,affine,0.000000e+00,72,128,64,274625,262144,1098500,7189057,877.5704,f64,20,2.163934708e-03,507.6401,0.0000,0.0000,0.0000,0,0,0,-1.151445421215e-12,0,0.000000,0,n/a,off,off,0,0,0,0,0,,,0.000,,,,,,,
assemble_diag_n64,nid006549,hex8,assemble_diag,atomic,atomic,sumfact,affine,0.000000e+00,72,0,64,274625,262144,1098500,0,0.0000,n/a,20,1.035608053e-02,106.0729,810.0176,25.3131,19.0860,0,0,0,5.801523603040e+02,0,0.000000,0,n/a,off,off,0,0,0,0,0,,,0.000,,,,,,,
assemble_sympy_n64,nid006549,hex8,assemble,colored,colored,sympy,affine,0.000000e+00,72,128,64,274625,262144,1098500,7189057,877.5704,f64,20,1.239358187e-02,88.6346,676.8510,21.1516,48.7333,14,146,147,2.702547348507e-10,0,0.000000,0,sympy,off,off,0,0,0,0,0,,,0.000,,,,,,,
assemble_sympy_n64,nid006549,hex8,assemble,atomic,atomic,sympy,affine,0.000000e+00,72,0,64,274625,262144,1098500,7189057,877.5704,f64,20,1.967402697e-02,55.8350,426.3798,13.3244,30.6993,0,0,0,2.702932318341e-10,0,0.000000,0,sympy,off,off,0,0,0,0,0,,,0.000,,,,,,,
assemble_n64,nid006549,hex8,assemble,store,store,sumfact,affine,0.000000e+00,72,128,64,274625,262144,1098500,7189057,877.5704,f64,20,9.470498562e-03,115.9918,885.7620,27.6801,63.7749,0,0,0,2.702547346339e-10,0,0.000000,0,sumfact,off,off,0,0,0,0,0,,,0.000,,,,,,,
assemble_n64,nid006549,hex8,assemble,colored,colored,sumfact,affine,0.000000e+00,72,128,64,274625,262144,1098500,7189057,877.5704,f64,20,1.145693064e-02,95.8808,732.1863,22.8808,52.7174,14,146,147,2.702547346339e-10,0,0.000000,0,sumfact,off,off,0,0,0,0,0,,,0.000,,,,,,,
assemble_n64,nid006549,hex8,assemble,atomic,atomic,sumfact,affine,0.000000e+00,72,0,64,274625,262144,1098500,7189057,877.5704,f64,20,2.798359394e-02,39.2551,299.7688,9.3678,21.5834,0,0,0,2.702932316173e-10,0,0.000000,0,sumfact,off,off,0,0,0,0,0,,,0.000,,,,,,,
assemble_n64,nid006549,hex8,assemble,packed,packed,sumfact,affine,0.000000e+00,72,128,64,274625,262144,1098500,7189057,877.5704,f64,20,1.311936378e-02,83.7312,639.4066,19.9815,46.0373,0,0,0,2.702547346339e-10,0,0.000000,0,sumfact,off,off,0,0,0,0,0,,,0.000,,,,,,,
jac_rc_bnd_n64,nid006549,hex8,jac_action,atomic,atomic,sumfact,affine,0.000000e+00,72,0,64,274625,262144,1098500,0,0.0000,n/a,20,2.207446098e-03,497.6339,3800.1417,118.7544,100.9413,0,0,0,5.047023127365e+00,1,1.000000,1,n/a,exact,on,1,0,0,0,0,7.899136000e-04,0.357840,0.000,,,,,,,
jac_rc_bnd_n64,nid006549,hex8,jac_action,packed,packed,sumfact,affine,0.000000e+00,72,128,64,274625,262144,1098500,0,0.0000,n/a,20,1.013827324e-03,1083.5178,8274.1980,258.5687,219.7834,0,0,0,5.047023127365e+00,1,1.000000,1,n/a,exact,on,1,0,0,0,0,1.329536000e-04,0.131140,0.000,,,,,,,
jac_rc_n64,nid006549,hex8,jac_action,atomic,atomic,sumfact,affine,0.000000e+00,72,0,64,274625,262144,1098500,0,0.0000,n/a,20,2.143740654e-03,512.4221,3913.0704,122.2834,103.9409,0,0,0,2.991632007225e-13,1,1.000000,0,n/a,exact,off,1,0,0,0,0,7.928448000e-04,0.369842,0.000,,,,,,,
jac_rc_n64,nid006549,hex8,jac_action,packed,packed,sumfact,affine,0.000000e+00,72,128,64,274625,262144,1098500,0,0.0000,n/a,20,9.320259094e-04,1178.6153,9000.4022,281.2626,239.0732,0,0,0,3.033959260039e-13,1,1.000000,0,n/a,exact,off,1,0,0,0,0,1.327872000e-04,0.142472,0.000,,,,,,,
residual_rc_perapply_n64,nid006549,hex8,residual,atomic,atomic,sumfact,affine,0.000000e+00,72,0,64,274625,262144,1098500,0,0.0000,n/a,20,1.894509792e-03,579.8334,4427.8515,138.3704,104.3313,0,0,0,-1.256492739715e-14,1,1.000000,0,sumfact,on,off,0,1,0,0,0,,,0.000,,,,,,,
residual_rc_perapply_n64,nid006549,hex8,residual,packed,packed,sumfact,affine,0.000000e+00,72,128,64,274625,262144,1098500,0,0.0000,n/a,20,6.684064865e-04,1643.4610,12550.1595,392.1925,295.7131,0,0,0,-1.282860536550e-14,1,1.000000,0,sumfact,on,off,0,1,0,0,0,,,0.000,,,,,,,
residual_rc_bnd_dt_n64,nid006549,hex8,residual,atomic,atomic,sumfact,affine,0.000000e+00,72,0,64,274625,262144,1098500,0,0.0000,n/a,20,1.340234280e-03,819.6328,6259.0609,195.5957,147.4791,0,0,0,6.759448953731e+00,1,1.000000,1,sumfact,on,on,0,0,0,0,1,,,0.000,,,,,,,
residual_rc_bnd_dt_n64,nid006549,hex8,residual,packed,packed,sumfact,affine,0.000000e+00,72,128,64,274625,262144,1098500,0,0.0000,n/a,20,6.688356400e-04,1642.4065,12542.1068,391.9408,295.5234,0,0,0,6.759042994895e+00,1,1.000000,1,sumfact,on,on,0,0,0,0,1,,,0.000,,,,,,,
residual_rc_bnd_n64,nid006549,hex8,residual,atomic,atomic,sumfact,affine,0.000000e+00,72,0,64,274625,262144,1098500,0,0.0000,n/a,20,1.481604576e-03,741.4259,5661.8400,176.9325,133.4071,0,0,0,3.727500000000e+00,1,1.000000,1,sumfact,on,on,0,0,0,0,0,,,0.000,,,,,,,
residual_rc_bnd_n64,nid006549,hex8,residual,packed,packed,sumfact,affine,0.000000e+00,72,128,64,274625,262144,1098500,0,0.0000,n/a,20,6.419658661e-04,1711.1502,13067.0624,408.3457,307.8927,0,0,0,3.727500000000e+00,1,1.000000,1,sumfact,on,on,0,0,0,0,0,,,0.000,,,,,,,
residual_rc_n64,nid006549,hex8,residual,atomic,atomic,sumfact,affine,0.000000e+00,72,0,64,274625,262144,1098500,0,0.0000,n/a,20,1.249444485e-03,879.1907,6713.8701,209.8084,158.1956,0,0,0,-1.256492739715e-14,1,1.000000,0,sumfact,on,off,0,0,0,0,0,,,0.000,,,,,,,
residual_rc_n64,nid006549,hex8,residual,packed,packed,sumfact,affine,0.000000e+00,72,128,64,274625,262144,1098500,0,0.0000,n/a,20,5.646467209e-04,1945.4642,14856.3831,464.2620,350.0535,0,0,0,-1.282860536550e-14,1,1.000000,0,sumfact,on,off,0,0,0,0,0,,,0.000,,,,,,,
residual_current_n64,nid006549,hex8,residual,packed,packed,current,affine,0.000000e+00,72,128,64,274625,262144,1098500,0,0.0000,n/a,20,5.035638809e-04,2181.4511,16658.4783,520.5774,392.5154,0,0,0,-1.272137777064e-14,0,0.000000,0,current,off,off,0,0,0,0,0,,,0.000,,,,,,,
residual_current_n64,nid006549,hex8,residual,atomic,atomic,current,affine,0.000000e+00,72,0,64,274625,262144,1098500,0,0.0000,n/a,20,1.370322704e-03,801.6360,6121.6296,191.3009,144.2409,0,0,0,-1.240218865106e-14,0,0.000000,0,current,off,off,0,0,0,0,0,,,0.000,,,,,,,
jac_bare_n64,nid006549,hex8,jac_action,atomic,atomic,sumfact,affine,0.000000e+00,72,0,64,274625,262144,1098500,0,0.0000,n/a,20,1.267397404e-03,866.7368,6618.7669,206.8365,175.8110,0,0,0,-1.151479248323e-12,0,0.000000,0,n/a,off,off,0,0,0,0,0,,,0.000,,,,,,,
jac_bare_n64,nid006549,hex8,jac_action,packed,packed,sumfact,affine,0.000000e+00,72,128,64,274625,262144,1098500,0,0.0000,n/a,20,5.342721939e-04,2056.0681,15701.0005,490.6563,417.0578,0,0,0,-1.151812315230e-12,0,0.000000,0,n/a,off,off,0,0,0,0,0,,,0.000,,,,,,,
residual_bare_n64,nid006549,hex8,residual,atomic,atomic,sumfact,affine,0.000000e+00,72,0,64,274625,262144,1098500,0,0.0000,n/a,20,1.047694683e-03,1048.4925,8006.7296,250.2103,188.6586,0,0,0,-1.254020758762e-14,0,0.000000,0,sumfact,off,off,0,0,0,0,0,,,0.000,,,,,,,
residual_bare_n64,nid006549,hex8,residual,packed,packed,sumfact,affine,0.000000e+00,72,128,64,274625,262144,1098500,0,0.0000,n/a,20,4.016876221e-04,2734.7121,20883.4117,652.6066,492.0654,0,0,0,-1.235979634612e-14,0,0.000000,0,sumfact,off,off,0,0,0,0,0,,,0.000,,,,,,,
spmv_f32_n96,nid006549,hex8,bsr_apply,packed,n/a,sumfact,affine,0.000000e+00,72,512,96,912673,884736,3650692,24137569,1473.2403,f32,20,4.314088821e-03,846.2255,0.0000,0.0000,0.0000,0,0,0,-1.159811748818e-06,0,0.000000,0,n/a,off,off,0,0,0,0,0,,,0.000,,,,,,,
spmv_f64_n96,nid006549,hex8,bsr_apply,packed,n/a,sumfact,affine,0.000000e+00,72,512,96,912673,884736,3650692,24137569,2946.4806,f64,20,8.128595352e-03,449.1172,0.0000,0.0000,0.0000,0,0,0,-2.227890574390e-12,0,0.000000,0,n/a,off,off,0,0,0,0,0,,,0.000,,,,,,,
assemble_diag_n96,nid006549,hex8,assemble_diag,atomic,atomic,sumfact,affine,0.000000e+00,72,0,96,912673,884736,3650692,0,0.0000,n/a,20,3.374406099e-02,108.1877,839.0084,26.2190,19.7691,0,0,0,1.054549351220e+03,0,0.000000,0,n/a,off,off,0,0,0,0,0,,,0.000,,,,,,,
assemble_sympy_n96,nid006549,hex8,assemble,colored,colored,sympy,affine,0.000000e+00,72,512,96,912673,884736,3650692,24137569,2946.4806,f64,20,4.101854563e-02,89.0010,690.2135,21.5692,49.6954,19,90,91,6.632765216512e-11,0,0.000000,0,sympy,off,off,0,0,0,0,0,,,0.000,,,,,,,
assemble_sympy_n96,nid006549,hex8,assemble,atomic,atomic,sympy,affine,0.000000e+00,72,0,96,912673,884736,3650692,24137569,2946.4806,f64,20,6.580805779e-02,55.4748,430.2141,13.4442,30.9754,0,0,0,6.578006241380e-11,0,0.000000,0,sympy,off,off,0,0,0,0,0,,,0.000,,,,,,,
assemble_n96,nid006549,hex8,assemble,store,store,sumfact,affine,0.000000e+00,72,512,96,912673,884736,3650692,24137569,2946.4806,f64,20,4.299384356e-02,84.9120,658.5025,20.5782,47.4122,0,0,0,7.386596588159e-11,0,0.000000,0,sumfact,off,off,0,0,0,0,0,,,0.000,,,,,,,
assemble_n96,nid006549,hex8,assemble,colored,colored,sumfact,affine,0.000000e+00,72,512,96,912673,884736,3650692,24137569,2946.4806,f64,20,3.783887625e-02,96.4799,748.2133,23.3817,53.8714,19,90,91,7.389472065792e-11,0,0.000000,0,sumfact,off,off,0,0,0,0,0,,,0.000,,,,,,,
assemble_n96,nid006549,hex8,assemble,atomic,atomic,sumfact,affine,0.000000e+00,72,0,96,912673,884736,3650692,24137569,2946.4806,f64,20,9.423415661e-02,38.7406,300.4383,9.3887,21.6316,0,0,0,7.342422201788e-11,0,0.000000,0,sumfact,off,off,0,0,0,0,0,,,0.000,,,,,,,
assemble_n96,nid006549,hex8,assemble,packed,packed,sumfact,affine,0.000000e+00,72,512,96,912673,884736,3650692,24137569,2946.4806,f64,20,6.230444908e-02,58.5944,454.4066,14.2002,32.7173,0,0,0,7.386596588159e-11,0,0.000000,0,sumfact,off,off,0,0,0,0,0,,,0.000,,,,,,,
jac_rc_bnd_n96,nid006549,hex8,jac_action,atomic,atomic,sumfact,affine,0.000000e+00,72,0,96,912673,884736,3650692,0,0.0000,n/a,20,7.122886181e-03,512.5299,3974.7304,124.2103,105.5788,0,0,0,5.047058237368e+00,1,1.000000,1,n/a,exact,on,1,0,0,0,0,2.343462400e-03,0.329005,0.000,,,,,,,
jac_rc_bnd_n96,nid006549,hex8,jac_action,packed,packed,sumfact,affine,0.000000e+00,72,512,96,912673,884736,3650692,0,0.0000,n/a,20,4.581987858e-03,796.7485,6178.8798,193.0900,164.1265,0,0,0,5.047058237368e+00,1,1.000000,1,n/a,exact,on,1,0,0,0,0,6.755968000e-04,0.147446,0.000,,,,,,,
jac_rc_n96,nid006549,hex8,jac_action,atomic,atomic,sumfact,affine,0.000000e+00,72,0,96,912673,884736,3650692,0,0.0000,n/a,20,7.133996487e-03,511.7317,3968.5402,124.0169,105.4143,0,0,0,2.773607352905e-13,1,1.000000,0,n/a,exact,off,1,0,0,0,0,2.461952000e-03,0.345101,0.000,,,,,,,
jac_rc_n96,nid006549,hex8,jac_action,packed,packed,sumfact,affine,0.000000e+00,72,512,96,912673,884736,3650692,0,0.0000,n/a,20,3.632771969e-03,1004.9329,7793.3744,243.5429,207.0115,0,0,0,2.763892901440e-13,1,1.000000,0,n/a,exact,off,1,0,0,0,0,6.559616000e-04,0.180568,0.000,,,,,,,
residual_rc_perapply_n96,nid006549,hex8,residual,atomic,atomic,sumfact,affine,0.000000e+00,72,0,96,912673,884736,3650692,0,0.0000,n/a,20,5.970692635e-03,611.4353,4741.7534,148.1798,111.7276,0,0,0,1.025453593567e-13,1,1.000000,0,sumfact,on,off,0,1,0,0,0,,,0.000,,,,,,,
residual_rc_perapply_n96,nid006549,hex8,residual,packed,packed,sumfact,affine,0.000000e+00,72,512,96,912673,884736,3650692,0,0.0000,n/a,20,2.354037762e-03,1550.8213,12026.8045,375.8376,283.3816,0,0,0,1.003804244587e-13,1,1.000000,0,sumfact,on,off,0,1,0,0,0,,,0.000,,,,,,,
residual_rc_bnd_dt_n96,nid006549,hex8,residual,atomic,atomic,sumfact,affine,0.000000e+00,72,0,96,912673,884736,3650692,0,0.0000,n/a,20,4.282414913e-03,852.4844,6611.1184,206.5974,155.7745,0,0,0,6.759287405709e+00,1,1.000000,1,sumfact,on,on,0,0,0,0,1,,,0.000,,,,,,,
residual_rc_bnd_dt_n96,nid006549,hex8,residual,packed,packed,sumfact,affine,0.000000e+00,72,512,96,912673,884736,3650692,0,0.0000,n/a,20,2.362751961e-03,1545.1017,11982.4478,374.4515,282.3364,0,0,0,6.759195490287e+00,1,1.000000,1,sumfact,on,on,0,0,0,0,1,,,0.000,,,,,,,
residual_rc_bnd_n96,nid006549,hex8,residual,atomic,atomic,sumfact,affine,0.000000e+00,72,0,96,912673,884736,3650692,0,0.0000,n/a,20,4.158258438e-03,877.9377,6808.5119,212.7660,160.4256,0,0,0,3.727500000000e+00,1,1.000000,1,sumfact,on,on,0,0,0,0,0,,,0.000,,,,,,,
residual_rc_bnd_n96,nid006549,hex8,residual,packed,packed,sumfact,affine,0.000000e+00,72,512,96,912673,884736,3650692,0,0.0000,n/a,20,2.202689648e-03,1657.3792,12853.1734,401.6617,302.8529,0,0,0,3.727500000000e+00,1,1.000000,1,sumfact,on,on,0,0,0,0,0,,,0.000,,,,,,,
residual_rc_n96,nid006549,hex8,residual,atomic,atomic,sumfact,affine,0.000000e+00,72,0,96,912673,884736,3650692,0,0.0000,n/a,20,3.965985775e-03,920.5005,7138.5914,223.0810,168.2031,0,0,0,1.025453593567e-13,1,1.000000,0,sumfact,on,off,0,0,0,0,0,,,0.000,,,,,,,
residual_rc_n96,nid006549,hex8,residual,packed,packed,sumfact,affine,0.000000e+00,72,512,96,912673,884736,3650692,0,0.0000,n/a,20,1.971197128e-03,1852.0177,14362.6183,448.8318,338.4192,0,0,0,1.003804244587e-13,1,1.000000,0,sumfact,on,off,0,0,0,0,0,,,0.000,,,,,,,
residual_current_n96,nid006549,hex8,residual,packed,packed,current,affine,0.000000e+00,72,512,96,912673,884736,3650692,0,0.0000,n/a,20,1.674652100e-03,2179.9704,16905.9305,528.3103,398.3460,0,0,0,1.028819499212e-13,0,0.000000,0,current,off,off,0,0,0,0,0,,,0.000,,,,,,,
residual_current_n96,nid006549,hex8,residual,atomic,atomic,current,affine,0.000000e+00,72,0,96,912673,884736,3650692,0,0.0000,n/a,20,4.428088665e-03,824.4397,6393.6281,199.8009,150.6499,0,0,0,1.028125609821e-13,0,0.000000,0,current,off,off,0,0,0,0,0,,,0.000,,,,,,,
jac_bare_n96,nid006549,hex8,jac_action,atomic,atomic,sumfact,affine,0.000000e+00,72,0,96,912673,884736,3650692,0,0.0000,n/a,20,3.823065758e-03,954.9122,7405.4578,231.4206,196.7075,0,0,0,-1.946265590640e-12,0,0.000000,0,n/a,off,off,0,0,0,0,0,,,0.000,,,,,,,
jac_bare_n96,nid006549,hex8,jac_action,packed,packed,sumfact,affine,0.000000e+00,72,512,96,912673,884736,3650692,0,0.0000,n/a,20,1.787388325e-03,2042.4728,15839.6201,494.9881,420.7399,0,0,0,-2.009048702682e-12,0,0.000000,0,n/a,off,off,0,0,0,0,0,,,0.000,,,,,,,
residual_bare_n96,nid006549,hex8,residual,atomic,atomic,sumfact,affine,0.000000e+00,72,0,96,912673,884736,3650692,0,0.0000,n/a,20,3.303611279e-03,1105.0610,8569.8799,267.8087,201.9278,0,0,0,9.868744276637e-14,0,0.000000,0,sumfact,off,off,0,0,0,0,0,,,0.000,,,,,,,
residual_bare_n96,nid006549,hex8,residual,packed,packed,sumfact,affine,0.000000e+00,72,512,96,912673,884736,3650692,0,0.0000,n/a,20,1.275622845e-03,2861.8898,22194.2968,693.5718,522.9531,0,0,0,9.553718493399e-14,0,0.000000,0,sumfact,off,off,0,0,0,0,0,,,0.000,,,,,,,
spmv_f32_n128,nid006549,hex8,bsr_apply,packed,n/a,sumfact,affine,0.000000e+00,72,1024,128,2146689,2097152,8586756,57066625,3483.0704,f32,20,1.118789911e-02,767.5039,0.0000,0.0000,0.0000,0,0,0,4.661746579456e-05,0,0.000000,0,n/a,off,off,0,0,0,0,0,,,0.000,,,,,,,
spmv_f64_n128,nid006549,hex8,bsr_apply,packed,n/a,sumfact,affine,0.000000e+00,72,1024,128,2146689,2097152,8586756,57066625,6966.1407,f64,20,1.911771297e-02,449.1518,0.0000,0.0000,0.0000,0,0,0,-2.271657308876e-12,0,0.000000,0,n/a,off,off,0,0,0,0,0,,,0.000,,,,,,,
assemble_diag_n128,nid006549,hex8,assemble_diag,atomic,atomic,sumfact,affine,0.000000e+00,72,0,128,2146689,2097152,8586756,0,0.0000,n/a,20,7.727062702e-02,111.1257,868.4913,27.1404,20.4638,0,0,0,1.651826180067e+03,0,0.000000,0,n/a,off,off,0,0,0,0,0,,,0.000,,,,,,,
assemble_sympy_n128,nid006549,hex8,assemble,colored,colored,sympy,affine,0.000000e+00,72,1024,128,2146689,2097152,8586756,57066625,6966.1407,f64,20,8.871710300e-02,96.7881,756.4366,23.6386,54.4634,14,146,147,-3.076235482687e-08,0,0.000000,0,sympy,off,off,0,0,0,0,0,,,0.000,,,,,,,
assemble_sympy_n128,nid006549,hex8,assemble,atomic,atomic,sympy,affine,0.000000e+00,72,0,128,2146689,2097152,8586756,57066625,6966.1407,f64,20,1.577874660e-01,54.4198,425.3118,13.2910,30.6224,0,0,0,-3.076550013728e-08,0,0.000000,0,sympy,off,off,0,0,0,0,0,,,0.000,,,,,,,
assemble_n128,nid006549,hex8,assemble,store,store,sumfact,affine,0.000000e+00,72,1024,128,2146689,2097152,8586756,57066625,6966.1407,f64,20,1.083841562e-01,79.2252,619.1760,19.3492,44.5807,0,0,0,-3.076235482948e-08,0,0.000000,0,sumfact,off,off,0,0,0,0,0,,,0.000,,,,,,,
assemble_n128,nid006549,hex8,assemble,colored,colored,sumfact,affine,0.000000e+00,72,1024,128,2146689,2097152,8586756,57066625,6966.1407,f64,20,8.431800604e-02,101.8377,795.9019,24.8719,57.3049,14,146,147,-3.076235482948e-08,0,0.000000,0,sumfact,off,off,0,0,0,0,0,,,0.000,,,,,,,
assemble_n128,nid006549,hex8,assemble,atomic,atomic,sumfact,affine,0.000000e+00,72,0,128,2146689,2097152,8586756,57066625,6966.1407,f64,20,2.241128802e-01,38.3144,299.4422,9.3576,21.5598,0,0,0,-3.076550014682e-08,0,0.000000,0,sumfact,off,off,0,0,0,0,0,,,0.000,,,,,,,
assemble_n128,nid006549,hex8,assemble,packed,packed,sumfact,affine,0.000000e+00,72,1024,128,2146689,2097152,8586756,57066625,6966.1407,f64,20,1.535250545e-01,55.9306,437.1199,13.6600,31.4726,0,0,0,-3.076235482948e-08,0,0.000000,0,sumfact,off,off,0,0,0,0,0,,,0.000,,,,,,,
jac_rc_bnd_n128,nid006549,hex8,jac_action,atomic,atomic,sumfact,affine,0.000000e+00,72,0,128,2146689,2097152,8586756,0,0.0000,n/a,20,1.656191349e-02,518.4640,4051.9994,126.6250,107.6312,0,0,0,5.048053297186e+00,1,1.000000,1,n/a,exact,on,1,0,0,0,0,5.275596800e-03,0.318538,0.000,,,,,,,
jac_rc_bnd_n128,nid006549,hex8,jac_action,packed,packed,sumfact,affine,0.000000e+00,72,1024,128,2146689,2097152,8586756,0,0.0000,n/a,20,9.836149216e-03,872.9794,6822.6765,213.2086,181.2273,0,0,0,5.048053297186e+00,1,1.000000,1,n/a,exact,on,1,0,0,0,0,1.665062400e-03,0.169280,0.000,,,,,,,
jac_rc_n128,nid006549,hex8,jac_action,atomic,atomic,sumfact,affine,0.000000e+00,72,0,128,2146689,2097152,8586756,0,0.0000,n/a,20,1.620639563e-02,529.8375,4140.8877,129.4027,109.9923,0,0,0,-3.078244039875e-13,1,1.000000,0,n/a,exact,off,1,0,0,0,0,5.252800000e-03,0.324119,0.000,,,,,,,
jac_rc_n128,nid006549,hex8,jac_action,packed,packed,sumfact,affine,0.000000e+00,72,1024,128,2146689,2097152,8586756,0,0.0000,n/a,20,8.958089352e-03,958.5477,7491.4261,234.1071,198.9910,0,0,0,-3.069362255678e-13,1,1.000000,0,n/a,exact,off,1,0,0,0,0,1.642675200e-03,0.183373,0.000,,,,,,,
residual_rc_perapply_n128,nid006549,hex8,residual,atomic,atomic,sumfact,affine,0.000000e+00,72,0,128,2146689,2097152,8586756,0,0.0000,n/a,20,1.411702633e-02,608.2553,4753.7535,148.5548,112.0103,0,0,0,1.381470350441e-13,1,1.000000,0,sumfact,on,off,0,1,0,0,0,,,0.000,,,,,,,
residual_rc_perapply_n128,nid006549,hex8,residual,packed,packed,sumfact,affine,0.000000e+00,72,1024,128,2146689,2097152,8586756,0,0.0000,n/a,20,6.001091003e-03,1430.8658,11182.7773,349.4618,263.4942,0,0,0,1.366482339608e-13,1,1.000000,0,sumfact,on,off,0,1,0,0,0,,,0.000,,,,,,,
residual_rc_bnd_dt_n128,nid006549,hex8,residual,atomic,atomic,sumfact,affine,0.000000e+00,72,0,128,2146689,2097152,8586756,0,0.0000,n/a,20,1.054221392e-02,814.5116,6365.7278,198.9290,149.9925,0,0,0,6.759329548060e+00,1,1.000000,1,sumfact,on,on,0,0,0,0,1,,,0.000,,,,,,,
residual_rc_bnd_dt_n128,nid006549,hex8,residual,packed,packed,sumfact,affine,0.000000e+00,72,1024,128,2146689,2097152,8586756,0,0.0000,n/a,20,5.969655514e-03,1438.4006,11241.6644,351.3020,264.8817,0,0,0,6.759412313613e+00,1,1.000000,1,sumfact,on,on,0,0,0,0,1,,,0.000,,,,,,,
residual_rc_bnd_n128,nid006549,hex8,residual,atomic,atomic,sumfact,affine,0.000000e+00,72,0,128,2146689,2097152,8586756,0,0.0000,n/a,20,1.019641161e-02,842.1351,6581.6158,205.6755,155.0793,0,0,0,3.727500000000e+00,1,1.000000,1,sumfact,on,on,0,0,0,0,0,,,0.000,,,,,,,
residual_rc_bnd_n128,nid006549,hex8,residual,packed,packed,sumfact,affine,0.000000e+00,72,1024,128,2146689,2097152,8586756,0,0.0000,n/a,20,5.435097218e-03,1579.8716,12347.3162,385.8536,290.9336,0,0,0,3.727500000000e+00,1,1.000000,1,sumfact,on,on,0,0,0,0,0,,,0.000,,,,,,,
residual_rc_n128,nid006549,hex8,residual,atomic,atomic,sumfact,affine,0.000000e+00,72,0,128,2146689,2097152,8586756,0,0.0000,n/a,20,9.482121468e-03,905.5733,7077.4103,221.1691,166.7615,0,0,0,1.381470350441e-13,1,1.000000,0,sumfact,on,off,0,0,0,0,0,,,0.000,,,,,,,
residual_rc_n128,nid006549,hex8,residual,packed,packed,sumfact,affine,0.000000e+00,72,1024,128,2146689,2097152,8586756,0,0.0000,n/a,20,4.901576042e-03,1751.8357,13691.2828,427.8526,322.6009,0,0,0,1.366482339608e-13,1,1.000000,0,sumfact,on,off,0,0,0,0,0,,,0.000,,,,,,,
residual_current_n128,nid006549,hex8,residual,packed,packed,current,affine,0.000000e+00,72,1024,128,2146689,2097152,8586756,0,0.0000,n/a,20,3.996467590e-03,2148.5864,16792.0451,524.7514,395.6626,0,0,0,1.366330009203e-13,0,0.000000,0,current,off,off,0,0,0,0,0,,,0.000,,,,,,,
residual_current_n128,nid006549,hex8,residual,atomic,atomic,current,affine,0.000000e+00,72,0,128,2146689,2097152,8586756,0,0.0000,n/a,20,1.023283005e-02,839.1379,6558.1920,204.9435,154.5274,0,0,0,1.381248631097e-13,0,0.000000,0,current,off,off,0,0,0,0,0,,,0.000,,,,,,,
jac_bare_n128,nid006549,hex8,jac_action,atomic,atomic,sumfact,affine,0.000000e+00,72,0,128,2146689,2097152,8586756,0,0.0000,n/a,20,8.800065517e-03,975.7605,7625.9505,238.3110,202.5643,0,0,0,-2.268767828771e-12,0,0.000000,0,n/a,off,off,0,0,0,0,0,,,0.000,,,,,,,
jac_bare_n128,nid006549,hex8,jac_action,packed,packed,sumfact,affine,0.000000e+00,72,1024,128,2146689,2097152,8586756,0,0.0000,n/a,20,4.418909550e-03,1943.1844,15186.7476,474.5859,403.3980,0,0,0,-2.268767828771e-12,0,0.000000,0,n/a,off,off,0,0,0,0,0,,,0.000,,,,,,,
residual_bare_n128,nid006549,hex8,residual,atomic,atomic,sumfact,affine,0.000000e+00,72,0,128,2146689,2097152,8586756,0,0.0000,n/a,20,7.918357849e-03,1084.4112,8475.0987,264.8468,199.6945,0,0,0,1.381469808340e-13,0,0.000000,0,sumfact,off,off,0,0,0,0,0,,,0.000,,,,,,,
residual_bare_n128,nid006549,hex8,residual,packed,packed,sumfact,affine,0.000000e+00,72,1024,128,2146689,2097152,8586756,0,0.0000,n/a,20,3.277409077e-03,2619.9830,20476.1940,639.8811,482.4703,0,0,0,1.366551186446e-13,0,0.000000,0,sumfact,off,off,0,0,0,0,0,,,0.000,,,,,,,
spmv_f32_n160,nid006549,hex8,bsr_apply,packed,n/a,sumfact,affine,0.000000e+00,72,2048,160,4173281,4096000,16693124,111284641,6792.2755,f32,20,1.889946461e-02,883.2591,0.0000,0.0000,0.0000,0,0,0,4.118532892879e-05,0,0.000000,0,n/a,off,off,0,0,0,0,0,,,0.000,,,,,,,
spmv_f64_n160,nid006549,hex8,bsr_apply,packed,n/a,sumfact,affine,0.000000e+00,72,2048,160,4173281,4096000,16693124,111284641,13584.5509,f64,20,3.786730766e-02,440.8321,0.0000,0.0000,0.0000,0,0,0,7.157881465282e-13,0,0.000000,0,n/a,off,off,0,0,0,0,0,,,0.000,,,,,,,
assemble_diag_n160,nid006549,hex8,assemble_diag,atomic,atomic,sumfact,affine,0.000000e+00,72,0,160,4173281,4096000,16693124,0,0.0000,n/a,20,1.460842729e-01,114.2705,897.2355,28.0386,21.1411,0,0,0,2.371982944015e+03,0,0.000000,0,n/a,off,off,0,0,0,0,0,,,0.000,,,,,,,
assemble_sympy_n160,nid006549,hex8,assemble,colored,colored,sympy,affine,0.000000e+00,72,2048,160,4173281,4096000,16693124,111284641,13584.5509,f64,20,1.684991002e-01,99.0695,777.8795,24.3087,56.0073,20,99,101,1.168506756832e-08,0,0.000000,0,sympy,off,off,0,0,0,0,0,,,0.000,,,,,,,
assemble_sympy_n160,nid006549,hex8,assemble,atomic,atomic,sympy,affine,0.000000e+00,72,0,160,4173281,4096000,16693124,111284641,13584.5509,f64,20,2.992740512e-01,55.7787,437.9665,13.6865,31.5336,0,0,0,1.167343591505e-08,0,0.000000,0,sympy,off,off,0,0,0,0,0,,,0.000,,,,,,,
assemble_n160,nid006549,hex8,assemble,store,store,sumfact,affine,0.000000e+00,72,2048,160,4173281,4096000,16693124,111284641,13584.5509,f64,20,2.375073671e-01,70.2847,551.8650,17.2458,39.7343,0,0,0,1.165429404451e-08,0,0.000000,0,sumfact,off,off,0,0,0,0,0,,,0.000,,,,,,,
assemble_n160,nid006549,hex8,assemble,colored,colored,sumfact,affine,0.000000e+00,72,2048,160,4173281,4096000,16693124,111284641,13584.5509,f64,20,1.620185494e-01,103.0322,808.9938,25.2811,58.2476,20,99,101,1.165426806529e-08,0,0.000000,0,sumfact,off,off,0,0,0,0,0,,,0.000,,,,,,,
assemble_n160,nid006549,hex8,assemble,atomic,atomic,sumfact,affine,0.000000e+00,72,0,160,4173281,4096000,16693124,111284641,13584.5509,f64,20,4.306037068e-01,38.7668,304.3912,9.5122,21.9162,0,0,0,1.164916721901e-08,0,0.000000,0,sumfact,off,off,0,0,0,0,0,,,0.000,,,,,,,
assemble_n160,nid006549,hex8,assemble,packed,packed,sumfact,affine,0.000000e+00,72,2048,160,4173281,4096000,16693124,111284641,13584.5509,f64,20,3.027530909e-01,55.1377,432.9336,13.5292,31.1712,0,0,0,1.165429404451e-08,0,0.000000,0,sumfact,off,off,0,0,0,0,0,,,0.000,,,,,,,
jac_rc_bnd_n160,nid006549,hex8,jac_action,atomic,atomic,sumfact,affine,0.000000e+00,72,0,160,4173281,4096000,16693124,0,0.0000,n/a,20,3.361668587e-02,496.5726,3899.0161,121.8443,103.5676,0,0,0,5.046148336219e+00,1,1.000000,1,n/a,exact,on,1,0,0,0,0,1.074863360e-02,0.319741,0.000,,,,,,,
jac_rc_bnd_n160,nid006549,hex8,jac_action,packed,packed,sumfact,affine,0.000000e+00,72,2048,160,4173281,4096000,16693124,0,0.0000,n/a,20,1.795086861e-02,929.9341,7301.7079,228.1784,193.9516,0,0,0,5.046148336219e+00,1,1.000000,1,n/a,exact,on,1,0,0,0,0,3.248499200e-03,0.180966,0.000,,,,,,,
jac_rc_n160,nid006549,hex8,jac_action,atomic,atomic,sumfact,affine,0.000000e+00,72,0,160,4173281,4096000,16693124,0,0.0000,n/a,20,3.163101673e-02,527.7454,4143.7808,129.4932,110.0692,0,0,0,-5.591812752312e-13,1,1.000000,0,n/a,exact,off,1,0,0,0,0,1.067208960e-02,0.337393,0.000,,,,,,,
jac_rc_n160,nid006549,hex8,jac_action,packed,packed,sumfact,affine,0.000000e+00,72,2048,160,4173281,4096000,16693124,0,0.0000,n/a,20,1.724224091e-02,968.1528,7601.7961,237.5561,201.9227,0,0,0,-5.547403831327e-13,1,1.000000,0,n/a,exact,off,1,0,0,0,0,3.238323200e-03,0.187813,0.000,,,,,,,
residual_rc_perapply_n160,nid006549,hex8,residual,atomic,atomic,sumfact,affine,0.000000e+00,72,0,160,4173281,4096000,16693124,0,0.0000,n/a,20,2.850722075e-02,585.5753,4597.8526,143.6829,108.3369,0,0,0,-7.109953901671e-14,1,1.000000,0,sumfact,on,off,0,1,0,0,0,,,0.000,,,,,,,
residual_rc_perapply_n160,nid006549,hex8,residual,packed,packed,sumfact,affine,0.000000e+00,72,2048,160,4173281,4096000,16693124,0,0.0000,n/a,20,1.200188398e-02,1390.8753,10920.9521,341.2798,257.3249,0,0,0,-6.590924637659e-14,1,1.000000,0,sumfact,on,off,0,1,0,0,0,,,0.000,,,,,,,
residual_rc_bnd_dt_n160,nid006549,hex8,residual,atomic,atomic,sumfact,affine,0.000000e+00,72,0,160,4173281,4096000,16693124,0,0.0000,n/a,20,2.160167694e-02,772.7698,6067.6771,189.6149,142.9696,0,0,0,6.759324573300e+00,1,1.000000,1,sumfact,on,on,0,0,0,0,1,,,0.000,,,,,,,
residual_rc_bnd_dt_n160,nid006549,hex8,residual,packed,packed,sumfact,affine,0.000000e+00,72,2048,160,4173281,4096000,16693124,0,0.0000,n/a,20,1.198444366e-02,1392.8994,10936.8448,341.7764,257.6994,0,0,0,6.759317416976e+00,1,1.000000,1,sumfact,on,on,0,0,0,0,1,,,0.000,,,,,,,
residual_rc_bnd_n160,nid006549,hex8,residual,atomic,atomic,sumfact,affine,0.000000e+00,72,0,160,4173281,4096000,16693124,0,0.0000,n/a,20,1.986165047e-02,840.4701,6599.2502,206.2266,155.4948,0,0,0,3.727500000000e+00,1,1.000000,1,sumfact,on,on,0,0,0,0,0,,,0.000,,,,,,,
residual_rc_bnd_n160,nid006549,hex8,residual,packed,packed,sumfact,affine,0.000000e+00,72,2048,160,4173281,4096000,16693124,0,0.0000,n/a,20,1.081514359e-02,1543.4954,12119.3028,378.7282,285.5611,0,0,0,3.727500000000e+00,1,1.000000,1,sumfact,on,on,0,0,0,0,0,,,0.000,,,,,,,
residual_rc_n160,nid006549,hex8,residual,atomic,atomic,sumfact,affine,0.000000e+00,72,0,160,4173281,4096000,16693124,0,0.0000,n/a,20,1.909312010e-02,874.3005,6864.8811,214.5275,161.7538,0,0,0,-7.109953901671e-14,1,1.000000,0,sumfact,on,off,0,0,0,0,0,,,0.000,,,,,,,
residual_rc_n160,nid006549,hex8,residual,packed,packed,sumfact,affine,0.000000e+00,72,2048,160,4173281,4096000,16693124,0,0.0000,n/a,20,9.959602356e-03,1676.0834,13160.3648,411.2614,310.0911,0,0,0,-6.590924637659e-14,1,1.000000,0,sumfact,on,off,0,0,0,0,0,,,0.000,,,,,,,
residual_current_n160,nid006549,hex8,residual,packed,packed,current,affine,0.000000e+00,72,2048,160,4173281,4096000,16693124,0,0.0000,n/a,20,8.892238140e-03,1877.2691,14740.0461,460.6264,347.3123,0,0,0,-6.568480297436e-14,0,0.000000,0,current,off,off,0,0,0,0,0,,,0.000,,,,,,,
residual_current_n160,nid006549,hex8,residual,atomic,atomic,current,affine,0.000000e+00,72,0,160,4173281,4096000,16693124,0,0.0000,n/a,20,2.086633444e-02,800.0027,6281.5058,196.2971,148.0080,0,0,0,-7.131918482433e-14,0,0.000000,0,current,off,off,0,0,0,0,0,,,0.000,,,,,,,
jac_bare_n160,nid006549,hex8,jac_action,atomic,atomic,sumfact,affine,0.000000e+00,72,0,160,4173281,4096000,16693124,0,0.0000,n/a,20,1.713269949e-02,974.3429,7650.3998,239.0750,203.2137,0,0,0,7.694581056301e-13,0,0.000000,0,n/a,off,off,0,0,0,0,0,,,0.000,,,,,,,
jac_bare_n160,nid006549,hex8,jac_action,packed,packed,sumfact,affine,0.000000e+00,72,2048,160,4173281,4096000,16693124,0,0.0000,n/a,20,9.010362625e-03,1852.6584,14546.8063,454.5877,386.3995,0,0,0,7.483083570110e-13,0,0.000000,0,n/a,off,off,0,0,0,0,0,,,0.000,,,,,,,
residual_bare_n160,nid006549,hex8,residual,atomic,atomic,sumfact,affine,0.000000e+00,72,0,160,4173281,4096000,16693124,0,0.0000,n/a,20,1.569749117e-02,1063.4262,8349.8693,260.9334,196.7438,0,0,0,-7.000232641816e-14,0,0.000000,0,sumfact,off,off,0,0,0,0,0,,,0.000,,,,,,,
residual_bare_n160,nid006549,hex8,residual,packed,packed,sumfact,affine,0.000000e+00,72,2048,160,4173281,4096000,16693124,0,0.0000,n/a,20,6.633329391e-03,2516.5529,19759.6097,617.4878,465.5858,0,0,0,-6.683819079797e-14,0,0.000000,0,sumfact,off,off,0,0,0,0,0,,,0.000,,,,,,,
residual_bare_n64,nid006549,hex8,residual,packed,packed,sumfact,affine,0.000000e+00,72,128,64,274625,262144,1098500,0,0.0000,n/a,20,3.982186317e-04,2758.5349,21065.3328,658.2916,496.3519,0,0,0,-1.235979634612e-14,0,0.000000,0,sumfact,off,off,0,0,0,0,0,,,0.000,,,,,,,
residual_bare_n64,nid006549,hex8,residual,atomic,atomic,sumfact,affine,0.000000e+00,72,0,64,274625,262144,1098500,0,0.0000,n/a,20,1.054048538e-03,1042.1721,7958.4646,248.7020,187.5213,0,0,0,-1.254020758762e-14,0,0.000000,0,sumfact,off,off,0,0,0,0,0,,,0.000,,,,,,,
jac_bare_n64,nid006549,hex8,jac_action,packed,packed,sumfact,affine,0.000000e+00,72,128,64,274625,262144,1098500,0,0.0000,n/a,20,5.316257477e-04,2066.3032,15779.1605,493.0988,419.1340,0,0,0,-1.151812315230e-12,0,0.000000,0,n/a,off,off,0,0,0,0,0,,,0.000,,,,,,,
jac_bare_n64,nid006549,hex8,jac_action,atomic,atomic,sumfact,affine,0.000000e+00,72,0,64,274625,262144,1098500,0,0.0000,n/a,20,1.248145103e-03,880.1060,6720.8596,210.0269,178.5228,0,0,0,-1.151479248323e-12,0,0.000000,0,n/a,off,off,0,0,0,0,0,,,0.000,,,,,,,
residual_current_n64,nid006549,hex8,residual,atomic,atomic,current,affine,0.000000e+00,72,0,64,274625,262144,1098500,0,0.0000,n/a,20,1.316475868e-03,834.4247,6372.0181,199.1256,150.1407,0,0,0,-1.240218865106e-14,0,0.000000,0,current,off,off,0,0,0,0,0,,,0.000,,,,,,,
residual_current_n64,nid006549,hex8,residual,packed,packed,current,affine,0.000000e+00,72,128,64,274625,262144,1098500,0,0.0000,n/a,20,5.041480064e-04,2178.9236,16639.1772,519.9743,392.0606,0,0,0,-1.272137777064e-14,0,0.000000,0,current,off,off,0,0,0,0,0,,,0.000,,,,,,,
residual_rc_n64,nid006549,hex8,residual,packed,packed,sumfact,affine,0.000000e+00,72,128,64,274625,262144,1098500,0,0.0000,n/a,20,5.810737610e-04,1890.4657,14436.3910,451.1372,340.1575,0,0,0,-1.282860536550e-14,1,1.000000,0,sumfact,on,off,0,0,0,0,0,,,0.000,,,,,,,
residual_rc_n64,nid006549,hex8,residual,atomic,atomic,sumfact,affine,0.000000e+00,72,0,64,274625,262144,1098500,0,0.0000,n/a,20,1.247334480e-03,880.6780,6725.2274,210.1634,158.4632,0,0,0,-1.256492739715e-14,1,1.000000,0,sumfact,on,off,0,0,0,0,0,,,0.000,,,,,,,
residual_rc_bnd_n64,nid006549,hex8,residual,packed,packed,sumfact,affine,0.000000e+00,72,128,64,274625,262144,1098500,0,0.0000,n/a,20,6.299018860e-04,1743.9224,13317.3248,416.1664,313.7895,0,0,0,3.727500000000e+00,1,1.000000,1,sumfact,on,on,0,0,0,0,0,,,0.000,,,,,,,
residual_rc_bnd_n64,nid006549,hex8,residual,atomic,atomic,sumfact,affine,0.000000e+00,72,0,64,274625,262144,1098500,0,0.0000,n/a,20,1.277792454e-03,859.6858,6564.9222,205.1538,154.6860,0,0,0,3.727500000000e+00,1,1.000000,1,sumfact,on,on,0,0,0,0,0,,,0.000,,,,,,,
residual_rc_bnd_dt_n64,nid006549,hex8,residual,packed,packed,sumfact,affine,0.000000e+00,72,128,64,274625,262144,1098500,0,0.0000,n/a,20,6.446003914e-04,1704.1566,13013.6564,406.6768,306.6343,0,0,0,6.759042994895e+00,1,1.000000,1,sumfact,on,on,0,0,0,0,1,,,0.000,,,,,,,
residual_rc_bnd_dt_n64,nid006549,hex8,residual,atomic,atomic,sumfact,affine,0.000000e+00,72,0,64,274625,262144,1098500,0,0.0000,n/a,20,1.315343380e-03,835.1431,6377.5043,199.2970,150.2699,0,0,0,6.759448953731e+00,1,1.000000,1,sumfact,on,on,0,0,0,0,1,,,0.000,,,,,,,
residual_rc_perapply_n64,nid006549,hex8,residual,packed,packed,sumfact,affine,0.000000e+00,72,128,64,274625,262144,1098500,0,0.0000,n/a,20,6.541252136e-04,1679.3421,12824.1624,400.7551,302.1693,0,0,0,-1.282860536550e-14,1,1.000000,0,sumfact,on,off,0,1,0,0,0,,,0.000,,,,,,,
residual_rc_perapply_n64,nid006549,hex8,residual,atomic,atomic,sumfact,affine,0.000000e+00,72,0,64,274625,262144,1098500,0,0.0000,n/a,20,1.893055439e-03,580.2788,4431.2532,138.4767,104.4114,0,0,0,-1.256492739715e-14,1,1.000000,0,sumfact,on,off,0,1,0,0,0,,,0.000,,,,,,,
jac_rc_n64,nid006549,hex8,jac_action,packed,packed,sumfact,affine,0.000000e+00,72,128,64,274625,262144,1098500,0,0.0000,n/a,20,9.299397469e-04,1181.2593,9020.5930,281.8935,239.6095,0,0,0,3.033959260039e-13,1,1.000000,0,n/a,exact,off,1,0,0,0,0,1.333120000e-04,0.143356,0.000,,,,,,,
jac_rc_n64,nid006549,hex8,jac_action,atomic,atomic,sumfact,affine,0.000000e+00,72,0,64,274625,262144,1098500,0,0.0000,n/a,20,2.126336098e-03,516.6164,3945.0997,123.2844,104.7917,0,0,0,2.991632007225e-13,1,1.000000,0,n/a,exact,off,1,0,0,0,0,7.872000000e-04,0.370214,0.000,,,,,,,
jac_rc_bnd_n64,nid006549,hex8,jac_action,packed,packed,sumfact,affine,0.000000e+00,72,128,64,274625,262144,1098500,0,0.0000,n/a,20,1.184725761e-03,927.2188,7080.6327,221.2698,188.0793,0,0,0,5.047023127365e+00,1,1.000000,1,n/a,exact,on,1,0,0,0,0,1.332992000e-04,0.112515,0.000,,,,,,,
jac_rc_bnd_n64,nid006549,hex8,jac_action,atomic,atomic,sumfact,affine,0.000000e+00,72,0,64,274625,262144,1098500,0,0.0000,n/a,20,2.191162109e-03,501.3321,3828.3831,119.6370,101.6914,0,0,0,5.047023127365e+00,1,1.000000,1,n/a,exact,on,1,0,0,0,0,7.827840000e-04,0.357246,0.000,,,,,,,
assemble_n64,nid006549,hex8,assemble,packed,packed,sumfact,affine,0.000000e+00,72,128,64,274625,262144,1098500,7189057,877.5704,f64,20,1.302040815e-02,84.3676,644.2661,20.1333,46.3872,0,0,0,2.702547346339e-10,0,0.000000,0,sumfact,off,off,0,0,0,0,0,,,0.000,,,,,,,
assemble_n64,nid006549,hex8,assemble,atomic,atomic,sumfact,affine,0.000000e+00,72,0,64,274625,262144,1098500,7189057,877.5704,f64,20,2.782309055e-02,39.4816,301.4981,9.4218,21.7079,0,0,0,2.702932316173e-10,0,0.000000,0,sumfact,off,off,0,0,0,0,0,,,0.000,,,,,,,
assemble_n64,nid006549,hex8,assemble,colored,colored,sumfact,affine,0.000000e+00,72,128,64,274625,262144,1098500,7189057,877.5704,f64,20,1.145702600e-02,95.8800,732.1802,22.8806,52.7170,14,146,147,2.702547346339e-10,0,0.000000,0,sumfact,off,off,0,0,0,0,0,,,0.000,,,,,,,
assemble_n64,nid006549,hex8,assemble,store,store,sumfact,affine,0.000000e+00,72,128,64,274625,262144,1098500,7189057,877.5704,f64,20,9.416866302e-03,116.6524,890.8067,27.8377,64.1381,0,0,0,2.702547346339e-10,0,0.000000,0,sumfact,off,off,0,0,0,0,0,,,0.000,,,,,,,
assemble_sympy_n64,nid006549,hex8,assemble,atomic,atomic,sympy,affine,0.000000e+00,72,0,64,274625,262144,1098500,7189057,877.5704,f64,20,1.951521635e-02,56.2894,429.8496,13.4328,30.9492,0,0,0,2.702932318341e-10,0,0.000000,0,sympy,off,off,0,0,0,0,0,,,0.000,,,,,,,
assemble_sympy_n64,nid006549,hex8,assemble,colored,colored,sympy,affine,0.000000e+00,72,128,64,274625,262144,1098500,7189057,877.5704,f64,20,1.228996515e-02,89.3819,682.5575,21.3299,49.1441,14,146,147,2.702547348507e-10,0,0.000000,0,sympy,off,off,0,0,0,0,0,,,0.000,,,,,,,
assemble_diag_n64,nid006549,hex8,assemble_diag,atomic,atomic,sumfact,affine,0.000000e+00,72,0,64,274625,262144,1098500,0,0.0000,n/a,20,1.030054092e-02,106.6449,814.3852,25.4495,19.1890,0,0,0,5.801523603040e+02,0,0.000000,0,n/a,off,off,0,0,0,0,0,,,0.000,,,,,,,
spmv_f64_n64,nid006549,hex8,bsr_apply,packed,n/a,sumfact,affine,0.000000e+00,72,128,64,274625,262144,1098500,7189057,877.5704,f64,20,2.195739746e-03,500.2870,0.0000,0.0000,0.0000,0,0,0,-1.151445421215e-12,0,0.000000,0,n/a,off,off,0,0,0,0,0,,,0.000,,,,,,,
spmv_f32_n64,nid006549,hex8,bsr_apply,packed,n/a,sumfact,affine,0.000000e+00,72,128,64,274625,262144,1098500,7189057,438.7852,f32,20,1.252281666e-03,877.1988,0.0000,0.0000,0.0000,0,0,0,1.266337291522e-05,0,0.000000,0,n/a,off,off,0,0,0,0,0,,,0.000,,,,,,,
residual_bare_n96,nid006549,hex8,residual,packed,packed,sumfact,affine,0.000000e+00,72,512,96,912673,884736,3650692,0,0.0000,n/a,20,1.281821728e-03,2848.0497,22086.9653,690.2177,520.4241,0,0,0,9.553718493399e-14,0,0.000000,0,sumfact,off,off,0,0,0,0,0,,,0.000,,,,,,,
residual_bare_n96,nid006549,hex8,residual,atomic,atomic,sumfact,affine,0.000000e+00,72,0,96,912673,884736,3650692,0,0.0000,n/a,20,3.279912472e-03,1113.0456,8631.8011,269.7438,203.3868,0,0,0,9.868744276637e-14,0,0.000000,0,sumfact,off,off,0,0,0,0,0,,,0.000,,,,,,,
jac_bare_n96,nid006549,hex8,jac_action,packed,packed,sumfact,affine,0.000000e+00,72,512,96,912673,884736,3650692,0,0.0000,n/a,20,1.759922504e-03,2074.3482,16086.8174,502.7130,427.3061,0,0,0,-2.009048702682e-12,0,0.000000,0,n/a,off,off,0,0,0,0,0,,,0.000,,,,,,,
jac_bare_n96,nid006549,hex8,jac_action,atomic,atomic,sumfact,affine,0.000000e+00,72,0,96,912673,884736,3650692,0,0.0000,n/a,20,3.761780262e-03,970.4692,7526.1047,235.1908,199.9122,0,0,0,-1.946265590640e-12,0,0.000000,0,n/a,off,off,0,0,0,0,0,,,0.000,,,,,,,
residual_current_n96,nid006549,hex8,residual,atomic,atomic,current,affine,0.000000e+00,72,0,96,912673,884736,3650692,0,0.0000,n/a,20,4.382503033e-03,833.0153,6460.1329,201.8792,152.2169,0,0,0,1.028125609821e-13,0,0.000000,0,current,off,off,0,0,0,0,0,,,0.000,,,,,,,
residual_current_n96,nid006549,hex8,residual,packed,packed,current,affine,0.000000e+00,72,512,96,912673,884736,3650692,0,0.0000,n/a,20,1.616668701e-03,2258.1572,17512.2782,547.2587,412.6331,0,0,0,1.028819499212e-13,0,0.000000,0,current,off,off,0,0,0,0,0,,,0.000,,,,,,,
residual_rc_n96,nid006549,hex8,residual,packed,packed,sumfact,affine,0.000000e+00,72,512,96,912673,884736,3650692,0,0.0000,n/a,20,1.974749565e-03,1848.6861,14336.7810,448.0244,337.8104,0,0,0,1.003804244587e-13,1,1.000000,0,sumfact,on,off,0,0,0,0,0,,,0.000,,,,,,,
residual_rc_n96,nid006549,hex8,residual,atomic,atomic,sumfact,affine,0.000000e+00,72,0,96,912673,884736,3650692,0,0.0000,n/a,20,4.150545597e-03,879.5692,6821.1640,213.1614,160.7237,0,0,0,1.025453593567e-13,1,1.000000,0,sumfact,on,off,0,0,0,0,0,,,0.000,,,,,,,
residual_rc_bnd_n96,nid006549,hex8,residual,packed,packed,sumfact,affine,0.000000e+00,72,512,96,912673,884736,3650692,0,0.0000,n/a,20,2.181911469e-03,1673.1623,12975.5732,405.4867,305.7369,0,0,0,3.727500000000e+00,1,1.000000,1,sumfact,on,on,0,0,0,0,0,,,0.000,,,,,,,
residual_rc_bnd_n96,nid006549,hex8,residual,atomic,atomic,sumfact,affine,0.000000e+00,72,0,96,912673,884736,3650692,0,0.0000,n/a,20,4.108738899e-03,888.5189,6890.5698,215.3303,162.3590,0,0,0,3.727500000000e+00,1,1.000000,1,sumfact,on,on,0,0,0,0,0,,,0.000,,,,,,,
residual_rc_bnd_dt_n96,nid006549,hex8,residual,packed,packed,sumfact,affine,0.000000e+00,72,512,96,912673,884736,3650692,0,0.0000,n/a,20,2.338218689e-03,1561.3133,12108.1711,378.3803,285.2988,0,0,0,6.759195490287e+00,1,1.000000,1,sumfact,on,on,0,0,0,0,1,,,0.000,,,,,,,
residual_rc_bnd_dt_n96,nid006549,hex8,residual,atomic,atomic,sumfact,affine,0.000000e+00,72,0,96,912673,884736,3650692,0,0.0000,n/a,20,4.258120060e-03,857.3483,6648.8384,207.7762,156.6633,0,0,0,6.759287405709e+00,1,1.000000,1,sumfact,on,on,0,0,0,0,1,,,0.000,,,,,,,
residual_rc_perapply_n96,nid006549,hex8,residual,packed,packed,sumfact,affine,0.000000e+00,72,512,96,912673,884736,3650692,0,0.0000,n/a,20,2.334272861e-03,1563.9526,12128.6386,379.0200,285.7810,0,0,0,1.003804244587e-13,1,1.000000,0,sumfact,on,off,0,1,0,0,0,,,0.000,,,,,,,
residual_rc_perapply_n96,nid006549,hex8,residual,atomic,atomic,sumfact,affine,0.000000e+00,72,0,96,912673,884736,3650692,0,0.0000,n/a,20,5.876183510e-03,621.2692,4818.0170,150.5630,113.5245,0,0,0,1.025453593567e-13,1,1.000000,0,sumfact,on,off,0,1,0,0,0,,,0.000,,,,,,,
jac_rc_n96,nid006549,hex8,jac_action,packed,packed,sumfact,affine,0.000000e+00,72,512,96,912673,884736,3650692,0,0.0000,n/a,20,3.581142426e-03,1019.4211,7905.7319,247.0541,209.9960,0,0,0,2.763892901440e-13,1,1.000000,0,n/a,exact,off,1,0,0,0,0,6.609280000e-04,0.184558,0.000,,,,,,,
jac_rc_n96,nid006549,hex8,jac_action,atomic,atomic,sumfact,affine,0.000000e+00,72,0,96,912673,884736,3650692,0,0.0000,n/a,20,6.843400002e-03,533.4617,4137.0594,129.2831,109.8906,0,0,0,2.773607352905e-13,1,1.000000,0,n/a,exact,off,1,0,0,0,0,2.325811200e-03,0.339862,0.000,,,,,,,
jac_rc_bnd_n96,nid006549,hex8,jac_action,packed,packed,sumfact,affine,0.000000e+00,72,512,96,912673,884736,3650692,0,0.0000,n/a,20,3.848350048e-03,948.6382,7356.8027,229.9001,195.4151,0,0,0,5.047058237368e+00,1,1.000000,1,n/a,exact,on,1,0,0,0,0,6.620288000e-04,0.172029,0.000,,,,,,,
jac_rc_bnd_n96,nid006549,hex8,jac_action,atomic,atomic,sumfact,affine,0.000000e+00,72,0,96,912673,884736,3650692,0,0.0000,n/a,20,7.271158695e-03,502.0784,3893.6782,121.6774,103.4258,0,0,0,5.047058237368e+00,1,1.000000,1,n/a,exact,on,1,0,0,0,0,2.327616000e-03,0.320116,0.000,,,,,,,
assemble_n96,nid006549,hex8,assemble,packed,packed,sumfact,affine,0.000000e+00,72,512,96,912673,884736,3650692,24137569,2946.4806,f64,20,6.181266308e-02,59.0606,458.0219,14.3132,32.9776,0,0,0,7.386596588159e-11,0,0.000000,0,sumfact,off,off,0,0,0,0,0,,,0.000,,,,,,,
assemble_n96,nid006549,hex8,assemble,atomic,atomic,sumfact,affine,0.000000e+00,72,0,96,912673,884736,3650692,24137569,2946.4806,f64,20,9.478392601e-02,38.5159,298.6957,9.3342,21.5061,0,0,0,7.342422201788e-11,0,0.000000,0,sumfact,off,off,0,0,0,0,0,,,0.000,,,,,,,
assemble_n96,nid006549,hex8,assemble,colored,colored,sumfact,affine,0.000000e+00,72,512,96,912673,884736,3650692,24137569,2946.4806,f64,20,3.881151676e-02,94.0621,729.4627,22.7957,52.5213,19,90,91,7.389472065792e-11,0,0.000000,0,sumfact,off,off,0,0,0,0,0,,,0.000,,,,,,,
assemble_n96,nid006549,hex8,assemble,store,store,sumfact,affine,0.000000e+00,72,512,96,912673,884736,3650692,24137569,2946.4806,f64,20,4.298721552e-02,84.9251,658.6040,20.5814,47.4195,0,0,0,7.386596588159e-11,0,0.000000,0,sumfact,off,off,0,0,0,0,0,,,0.000,,,,,,,
assemble_sympy_n96,nid006549,hex8,assemble,atomic,atomic,sympy,affine,0.000000e+00,72,0,96,912673,884736,3650692,24137569,2946.4806,f64,20,6.509065628e-02,56.0863,434.9557,13.5924,31.3168,0,0,0,6.578006241380e-11,0,0.000000,0,sympy,off,off,0,0,0,0,0,,,0.000,,,,,,,
assemble_sympy_n96,nid006549,hex8,assemble,colored,colored,sympy,affine,0.000000e+00,72,512,96,912673,884736,3650692,24137569,2946.4806,f64,20,4.011840820e-02,90.9979,705.6998,22.0531,50.8104,19,90,91,6.632765216512e-11,0,0.000000,0,sympy,off,off,0,0,0,0,0,,,0.000,,,,,,,
assemble_diag_n96,nid006549,hex8,assemble_diag,atomic,atomic,sumfact,affine,0.000000e+00,72,0,96,912673,884736,3650692,0,0.0000,n/a,20,3.235591650e-02,112.8292,875.0039,27.3439,20.6173,0,0,0,1.054549351220e+03,0,0.000000,0,n/a,off,off,0,0,0,0,0,,,0.000,,,,,,,
spmv_f64_n96,nid006549,hex8,bsr_apply,packed,n/a,sumfact,affine,0.000000e+00,72,512,96,912673,884736,3650692,24137569,2946.4806,f64,20,8.143484592e-03,448.2961,0.0000,0.0000,0.0000,0,0,0,-2.227890574390e-12,0,0.000000,0,n/a,off,off,0,0,0,0,0,,,0.000,,,,,,,
spmv_f32_n96,nid006549,hex8,bsr_apply,packed,n/a,sumfact,affine,0.000000e+00,72,512,96,912673,884736,3650692,24137569,1473.2403,f32,20,4.185402393e-03,872.2440,0.0000,0.0000,0.0000,0,0,0,-1.159811748818e-06,0,0.000000,0,n/a,off,off,0,0,0,0,0,,,0.000,,,,,,,
residual_bare_n128,nid006549,hex8,residual,packed,packed,sumfact,affine,0.000000e+00,72,1024,128,2146689,2097152,8586756,0,0.0000,n/a,20,3.296494484e-03,2604.8143,20357.6449,636.1764,479.6770,0,0,0,1.366551186446e-13,0,0.000000,0,sumfact,off,off,0,0,0,0,0,,,0.000,,,,,,,
residual_bare_n128,nid006549,hex8,residual,atomic,atomic,sumfact,affine,0.000000e+00,72,0,128,2146689,2097152,8586756,0,0.0000,n/a,20,7.925891876e-03,1083.3804,8467.0426,264.5951,199.5047,0,0,0,1.381469808340e-13,0,0.000000,0,sumfact,off,off,0,0,0,0,0,,,0.000,,,,,,,
jac_bare_n128,nid006549,hex8,jac_action,packed,packed,sumfact,affine,0.000000e+00,72,1024,128,2146689,2097152,8586756,0,0.0000,n/a,20,4.413926601e-03,1945.3781,15203.8921,475.1216,403.8534,0,0,0,-2.268767828771e-12,0,0.000000,0,n/a,off,off,0,0,0,0,0,,,0.000,,,,,,,
jac_bare_n128,nid006549,hex8,jac_action,atomic,atomic,sumfact,affine,0.000000e+00,72,0,128,2146689,2097152,8586756,0,0.0000,n/a,20,8.835303783e-03,971.8688,7595.5356,237.3605,201.7564,0,0,0,-2.268767828771e-12,0,0.000000,0,n/a,off,off,0,0,0,0,0,,,0.000,,,,,,,
residual_current_n128,nid006549,hex8,residual,atomic,atomic,current,affine,0.000000e+00,72,0,128,2146689,2097152,8586756,0,0.0000,n/a,20,1.001081467e-02,857.7480,6703.6366,209.4886,157.9544,0,0,0,1.381248631097e-13,0,0.000000,0,current,off,off,0,0,0,0,0,,,0.000,,,,,,,
residual_current_n128,nid006549,hex8,residual,packed,packed,current,affine,0.000000e+00,72,1024,128,2146689,2097152,8586756,0,0.0000,n/a,20,4.005694389e-03,2143.6373,16753.3660,523.5427,394.7512,0,0,0,1.366330009203e-13,0,0.000000,0,current,off,off,0,0,0,0,0,,,0.000,,,,,,,
residual_rc_n128,nid006549,hex8,residual,packed,packed,sumfact,affine,0.000000e+00,72,1024,128,2146689,2097152,8586756,0,0.0000,n/a,20,4.916620255e-03,1746.4753,13649.3893,426.5434,321.6137,0,0,0,1.366482339608e-13,1,1.000000,0,sumfact,on,off,0,0,0,0,0,,,0.000,,,,,,,
residual_rc_n128,nid006549,hex8,residual,atomic,atomic,sumfact,affine,0.000000e+00,72,0,128,2146689,2097152,8586756,0,0.0000,n/a,20,9.506094456e-03,903.2896,7059.5621,220.6113,166.3409,0,0,0,1.381470350441e-13,1,1.000000,0,sumfact,on,off,0,0,0,0,0,,,0.000,,,,,,,
residual_rc_bnd_n128,nid006549,hex8,residual,packed,packed,sumfact,affine,0.000000e+00,72,1024,128,2146689,2097152,8586756,0,0.0000,n/a,20,5.481994152e-03,1566.3563,12241.6884,382.5528,288.4448,0,0,0,3.727500000000e+00,1,1.000000,1,sumfact,on,on,0,0,0,0,0,,,0.000,,,,,,,
residual_rc_bnd_n128,nid006549,hex8,residual,atomic,atomic,sumfact,affine,0.000000e+00,72,0,128,2146689,2097152,8586756,0,0.0000,n/a,20,1.009192467e-02,850.8542,6649.7587,207.8050,156.6849,0,0,0,3.727500000000e+00,1,1.000000,1,sumfact,on,on,0,0,0,0,0,,,0.000,,,,,,,
residual_rc_bnd_dt_n128,nid006549,hex8,residual,packed,packed,sumfact,affine,0.000000e+00,72,1024,128,2146689,2097152,8586756,0,0.0000,n/a,20,7.095861435e-03,1210.1076,9457.4654,295.5458,222.8415,0,0,0,6.759412313613e+00,1,1.000000,1,sumfact,on,on,0,0,0,0,1,,,0.000,,,,,,,
residual_rc_bnd_dt_n128,nid006549,hex8,residual,atomic,atomic,sumfact,affine,0.000000e+00,72,0,128,2146689,2097152,8586756,0,0.0000,n/a,20,1.053121090e-02,815.3626,6372.3787,199.1368,150.1492,0,0,0,6.759329548060e+00,1,1.000000,1,sumfact,on,on,0,0,0,0,1,,,0.000,,,,,,,
residual_rc_perapply_n128,nid006549,hex8,residual,packed,packed,sumfact,affine,0.000000e+00,72,1024,128,2146689,2097152,8586756,0,0.0000,n/a,20,5.982804298e-03,1435.2393,11216.9579,350.5299,264.2996,0,0,0,1.366482339608e-13,1,1.000000,0,sumfact,on,off,0,1,0,0,0,,,0.000,,,,,,,
residual_rc_perapply_n128,nid006549,hex8,residual,atomic,atomic,sumfact,affine,0.000000e+00,72,0,128,2146689,2097152,8586756,0,0.0000,n/a,20,1.418669224e-02,605.2684,4730.4095,147.8253,111.4603,0,0,0,1.381470350441e-13,1,1.000000,0,sumfact,on,off,0,1,0,0,0,,,0.000,,,,,,,
jac_rc_n128,nid006549,hex8,jac_action,packed,packed,sumfact,affine,0.000000e+00,72,1024,128,2146689,2097152,8586756,0,0.0000,n/a,20,8.924329281e-03,962.1738,7519.7656,234.9927,199.7438,0,0,0,-3.069362255678e-13,1,1.000000,0,n/a,exact,off,1,0,0,0,0,1.672409600e-03,0.187399,0.000,,,,,,,
jac_rc_n128,nid006549,hex8,jac_action,atomic,atomic,sumfact,affine,0.000000e+00,72,0,128,2146689,2097152,8586756,0,0.0000,n/a,20,1.600915194e-02,536.3655,4191.9062,130.9971,111.3475,0,0,0,-3.078244039875e-13,1,1.000000,0,n/a,exact,off,1,0,0,0,0,5.279168000e-03,0.329759,0.000,,,,,,,
jac_rc_bnd_n128,nid006549,hex8,jac_action,packed,packed,sumfact,affine,0.000000e+00,72,1024,128,2146689,2097152,8586756,0,0.0000,n/a,20,9.544694424e-03,899.6366,7031.0123,219.7191,186.7613,0,0,0,5.048053297186e+00,1,1.000000,1,n/a,exact,on,1,0,0,0,0,1.677363200e-03,0.175738,0.000,,,,,,,
jac_rc_bnd_n128,nid006549,hex8,jac_action,atomic,atomic,sumfact,affine,0.000000e+00,72,0,128,2146689,2097152,8586756,0,0.0000,n/a,20,1.650075912e-02,520.3855,4067.0168,127.0943,108.0301,0,0,0,5.048053297186e+00,1,1.000000,1,n/a,exact,on,1,0,0,0,0,5.270067200e-03,0.319383,0.000,,,,,,,
assemble_n128,nid006549,hex8,assemble,packed,packed,sumfact,affine,0.000000e+00,72,1024,128,2146689,2097152,8586756,57066625,6966.1407,f64,20,1.520012498e-01,56.4914,441.5021,13.7969,31.7881,0,0,0,-3.076235482948e-08,0,0.000000,0,sumfact,off,off,0,0,0,0,0,,,0.000,,,,,,,
assemble_n128,nid006549,hex8,assemble,atomic,atomic,sumfact,affine,0.000000e+00,72,0,128,2146689,2097152,8586756,57066625,6966.1407,f64,20,2.215247750e-01,38.7621,302.9407,9.4669,21.8117,0,0,0,-3.076550014682e-08,0,0.000000,0,sumfact,off,off,0,0,0,0,0,,,0.000,,,,,,,
assemble_n128,nid006549,hex8,assemble,colored,colored,sumfact,affine,0.000000e+00,72,1024,128,2146689,2097152,8586756,57066625,6966.1407,f64,20,8.423655033e-02,101.9362,796.6716,24.8960,57.3604,14,146,147,-3.076235482948e-08,0,0.000000,0,sumfact,off,off,0,0,0,0,0,,,0.000,,,,,,,
assemble_n128,nid006549,hex8,assemble,store,store,sumfact,affine,0.000000e+00,72,1024,128,2146689,2097152,8586756,57066625,6966.1407,f64,20,1.093908429e-01,78.4961,613.4779,19.1712,44.1704,0,0,0,-3.076235482948e-08,0,0.000000,0,sumfact,off,off,0,0,0,0,0,,,0.000,,,,,,,
assemble_sympy_n128,nid006549,hex8,assemble,atomic,atomic,sympy,affine,0.000000e+00,72,0,128,2146689,2097152,8586756,57066625,6966.1407,f64,20,1.546303988e-01,55.5308,433.9953,13.5624,31.2477,0,0,0,-3.076550013728e-08,0,0.000000,0,sympy,off,off,0,0,0,0,0,,,0.000,,,,,,,
assemble_sympy_n128,nid006549,hex8,assemble,colored,colored,sympy,affine,0.000000e+00,72,1024,128,2146689,2097152,8586756,57066625,6966.1407,f64,20,8.843517303e-02,97.0966,758.8481,23.7140,54.6371,14,146,147,-3.076235482687e-08,0,0.000000,0,sympy,off,off,0,0,0,0,0,,,0.000,,,,,,,
assemble_diag_n128,nid006549,hex8,assemble_diag,atomic,atomic,sumfact,affine,0.000000e+00,72,0,128,2146689,2097152,8586756,0,0.0000,n/a,20,7.540291548e-02,113.8783,890.0036,27.8126,20.9707,0,0,0,1.651826180067e+03,0,0.000000,0,n/a,off,off,0,0,0,0,0,,,0.000,,,,,,,
spmv_f64_n128,nid006549,hex8,bsr_apply,packed,n/a,sumfact,affine,0.000000e+00,72,1024,128,2146689,2097152,8586756,57066625,6966.1407,f64,20,1.923309565e-02,446.4573,0.0000,0.0000,0.0000,0,0,0,-2.271657308876e-12,0,0.000000,0,n/a,off,off,0,0,0,0,0,,,0.000,,,,,,,
spmv_f32_n128,nid006549,hex8,bsr_apply,packed,n/a,sumfact,affine,0.000000e+00,72,1024,128,2146689,2097152,8586756,57066625,3483.0704,f32,20,1.026536226e-02,836.4786,0.0000,0.0000,0.0000,0,0,0,4.661746579456e-05,0,0.000000,0,n/a,off,off,0,0,0,0,0,,,0.000,,,,,,,
residual_bare_n160,nid006549,hex8,residual,packed,packed,sumfact,affine,0.000000e+00,72,2048,160,4173281,4096000,16693124,0,0.0000,n/a,20,6.633269787e-03,2516.5755,19759.7873,617.4934,465.5900,0,0,0,-6.683819079797e-14,0,0.000000,0,sumfact,off,off,0,0,0,0,0,,,0.000,,,,,,,
residual_bare_n160,nid006549,hex8,residual,atomic,atomic,sumfact,affine,0.000000e+00,72,0,160,4173281,4096000,16693124,0,0.0000,n/a,20,1.563209295e-02,1067.8752,8384.8017,262.0251,197.5669,0,0,0,-7.000232641816e-14,0,0.000000,0,sumfact,off,off,0,0,0,0,0,,,0.000,,,,,,,
jac_bare_n160,nid006549,hex8,jac_action,packed,packed,sumfact,affine,0.000000e+00,72,2048,160,4173281,4096000,16693124,0,0.0000,n/a,20,9.028470516e-03,1848.9426,14517.6306,453.6760,385.6246,0,0,0,7.483083570110e-13,0,0.000000,0,n/a,off,off,0,0,0,0,0,,,0.000,,,,,,,
jac_bare_n160,nid006549,hex8,jac_action,atomic,atomic,sumfact,affine,0.000000e+00,72,0,160,4173281,4096000,16693124,0,0.0000,n/a,20,1.709195375e-02,976.6656,7668.6376,239.6449,203.6982,0,0,0,7.694581056301e-13,0,0.000000,0,n/a,off,off,0,0,0,0,0,,,0.000,,,,,,,
residual_current_n160,nid006549,hex8,residual,atomic,atomic,current,affine,0.000000e+00,72,0,160,4173281,4096000,16693124,0,0.0000,n/a,20,2.039943933e-02,818.3129,6425.2746,200.7898,151.3955,0,0,0,-7.131918482433e-14,0,0.000000,0,current,off,off,0,0,0,0,0,,,0.000,,,,,,,
residual_current_n160,nid006549,hex8,residual,packed,packed,current,affine,0.000000e+00,72,2048,160,4173281,4096000,16693124,0,0.0000,n/a,20,7.799720764e-03,2140.2207,16804.7042,525.1470,395.9608,0,0,0,-6.568480297436e-14,0,0.000000,0,current,off,off,0,0,0,0,0,,,0.000,,,,,,,
residual_rc_n160,nid006549,hex8,residual,packed,packed,sumfact,affine,0.000000e+00,72,2048,160,4173281,4096000,16693124,0,0.0000,n/a,20,9.897780418e-03,1686.5523,13242.5649,413.8302,312.0279,0,0,0,-6.590924637659e-14,1,1.000000,0,sumfact,on,off,0,0,0,0,0,,,0.000,,,,,,,
residual_rc_n160,nid006549,hex8,residual,atomic,atomic,sumfact,affine,0.000000e+00,72,0,160,4173281,4096000,16693124,0,0.0000,n/a,20,1.904000044e-02,876.7397,6884.0335,215.1260,162.2050,0,0,0,-7.109953901671e-14,1,1.000000,0,sumfact,on,off,0,0,0,0,0,,,0.000,,,,,,,
residual_rc_bnd_n160,nid006549,hex8,residual,packed,packed,sumfact,affine,0.000000e+00,72,2048,160,4173281,4096000,16693124,0,0.0000,n/a,20,1.084325314e-02,1539.4941,12087.8853,377.7464,284.8208,0,0,0,3.727500000000e+00,1,1.000000,1,sumfact,on,on,0,0,0,0,0,,,0.000,,,,,,,
residual_rc_bnd_n160,nid006549,hex8,residual,atomic,atomic,sumfact,affine,0.000000e+00,72,0,160,4173281,4096000,16693124,0,0.0000,n/a,20,1.983114481e-02,841.7630,6609.4016,206.5438,155.7340,0,0,0,3.727500000000e+00,1,1.000000,1,sumfact,on,on,0,0,0,0,0,,,0.000,,,,,,,
residual_rc_bnd_dt_n160,nid006549,hex8,residual,packed,packed,sumfact,affine,0.000000e+00,72,2048,160,4173281,4096000,16693124,0,0.0000,n/a,20,1.195535660e-02,1396.2883,10963.4538,342.6079,258.3264,0,0,0,6.759317416976e+00,1,1.000000,1,sumfact,on,on,0,0,0,0,1,,,0.000,,,,,,,
residual_rc_bnd_dt_n160,nid006549,hex8,residual,atomic,atomic,sumfact,affine,0.000000e+00,72,0,160,4173281,4096000,16693124,0,0.0000,n/a,20,2.088520527e-02,799.2799,6275.8301,196.1197,147.8742,0,0,0,6.759324573300e+00,1,1.000000,1,sumfact,on,on,0,0,0,0,1,,,0.000,,,,,,,
residual_rc_perapply_n160,nid006549,hex8,residual,packed,packed,sumfact,affine,0.000000e+00,72,2048,160,4173281,4096000,16693124,0,0.0000,n/a,20,1.205561161e-02,1384.6767,10872.2812,339.7588,256.1781,0,0,0,-6.590924637659e-14,1,1.000000,0,sumfact,on,off,0,1,0,0,0,,,0.000,,,,,,,
residual_rc_perapply_n160,nid006549,hex8,residual,atomic,atomic,sumfact,affine,0.000000e+00,72,0,160,4173281,4096000,16693124,0,0.0000,n/a,20,2.851067781e-02,585.5043,4597.2951,143.6655,108.3238,0,0,0,-7.109953901671e-14,1,1.000000,0,sumfact,on,off,0,1,0,0,0,,,0.000,,,,,,,
jac_rc_n160,nid006549,hex8,jac_action,packed,packed,sumfact,affine,0.000000e+00,72,2048,160,4173281,4096000,16693124,0,0.0000,n/a,20,1.730858088e-02,964.4421,7572.6601,236.6456,201.1488,0,0,0,-5.547403831327e-13,1,1.000000,0,n/a,exact,off,1,0,0,0,0,3.206668800e-03,0.185265,0.000,,,,,,,
jac_rc_n160,nid006549,hex8,jac_action,atomic,atomic,sumfact,affine,0.000000e+00,72,0,160,4173281,4096000,16693124,0,0.0000,n/a,20,3.182967901e-02,524.4515,4117.9177,128.6849,109.3822,0,0,0,-5.591812752312e-13,1,1.000000,0,n/a,exact,off,1,0,0,0,0,1.070808320e-02,0.336418,0.000,,,,,,,
jac_rc_bnd_n160,nid006549,hex8,jac_action,packed,packed,sumfact,affine,0.000000e+00,72,2048,160,4173281,4096000,16693124,0,0.0000,n/a,20,1.796108484e-02,929.4051,7297.5547,228.0486,193.8413,0,0,0,5.046148336219e+00,1,1.000000,1,n/a,exact,on,1,0,0,0,0,3.224550400e-03,0.179530,0.000,,,,,,,
jac_rc_bnd_n160,nid006549,hex8,jac_action,atomic,atomic,sumfact,affine,0.000000e+00,72,0,160,4173281,4096000,16693124,0,0.0000,n/a,20,3.243125677e-02,514.7233,4041.5332,126.2979,107.3532,0,0,0,5.046148336219e+00,1,1.000000,1,n/a,exact,on,1,0,0,0,0,1.065024000e-02,0.328394,0.000,,,,,,,
assemble_n160,nid006549,hex8,assemble,packed,packed,sumfact,affine,0.000000e+00,72,2048,160,4173281,4096000,16693124,111284641,13584.5509,f64,20,3.065060854e-01,54.4626,427.6326,13.3635,30.7895,0,0,0,1.165429404451e-08,0,0.000000,0,sumfact,off,off,0,0,0,0,0,,,0.000,,,,,,,
assemble_n160,nid006549,hex8,assemble,atomic,atomic,sumfact,affine,0.000000e+00,72,0,160,4173281,4096000,16693124,111284641,13584.5509,f64,20,4.318062186e-01,38.6588,303.5436,9.4857,21.8551,0,0,0,1.164916721901e-08,0,0.000000,0,sumfact,off,off,0,0,0,0,0,,,0.000,,,,,,,
assemble_n160,nid006549,hex8,assemble,colored,colored,sumfact,affine,0.000000e+00,72,2048,160,4173281,4096000,16693124,111284641,13584.5509,f64,20,1.593291998e-01,104.7713,822.6490,25.7078,59.2307,20,99,101,1.165426806529e-08,0,0.000000,0,sumfact,off,off,0,0,0,0,0,,,0.000,,,,,,,
assemble_n160,nid006549,hex8,assemble,store,store,sumfact,affine,0.000000e+00,72,2048,160,4173281,4096000,16693124,111284641,13584.5509,f64,20,2.374521375e-01,70.3010,551.9933,17.2498,39.7435,0,0,0,1.165429404451e-08,0,0.000000,0,sumfact,off,off,0,0,0,0,0,,,0.000,,,,,,,
assemble_sympy_n160,nid006549,hex8,assemble,atomic,atomic,sympy,affine,0.000000e+00,72,0,160,4173281,4096000,16693124,111284641,13584.5509,f64,20,2.999977112e-01,55.6442,436.9100,13.6534,31.4575,0,0,0,1.167343591505e-08,0,0.000000,0,sympy,off,off,0,0,0,0,0,,,0.000,,,,,,,
assemble_sympy_n160,nid006549,hex8,assemble,colored,colored,sympy,affine,0.000000e+00,72,2048,160,4173281,4096000,16693124,111284641,13584.5509,f64,20,1.684250593e-01,99.1131,778.2215,24.3194,56.0319,20,99,101,1.168506756832e-08,0,0.000000,0,sympy,off,off,0,0,0,0,0,,,0.000,,,,,,,
assemble_diag_n160,nid006549,hex8,assemble_diag,atomic,atomic,sumfact,affine,0.000000e+00,72,0,160,4173281,4096000,16693124,0,0.0000,n/a,20,1.459899783e-01,114.3443,897.8151,28.0567,21.1548,0,0,0,2.371982944015e+03,0,0.000000,0,n/a,off,off,0,0,0,0,0,,,0.000,,,,,,,
spmv_f64_n160,nid006549,hex8,bsr_apply,packed,n/a,sumfact,affine,0.000000e+00,72,2048,160,4173281,4096000,16693124,111284641,13584.5509,f64,20,3.688707352e-02,452.5467,0.0000,0.0000,0.0000,0,0,0,7.157881465282e-13,0,0.000000,0,n/a,off,off,0,0,0,0,0,,,0.000,,,,,,,
spmv_f32_n160,nid006549,hex8,bsr_apply,packed,n/a,sumfact,affine,0.000000e+00,72,2048,160,4173281,4096000,16693124,111284641,6792.2755,f32,20,1.863440275e-02,895.8229,0.0000,0.0000,0.0000,0,0,0,4.118532892879e-05,0,0.000000,0,n/a,off,off,0,0,0,0,0,,,0.000,,,,,,,
spmv_f32_n64,nid006549,hex8,bsr_apply,packed,n/a,sumfact,affine,0.000000e+00,72,128,64,274625,262144,1098500,7189057,438.7852,f32,20,1.245510578e-03,881.9676,0.0000,0.0000,0.0000,0,0,0,1.266337291522e-05,0,0.000000,0,n/a,off,off,0,0,0,0,0,,,0.000,,,,,,,
spmv_f64_n64,nid006549,hex8,bsr_apply,packed,n/a,sumfact,affine,0.000000e+00,72,128,64,274625,262144,1098500,7189057,877.5704,f64,20,2.158558369e-03,508.9045,0.0000,0.0000,0.0000,0,0,0,-1.151445421215e-12,0,0.000000,0,n/a,off,off,0,0,0,0,0,,,0.000,,,,,,,
assemble_diag_n64,nid006549,hex8,assemble_diag,atomic,atomic,sumfact,affine,0.000000e+00,72,0,64,274625,262144,1098500,0,0.0000,n/a,20,1.029217243e-02,106.7316,815.0474,25.4702,19.2046,0,0,0,5.801523603040e+02,0,0.000000,0,n/a,off,off,0,0,0,0,0,,,0.000,,,,,,,
assemble_sympy_n64,nid006549,hex8,assemble,colored,colored,sympy,affine,0.000000e+00,72,128,64,274625,262144,1098500,7189057,877.5704,f64,20,1.242787838e-02,88.3900,674.9831,21.0932,48.5988,14,146,147,2.702547348507e-10,0,0.000000,0,sympy,off,off,0,0,0,0,0,,,0.000,,,,,,,
assemble_sympy_n64,nid006549,hex8,assemble,atomic,atomic,sympy,affine,0.000000e+00,72,0,64,274625,262144,1098500,7189057,877.5704,f64,20,1.967271566e-02,55.8388,426.4082,13.3253,30.7014,0,0,0,2.702932318341e-10,0,0.000000,0,sympy,off,off,0,0,0,0,0,,,0.000,,,,,,,
assemble_n64,nid006549,hex8,assemble,store,store,sumfact,affine,0.000000e+00,72,128,64,274625,262144,1098500,7189057,877.5704,f64,20,8.811402321e-03,124.6680,952.0174,29.7505,68.5453,0,0,0,2.702547346339e-10,0,0.000000,0,sumfact,off,off,0,0,0,0,0,,,0.000,,,,,,,
assemble_n64,nid006549,hex8,assemble,colored,colored,sumfact,affine,0.000000e+00,72,128,64,274625,262144,1098500,7189057,877.5704,f64,20,1.071834564e-02,102.4878,782.6402,24.4575,56.3501,14,146,147,2.702547346339e-10,0,0.000000,0,sumfact,off,off,0,0,0,0,0,,,0.000,,,,,,,
assemble_n64,nid006549,hex8,assemble,atomic,atomic,sumfact,affine,0.000000e+00,72,0,64,274625,262144,1098500,7189057,877.5704,f64,20,2.803534269e-02,39.1827,299.2155,9.3505,21.5435,0,0,0,2.702932316173e-10,0,0.000000,0,sumfact,off,off,0,0,0,0,0,,,0.000,,,,,,,
assemble_n64,nid006549,hex8,assemble,packed,packed,sumfact,affine,0.000000e+00,72,128,64,274625,262144,1098500,7189057,877.5704,f64,20,1.307650805e-02,84.0056,641.5021,20.0469,46.1882,0,0,0,2.702547346339e-10,0,0.000000,0,sumfact,off,off,0,0,0,0,0,,,0.000,,,,,,,
jac_rc_bnd_n64,nid006549,hex8,jac_action,atomic,atomic,sumfact,affine,0.000000e+00,72,0,64,274625,262144,1098500,0,0.0000,n/a,20,2.200222015e-03,499.2678,3812.6189,119.1443,101.2727,0,0,0,5.047023127365e+00,1,1.000000,1,n/a,exact,on,1,0,0,0,0,7.939584000e-04,0.360854,0.000,,,,,,,
jac_rc_bnd_n64,nid006549,hex8,jac_action,packed,packed,sumfact,affine,0.000000e+00,72,128,64,274625,262144,1098500,0,0.0000,n/a,20,9.893894196e-04,1110.2807,8478.5706,264.9553,225.2120,0,0,0,5.047023127365e+00,1,1.000000,1,n/a,exact,on,1,0,0,0,0,1.289600000e-04,0.130343,0.000,,,,,,,
jac_rc_n64,nid006549,hex8,jac_action,atomic,atomic,sumfact,affine,0.000000e+00,72,0,64,274625,262144,1098500,0,0.0000,n/a,20,2.123320103e-03,517.3502,3950.7034,123.4595,104.9406,0,0,0,2.991632007225e-13,1,1.000000,0,n/a,exact,off,1,0,0,0,0,7.855488000e-04,0.369962,0.000,,,,,,,
jac_rc_n64,nid006549,hex8,jac_action,packed,packed,sumfact,affine,0.000000e+00,72,128,64,274625,262144,1098500,0,0.0000,n/a,20,9.236693382e-04,1189.2784,9081.8301,283.8072,241.2361,0,0,0,3.033959260039e-13,1,1.000000,0,n/a,exact,off,1,0,0,0,0,1.353984000e-04,0.146588,0.000,,,,,,,
residual_rc_perapply_n64,nid006549,hex8,residual,atomic,atomic,sumfact,affine,0.000000e+00,72,0,64,274625,262144,1098500,0,0.0000,n/a,20,1.874613762e-03,585.9874,4474.8461,139.8389,105.4386,0,0,0,-1.256492739715e-14,1,1.000000,0,sumfact,on,off,0,1,0,0,0,,,0.000,,,,,,,
residual_rc_perapply_n64,nid006549,hex8,residual,packed,packed,sumfact,affine,0.000000e+00,72,128,64,274625,262144,1098500,0,0.0000,n/a,20,6.574630737e-04,1670.8163,12759.0557,398.7205,300.6353,0,0,0,-1.282860536550e-14,1,1.000000,0,sumfact,on,off,0,1,0,0,0,,,0.000,,,,,,,
residual_rc_bnd_dt_n64,nid006549,hex8,residual,atomic,atomic,sumfact,affine,0.000000e+00,72,0,64,274625,262144,1098500,0,0.0000,n/a,20,1.351022720e-03,813.0877,6209.0799,194.0337,146.3014,0,0,0,6.759448953731e+00,1,1.000000,1,sumfact,on,on,0,0,0,0,1,,,0.000,,,,,,,
residual_rc_bnd_dt_n64,nid006549,hex8,residual,packed,packed,sumfact,affine,0.000000e+00,72,128,64,274625,262144,1098500,0,0.0000,n/a,20,6.465077400e-04,1699.1289,12975.2631,405.4770,305.7296,0,0,0,6.759042994895e+00,1,1.000000,1,sumfact,on,on,0,0,0,0,1,,,0.000,,,,,,,
residual_rc_bnd_n64,nid006549,hex8,residual,atomic,atomic,sumfact,affine,0.000000e+00,72,0,64,274625,262144,1098500,0,0.0000,n/a,20,1.315498352e-03,835.0448,6376.7530,199.2735,150.2522,0,0,0,3.727500000000e+00,1,1.000000,1,sumfact,on,on,0,0,0,0,0,,,0.000,,,,,,,
residual_rc_bnd_n64,nid006549,hex8,residual,packed,packed,sumfact,affine,0.000000e+00,72,128,64,274625,262144,1098500,0,0.0000,n/a,20,6.228208542e-04,1763.7495,13468.7333,420.8979,317.3570,0,0,0,3.727500000000e+00,1,1.000000,1,sumfact,on,on,0,0,0,0,0,,,0.000,,,,,,,
residual_rc_n64,nid006549,hex8,residual,atomic,atomic,sumfact,affine,0.000000e+00,72,0,64,274625,262144,1098500,0,0.0000,n/a,20,1.245129108e-03,882.2378,6737.1391,210.5356,158.7438,0,0,0,-1.256492739715e-14,1,1.000000,0,sumfact,on,off,0,0,0,0,0,,,0.000,,,,,,,
residual_rc_n64,nid006549,hex8,residual,packed,packed,sumfact,affine,0.000000e+00,72,128,64,274625,262144,1098500,0,0.0000,n/a,20,5.679488182e-04,1934.1532,14770.0070,461.5627,348.0183,0,0,0,-1.282860536550e-14,1,1.000000,0,sumfact,on,off,0,0,0,0,0,,,0.000,,,,,,,
residual_current_n64,nid006549,hex8,residual,packed,packed,current,affine,0.000000e+00,72,128,64,274625,262144,1098500,0,0.0000,n/a,20,5.060076714e-04,2170.9157,16578.0253,518.0633,390.6197,0,0,0,-1.272137777064e-14,0,0.000000,0,current,off,off,0,0,0,0,0,,,0.000,,,,,,,
residual_current_n64,nid006549,hex8,residual,atomic,atomic,current,affine,0.000000e+00,72,0,64,274625,262144,1098500,0,0.0000,n/a,20,1.337325573e-03,821.4155,6272.6745,196.0211,147.7999,0,0,0,-1.240218865106e-14,0,0.000000,0,current,off,off,0,0,0,0,0,,,0.000,,,,,,,
jac_bare_n64,nid006549,hex8,jac_action,atomic,atomic,sumfact,affine,0.000000e+00,72,0,64,274625,262144,1098500,0,0.0000,n/a,20,1.252949238e-03,876.7314,6695.0901,209.2216,177.8383,0,0,0,-1.151479248323e-12,0,0.000000,0,n/a,off,off,0,0,0,0,0,,,0.000,,,,,,,
jac_bare_n64,nid006549,hex8,jac_action,packed,packed,sumfact,affine,0.000000e+00,72,128,64,274625,262144,1098500,0,0.0000,n/a,20,5.252242088e-04,2091.4878,15971.4801,499.1088,424.2424,0,0,0,-1.151812315230e-12,0,0.000000,0,n/a,off,off,0,0,0,0,0,,,0.000,,,,,,,
residual_bare_n64,nid006549,hex8,residual,atomic,atomic,sumfact,affine,0.000000e+00,72,0,64,274625,262144,1098500,0,0.0000,n/a,20,1.061618328e-03,1034.7410,7901.7174,246.9287,186.1842,0,0,0,-1.254020758762e-14,0,0.000000,0,sumfact,off,off,0,0,0,0,0,,,0.000,,,,,,,
residual_bare_n64,nid006549,hex8,residual,packed,packed,sumfact,affine,0.000000e+00,72,128,64,274625,262144,1098500,0,0.0000,n/a,20,3.949642181e-04,2781.2646,21238.9062,663.7158,500.4417,0,0,0,-1.235979634612e-14,0,0.000000,0,sumfact,off,off,0,0,0,0,0,,,0.000,,,,,,,
spmv_f32_n96,nid006549,hex8,bsr_apply,packed,n/a,sumfact,affine,0.000000e+00,72,512,96,912673,884736,3650692,24137569,1473.2403,f32,20,4.383897781e-03,832.7503,0.0000,0.0000,0.0000,0,0,0,-1.159811748818e-06,0,0.000000,0,n/a,off,off,0,0,0,0,0,,,0.000,,,,,,,
spmv_f64_n96,nid006549,hex8,bsr_apply,packed,n/a,sumfact,affine,0.000000e+00,72,512,96,912673,884736,3650692,24137569,2946.4806,f64,20,8.086919785e-03,451.4317,0.0000,0.0000,0.0000,0,0,0,-2.227890574390e-12,0,0.000000,0,n/a,off,off,0,0,0,0,0,,,0.000,,,,,,,
assemble_diag_n96,nid006549,hex8,assemble_diag,atomic,atomic,sumfact,affine,0.000000e+00,72,0,96,912673,884736,3650692,0,0.0000,n/a,20,3.247015476e-02,112.4322,871.9254,27.2477,20.5447,0,0,0,1.054549351220e+03,0,0.000000,0,n/a,off,off,0,0,0,0,0,,,0.000,,,,,,,
assemble_sympy_n96,nid006549,hex8,assemble,colored,colored,sympy,affine,0.000000e+00,72,512,96,912673,884736,3650692,24137569,2946.4806,f64,20,4.101043940e-02,89.0186,690.3499,21.5734,49.7052,19,90,91,6.632765216512e-11,0,0.000000,0,sympy,off,off,0,0,0,0,0,,,0.000,,,,,,,
assemble_sympy_n96,nid006549,hex8,assemble,atomic,atomic,sympy,affine,0.000000e+00,72,0,96,912673,884736,3650692,24137569,2946.4806,f64,20,6.509429216e-02,56.0831,434.9314,13.5916,31.3151,0,0,0,6.578006241380e-11,0,0.000000,0,sympy,off,off,0,0,0,0,0,,,0.000,,,,,,,
assemble_n96,nid006549,hex8,assemble,store,store,sumfact,affine,0.000000e+00,72,512,96,912673,884736,3650692,24137569,2946.4806,f64,20,4.255701303e-02,85.7836,665.2617,20.7894,47.8988,0,0,0,7.386596588159e-11,0,0.000000,0,sumfact,off,off,0,0,0,0,0,,,0.000,,,,,,,
assemble_n96,nid006549,hex8,assemble,colored,colored,sumfact,affine,0.000000e+00,72,512,96,912673,884736,3650692,24137569,2946.4806,f64,20,3.881031275e-02,94.0650,729.4853,22.7964,52.5229,19,90,91,7.389472065792e-11,0,0.000000,0,sumfact,off,off,0,0,0,0,0,,,0.000,,,,,,,
assemble_n96,nid006549,hex8,assemble,atomic,atomic,sumfact,affine,0.000000e+00,72,0,96,912673,884736,3650692,24137569,2946.4806,f64,20,9.441246986e-02,38.6675,299.8709,9.3710,21.5907,0,0,0,7.342422201788e-11,0,0.000000,0,sumfact,off,off,0,0,0,0,0,,,0.000,,,,,,,
assemble_n96,nid006549,hex8,assemble,packed,packed,sumfact,affine,0.000000e+00,72,512,96,912673,884736,3650692,24137569,2946.4806,f64,20,6.208606958e-02,58.8005,456.0049,14.2502,32.8324,0,0,0,7.386596588159e-11,0,0.000000,0,sumfact,off,off,0,0,0,0,0,,,0.000,,,,,,,
jac_rc_bnd_n96,nid006549,hex8,jac_action,atomic,atomic,sumfact,affine,0.000000e+00,72,0,96,912673,884736,3650692,0,0.0000,n/a,20,7.700681686e-03,474.0739,3676.4995,114.8906,97.6570,0,0,0,5.047058237368e+00,1,1.000000,1,n/a,exact,on,1,0,0,0,0,2.459494400e-03,0.319387,0.000,,,,,,,
jac_rc_bnd_n96,nid006549,hex8,jac_action,packed,packed,sumfact,affine,0.000000e+00,72,512,96,912673,884736,3650692,0,0.0000,n/a,20,4.479253292e-03,815.0225,6320.5963,197.5186,167.8908,0,0,0,5.047058237368e+00,1,1.000000,1,n/a,exact,on,1,0,0,0,0,7.156096000e-04,0.159761,0.000,,,,,,,
jac_rc_n96,nid006549,hex8,jac_action,atomic,atomic,sumfact,affine,0.000000e+00,72,0,96,912673,884736,3650692,0,0.0000,n/a,20,6.986165047e-03,522.5602,4052.5169,126.6412,107.6450,0,0,0,2.773607352905e-13,1,1.000000,0,n/a,exact,off,1,0,0,0,0,2.439833600e-03,0.349238,0.000,,,,,,,
jac_rc_n96,nid006549,hex8,jac_action,packed,packed,sumfact,affine,0.000000e+00,72,512,96,912673,884736,3650692,0,0.0000,n/a,20,3.549456596e-03,1028.5214,7976.3060,249.2596,211.8706,0,0,0,2.763892901440e-13,1,1.000000,0,n/a,exact,off,1,0,0,0,0,6.533248000e-04,0.184063,0.000,,,,,,,
residual_rc_perapply_n96,nid006549,hex8,residual,atomic,atomic,sumfact,affine,0.000000e+00,72,0,96,912673,884736,3650692,0,0.0000,n/a,20,5.893695354e-03,619.4233,4803.7013,150.1157,113.1872,0,0,0,1.025453593567e-13,1,1.000000,0,sumfact,on,off,0,1,0,0,0,,,0.000,,,,,,,
residual_rc_perapply_n96,nid006549,hex8,residual,packed,packed,sumfact,affine,0.000000e+00,72,512,96,912673,884736,3650692,0,0.0000,n/a,20,2.341330051e-03,1559.2385,12092.0807,377.8775,284.9197,0,0,0,1.003804244587e-13,1,1.000000,0,sumfact,on,off,0,1,0,0,0,,,0.000,,,,,,,
residual_rc_bnd_dt_n96,nid006549,hex8,residual,atomic,atomic,sumfact,affine,0.000000e+00,72,0,96,912673,884736,3650692,0,0.0000,n/a,20,4.217720032e-03,865.5605,6712.5252,209.7664,158.1639,0,0,0,6.759287405709e+00,1,1.000000,1,sumfact,on,on,0,0,0,0,1,,,0.000,,,,,,,
residual_rc_bnd_dt_n96,nid006549,hex8,residual,packed,packed,sumfact,affine,0.000000e+00,72,512,96,912673,884736,3650692,0,0.0000,n/a,20,2.380228043e-03,1533.7572,11894.4704,371.7022,280.2635,0,0,0,6.759195490287e+00,1,1.000000,1,sumfact,on,on,0,0,0,0,1,,,0.000,,,,,,,
residual_rc_bnd_n96,nid006549,hex8,residual,atomic,atomic,sumfact,affine,0.000000e+00,72,0,96,912673,884736,3650692,0,0.0000,n/a,20,4.122006893e-03,885.6589,6868.3903,214.6372,161.8364,0,0,0,3.727500000000e+00,1,1.000000,1,sumfact,on,on,0,0,0,0,0,,,0.000,,,,,,,
residual_rc_bnd_n96,nid006549,hex8,residual,packed,packed,sumfact,affine,0.000000e+00,72,512,96,912673,884736,3650692,0,0.0000,n/a,20,2.189970016e-03,1667.0055,12927.8263,403.9946,304.6119,0,0,0,3.727500000000e+00,1,1.000000,1,sumfact,on,on,0,0,0,0,0,,,0.000,,,,,,,
residual_rc_n96,nid006549,hex8,residual,atomic,atomic,sumfact,affine,0.000000e+00,72,0,96,912673,884736,3650692,0,0.0000,n/a,20,3.941905499e-03,926.1237,7182.1996,224.4437,169.2306,0,0,0,1.025453593567e-13,1,1.000000,0,sumfact,on,off,0,0,0,0,0,,,0.000,,,,,,,
residual_rc_n96,nid006549,hex8,residual,packed,packed,sumfact,affine,0.000000e+00,72,512,96,912673,884736,3650692,0,0.0000,n/a,20,1.951754093e-03,1870.4672,14505.6962,453.3030,341.7905,0,0,0,1.003804244587e-13,1,1.000000,0,sumfact,on,off,0,0,0,0,0,,,0.000,,,,,,,
residual_current_n96,nid006549,hex8,residual,packed,packed,current,affine,0.000000e+00,72,512,96,912673,884736,3650692,0,0.0000,n/a,20,1.616418362e-03,2258.5069,17514.9903,547.3434,412.6970,0,0,0,1.028819499212e-13,0,0.000000,0,current,off,off,0,0,0,0,0,,,0.000,,,,,,,
residual_current_n96,nid006549,hex8,residual,atomic,atomic,current,affine,0.000000e+00,72,0,96,912673,884736,3650692,0,0.0000,n/a,20,4.208791256e-03,867.3968,6726.7655,210.2114,158.4994,0,0,0,1.028125609821e-13,0,0.000000,0,current,off,off,0,0,0,0,0,,,0.000,,,,,,,
jac_bare_n96,nid006549,hex8,jac_action,atomic,atomic,sumfact,affine,0.000000e+00,72,0,96,912673,884736,3650692,0,0.0000,n/a,20,3.772115707e-03,967.8102,7505.4834,234.5464,199.3644,0,0,0,-1.948041947479e-12,0,0.000000,0,n/a,off,off,0,0,0,0,0,,,0.000,,,,,,,
jac_bare_n96,nid006549,hex8,jac_action,packed,packed,sumfact,affine,0.000000e+00,72,512,96,912673,884736,3650692,0,0.0000,n/a,20,1.748871803e-03,2087.4555,16188.4662,505.8896,430.0061,0,0,0,-2.009048702682e-12,0,0.000000,0,n/a,off,off,0,0,0,0,0,,,0.000,,,,,,,
residual_bare_n96,nid006549,hex8,residual,atomic,atomic,sumfact,affine,0.000000e+00,72,0,96,912673,884736,3650692,0,0.0000,n/a,20,3.427672386e-03,1065.0644,8259.7019,258.1157,194.6192,0,0,0,9.868744276637e-14,0,0.000000,0,sumfact,off,off,0,0,0,0,0,,,0.000,,,,,,,
residual_bare_n96,nid006549,hex8,residual,packed,packed,sumfact,affine,0.000000e+00,72,512,96,912673,884736,3650692,0,0.0000,n/a,20,1.288640499e-03,2832.9794,21970.0933,686.5654,517.6703,0,0,0,9.553718493399e-14,0,0.000000,0,sumfact,off,off,0,0,0,0,0,,,0.000,,,,,,,
spmv_f32_n128,nid006549,hex8,bsr_apply,packed,n/a,sumfact,affine,0.000000e+00,72,1024,128,2146689,2097152,8586756,57066625,3483.0704,f32,20,1.114782095e-02,770.2632,0.0000,0.0000,0.0000,0,0,0,4.661746579456e-05,0,0.000000,0,n/a,off,off,0,0,0,0,0,,,0.000,,,,,,,
spmv_f64_n128,nid006549,hex8,bsr_apply,packed,n/a,sumfact,affine,0.000000e+00,72,1024,128,2146689,2097152,8586756,57066625,6966.1407,f64,20,1.919672489e-02,447.3032,0.0000,0.0000,0.0000,0,0,0,-2.271657308876e-12,0,0.000000,0,n/a,off,off,0,0,0,0,0,,,0.000,,,,,,,
assemble_diag_n128,nid006549,hex8,assemble_diag,atomic,atomic,sumfact,affine,0.000000e+00,72,0,128,2146689,2097152,8586756,0,0.0000,n/a,20,7.554847002e-02,113.6589,888.2889,27.7590,20.9303,0,0,0,1.651826180067e+03,0,0.000000,0,n/a,off,off,0,0,0,0,0,,,0.000,,,,,,,
assemble_sympy_n128,nid006549,hex8,assemble,colored,colored,sympy,affine,0.000000e+00,72,1024,128,2146689,2097152,8586756,57066625,6966.1407,f64,20,8.824567795e-02,97.3051,760.4776,23.7649,54.7544,14,146,147,-3.076235482687e-08,0,0.000000,0,sympy,off,off,0,0,0,0,0,,,0.000,,,,,,,
assemble_sympy_n128,nid006549,hex8,assemble,atomic,atomic,sympy,affine,0.000000e+00,72,0,128,2146689,2097152,8586756,57066625,6966.1407,f64,20,1.548362494e-01,55.4570,433.4183,13.5443,31.2061,0,0,0,-3.076550013728e-08,0,0.000000,0,sympy,off,off,0,0,0,0,0,,,0.000,,,,,,,
assemble_n128,nid006549,hex8,assemble,store,store,sumfact,affine,0.000000e+00,72,1024,128,2146689,2097152,8586756,57066625,6966.1407,f64,20,1.083716154e-01,79.2344,619.2476,19.3515,44.5858,0,0,0,-3.076235482948e-08,0,0.000000,0,sumfact,off,off,0,0,0,0,0,,,0.000,,,,,,,
assemble_n128,nid006549,hex8,assemble,colored,colored,sumfact,affine,0.000000e+00,72,1024,128,2146689,2097152,8586756,57066625,6966.1407,f64,20,8.468947411e-02,101.3911,792.4109,24.7628,57.0536,14,146,147,-3.076235482948e-08,0,0.000000,0,sumfact,off,off,0,0,0,0,0,,,0.000,,,,,,,
assemble_n128,nid006549,hex8,assemble,atomic,atomic,sumfact,affine,0.000000e+00,72,0,128,2146689,2097152,8586756,57066625,6966.1407,f64,20,2.211920023e-01,38.8204,303.3964,9.4811,21.8445,0,0,0,-3.076550014682e-08,0,0.000000,0,sumfact,off,off,0,0,0,0,0,,,0.000,,,,,,,
assemble_n128,nid006549,hex8,assemble,packed,packed,sumfact,affine,0.000000e+00,72,1024,128,2146689,2097152,8586756,57066625,6966.1407,f64,20,1.540709972e-01,55.7325,435.5710,13.6116,31.3611,0,0,0,-3.076235482948e-08,0,0.000000,0,sumfact,off,off,0,0,0,0,0,,,0.000,,,,,,,
jac_rc_bnd_n128,nid006549,hex8,jac_action,atomic,atomic,sumfact,affine,0.000000e+00,72,0,128,2146689,2097152,8586756,0,0.0000,n/a,20,1.661956310e-02,516.6656,4037.9439,126.1857,107.2579,0,0,0,5.048053297186e+00,1,1.000000,1,n/a,exact,on,1,0,0,0,0,5.308249600e-03,0.319398,0.000,,,,,,,
jac_rc_bnd_n128,nid006549,hex8,jac_action,packed,packed,sumfact,affine,0.000000e+00,72,1024,128,2146689,2097152,8586756,0,0.0000,n/a,20,9.498572350e-03,904.0049,7065.1527,220.7860,187.6681,0,0,0,5.048053297186e+00,1,1.000000,1,n/a,exact,on,1,0,0,0,0,1.675596800e-03,0.176405,0.000,,,,,,,
jac_rc_n128,nid006549,hex8,jac_action,atomic,atomic,sumfact,affine,0.000000e+00,72,0,128,2146689,2097152,8586756,0,0.0000,n/a,20,1.616370678e-02,531.2368,4151.8239,129.7445,110.2828,0,0,0,-3.078244039875e-13,1,1.000000,0,n/a,exact,off,1,0,0,0,0,5.473945600e-03,0.338657,0.000,,,,,,,
jac_rc_n128,nid006549,hex8,jac_action,packed,packed,sumfact,affine,0.000000e+00,72,1024,128,2146689,2097152,8586756,0,0.0000,n/a,20,8.900713921e-03,964.7267,7539.7170,235.6162,200.2737,0,0,0,-3.069362255678e-13,1,1.000000,0,n/a,exact,off,1,0,0,0,0,1.677632000e-03,0.188483,0.000,,,,,,,
residual_rc_perapply_n128,nid006549,hex8,residual,atomic,atomic,sumfact,affine,0.000000e+00,72,0,128,2146689,2097152,8586756,0,0.0000,n/a,20,1.428862810e-02,600.9503,4696.6625,146.7707,110.6651,0,0,0,1.381470350441e-13,1,1.000000,0,sumfact,on,off,0,1,0,0,0,,,0.000,,,,,,,
residual_rc_perapply_n128,nid006549,hex8,residual,packed,packed,sumfact,affine,0.000000e+00,72,1024,128,2146689,2097152,8586756,0,0.0000,n/a,20,5.961275101e-03,1440.4227,11257.4681,351.7959,265.2541,0,0,0,1.366482339608e-13,1,1.000000,0,sumfact,on,off,0,1,0,0,0,,,0.000,,,,,,,
residual_rc_bnd_dt_n128,nid006549,hex8,residual,atomic,atomic,sumfact,affine,0.000000e+00,72,0,128,2146689,2097152,8586756,0,0.0000,n/a,20,1.060343981e-02,809.8085,6328.9711,197.7803,149.1264,0,0,0,6.759329548060e+00,1,1.000000,1,sumfact,on,on,0,0,0,0,1,,,0.000,,,,,,,
residual_rc_bnd_dt_n128,nid006549,hex8,residual,packed,packed,sumfact,affine,0.000000e+00,72,1024,128,2146689,2097152,8586756,0,0.0000,n/a,20,5.956280231e-03,1441.6306,11266.9084,352.0909,265.4765,0,0,0,6.759412313613e+00,1,1.000000,1,sumfact,on,on,0,0,0,0,1,,,0.000,,,,,,,
residual_rc_bnd_n128,nid006549,hex8,residual,atomic,atomic,sumfact,affine,0.000000e+00,72,0,128,2146689,2097152,8586756,0,0.0000,n/a,20,1.009578705e-02,850.5286,6647.2147,207.7255,156.6250,0,0,0,3.727500000000e+00,1,1.000000,1,sumfact,on,on,0,0,0,0,0,,,0.000,,,,,,,
residual_rc_bnd_n128,nid006549,hex8,residual,packed,packed,sumfact,affine,0.000000e+00,72,1024,128,2146689,2097152,8586756,0,0.0000,n/a,20,5.463123322e-03,1571.7668,12283.9738,383.8742,289.4411,0,0,0,3.727500000000e+00,1,1.000000,1,sumfact,on,on,0,0,0,0,0,,,0.000,,,,,,,
residual_rc_n128,nid006549,hex8,residual,atomic,atomic,sumfact,affine,0.000000e+00,72,0,128,2146689,2097152,8586756,0,0.0000,n/a,20,9.537363052e-03,900.3281,7036.4171,219.8880,165.7956,0,0,0,1.381470350441e-13,1,1.000000,0,sumfact,on,off,0,0,0,0,0,,,0.000,,,,,,,
residual_rc_n128,nid006549,hex8,residual,packed,packed,sumfact,affine,0.000000e+00,72,1024,128,2146689,2097152,8586756,0,0.0000,n/a,20,4.899811745e-03,1752.4665,13696.2127,428.0066,322.7170,0,0,0,1.366482339608e-13,1,1.000000,0,sumfact,on,off,0,0,0,0,0,,,0.000,,,,,,,
residual_current_n128,nid006549,hex8,residual,packed,packed,current,affine,0.000000e+00,72,1024,128,2146689,2097152,8586756,0,0.0000,n/a,20,4.033386707e-03,2128.9196,16638.3411,519.9482,392.0409,0,0,0,1.366330009203e-13,0,0.000000,0,current,off,off,0,0,0,0,0,,,0.000,,,,,,,
residual_current_n128,nid006549,hex8,residual,atomic,atomic,current,affine,0.000000e+00,72,0,128,2146689,2097152,8586756,0,0.0000,n/a,20,1.029930115e-02,833.7222,6515.8658,203.6208,153.5301,0,0,0,1.381248631097e-13,0,0.000000,0,current,off,off,0,0,0,0,0,,,0.000,,,,,,,
jac_bare_n128,nid006549,hex8,jac_action,atomic,atomic,sumfact,affine,0.000000e+00,72,0,128,2146689,2097152,8586756,0,0.0000,n/a,20,8.819019794e-03,973.6633,7609.5604,237.7988,202.1289,0,0,0,-2.268767828771e-12,0,0.000000,0,n/a,off,off,0,0,0,0,0,,,0.000,,,,,,,
jac_bare_n128,nid006549,hex8,jac_action,packed,packed,sumfact,affine,0.000000e+00,72,1024,128,2146689,2097152,8586756,0,0.0000,n/a,20,4.450714588e-03,1929.2983,15078.2223,471.1944,400.5153,0,0,0,-2.268767828771e-12,0,0.000000,0,n/a,off,off,0,0,0,0,0,,,0.000,,,,,,,
residual_bare_n128,nid006549,hex8,residual,atomic,atomic,sumfact,affine,0.000000e+00,72,0,128,2146689,2097152,8586756,0,0.0000,n/a,20,8.519911766e-03,1007.8456,7876.7088,246.1472,185.5950,0,0,0,1.381469808340e-13,0,0.000000,0,sumfact,off,off,0,0,0,0,0,,,0.000,,,,,,,
residual_bare_n128,nid006549,hex8,residual,packed,packed,sumfact,affine,0.000000e+00,72,1024,128,2146689,2097152,8586756,0,0.0000,n/a,20,3.866171837e-03,2220.9970,17357.9620,542.4363,408.9970,0,0,0,1.366551186446e-13,0,0.000000,0,sumfact,off,off,0,0,0,0,0,,,0.000,,,,,,,
spmv_f32_n160,nid006549,hex8,bsr_apply,packed,n/a,sumfact,affine,0.000000e+00,72,2048,160,4173281,4096000,16693124,111284641,6792.2755,f32,20,1.973475218e-02,845.8745,0.0000,0.0000,0.0000,0,0,0,4.118532892879e-05,0,0.000000,0,n/a,off,off,0,0,0,0,0,,,0.000,,,,,,,
spmv_f64_n160,nid006549,hex8,bsr_apply,packed,n/a,sumfact,affine,0.000000e+00,72,2048,160,4173281,4096000,16693124,111284641,13584.5509,f64,20,3.657064438e-02,456.4624,0.0000,0.0000,0.0000,0,0,0,7.157881465282e-13,0,0.000000,0,n/a,off,off,0,0,0,0,0,,,0.000,,,,,,,
assemble_diag_n160,nid006549,hex8,assemble_diag,atomic,atomic,sumfact,affine,0.000000e+00,72,0,160,4173281,4096000,16693124,0,0.0000,n/a,20,1.461984396e-01,114.1813,896.5349,28.0167,21.1246,0,0,0,2.371982944015e+03,0,0.000000,0,n/a,off,off,0,0,0,0,0,,,0.000,,,,,,,
assemble_sympy_n160,nid006549,hex8,assemble,colored,colored,sympy,affine,0.000000e+00,72,2048,160,4173281,4096000,16693124,111284641,13584.5509,f64,20,1.692385077e-01,98.6367,774.4809,24.2025,55.7626,20,99,101,1.168506756832e-08,0,0.000000,0,sympy,off,off,0,0,0,0,0,,,0.000,,,,,,,
assemble_sympy_n160,nid006549,hex8,assemble,atomic,atomic,sympy,affine,0.000000e+00,72,0,160,4173281,4096000,16693124,111284641,13584.5509,f64,20,2.993246675e-01,55.7693,437.8924,13.6841,31.5283,0,0,0,1.167343591505e-08,0,0.000000,0,sympy,off,off,0,0,0,0,0,,,0.000,,,,,,,
assemble_n160,nid006549,hex8,assemble,store,store,sumfact,affine,0.000000e+00,72,2048,160,4173281,4096000,16693124,111284641,13584.5509,f64,20,2.380212188e-01,70.1329,550.6736,17.2085,39.6485,0,0,0,1.165429404451e-08,0,0.000000,0,sumfact,off,off,0,0,0,0,0,,,0.000,,,,,,,
assemble_n160,nid006549,hex8,assemble,colored,colored,sumfact,affine,0.000000e+00,72,2048,160,4173281,4096000,16693124,111284641,13584.5509,f64,20,1.594922781e-01,104.6642,821.8078,25.6815,59.1702,20,99,101,1.165426806529e-08,0,0.000000,0,sumfact,off,off,0,0,0,0,0,,,0.000,,,,,,,
assemble_n160,nid006549,hex8,assemble,atomic,atomic,sumfact,affine,0.000000e+00,72,0,160,4173281,4096000,16693124,111284641,13584.5509,f64,20,4.294676661e-01,38.8693,305.1964,9.5374,21.9741,0,0,0,1.164916721901e-08,0,0.000000,0,sumfact,off,off,0,0,0,0,0,,,0.000,,,,,,,
assemble_n160,nid006549,hex8,assemble,packed,packed,sumfact,affine,0.000000e+00,72,2048,160,4173281,4096000,16693124,111284641,13584.5509,f64,20,3.009156823e-01,55.4744,435.5772,13.6118,31.3616,0,0,0,1.165429404451e-08,0,0.000000,0,sumfact,off,off,0,0,0,0,0,,,0.000,,,,,,,
jac_rc_bnd_n160,nid006549,hex8,jac_action,atomic,atomic,sumfact,affine,0.000000e+00,72,0,160,4173281,4096000,16693124,0,0.0000,n/a,20,3.308736086e-02,504.5166,3961.3918,123.7935,105.2245,0,0,0,5.046148336219e+00,1,1.000000,1,n/a,exact,on,1,0,0,0,0,1.077291520e-02,0.325590,0.000,,,,,,,
jac_rc_bnd_n160,nid006549,hex8,jac_action,packed,packed,sumfact,affine,0.000000e+00,72,2048,160,4173281,4096000,16693124,0,0.0000,n/a,20,1.806396246e-02,924.1120,7255.9938,226.7498,192.7373,0,0,0,5.046148336219e+00,1,1.000000,1,n/a,exact,on,1,0,0,0,0,3.371468800e-03,0.186641,0.000,,,,,,,
jac_rc_n160,nid006549,hex8,jac_action,atomic,atomic,sumfact,affine,0.000000e+00,72,0,160,4173281,4096000,16693124,0,0.0000,n/a,20,3.170206547e-02,526.5627,4134.4940,129.2029,109.8225,0,0,0,-5.591812752312e-13,1,1.000000,0,n/a,exact,off,1,0,0,0,0,1.064067840e-02,0.335646,0.000,,,,,,,
jac_rc_n160,nid006549,hex8,jac_action,packed,packed,sumfact,affine,0.000000e+00,72,2048,160,4173281,4096000,16693124,0,0.0000,n/a,20,1.700524092e-02,981.6458,7707.7414,240.8669,204.7369,0,0,0,-5.547403831327e-13,1,1.000000,0,n/a,exact,off,1,0,0,0,0,3.201792000e-03,0.188283,0.000,,,,,,,
residual_rc_perapply_n160,nid006549,hex8,residual,atomic,atomic,sumfact,affine,0.000000e+00,72,0,160,4173281,4096000,16693124,0,0.0000,n/a,20,2.837522030e-02,588.2994,4619.2417,144.3513,108.8409,0,0,0,-7.109953901671e-14,1,1.000000,0,sumfact,on,off,0,1,0,0,0,,,0.000,,,,,,,
residual_rc_perapply_n160,nid006549,hex8,residual,packed,packed,sumfact,affine,0.000000e+00,72,2048,160,4173281,4096000,16693124,0,0.0000,n/a,20,1.215605736e-02,1373.2350,10782.4434,336.9514,254.0613,0,0,0,-6.590924637659e-14,1,1.000000,0,sumfact,on,off,0,1,0,0,0,,,0.000,,,,,,,
residual_rc_bnd_dt_n160,nid006549,hex8,residual,atomic,atomic,sumfact,affine,0.000000e+00,72,0,160,4173281,4096000,16693124,0,0.0000,n/a,20,2.102949619e-02,793.7957,6232.7694,194.7740,146.8596,0,0,0,6.759324573300e+00,1,1.000000,1,sumfact,on,on,0,0,0,0,1,,,0.000,,,,,,,
residual_rc_bnd_dt_n160,nid006549,hex8,residual,packed,packed,sumfact,affine,0.000000e+00,72,2048,160,4173281,4096000,16693124,0,0.0000,n/a,20,1.210563183e-02,1378.9552,10827.3572,338.3549,255.1196,0,0,0,6.759317416976e+00,1,1.000000,1,sumfact,on,on,0,0,0,0,1,,,0.000,,,,,,,
residual_rc_bnd_n160,nid006549,hex8,residual,atomic,atomic,sumfact,affine,0.000000e+00,72,0,160,4173281,4096000,16693124,0,0.0000,n/a,20,2.075605392e-02,804.2533,6314.8805,197.3400,148.7944,0,0,0,3.727500000000e+00,1,1.000000,1,sumfact,on,on,0,0,0,0,0,,,0.000,,,,,,,
residual_rc_bnd_n160,nid006549,hex8,residual,packed,packed,sumfact,affine,0.000000e+00,72,2048,160,4173281,4096000,16693124,0,0.0000,n/a,20,1.086971760e-02,1535.7459,12058.4550,376.8267,284.1273,0,0,0,3.727500000000e+00,1,1.000000,1,sumfact,on,on,0,0,0,0,0,,,0.000,,,,,,,
residual_rc_n160,nid006549,hex8,residual,atomic,atomic,sumfact,affine,0.000000e+00,72,0,160,4173281,4096000,16693124,0,0.0000,n/a,20,1.896517277e-02,880.1989,6911.1946,215.9748,162.8450,0,0,0,-7.109953901671e-14,1,1.000000,0,sumfact,on,off,0,0,0,0,0,,,0.000,,,,,,,
residual_rc_n160,nid006549,hex8,residual,packed,packed,sumfact,affine,0.000000e+00,72,2048,160,4173281,4096000,16693124,0,0.0000,n/a,20,9.931242466e-03,1680.8696,13197.9458,412.4358,310.9766,0,0,0,-6.590924637659e-14,1,1.000000,0,sumfact,on,off,0,0,0,0,0,,,0.000,,,,,,,
residual_current_n160,nid006549,hex8,residual,packed,packed,current,affine,0.000000e+00,72,2048,160,4173281,4096000,16693124,0,0.0000,n/a,20,7.859194279e-03,2124.0249,16677.5366,521.1730,392.9645,0,0,0,-6.568480297436e-14,0,0.000000,0,current,off,off,0,0,0,0,0,,,0.000,,,,,,,
residual_current_n160,nid006549,hex8,residual,atomic,atomic,current,affine,0.000000e+00,72,0,160,4173281,4096000,16693124,0,0.0000,n/a,20,2.079613209e-02,802.7033,6302.7105,196.9597,148.5076,0,0,0,-7.131918482433e-14,0,0.000000,0,current,off,off,0,0,0,0,0,,,0.000,,,,,,,
jac_bare_n160,nid006549,hex8,jac_action,atomic,atomic,sumfact,affine,0.000000e+00,72,0,160,4173281,4096000,16693124,0,0.0000,n/a,20,1.716058254e-02,972.7598,7637.9691,238.6865,202.8836,0,0,0,7.694581056301e-13,0,0.000000,0,n/a,off,off,0,0,0,0,0,,,0.000,,,,,,,
jac_bare_n160,nid006549,hex8,jac_action,packed,packed,sumfact,affine,0.000000e+00,72,2048,160,4173281,4096000,16693124,0,0.0000,n/a,20,8.975577354e-03,1859.8385,14603.1832,456.3495,387.8971,0,0,0,7.483083570110e-13,0,0.000000,0,n/a,off,off,0,0,0,0,0,,,0.000,,,,,,,
residual_bare_n160,nid006549,hex8,residual,atomic,atomic,sumfact,affine,0.000000e+00,72,0,160,4173281,4096000,16693124,0,0.0000,n/a,20,1.569627523e-02,1063.5086,8350.5162,260.9536,196.7590,0,0,0,-7.000232641816e-14,0,0.000000,0,sumfact,off,off,0,0,0,0,0,,,0.000,,,,,,,
residual_bare_n160,nid006549,hex8,residual,packed,packed,sumfact,affine,0.000000e+00,72,2048,160,4173281,4096000,16693124,0,0.0000,n/a,20,6.768882275e-03,2466.1566,19363.9060,605.1221,456.2620,0,0,0,-6.683819079797e-14,0,0.000000,0,sumfact,off,off,0,0,0,0,0,,,0.000,,,,,,,
residual_bare_n64,nid006549,hex8,residual,packed,packed,sumfact,affine,0.000000e+00,72,128,64,274625,262144,1098500,0,0.0000,n/a,20,3.955960274e-04,2776.8226,21204.9854,662.6558,499.6425,0,0,0,-1.235979634612e-14,0,0.000000,0,sumfact,off,off,0,0,0,0,0,,,0.000,,,,,,,
residual_bare_n64,nid006549,hex8,residual,atomic,atomic,sumfact,affine,0.000000e+00,72,0,64,274625,262144,1098500,0,0.0000,n/a,20,1.065456867e-03,1031.0131,7873.2497,246.0391,185.5134,0,0,0,-1.254020758762e-14,0,0.000000,0,sumfact,off,off,0,0,0,0,0,,,0.000,,,,,,,
jac_bare_n64,nid006549,hex8,jac_action,packed,packed,sumfact,affine,0.000000e+00,72,128,64,274625,262144,1098500,0,0.0000,n/a,20,5.321025848e-04,2064.4515,15765.0202,492.6569,418.7583,0,0,0,-1.151812315230e-12,0,0.000000,0,n/a,off,off,0,0,0,0,0,,,0.000,,,,,,,
jac_bare_n64,nid006549,hex8,jac_action,atomic,atomic,sumfact,affine,0.000000e+00,72,0,64,274625,262144,1098500,0,0.0000,n/a,20,1.263463497e-03,869.4355,6639.3750,207.4805,176.3584,0,0,0,-1.151479248323e-12,0,0.000000,0,n/a,off,off,0,0,0,0,0,,,0.000,,,,,,,
residual_current_n64,nid006549,hex8,residual,atomic,atomic,current,affine,0.000000e+00,72,0,64,274625,262144,1098500,0,0.0000,n/a,20,1.336717606e-03,821.7891,6275.5274,196.1102,147.8671,0,0,0,-1.240218865106e-14,0,0.000000,0,current,off,off,0,0,0,0,0,,,0.000,,,,,,,
residual_current_n64,nid006549,hex8,residual,packed,packed,current,affine,0.000000e+00,72,128,64,274625,262144,1098500,0,0.0000,n/a,20,5.087614059e-04,2159.1654,16488.2947,515.2592,388.5054,0,0,0,-1.272137777064e-14,0,0.000000,0,current,off,off,0,0,0,0,0,,,0.000,,,,,,,
residual_rc_n64,nid006549,hex8,residual,packed,packed,sumfact,affine,0.000000e+00,72,128,64,274625,262144,1098500,0,0.0000,n/a,20,5.738973618e-04,1914.1053,14616.9133,456.7785,344.4110,0,0,0,-1.282860536550e-14,1,1.000000,0,sumfact,on,off,0,0,0,0,0,,,0.000,,,,,,,
residual_rc_n64,nid006549,hex8,residual,atomic,atomic,sumfact,affine,0.000000e+00,72,0,64,274625,262144,1098500,0,0.0000,n/a,20,1.225399971e-03,896.4420,6845.6081,213.9253,161.2996,0,0,0,-1.256492739715e-14,1,1.000000,0,sumfact,on,off,0,0,0,0,0,,,0.000,,,,,,,
residual_rc_bnd_n64,nid006549,hex8,residual,packed,packed,sumfact,affine,0.000000e+00,72,128,64,274625,262144,1098500,0,0.0000,n/a,20,6.219983101e-04,1766.0820,13486.5447,421.4545,317.7767,0,0,0,3.727500000000e+00,1,1.000000,1,sumfact,on,on,0,0,0,0,0,,,0.000,,,,,,,
residual_rc_bnd_n64,nid006549,hex8,residual,atomic,atomic,sumfact,affine,0.000000e+00,72,0,64,274625,262144,1098500,0,0.0000,n/a,20,1.299738884e-03,845.1698,6454.0717,201.6897,152.0741,0,0,0,3.727500000000e+00,1,1.000000,1,sumfact,on,on,0,0,0,0,0,,,0.000,,,,,,,
residual_rc_bnd_dt_n64,nid006549,hex8,residual,packed,packed,sumfact,affine,0.000000e+00,72,128,64,274625,262144,1098500,0,0.0000,n/a,20,6.448984146e-04,1703.3691,13007.6425,406.4888,306.4926,0,0,0,6.759042994895e+00,1,1.000000,1,sumfact,on,on,0,0,0,0,1,,,0.000,,,,,,,
residual_rc_bnd_dt_n64,nid006549,hex8,residual,atomic,atomic,sumfact,affine,0.000000e+00,72,0,64,274625,262144,1098500,0,0.0000,n/a,20,1.357674599e-03,809.1040,6178.6587,193.0831,145.5846,0,0,0,6.759448953731e+00,1,1.000000,1,sumfact,on,on,0,0,0,0,1,,,0.000,,,,,,,
residual_rc_perapply_n64,nid006549,hex8,residual,packed,packed,sumfact,affine,0.000000e+00,72,128,64,274625,262144,1098500,0,0.0000,n/a,20,6.655693054e-04,1650.4667,12603.6581,393.8643,296.9737,0,0,0,-1.282860536550e-14,1,1.000000,0,sumfact,on,off,0,1,0,0,0,,,0.000,,,,,,,
residual_rc_perapply_n64,nid006549,hex8,residual,atomic,atomic,sumfact,affine,0.000000e+00,72,0,64,274625,262144,1098500,0,0.0000,n/a,20,1.883006096e-03,583.3757,4454.9022,139.2157,104.9686,0,0,0,-1.256492739715e-14,1,1.000000,0,sumfact,on,off,0,1,0,0,0,,,0.000,,,,,,,
jac_rc_n64,nid006549,hex8,jac_action,packed,packed,sumfact,affine,0.000000e+00,72,128,64,274625,262144,1098500,0,0.0000,n/a,20,9.232044220e-04,1189.8773,9086.4036,283.9501,241.3576,0,0,0,3.033959260039e-13,1,1.000000,0,n/a,exact,off,1,0,0,0,0,1.348736000e-04,0.146093,0.000,,,,,,,
jac_rc_n64,nid006549,hex8,jac_action,atomic,atomic,sumfact,affine,0.000000e+00,72,0,64,274625,262144,1098500,0,0.0000,n/a,20,2.119922638e-03,518.1793,3957.0350,123.6573,105.1087,0,0,0,2.991632007225e-13,1,1.000000,0,n/a,exact,off,1,0,0,0,0,7.852160000e-04,0.370398,0.000,,,,,,,
jac_rc_bnd_n64,nid006549,hex8,jac_action,packed,packed,sumfact,affine,0.000000e+00,72,128,64,274625,262144,1098500,0,0.0000,n/a,20,9.965419769e-04,1102.3118,8417.7167,263.0536,223.5956,0,0,0,5.047023127365e+00,1,1.000000,1,n/a,exact,on,1,0,0,0,0,1.325184000e-04,0.132978,0.000,,,,,,,
jac_rc_bnd_n64,nid006549,hex8,jac_action,atomic,atomic,sumfact,affine,0.000000e+00,72,0,64,274625,262144,1098500,0,0.0000,n/a,20,2.199852467e-03,499.3517,3813.2594,119.1644,101.2897,0,0,0,5.047023127365e+00,1,1.000000,1,n/a,exact,on,1,0,0,0,0,7.938944000e-04,0.360885,0.000,,,,,,,
assemble_n64,nid006549,hex8,assemble,packed,packed,sumfact,affine,0.000000e+00,72,128,64,274625,262144,1098500,7189057,877.5704,f64,20,1.308190823e-02,83.9709,641.2373,20.0387,46.1691,0,0,0,2.702547346339e-10,0,0.000000,0,sumfact,off,off,0,0,0,0,0,,,0.000,,,,,,,
assemble_n64,nid006549,hex8,assemble,atomic,atomic,sumfact,affine,0.000000e+00,72,0,64,274625,262144,1098500,7189057,877.5704,f64,20,2.787269354e-02,39.4113,300.9615,9.4050,21.6692,0,0,0,2.702932316173e-10,0,0.000000,0,sumfact,off,off,0,0,0,0,0,,,0.000,,,,,,,
assemble_n64,nid006549,hex8,assemble,colored,colored,sumfact,affine,0.000000e+00,72,128,64,274625,262144,1098500,7189057,877.5704,f64,20,1.145513058e-02,95.8959,732.3014,22.8844,52.7257,14,146,147,2.702547346339e-10,0,0.000000,0,sumfact,off,off,0,0,0,0,0,,,0.000,,,,,,,
assemble_n64,nid006549,hex8,assemble,store,store,sumfact,affine,0.000000e+00,72,128,64,274625,262144,1098500,7189057,877.5704,f64,20,1.041306257e-02,105.4925,805.5851,25.1745,58.0021,0,0,0,2.702547346339e-10,0,0.000000,0,sumfact,off,off,0,0,0,0,0,,,0.000,,,,,,,
assemble_sympy_n64,nid006549,hex8,assemble,atomic,atomic,sympy,affine,0.000000e+00,72,0,64,274625,262144,1098500,7189057,877.5704,f64,20,1.953887939e-02,56.2212,429.3290,13.4165,30.9117,0,0,0,2.702932318341e-10,0,0.000000,0,sympy,off,off,0,0,0,0,0,,,0.000,,,,,,,
assemble_sympy_n64,nid006549,hex8,assemble,colored,colored,sympy,affine,0.000000e+00,72,128,64,274625,262144,1098500,7189057,877.5704,f64,20,1.241680384e-02,88.4688,675.5851,21.1120,48.6421,14,146,147,2.702547348507e-10,0,0.000000,0,sympy,off,off,0,0,0,0,0,,,0.000,,,,,,,
assemble_diag_n64,nid006549,hex8,assemble_diag,atomic,atomic,sumfact,affine,0.000000e+00,72,0,64,274625,262144,1098500,0,0.0000,n/a,20,1.032347679e-02,106.4079,812.5759,25.3930,19.1463,0,0,0,5.801523603040e+02,0,0.000000,0,n/a,off,off,0,0,0,0,0,,,0.000,,,,,,,
spmv_f64_n64,nid006549,hex8,bsr_apply,packed,n/a,sumfact,affine,0.000000e+00,72,128,64,274625,262144,1098500,7189057,877.5704,f64,20,2.210319042e-03,496.9871,0.0000,0.0000,0.0000,0,0,0,-1.151445421215e-12,0,0.000000,0,n/a,off,off,0,0,0,0,0,,,0.000,,,,,,,
spmv_f32_n64,nid006549,hex8,bsr_apply,packed,n/a,sumfact,affine,0.000000e+00,72,128,64,274625,262144,1098500,7189057,438.7852,f32,20,1.119112968e-03,981.5810,0.0000,0.0000,0.0000,0,0,0,1.266337291522e-05,0,0.000000,0,n/a,off,off,0,0,0,0,0,,,0.000,,,,,,,
residual_bare_n96,nid006549,hex8,residual,packed,packed,sumfact,affine,0.000000e+00,72,512,96,912673,884736,3650692,0,0.0000,n/a,20,1.277184486e-03,2858.3905,22167.1593,692.7237,522.3137,0,0,0,9.553718493399e-14,0,0.000000,0,sumfact,off,off,0,0,0,0,0,,,0.000,,,,,,,
residual_bare_n96,nid006549,hex8,residual,atomic,atomic,sumfact,affine,0.000000e+00,72,0,96,912673,884736,3650692,0,0.0000,n/a,20,3.273785114e-03,1115.1288,8647.9567,270.2486,203.7675,0,0,0,9.868744276637e-14,0,0.000000,0,sumfact,off,off,0,0,0,0,0,,,0.000,,,,,,,
jac_bare_n96,nid006549,hex8,jac_action,packed,packed,sumfact,affine,0.000000e+00,72,512,96,912673,884736,3650692,0,0.0000,n/a,20,1.933395863e-03,1888.2279,14643.4326,457.6073,388.9662,0,0,0,-2.009048702682e-12,0,0.000000,0,n/a,off,off,0,0,0,0,0,,,0.000,,,,,,,
jac_bare_n96,nid006549,hex8,jac_action,atomic,atomic,sumfact,affine,0.000000e+00,72,0,96,912673,884736,3650692,0,0.0000,n/a,20,3.742206097e-03,975.5454,7565.4711,236.4210,200.9578,0,0,0,-1.948041947479e-12,0,0.000000,0,n/a,off,off,0,0,0,0,0,,,0.000,,,,,,,
residual_current_n96,nid006549,hex8,residual,atomic,atomic,current,affine,0.000000e+00,72,0,96,912673,884736,3650692,0,0.0000,n/a,20,4.827570915e-03,756.2172,5864.5543,183.2673,138.1836,0,0,0,1.028125609821e-13,0,0.000000,0,current,off,off,0,0,0,0,0,,,0.000,,,,,,,
residual_current_n96,nid006549,hex8,residual,packed,packed,current,affine,0.000000e+00,72,512,96,912673,884736,3650692,0,0.0000,n/a,20,1.636743546e-03,2230.4606,17297.4881,540.5465,407.5721,0,0,0,1.028819499212e-13,0,0.000000,0,current,off,off,0,0,0,0,0,,,0.000,,,,,,,
residual_rc_n96,nid006549,hex8,residual,packed,packed,sumfact,affine,0.000000e+00,72,512,96,912673,884736,3650692,0,0.0000,n/a,20,1.950728893e-03,1871.4502,14513.3197,453.5412,341.9701,0,0,0,1.003804244587e-13,1,1.000000,0,sumfact,on,off,0,0,0,0,0,,,0.000,,,,,,,
residual_rc_n96,nid006549,hex8,residual,atomic,atomic,sumfact,affine,0.000000e+00,72,0,96,912673,884736,3650692,0,0.0000,n/a,20,3.926837444e-03,929.6774,7209.7591,225.3050,169.8799,0,0,0,1.025453593567e-13,1,1.000000,0,sumfact,on,off,0,0,0,0,0,,,0.000,,,,,,,
residual_rc_bnd_n96,nid006549,hex8,residual,packed,packed,sumfact,affine,0.000000e+00,72,512,96,912673,884736,3650692,0,0.0000,n/a,20,2.223443985e-03,1641.9087,12733.1978,397.9124,300.0260,0,0,0,3.727500000000e+00,1,1.000000,1,sumfact,on,on,0,0,0,0,0,,,0.000,,,,,,,
residual_rc_bnd_n96,nid006549,hex8,residual,atomic,atomic,sumfact,affine,0.000000e+00,72,0,96,912673,884736,3650692,0,0.0000,n/a,20,4.113328457e-03,887.5275,6882.8814,215.0900,162.1779,0,0,0,3.727500000000e+00,1,1.000000,1,sumfact,on,on,0,0,0,0,0,,,0.000,,,,,,,
residual_rc_bnd_dt_n96,nid006549,hex8,residual,packed,packed,sumfact,affine,0.000000e+00,72,512,96,912673,884736,3650692,0,0.0000,n/a,20,2.351820469e-03,1552.2835,12038.1434,376.1920,283.6488,0,0,0,6.759195490287e+00,1,1.000000,1,sumfact,on,on,0,0,0,0,1,,,0.000,,,,,,,
residual_rc_bnd_dt_n96,nid006549,hex8,residual,atomic,atomic,sumfact,affine,0.000000e+00,72,0,96,912673,884736,3650692,0,0.0000,n/a,20,4.247474670e-03,859.4971,6665.5023,208.2969,157.0559,0,0,0,6.759287405709e+00,1,1.000000,1,sumfact,on,on,0,0,0,0,1,,,0.000,,,,,,,
residual_rc_perapply_n96,nid006549,hex8,residual,packed,packed,sumfact,affine,0.000000e+00,72,512,96,912673,884736,3650692,0,0.0000,n/a,20,2.348911762e-03,1554.2057,12053.0505,376.6578,284.0000,0,0,0,1.003804244587e-13,1,1.000000,0,sumfact,on,off,0,1,0,0,0,,,0.000,,,,,,,
residual_rc_perapply_n96,nid006549,hex8,residual,atomic,atomic,sumfact,affine,0.000000e+00,72,0,96,912673,884736,3650692,0,0.0000,n/a,20,5.831527710e-03,626.0267,4854.9117,151.7160,114.3939,0,0,0,1.025453593567e-13,1,1.000000,0,sumfact,on,off,0,1,0,0,0,,,0.000,,,,,,,
jac_rc_n96,nid006549,hex8,jac_action,packed,packed,sumfact,affine,0.000000e+00,72,512,96,912673,884736,3650692,0,0.0000,n/a,20,3.586041927e-03,1018.0283,7894.9306,246.7166,209.7091,0,0,0,2.763892901440e-13,1,1.000000,0,n/a,exact,off,1,0,0,0,0,6.619264000e-04,0.184584,0.000,,,,,,,
jac_rc_n96,nid006549,hex8,jac_action,atomic,atomic,sumfact,affine,0.000000e+00,72,0,96,912673,884736,3650692,0,0.0000,n/a,20,6.948745251e-03,525.3743,4074.3402,127.3231,108.2247,0,0,0,2.773607352905e-13,1,1.000000,0,n/a,exact,off,1,0,0,0,0,2.330892800e-03,0.335441,0.000,,,,,,,
jac_rc_bnd_n96,nid006549,hex8,jac_action,packed,packed,sumfact,affine,0.000000e+00,72,512,96,912673,884736,3650692,0,0.0000,n/a,20,3.873956203e-03,942.3679,7308.1755,228.3805,194.1234,0,0,0,5.047058237368e+00,1,1.000000,1,n/a,exact,on,1,0,0,0,0,6.663680000e-04,0.172012,0.000,,,,,,,
jac_rc_bnd_n96,nid006549,hex8,jac_action,atomic,atomic,sumfact,affine,0.000000e+00,72,0,96,912673,884736,3650692,0,0.0000,n/a,20,7.080936432e-03,515.5663,3998.2779,124.9462,106.2043,0,0,0,5.047058237368e+00,1,1.000000,1,n/a,exact,on,1,0,0,0,0,2.332224000e-03,0.329367,0.000,,,,,,,
assemble_n96,nid006549,hex8,assemble,packed,packed,sumfact,affine,0.000000e+00,72,512,96,912673,884736,3650692,24137569,2946.4806,f64,20,6.181534529e-02,59.0580,458.0020,14.3126,32.9761,0,0,0,7.386596588159e-11,0,0.000000,0,sumfact,off,off,0,0,0,0,0,,,0.000,,,,,,,
assemble_n96,nid006549,hex8,assemble,atomic,atomic,sumfact,affine,0.000000e+00,72,0,96,912673,884736,3650692,24137569,2946.4806,f64,20,9.340424538e-02,39.0849,303.1078,9.4721,21.8238,0,0,0,7.342422201788e-11,0,0.000000,0,sumfact,off,off,0,0,0,0,0,,,0.000,,,,,,,
assemble_n96,nid006549,hex8,assemble,colored,colored,sumfact,affine,0.000000e+00,72,512,96,912673,884736,3650692,24137569,2946.4806,f64,20,3.894606829e-02,93.7371,726.9425,22.7170,52.3399,19,90,91,7.389472065792e-11,0,0.000000,0,sumfact,off,off,0,0,0,0,0,,,0.000,,,,,,,
assemble_n96,nid006549,hex8,assemble,store,store,sumfact,affine,0.000000e+00,72,512,96,912673,884736,3650692,24137569,2946.4806,f64,20,4.255909920e-02,85.7794,665.2291,20.7884,47.8965,0,0,0,7.386596588159e-11,0,0.000000,0,sumfact,off,off,0,0,0,0,0,,,0.000,,,,,,,
assemble_sympy_n96,nid006549,hex8,assemble,atomic,atomic,sympy,affine,0.000000e+00,72,0,96,912673,884736,3650692,24137569,2946.4806,f64,20,6.533752680e-02,55.8744,433.3123,13.5410,31.1985,0,0,0,6.578006241380e-11,0,0.000000,0,sympy,off,off,0,0,0,0,0,,,0.000,,,,,,,
assemble_sympy_n96,nid006549,hex8,assemble,colored,colored,sympy,affine,0.000000e+00,72,512,96,912673,884736,3650692,24137569,2946.4806,f64,20,4.098182917e-02,89.0807,690.8318,21.5885,49.7399,19,90,91,6.632765216512e-11,0,0.000000,0,sympy,off,off,0,0,0,0,0,,,0.000,,,,,,,
assemble_diag_n96,nid006549,hex8,assemble_diag,atomic,atomic,sumfact,affine,0.000000e+00,72,0,96,912673,884736,3650692,0,0.0000,n/a,20,3.246172667e-02,112.4614,872.1518,27.2547,20.5501,0,0,0,1.054549351220e+03,0,0.000000,0,n/a,off,off,0,0,0,0,0,,,0.000,,,,,,,
spmv_f64_n96,nid006549,hex8,bsr_apply,packed,n/a,sumfact,affine,0.000000e+00,72,512,96,912673,884736,3650692,24137569,2946.4806,f64,20,8.076298237e-03,452.0254,0.0000,0.0000,0.0000,0,0,0,-2.227890574390e-12,0,0.000000,0,n/a,off,off,0,0,0,0,0,,,0.000,,,,,,,
spmv_f32_n96,nid006549,hex8,bsr_apply,packed,n/a,sumfact,affine,0.000000e+00,72,512,96,912673,884736,3650692,24137569,1473.2403,f32,20,4.100143909e-03,890.3814,0.0000,0.0000,0.0000,0,0,0,-1.159811748818e-06,0,0.000000,0,n/a,off,off,0,0,0,0,0,,,0.000,,,,,,,
residual_bare_n128,nid006549,hex8,residual,packed,packed,sumfact,affine,0.000000e+00,72,1024,128,2146689,2097152,8586756,0,0.0000,n/a,20,3.298914433e-03,2602.9035,20342.7113,635.7097,479.3251,0,0,0,1.366551186446e-13,0,0.000000,0,sumfact,off,off,0,0,0,0,0,,,0.000,,,,,,,
residual_bare_n128,nid006549,hex8,residual,atomic,atomic,sumfact,affine,0.000000e+00,72,0,128,2146689,2097152,8586756,0,0.0000,n/a,20,7.898545265e-03,1087.1313,8496.3575,265.5112,200.1954,0,0,0,1.381469808340e-13,0,0.000000,0,sumfact,off,off,0,0,0,0,0,,,0.000,,,,,,,
jac_bare_n128,nid006549,hex8,jac_action,packed,packed,sumfact,affine,0.000000e+00,72,1024,128,2146689,2097152,8586756,0,0.0000,n/a,20,4.392743111e-03,1954.7594,15277.2111,477.4128,405.8009,0,0,0,-2.268767828771e-12,0,0.000000,0,n/a,off,off,0,0,0,0,0,,,0.000,,,,,,,
jac_bare_n128,nid006549,hex8,jac_action,atomic,atomic,sumfact,affine,0.000000e+00,72,0,128,2146689,2097152,8586756,0,0.0000,n/a,20,8.801114559e-03,975.6442,7625.0415,238.2825,202.5402,0,0,0,-2.268767828771e-12,0,0.000000,0,n/a,off,off,0,0,0,0,0,,,0.000,,,,,,,
residual_current_n128,nid006549,hex8,residual,atomic,atomic,current,affine,0.000000e+00,72,0,128,2146689,2097152,8586756,0,0.0000,n/a,20,1.003440619e-02,855.7314,6687.8760,208.9961,157.5831,0,0,0,1.381248631097e-13,0,0.000000,0,current,off,off,0,0,0,0,0,,,0.000,,,,,,,
residual_current_n128,nid006549,hex8,residual,packed,packed,current,affine,0.000000e+00,72,1024,128,2146689,2097152,8586756,0,0.0000,n/a,20,4.030454159e-03,2130.4686,16650.4472,520.3265,392.3262,0,0,0,1.366330009203e-13,0,0.000000,0,current,off,off,0,0,0,0,0,,,0.000,,,,,,,
residual_rc_n128,nid006549,hex8,residual,packed,packed,sumfact,affine,0.000000e+00,72,1024,128,2146689,2097152,8586756,0,0.0000,n/a,20,4.872655869e-03,1762.2332,13772.5433,430.3920,324.5156,0,0,0,1.366482339608e-13,1,1.000000,0,sumfact,on,off,0,0,0,0,0,,,0.000,,,,,,,
residual_rc_n128,nid006549,hex8,residual,atomic,atomic,sumfact,affine,0.000000e+00,72,0,128,2146689,2097152,8586756,0,0.0000,n/a,20,9.501302242e-03,903.7452,7063.1227,220.7226,166.4248,0,0,0,1.381470350441e-13,1,1.000000,0,sumfact,on,off,0,0,0,0,0,,,0.000,,,,,,,
residual_rc_bnd_n128,nid006549,hex8,residual,packed,packed,sumfact,affine,0.000000e+00,72,1024,128,2146689,2097152,8586756,0,0.0000,n/a,20,5.977964401e-03,1436.4013,11226.0394,350.8137,264.5136,0,0,0,3.727500000000e+00,1,1.000000,1,sumfact,on,on,0,0,0,0,0,,,0.000,,,,,,,
residual_rc_bnd_n128,nid006549,hex8,residual,atomic,atomic,sumfact,affine,0.000000e+00,72,0,128,2146689,2097152,8586756,0,0.0000,n/a,20,1.064530611e-02,806.6237,6304.0802,197.0025,148.5399,0,0,0,3.727500000000e+00,1,1.000000,1,sumfact,on,on,0,0,0,0,0,,,0.000,,,,,,,
residual_rc_bnd_dt_n128,nid006549,hex8,residual,packed,packed,sumfact,affine,0.000000e+00,72,1024,128,2146689,2097152,8586756,0,0.0000,n/a,20,6.017422676e-03,1426.9824,11152.4265,348.5133,262.7790,0,0,0,6.759412313613e+00,1,1.000000,1,sumfact,on,on,0,0,0,0,1,,,0.000,,,,,,,
residual_rc_bnd_dt_n128,nid006549,hex8,residual,atomic,atomic,sumfact,affine,0.000000e+00,72,0,128,2146689,2097152,8586756,0,0.0000,n/a,20,1.060265303e-02,809.8686,6329.4407,197.7950,149.1374,0,0,0,6.759329548060e+00,1,1.000000,1,sumfact,on,on,0,0,0,0,1,,,0.000,,,,,,,
residual_rc_perapply_n128,nid006549,hex8,residual,packed,packed,sumfact,affine,0.000000e+00,72,1024,128,2146689,2097152,8586756,0,0.0000,n/a,20,5.955648422e-03,1441.7836,11268.1037,352.1282,265.5047,0,0,0,1.366482339608e-13,1,1.000000,0,sumfact,on,off,0,1,0,0,0,,,0.000,,,,,,,
residual_rc_perapply_n128,nid006549,hex8,residual,atomic,atomic,sumfact,affine,0.000000e+00,72,0,128,2146689,2097152,8586756,0,0.0000,n/a,20,1.437121630e-02,597.4968,4669.6718,145.9272,110.0291,0,0,0,1.381470350441e-13,1,1.000000,0,sumfact,on,off,0,1,0,0,0,,,0.000,,,,,,,
jac_rc_n128,nid006549,hex8,jac_action,packed,packed,sumfact,affine,0.000000e+00,72,1024,128,2146689,2097152,8586756,0,0.0000,n/a,20,8.914291859e-03,963.2572,7528.2328,235.2573,199.9687,0,0,0,-3.069362255678e-13,1,1.000000,0,n/a,exact,off,1,0,0,0,0,1.650188800e-03,0.185117,0.000,,,,,,,
jac_rc_n128,nid006549,hex8,jac_action,atomic,atomic,sumfact,affine,0.000000e+00,72,0,128,2146689,2097152,8586756,0,0.0000,n/a,20,1.600805521e-02,536.4022,4192.1934,131.0060,111.3551,0,0,0,-3.078244039875e-13,1,1.000000,0,n/a,exact,off,1,0,0,0,0,5.245184000e-03,0.327659,0.000,,,,,,,
jac_rc_bnd_n128,nid006549,hex8,jac_action,packed,packed,sumfact,affine,0.000000e+00,72,1024,128,2146689,2097152,8586756,0,0.0000,n/a,20,9.484052658e-03,905.3889,7075.9691,221.1240,187.9554,0,0,0,5.048053297186e+00,1,1.000000,1,n/a,exact,on,1,0,0,0,0,1.691225600e-03,0.178323,0.000,,,,,,,
jac_rc_bnd_n128,nid006549,hex8,jac_action,atomic,atomic,sumfact,affine,0.000000e+00,72,0,128,2146689,2097152,8586756,0,0.0000,n/a,20,1.650602818e-02,520.2194,4065.7185,127.0537,107.9956,0,0,0,5.048053297186e+00,1,1.000000,1,n/a,exact,on,1,0,0,0,0,5.245798400e-03,0.317811,0.000,,,,,,,
assemble_n128,nid006549,hex8,assemble,packed,packed,sumfact,affine,0.000000e+00,72,1024,128,2146689,2097152,8586756,57066625,6966.1407,f64,20,1.527461171e-01,56.2159,439.3491,13.7297,31.6331,0,0,0,-3.076235482948e-08,0,0.000000,0,sumfact,off,off,0,0,0,0,0,,,0.000,,,,,,,
assemble_n128,nid006549,hex8,assemble,atomic,atomic,sumfact,affine,0.000000e+00,72,0,128,2146689,2097152,8586756,57066625,6966.1407,f64,20,2.203499556e-01,38.9687,304.5558,9.5174,21.9280,0,0,0,-3.076550014682e-08,0,0.000000,0,sumfact,off,off,0,0,0,0,0,,,0.000,,,,,,,
assemble_n128,nid006549,hex8,assemble,colored,colored,sumfact,affine,0.000000e+00,72,1024,128,2146689,2097152,8586756,57066625,6966.1407,f64,20,8.312135935e-02,103.3038,807.3600,25.2300,58.1299,14,146,147,-3.076235482948e-08,0,0.000000,0,sumfact,off,off,0,0,0,0,0,,,0.000,,,,,,,
assemble_n128,nid006549,hex8,assemble,store,store,sumfact,affine,0.000000e+00,72,1024,128,2146689,2097152,8586756,57066625,6966.1407,f64,20,1.082110524e-01,79.3519,620.1664,19.3802,44.6520,0,0,0,-3.076235482948e-08,0,0.000000,0,sumfact,off,off,0,0,0,0,0,,,0.000,,,,,,,
assemble_sympy_n128,nid006549,hex8,assemble,atomic,atomic,sympy,affine,0.000000e+00,72,0,128,2146689,2097152,8586756,57066625,6966.1407,f64,20,1.554122686e-01,55.2515,431.8119,13.4941,31.0905,0,0,0,-3.076550013728e-08,0,0.000000,0,sympy,off,off,0,0,0,0,0,,,0.000,,,,,,,
assemble_sympy_n128,nid006549,hex8,assemble,colored,colored,sympy,affine,0.000000e+00,72,1024,128,2146689,2097152,8586756,57066625,6966.1407,f64,20,8.728615046e-02,98.3748,768.8375,24.0262,55.3563,14,146,147,-3.076235482687e-08,0,0.000000,0,sympy,off,off,0,0,0,0,0,,,0.000,,,,,,,
assemble_diag_n128,nid006549,hex8,assemble_diag,atomic,atomic,sumfact,affine,0.000000e+00,72,0,128,2146689,2097152,8586756,0,0.0000,n/a,20,7.529336214e-02,114.0440,891.2985,27.8531,21.0012,0,0,0,1.651826180067e+03,0,0.000000,0,n/a,off,off,0,0,0,0,0,,,0.000,,,,,,,
spmv_f64_n128,nid006549,hex8,bsr_apply,packed,n/a,sumfact,affine,0.000000e+00,72,1024,128,2146689,2097152,8586756,57066625,6966.1407,f64,20,1.915700436e-02,448.2306,0.0000,0.0000,0.0000,0,0,0,-2.271657308876e-12,0,0.000000,0,n/a,off,off,0,0,0,0,0,,,0.000,,,,,,,
spmv_f32_n128,nid006549,hex8,bsr_apply,packed,n/a,sumfact,affine,0.000000e+00,72,1024,128,2146689,2097152,8586756,57066625,3483.0704,f32,20,1.038914919e-02,826.5120,0.0000,0.0000,0.0000,0,0,0,4.661746579456e-05,0,0.000000,0,n/a,off,off,0,0,0,0,0,,,0.000,,,,,,,
residual_bare_n160,nid006549,hex8,residual,packed,packed,sumfact,affine,0.000000e+00,72,2048,160,4173281,4096000,16693124,0,0.0000,n/a,20,6.673252583e-03,2501.4974,19641.3965,613.7936,462.8004,0,0,0,-6.683819079797e-14,0,0.000000,0,sumfact,off,off,0,0,0,0,0,,,0.000,,,,,,,
residual_bare_n160,nid006549,hex8,residual,atomic,atomic,sumfact,affine,0.000000e+00,72,0,160,4173281,4096000,16693124,0,0.0000,n/a,20,1.568669081e-02,1064.1584,8355.6183,261.1131,196.8793,0,0,0,-7.000232641816e-14,0,0.000000,0,sumfact,off,off,0,0,0,0,0,,,0.000,,,,,,,
jac_bare_n160,nid006549,hex8,jac_action,packed,packed,sumfact,affine,0.000000e+00,72,2048,160,4173281,4096000,16693124,0,0.0000,n/a,20,9.029352665e-03,1848.7620,14516.2123,453.6316,385.5869,0,0,0,7.483083570110e-13,0,0.000000,0,n/a,off,off,0,0,0,0,0,,,0.000,,,,,,,
jac_bare_n160,nid006549,hex8,jac_action,atomic,atomic,sumfact,affine,0.000000e+00,72,0,160,4173281,4096000,16693124,0,0.0000,n/a,20,1.712820530e-02,974.5985,7652.4071,239.1377,203.2671,0,0,0,7.694581056301e-13,0,0.000000,0,n/a,off,off,0,0,0,0,0,,,0.000,,,,,,,
residual_current_n160,nid006549,hex8,residual,atomic,atomic,current,affine,0.000000e+00,72,0,160,4173281,4096000,16693124,0,0.0000,n/a,20,2.040175200e-02,818.2201,6424.5463,200.7671,151.3784,0,0,0,-7.131918482433e-14,0,0.000000,0,current,off,off,0,0,0,0,0,,,0.000,,,,,,,
residual_current_n160,nid006549,hex8,residual,packed,packed,current,affine,0.000000e+00,72,2048,160,4173281,4096000,16693124,0,0.0000,n/a,20,7.812011242e-03,2136.8536,16778.2657,524.3208,395.3379,0,0,0,-6.568480297436e-14,0,0.000000,0,current,off,off,0,0,0,0,0,,,0.000,,,,,,,
residual_rc_n160,nid006549,hex8,residual,packed,packed,sumfact,affine,0.000000e+00,72,2048,160,4173281,4096000,16693124,0,0.0000,n/a,20,9.916186333e-03,1683.4218,13217.9848,413.0620,311.4488,0,0,0,-6.590924637659e-14,1,1.000000,0,sumfact,on,off,0,0,0,0,0,,,0.000,,,,,,,
residual_rc_n160,nid006549,hex8,residual,atomic,atomic,sumfact,affine,0.000000e+00,72,0,160,4173281,4096000,16693124,0,0.0000,n/a,20,1.918326616e-02,870.1920,6832.6217,213.5194,160.9936,0,0,0,-7.109953901671e-14,1,1.000000,0,sumfact,on,off,0,0,0,0,0,,,0.000,,,,,,,
residual_rc_bnd_n160,nid006549,hex8,residual,packed,packed,sumfact,affine,0.000000e+00,72,2048,160,4173281,4096000,16693124,0,0.0000,n/a,20,1.081309319e-02,1543.7880,12121.6009,378.8000,285.6152,0,0,0,3.727500000000e+00,1,1.000000,1,sumfact,on,on,0,0,0,0,0,,,0.000,,,,,,,
residual_rc_bnd_n160,nid006549,hex8,residual,atomic,atomic,sumfact,affine,0.000000e+00,72,0,160,4173281,4096000,16693124,0,0.0000,n/a,20,2.042415142e-02,817.3228,6417.5004,200.5469,151.2124,0,0,0,3.727500000000e+00,1,1.000000,1,sumfact,on,on,0,0,0,0,0,,,0.000,,,,,,,
residual_rc_bnd_dt_n160,nid006549,hex8,residual,packed,packed,sumfact,affine,0.000000e+00,72,2048,160,4173281,4096000,16693124,0,0.0000,n/a,20,1.191953421e-02,1400.4846,10996.4029,343.6376,259.1027,0,0,0,6.759317416976e+00,1,1.000000,1,sumfact,on,on,0,0,0,0,1,,,0.000,,,,,,,
residual_rc_bnd_dt_n160,nid006549,hex8,residual,atomic,atomic,sumfact,affine,0.000000e+00,72,0,160,4173281,4096000,16693124,0,0.0000,n/a,20,2.096022367e-02,796.4192,6253.3684,195.4178,147.3450,0,0,0,6.759324573300e+00,1,1.000000,1,sumfact,on,on,0,0,0,0,1,,,0.000,,,,,,,
residual_rc_perapply_n160,nid006549,hex8,residual,packed,packed,sumfact,affine,0.000000e+00,72,2048,160,4173281,4096000,16693124,0,0.0000,n/a,20,1.212671995e-02,1376.5572,10808.5286,337.7665,254.6760,0,0,0,-6.590924637659e-14,1,1.000000,0,sumfact,on,off,0,1,0,0,0,,,0.000,,,,,,,
residual_rc_perapply_n160,nid006549,hex8,residual,atomic,atomic,sumfact,affine,0.000000e+00,72,0,160,4173281,4096000,16693124,0,0.0000,n/a,20,2.850965261e-02,585.5253,4597.4604,143.6706,108.3277,0,0,0,-7.109953901671e-14,1,1.000000,0,sumfact,on,off,0,1,0,0,0,,,0.000,,,,,,,
jac_rc_n160,nid006549,hex8,jac_action,packed,packed,sumfact,affine,0.000000e+00,72,2048,160,4173281,4096000,16693124,0,0.0000,n/a,20,1.713951826e-02,973.9553,7647.3561,238.9799,203.1329,0,0,0,-5.547403831327e-13,1,1.000000,0,n/a,exact,off,1,0,0,0,0,3.222195200e-03,0.187998,0.000,,,,,,,
jac_rc_n160,nid006549,hex8,jac_action,atomic,atomic,sumfact,affine,0.000000e+00,72,0,160,4173281,4096000,16693124,0,0.0000,n/a,20,3.157557249e-02,528.6721,4151.0570,129.7205,110.2625,0,0,0,-5.591812752312e-13,1,1.000000,0,n/a,exact,off,1,0,0,0,0,1.062913280e-02,0.336625,0.000,,,,,,,
jac_rc_bnd_n160,nid006549,hex8,jac_action,packed,packed,sumfact,affine,0.000000e+00,72,2048,160,4173281,4096000,16693124,0,0.0000,n/a,20,1.800428629e-02,927.1750,7280.0442,227.5014,193.3762,0,0,0,5.046148336219e+00,1,1.000000,1,n/a,exact,on,1,0,0,0,0,3.247142400e-03,0.180354,0.000,,,,,,,
jac_rc_bnd_n160,nid006549,hex8,jac_action,atomic,atomic,sumfact,affine,0.000000e+00,72,0,160,4173281,4096000,16693124,0,0.0000,n/a,20,3.244740963e-02,514.4671,4039.5212,126.2350,107.2998,0,0,0,5.046148336219e+00,1,1.000000,1,n/a,exact,on,1,0,0,0,0,1.066003200e-02,0.328533,0.000,,,,,,,
assemble_n160,nid006549,hex8,assemble,packed,packed,sumfact,affine,0.000000e+00,72,2048,160,4173281,4096000,16693124,111284641,13584.5509,f64,20,3.126996279e-01,53.3839,419.1626,13.0988,30.1797,0,0,0,1.165429404451e-08,0,0.000000,0,sumfact,off,off,0,0,0,0,0,,,0.000,,,,,,,
assemble_n160,nid006549,hex8,assemble,atomic,atomic,sumfact,affine,0.000000e+00,72,0,160,4173281,4096000,16693124,111284641,13584.5509,f64,20,4.287848234e-01,38.9312,305.6825,9.5526,22.0091,0,0,0,1.164916721901e-08,0,0.000000,0,sumfact,off,off,0,0,0,0,0,,,0.000,,,,,,,
assemble_n160,nid006549,hex8,assemble,colored,colored,sumfact,affine,0.000000e+00,72,2048,160,4173281,4096000,16693124,111284641,13584.5509,f64,20,1.595252514e-01,104.6425,821.6379,25.6762,59.1579,20,99,101,1.165426806529e-08,0,0.000000,0,sumfact,off,off,0,0,0,0,0,,,0.000,,,,,,,
assemble_n160,nid006549,hex8,assemble,store,store,sumfact,affine,0.000000e+00,72,2048,160,4173281,4096000,16693124,111284641,13584.5509,f64,20,2.446640372e-01,68.2288,535.7224,16.7413,38.5720,0,0,0,1.165429404451e-08,0,0.000000,0,sumfact,off,off,0,0,0,0,0,,,0.000,,,,,,,
assemble_sympy_n160,nid006549,hex8,assemble,atomic,atomic,sympy,affine,0.000000e+00,72,0,160,4173281,4096000,16693124,111284641,13584.5509,f64,20,2.998098373e-01,55.6790,437.1838,13.6620,31.4772,0,0,0,1.167343591505e-08,0,0.000000,0,sympy,off,off,0,0,0,0,0,,,0.000,,,,,,,
assemble_sympy_n160,nid006549,hex8,assemble,colored,colored,sympy,affine,0.000000e+00,72,2048,160,4173281,4096000,16693124,111284641,13584.5509,f64,20,1.691413403e-01,98.6933,774.9259,24.2164,55.7947,20,99,101,1.168506756832e-08,0,0.000000,0,sympy,off,off,0,0,0,0,0,,,0.000,,,,,,,
assemble_diag_n160,nid006549,hex8,assemble_diag,atomic,atomic,sumfact,affine,0.000000e+00,72,0,160,4173281,4096000,16693124,0,0.0000,n/a,20,1.458970070e-01,114.4172,898.3872,28.0746,21.1682,0,0,0,2.371982944015e+03,0,0.000000,0,n/a,off,off,0,0,0,0,0,,,0.000,,,,,,,
spmv_f64_n160,nid006549,hex8,bsr_apply,packed,n/a,sumfact,affine,0.000000e+00,72,2048,160,4173281,4096000,16693124,111284641,13584.5509,f64,20,3.662949800e-02,455.7290,0.0000,0.0000,0.0000,0,0,0,7.157881465282e-13,0,0.000000,0,n/a,off,off,0,0,0,0,0,,,0.000,,,,,,,
spmv_f32_n160,nid006549,hex8,bsr_apply,packed,n/a,sumfact,affine,0.000000e+00,72,2048,160,4173281,4096000,16693124,111284641,6792.2755,f32,20,1.903419495e-02,877.0071,0.0000,0.0000,0.0000,0,0,0,4.118532892879e-05,0,0.000000,0,n/a,off,off,0,0,0,0,0,,,0.000,,,,,,,
residual_bare_n192,nid006549,hex8,residual,packed,packed,sumfact,affine,0.000000e+00,72,4096,192,7189057,7077888,28756228,0,0.0000,n/a,20,1.122477055e-02,2561.8544,20177.9105,630.5597,475.4420,0,0,0,-2.914920908814e-14,0,0.000000,0,sumfact,off,off,0,0,0,0,0,,,0.000,,,,,,,
residual_bare_n192,nid006549,hex8,residual,atomic,atomic,sumfact,affine,0.000000e+00,72,0,192,7189057,7077888,28756228,0,0.0000,n/a,20,2.640715837e-02,1088.9558,8576.9325,268.0291,202.0940,0,0,0,-1.935149089582e-14,0,0.000000,0,sumfact,off,off,0,0,0,0,0,,,0.000,,,,,,,
jac_bare_n192,nid006549,hex8,jac_action,packed,packed,sumfact,affine,0.000000e+00,72,4096,192,7189057,7077888,28756228,0,0.0000,n/a,20,1.503781080e-02,1912.2616,15061.5285,470.6728,400.0719,0,0,0,2.572335378558e-11,0,0.000000,0,n/a,off,off,0,0,0,0,0,,,0.000,,,,,,,
jac_bare_n192,nid006549,hex8,jac_action,atomic,atomic,sumfact,affine,0.000000e+00,72,0,192,7189057,7077888,28756228,0,0.0000,n/a,20,2.963130474e-02,970.4678,7643.6869,238.8652,203.0354,0,0,0,2.581439207359e-11,0,0.000000,0,n/a,off,off,0,0,0,0,0,,,0.000,,,,,,,
residual_current_n192,nid006549,hex8,residual,atomic,atomic,current,affine,0.000000e+00,72,0,192,7189057,7077888,28756228,0,0.0000,n/a,20,3.466969728e-02,829.4341,6532.8640,204.1520,153.9306,0,0,0,-1.950513589619e-14,0,0.000000,0,current,off,off,0,0,0,0,0,,,0.000,,,,,,,
residual_current_n192,nid006549,hex8,residual,packed,packed,current,affine,0.000000e+00,72,4096,192,7189057,7077888,28756228,0,0.0000,n/a,20,1.332509518e-02,2158.0505,16997.4333,531.1698,400.5020,0,0,0,-2.561136253163e-14,0,0.000000,0,current,off,off,0,0,0,0,0,,,0.000,,,,,,,
residual_rc_n192,nid006549,hex8,residual,packed,packed,sumfact,affine,0.000000e+00,72,4096,192,7189057,7077888,28756228,0,0.0000,n/a,20,1.675589085e-02,1716.1862,13517.1814,422.4119,318.4986,0,0,0,-3.009289865907e-14,1,1.000000,0,sumfact,on,off,0,0,0,0,0,,,0.000,,,,,,,
residual_rc_n192,nid006549,hex8,residual,atomic,atomic,sumfact,affine,0.000000e+00,72,0,192,7189057,7077888,28756228,0,0.0000,n/a,20,3.207738400e-02,896.4643,7060.8132,220.6504,166.3704,0,0,0,-2.201602615493e-14,1,1.000000,0,sumfact,on,off,0,0,0,0,0,,,0.000,,,,,,,
residual_rc_bnd_n192,nid006549,hex8,residual,packed,packed,sumfact,affine,0.000000e+00,72,4096,192,7189057,7077888,28756228,0,0.0000,n/a,20,1.816158295e-02,1583.3547,12470.9623,389.7176,293.8470,0,0,0,3.727500000000e+00,1,1.000000,1,sumfact,on,on,0,0,0,0,0,,,0.000,,,,,,,
residual_rc_bnd_n192,nid006549,hex8,residual,atomic,atomic,sumfact,affine,0.000000e+00,72,0,192,7189057,7077888,28756228,0,0.0000,n/a,20,3.323051929e-02,865.3560,6815.7953,212.9936,160.5972,0,0,0,3.727500000000e+00,1,1.000000,1,sumfact,on,on,0,0,0,0,0,,,0.000,,,,,,,
residual_rc_bnd_dt_n192,nid006549,hex8,residual,packed,packed,sumfact,affine,0.000000e+00,72,4096,192,7189057,7077888,28756228,0,0.0000,n/a,20,2.010573149e-02,1430.2503,11265.0672,352.0333,265.4331,0,0,0,6.759335709367e+00,1,1.000000,1,sumfact,on,on,0,0,0,0,1,,,0.000,,,,,,,
residual_rc_bnd_dt_n192,nid006549,hex8,residual,atomic,atomic,sumfact,affine,0.000000e+00,72,0,192,7189057,7077888,28756228,0,0.0000,n/a,20,3.500949144e-02,821.3838,6469.4575,202.1705,152.4366,0,0,0,6.759309506134e+00,1,1.000000,1,sumfact,on,on,0,0,0,0,1,,,0.000,,,,,,,
residual_rc_perapply_n192,nid006549,hex8,residual,packed,packed,sumfact,affine,0.000000e+00,72,4096,192,7189057,7077888,28756228,0,0.0000,n/a,20,2.022299767e-02,1421.9567,11199.7450,349.9920,263.8940,0,0,0,-3.009289865907e-14,1,1.000000,0,sumfact,on,off,0,1,0,0,0,,,0.000,,,,,,,
residual_rc_perapply_n192,nid006549,hex8,residual,atomic,atomic,sumfact,affine,0.000000e+00,72,0,192,7189057,7077888,28756228,0,0.0000,n/a,20,4.706960917e-02,610.9298,4811.8610,150.3707,113.3795,0,0,0,-2.201602615493e-14,1,1.000000,0,sumfact,on,off,0,1,0,0,0,,,0.000,,,,,,,
jac_rc_n192,nid006549,hex8,jac_action,packed,packed,sumfact,affine,0.000000e+00,72,4096,192,7189057,7077888,28756228,0,0.0000,n/a,20,2.932256460e-02,980.6860,7724.1680,241.3803,205.1732,0,0,0,-3.003928248995e-13,1,1.000000,0,n/a,exact,off,1,0,0,0,0,5.236352000e-03,0.178578,0.000,,,,,,,
jac_rc_n192,nid006549,hex8,jac_action,atomic,atomic,sumfact,affine,0.000000e+00,72,0,192,7189057,7077888,28756228,0,0.0000,n/a,20,5.376017094e-02,534.8984,4213.0152,131.6567,111.9082,0,0,0,-3.094966537014e-13,1,1.000000,0,n/a,exact,off,1,0,0,0,0,1.733949440e-02,0.322534,0.000,,,,,,,
jac_rc_bnd_n192,nid006549,hex8,jac_action,packed,packed,sumfact,affine,0.000000e+00,72,4096,192,7189057,7077888,28756228,0,0.0000,n/a,20,3.075672388e-02,934.9574,7363.9968,230.1249,195.6062,0,0,0,5.049173453743e+00,1,1.000000,1,n/a,exact,on,1,0,0,0,0,5.290560000e-03,0.172013,0.000,,,,,,,
jac_rc_bnd_n192,nid006549,hex8,jac_action,atomic,atomic,sumfact,affine,0.000000e+00,72,0,192,7189057,7077888,28756228,0,0.0000,n/a,20,5.502660275e-02,522.5877,4116.0530,128.6267,109.3327,0,0,0,5.049173453743e+00,1,1.000000,1,n/a,exact,on,1,0,0,0,0,1.733943040e-02,0.315110,0.000,,,,,,,
assemble_n192,nid006549,hex8,assemble,packed,packed,sumfact,affine,0.000000e+00,72,4096,192,7189057,7077888,28756228,192100033,23449.7111,f64,20,5.033665419e-01,57.1278,449.9552,14.0611,32.3968,0,0,0,2.592910685214e-09,0,0.000000,0,sumfact,off,off,0,0,0,0,0,,,0.000,,,,,,,
assemble_n192,nid006549,hex8,assemble,atomic,atomic,sumfact,affine,0.000000e+00,72,0,192,7189057,7077888,28756228,192100033,23449.7111,f64,20,7.423009753e-01,38.7393,305.1221,9.5351,21.9688,0,0,0,2.591521534265e-09,0,0.000000,0,sumfact,off,off,0,0,0,0,0,,,0.000,,,,,,,
assemble_n192,nid006549,hex8,assemble,colored,colored,sumfact,affine,0.000000e+00,72,4096,192,7189057,7077888,28756228,192100033,23449.7111,f64,20,2.761358619e-01,104.1380,820.2209,25.6319,59.0559,19,90,91,2.592891644889e-09,0,0.000000,0,sumfact,off,off,0,0,0,0,0,,,0.000,,,,,,,
assemble_n192,nid006549,hex8,assemble,store,store,sumfact,affine,0.000000e+00,72,4096,192,7189057,7077888,28756228,192100033,23449.7111,f64,20,3.938045263e-01,73.0216,575.1392,17.9731,41.4100,0,0,0,2.592910685214e-09,0,0.000000,0,sumfact,off,off,0,0,0,0,0,,,0.000,,,,,,,
assemble_sympy_n192,nid006549,hex8,assemble,atomic,atomic,sympy,affine,0.000000e+00,72,0,192,7189057,7077888,28756228,192100033,23449.7111,f64,20,5.173883319e-01,55.5796,437.7610,13.6800,31.5188,0,0,0,2.579395400885e-09,0,0.000000,0,sympy,off,off,0,0,0,0,0,,,0.000,,,,,,,
assemble_sympy_n192,nid006549,hex8,assemble,colored,colored,sympy,affine,0.000000e+00,72,4096,192,7189057,7077888,28756228,192100033,23449.7111,f64,20,2.974318862e-01,96.6817,761.4934,23.7967,54.8275,19,90,91,2.580736401329e-09,0,0.000000,0,sympy,off,off,0,0,0,0,0,,,0.000,,,,,,,
assemble_diag_n192,nid006549,hex8,assemble_diag,atomic,atomic,sumfact,affine,0.000000e+00,72,0,192,7189057,7077888,28756228,0,0.0000,n/a,20,2.536228895e-01,113.3818,893.0283,27.9071,21.0420,0,0,0,3.215019675301e+03,0,0.000000,0,n/a,off,off,0,0,0,0,0,,,0.000,,,,,,,
spmv_f64_n192,nid006549,hex8,bsr_apply,packed,n/a,sumfact,affine,0.000000e+00,72,4096,192,7189057,7077888,28756228,192100033,23449.7111,f64,20,6.469596624e-02,444.4825,0.0000,0.0000,0.0000,0,0,0,2.533862061957e-11,0,0.000000,0,n/a,off,off,0,0,0,0,0,,,0.000,,,,,,,
spmv_f32_n192,nid006549,hex8,bsr_apply,packed,n/a,sumfact,affine,0.000000e+00,72,4096,192,7189057,7077888,28756228,192100033,11724.8555,f32,20,3.310157061e-02,868.7270,0.0000,0.0000,0.0000,0,0,0,-8.660309578814e-06,0,0.000000,0,n/a,off,off,0,0,0,0,0,,,0.000,,,,,,,
spmv_f32_n192,nid006549,hex8,bsr_apply,packed,n/a,sumfact,affine,0.000000e+00,72,4096,192,7189057,7077888,28756228,192100033,11724.8555,f32,20,3.248434067e-02,885.2335,0.0000,0.0000,0.0000,0,0,0,-8.660309578814e-06,0,0.000000,0,n/a,off,off,0,0,0,0,0,,,0.000,,,,,,,
spmv_f64_n192,nid006549,hex8,bsr_apply,packed,n/a,sumfact,affine,0.000000e+00,72,4096,192,7189057,7077888,28756228,192100033,23449.7111,f64,20,6.259036064e-02,459.4354,0.0000,0.0000,0.0000,0,0,0,2.533862061957e-11,0,0.000000,0,n/a,off,off,0,0,0,0,0,,,0.000,,,,,,,
assemble_diag_n192,nid006549,hex8,assemble_diag,atomic,atomic,sumfact,affine,0.000000e+00,72,0,192,7189057,7077888,28756228,0,0.0000,n/a,20,2.531707525e-01,113.5843,894.6231,27.9570,21.0796,0,0,0,3.215019675301e+03,0,0.000000,0,n/a,off,off,0,0,0,0,0,,,0.000,,,,,,,
assemble_sympy_n192,nid006549,hex8,assemble,colored,colored,sympy,affine,0.000000e+00,72,4096,192,7189057,7077888,28756228,192100033,23449.7111,f64,20,3.000511169e-01,95.8378,754.8461,23.5889,54.3489,19,90,91,2.580736401329e-09,0,0.000000,0,sympy,off,off,0,0,0,0,0,,,0.000,,,,,,,
assemble_sympy_n192,nid006549,hex8,assemble,atomic,atomic,sympy,affine,0.000000e+00,72,0,192,7189057,7077888,28756228,192100033,23449.7111,f64,20,5.167122364e-01,55.6523,438.3338,13.6979,31.5600,0,0,0,2.579395400885e-09,0,0.000000,0,sympy,off,off,0,0,0,0,0,,,0.000,,,,,,,
assemble_n192,nid006549,hex8,assemble,store,store,sumfact,affine,0.000000e+00,72,4096,192,7189057,7077888,28756228,192100033,23449.7111,f64,20,3.931439757e-01,73.1443,576.1055,18.0033,41.4796,0,0,0,2.592910685214e-09,0,0.000000,0,sumfact,off,off,0,0,0,0,0,,,0.000,,,,,,,
assemble_n192,nid006549,hex8,assemble,colored,colored,sumfact,affine,0.000000e+00,72,4096,192,7189057,7077888,28756228,192100033,23449.7111,f64,20,2.771318913e-01,103.7637,817.2730,25.5398,58.8437,19,90,91,2.592891644889e-09,0,0.000000,0,sumfact,off,off,0,0,0,0,0,,,0.000,,,,,,,
assemble_n192,nid006549,hex8,assemble,atomic,atomic,sumfact,affine,0.000000e+00,72,0,192,7189057,7077888,28756228,192100033,23449.7111,f64,20,7.411289215e-01,38.8006,305.6046,9.5501,22.0035,0,0,0,2.591521534265e-09,0,0.000000,0,sumfact,off,off,0,0,0,0,0,,,0.000,,,,,,,
assemble_n192,nid006549,hex8,assemble,packed,packed,sumfact,affine,0.000000e+00,72,4096,192,7189057,7077888,28756228,192100033,23449.7111,f64,20,5.126940608e-01,56.0885,441.7691,13.8053,31.8074,0,0,0,2.592910685214e-09,0,0.000000,0,sumfact,off,off,0,0,0,0,0,,,0.000,,,,,,,
jac_rc_bnd_n192,nid006549,hex8,jac_action,atomic,atomic,sumfact,affine,0.000000e+00,72,0,192,7189057,7077888,28756228,0,0.0000,n/a,20,5.502204895e-02,522.6310,4116.3937,128.6373,109.3417,0,0,0,5.049173453743e+00,1,1.000000,1,n/a,exact,on,1,0,0,0,0,1.736618240e-02,0.315622,0.000,,,,,,,
jac_rc_bnd_n192,nid006549,hex8,jac_action,packed,packed,sumfact,affine,0.000000e+00,72,4096,192,7189057,7077888,28756228,0,0.0000,n/a,20,3.157103062e-02,910.8422,7174.0584,224.1893,190.5609,0,0,0,5.049173453743e+00,1,1.000000,1,n/a,exact,on,1,0,0,0,0,5.293836800e-03,0.167680,0.000,,,,,,,
jac_rc_n192,nid006549,hex8,jac_action,atomic,atomic,sumfact,affine,0.000000e+00,72,0,192,7189057,7077888,28756228,0,0.0000,n/a,20,5.391368866e-02,533.3753,4201.0187,131.2818,111.5896,0,0,0,-3.094966537014e-13,1,1.000000,0,n/a,exact,off,1,0,0,0,0,1.742909440e-02,0.323278,0.000,,,,,,,
jac_rc_n192,nid006549,hex8,jac_action,packed,packed,sumfact,affine,0.000000e+00,72,4096,192,7189057,7077888,28756228,0,0.0000,n/a,20,2.948447466e-02,975.3007,7681.7518,240.0547,204.0465,0,0,0,-3.003928248995e-13,1,1.000000,0,n/a,exact,off,1,0,0,0,0,5.253683200e-03,0.178185,0.000,,,,,,,
residual_rc_perapply_n192,nid006549,hex8,residual,atomic,atomic,sumfact,affine,0.000000e+00,72,0,192,7189057,7077888,28756228,0,0.0000,n/a,20,4.797558784e-02,599.3929,4720.9930,147.5310,111.2384,0,0,0,-2.201602615493e-14,1,1.000000,0,sumfact,on,off,0,1,0,0,0,,,0.000,,,,,,,
residual_rc_perapply_n192,nid006549,hex8,residual,packed,packed,sumfact,affine,0.000000e+00,72,4096,192,7189057,7077888,28756228,0,0.0000,n/a,20,2.028039694e-02,1417.9322,11168.0465,349.0015,263.1471,0,0,0,-3.009289865907e-14,1,1.000000,0,sumfact,on,off,0,1,0,0,0,,,0.000,,,,,,,
residual_rc_bnd_dt_n192,nid006549,hex8,residual,atomic,atomic,sumfact,affine,0.000000e+00,72,0,192,7189057,7077888,28756228,0,0.0000,n/a,20,3.512008190e-02,818.7973,6449.0856,201.5339,151.9566,0,0,0,6.759309506134e+00,1,1.000000,1,sumfact,on,on,0,0,0,0,1,,,0.000,,,,,,,
residual_rc_bnd_dt_n192,nid006549,hex8,residual,packed,packed,sumfact,affine,0.000000e+00,72,4096,192,7189057,7077888,28756228,0,0.0000,n/a,20,2.014057636e-02,1427.7758,11245.5777,351.4243,264.9739,0,0,0,6.759335709367e+00,1,1.000000,1,sumfact,on,on,0,0,0,0,1,,,0.000,,,,,,,
residual_rc_bnd_n192,nid006549,hex8,residual,atomic,atomic,sumfact,affine,0.000000e+00,72,0,192,7189057,7077888,28756228,0,0.0000,n/a,20,3.437644243e-02,836.5097,6588.5938,205.8936,155.2437,0,0,0,3.727500000000e+00,1,1.000000,1,sumfact,on,on,0,0,0,0,0,,,0.000,,,,,,,
residual_rc_bnd_n192,nid006549,hex8,residual,packed,packed,sumfact,affine,0.000000e+00,72,4096,192,7189057,7077888,28756228,0,0.0000,n/a,20,1.827000380e-02,1573.9585,12396.9551,387.4048,292.1033,0,0,0,3.727500000000e+00,1,1.000000,1,sumfact,on,on,0,0,0,0,0,,,0.000,,,,,,,
residual_rc_n192,nid006549,hex8,residual,atomic,atomic,sumfact,affine,0.000000e+00,72,0,192,7189057,7077888,28756228,0,0.0000,n/a,20,3.248250484e-02,885.2836,6972.7509,217.8985,164.2954,0,0,0,-2.201602615493e-14,1,1.000000,0,sumfact,on,off,0,0,0,0,0,,,0.000,,,,,,,
residual_rc_n192,nid006549,hex8,residual,packed,packed,sumfact,affine,0.000000e+00,72,4096,192,7189057,7077888,28756228,0,0.0000,n/a,20,1.678622961e-02,1713.0844,13492.7510,421.6485,317.9229,0,0,0,-3.009289865907e-14,1,1.000000,0,sumfact,on,off,0,0,0,0,0,,,0.000,,,,,,,
residual_current_n192,nid006549,hex8,residual,packed,packed,current,affine,0.000000e+00,72,4096,192,7189057,7077888,28756228,0,0.0000,n/a,20,1.329717636e-02,2162.5815,17033.1212,532.2850,401.3429,0,0,0,-2.561136253163e-14,0,0.000000,0,current,off,off,0,0,0,0,0,,,0.000,,,,,,,
residual_current_n192,nid006549,hex8,residual,atomic,atomic,current,affine,0.000000e+00,72,0,192,7189057,7077888,28756228,0,0.0000,n/a,20,3.463906050e-02,830.1677,6538.6420,204.3326,154.0668,0,0,0,-1.950513589619e-14,0,0.000000,0,current,off,off,0,0,0,0,0,,,0.000,,,,,,,
jac_bare_n192,nid006549,hex8,jac_action,atomic,atomic,sumfact,affine,0.000000e+00,72,0,192,7189057,7077888,28756228,0,0.0000,n/a,20,2.943782806e-02,976.8461,7693.9241,240.4351,204.3699,0,0,0,2.581439207359e-11,0,0.000000,0,n/a,off,off,0,0,0,0,0,,,0.000,,,,,,,
jac_bare_n192,nid006549,hex8,jac_action,packed,packed,sumfact,affine,0.000000e+00,72,4096,192,7189057,7077888,28756228,0,0.0000,n/a,20,1.504448652e-02,1911.4131,15054.8452,470.4639,399.8943,0,0,0,2.572335378558e-11,0,0.000000,0,n/a,off,off,0,0,0,0,0,,,0.000,,,,,,,
residual_bare_n192,nid006549,hex8,residual,atomic,atomic,sumfact,affine,0.000000e+00,72,0,192,7189057,7077888,28756228,0,0.0000,n/a,20,2.639656067e-02,1089.3930,8580.3760,268.1368,202.1751,0,0,0,-1.935149089582e-14,0,0.000000,0,sumfact,off,off,0,0,0,0,0,,,0.000,,,,,,,
residual_bare_n192,nid006549,hex8,residual,packed,packed,sumfact,affine,0.000000e+00,72,4096,192,7189057,7077888,28756228,0,0.0000,n/a,20,1.182851791e-02,2431.0931,19147.9962,598.3749,451.1747,0,0,0,-2.914920908814e-14,0,0.000000,0,sumfact,off,off,0,0,0,0,0,,,0.000,,,,,,,
residual_bare_n192,nid006549,hex8,residual,packed,packed,sumfact,affine,0.000000e+00,72,4096,192,7189057,7077888,28756228,0,0.0000,n/a,20,1.135379076e-02,2532.7425,19948.6164,623.3943,470.0393,0,0,0,-2.914920908814e-14,0,0.000000,0,sumfact,off,off,0,0,0,0,0,,,0.000,,,,,,,
residual_bare_n192,nid006549,hex8,residual,atomic,atomic,sumfact,affine,0.000000e+00,72,0,192,7189057,7077888,28756228,0,0.0000,n/a,20,2.742676735e-02,1048.4731,8258.0792,258.0650,194.5810,0,0,0,-1.935149089582e-14,0,0.000000,0,sumfact,off,off,0,0,0,0,0,,,0.000,,,,,,,
jac_bare_n192,nid006549,hex8,jac_action,packed,packed,sumfact,affine,0.000000e+00,72,4096,192,7189057,7077888,28756228,0,0.0000,n/a,20,1.502937078e-02,1913.3355,15069.9866,470.9371,400.2965,0,0,0,2.572335378558e-11,0,0.000000,0,n/a,off,off,0,0,0,0,0,,,0.000,,,,,,,
jac_bare_n192,nid006549,hex8,jac_action,atomic,atomic,sumfact,affine,0.000000e+00,72,0,192,7189057,7077888,28756228,0,0.0000,n/a,20,2.964515686e-02,970.0144,7640.1153,238.7536,202.9406,0,0,0,2.581439207359e-11,0,0.000000,0,n/a,off,off,0,0,0,0,0,,,0.000,,,,,,,
residual_current_n192,nid006549,hex8,residual,atomic,atomic,current,affine,0.000000e+00,72,0,192,7189057,7077888,28756228,0,0.0000,n/a,20,3.358389139e-02,856.2506,6744.0790,210.7525,158.9074,0,0,0,-1.950513589619e-14,0,0.000000,0,current,off,off,0,0,0,0,0,,,0.000,,,,,,,
residual_current_n192,nid006549,hex8,residual,packed,packed,current,affine,0.000000e+00,72,4096,192,7189057,7077888,28756228,0,0.0000,n/a,20,1.331667900e-02,2159.4144,17008.1757,531.5055,400.7551,0,0,0,-2.561136253163e-14,0,0.000000,0,current,off,off,0,0,0,0,0,,,0.000,,,,,,,
residual_rc_n192,nid006549,hex8,residual,packed,packed,sumfact,affine,0.000000e+00,72,4096,192,7189057,7077888,28756228,0,0.0000,n/a,20,1.687912941e-02,1703.6559,13418.4892,419.3278,316.1732,0,0,0,-3.009289865907e-14,1,1.000000,0,sumfact,on,off,0,0,0,0,0,,,0.000,,,,,,,
residual_rc_n192,nid006549,hex8,residual,atomic,atomic,sumfact,affine,0.000000e+00,72,0,192,7189057,7077888,28756228,0,0.0000,n/a,20,3.207696676e-02,896.4759,7060.9050,220.6533,166.3726,0,0,0,-2.201602615493e-14,1,1.000000,0,sumfact,on,off,0,0,0,0,0,,,0.000,,,,,,,
residual_rc_bnd_n192,nid006549,hex8,residual,packed,packed,sumfact,affine,0.000000e+00,72,4096,192,7189057,7077888,28756228,0,0.0000,n/a,20,1.828457117e-02,1572.7045,12387.0784,387.0962,291.8705,0,0,0,3.727500000000e+00,1,1.000000,1,sumfact,on,on,0,0,0,0,0,,,0.000,,,,,,,
residual_rc_bnd_n192,nid006549,hex8,residual,atomic,atomic,sumfact,affine,0.000000e+00,72,0,192,7189057,7077888,28756228,0,0.0000,n/a,20,3.325501680e-02,864.7185,6810.7744,212.8367,160.4789,0,0,0,3.727500000000e+00,1,1.000000,1,sumfact,on,on,0,0,0,0,0,,,0.000,,,,,,,
residual_rc_bnd_dt_n192,nid006549,hex8,residual,packed,packed,sumfact,affine,0.000000e+00,72,4096,192,7189057,7077888,28756228,0,0.0000,n/a,20,1.998291016e-02,1439.0410,11334.3059,354.1971,267.0646,0,0,0,6.759335709367e+00,1,1.000000,1,sumfact,on,on,0,0,0,0,1,,,0.000,,,,,,,
residual_rc_bnd_dt_n192,nid006549,hex8,residual,atomic,atomic,sumfact,affine,0.000000e+00,72,0,192,7189057,7077888,28756228,0,0.0000,n/a,20,3.500123024e-02,821.5776,6470.9844,202.2183,152.4726,0,0,0,6.759309506134e+00,1,1.000000,1,sumfact,on,on,0,0,0,0,1,,,0.000,,,,,,,
residual_rc_perapply_n192,nid006549,hex8,residual,packed,packed,sumfact,affine,0.000000e+00,72,4096,192,7189057,7077888,28756228,0,0.0000,n/a,20,2.024296522e-02,1420.5541,11188.6976,349.6468,263.6337,0,0,0,-3.009289865907e-14,1,1.000000,0,sumfact,on,off,0,1,0,0,0,,,0.000,,,,,,,
residual_rc_perapply_n192,nid006549,hex8,residual,atomic,atomic,sumfact,affine,0.000000e+00,72,0,192,7189057,7077888,28756228,0,0.0000,n/a,20,4.712218046e-02,610.2482,4806.4927,150.2029,113.2530,0,0,0,-2.201602615493e-14,1,1.000000,0,sumfact,on,off,0,1,0,0,0,,,0.000,,,,,,,
jac_rc_n192,nid006549,hex8,jac_action,packed,packed,sumfact,affine,0.000000e+00,72,4096,192,7189057,7077888,28756228,0,0.0000,n/a,20,2.928270102e-02,982.0210,7734.6832,241.7089,205.4525,0,0,0,-3.003928248995e-13,1,1.000000,0,n/a,exact,off,1,0,0,0,0,5.196070400e-03,0.177445,0.000,,,,,,,
jac_rc_n192,nid006549,hex8,jac_action,atomic,atomic,sumfact,affine,0.000000e+00,72,0,192,7189057,7077888,28756228,0,0.0000,n/a,20,5.602363348e-02,513.2875,4042.8013,126.3375,107.3869,0,0,0,-3.094966537014e-13,1,1.000000,0,n/a,exact,off,1,0,0,0,0,1.747303680e-02,0.311887,0.000,,,,,,,
jac_rc_bnd_n192,nid006549,hex8,jac_action,packed,packed,sumfact,affine,0.000000e+00,72,4096,192,7189057,7077888,28756228,0,0.0000,n/a,20,3.060731888e-02,939.5213,7399.9430,231.2482,196.5610,0,0,0,5.049173453743e+00,1,1.000000,1,n/a,exact,on,1,0,0,0,0,5.252070400e-03,0.171595,0.000,,,,,,,
jac_rc_bnd_n192,nid006549,hex8,jac_action,atomic,atomic,sumfact,affine,0.000000e+00,72,0,192,7189057,7077888,28756228,0,0.0000,n/a,20,5.489745140e-02,523.8172,4125.7364,128.9293,109.5899,0,0,0,5.049173453743e+00,1,1.000000,1,n/a,exact,on,1,0,0,0,0,1.738794240e-02,0.316735,0.000,,,,,,,
assemble_n192,nid006549,hex8,assemble,packed,packed,sumfact,affine,0.000000e+00,72,4096,192,7189057,7077888,28756228,192100033,23449.7111,f64,20,5.033027768e-01,57.1350,450.0123,14.0629,32.4009,0,0,0,2.592910685214e-09,0,0.000000,0,sumfact,off,off,0,0,0,0,0,,,0.000,,,,,,,
assemble_n192,nid006549,hex8,assemble,atomic,atomic,sumfact,affine,0.000000e+00,72,0,192,7189057,7077888,28756228,192100033,23449.7111,f64,20,7.417350888e-01,38.7689,305.3549,9.5423,21.9856,0,0,0,2.591521534265e-09,0,0.000000,0,sumfact,off,off,0,0,0,0,0,,,0.000,,,,,,,
assemble_n192,nid006549,hex8,assemble,colored,colored,sumfact,affine,0.000000e+00,72,4096,192,7189057,7077888,28756228,192100033,23449.7111,f64,20,2.761018634e-01,104.1508,820.3219,25.6351,59.0632,19,90,91,2.592891644889e-09,0,0.000000,0,sumfact,off,off,0,0,0,0,0,,,0.000,,,,,,,
assemble_n192,nid006549,hex8,assemble,store,store,sumfact,affine,0.000000e+00,72,4096,192,7189057,7077888,28756228,192100033,23449.7111,f64,20,3.936711431e-01,73.0463,575.3341,17.9792,41.4241,0,0,0,2.592910685214e-09,0,0.000000,0,sumfact,off,off,0,0,0,0,0,,,0.000,,,,,,,
assemble_sympy_n192,nid006549,hex8,assemble,atomic,atomic,sympy,affine,0.000000e+00,72,0,192,7189057,7077888,28756228,192100033,23449.7111,f64,20,5.198595405e-01,55.3154,435.6800,13.6150,31.3690,0,0,0,2.579395400885e-09,0,0.000000,0,sympy,off,off,0,0,0,0,0,,,0.000,,,,,,,
assemble_sympy_n192,nid006549,hex8,assemble,colored,colored,sympy,affine,0.000000e+00,72,4096,192,7189057,7077888,28756228,192100033,23449.7111,f64,20,2.996479511e-01,95.9667,755.8617,23.6207,54.4220,19,90,91,2.580736401329e-09,0,0.000000,0,sympy,off,off,0,0,0,0,0,,,0.000,,,,,,,
assemble_diag_n192,nid006549,hex8,assemble_diag,atomic,atomic,sumfact,affine,0.000000e+00,72,0,192,7189057,7077888,28756228,0,0.0000,n/a,20,2.547876835e-01,112.8635,888.9457,27.7796,20.9458,0,0,0,3.215019675301e+03,0,0.000000,0,n/a,off,off,0,0,0,0,0,,,0.000,,,,,,,
spmv_f64_n192,nid006549,hex8,bsr_apply,packed,n/a,sumfact,affine,0.000000e+00,72,4096,192,7189057,7077888,28756228,192100033,23449.7111,f64,20,6.479778290e-02,443.7841,0.0000,0.0000,0.0000,0,0,0,2.533862061957e-11,0,0.000000,0,n/a,off,off,0,0,0,0,0,,,0.000,,,,,,,
spmv_f32_n192,nid006549,hex8,bsr_apply,packed,n/a,sumfact,affine,0.000000e+00,72,4096,192,7189057,7077888,28756228,192100033,11724.8555,f32,20,3.259670734e-02,882.1820,0.0000,0.0000,0.0000,0,0,0,-8.660309578814e-06,0,0.000000,0,n/a,off,off,0,0,0,0,0,,,0.000,,,,,,,
spmv_f32_n192,nid006549,hex8,bsr_apply,packed,n/a,sumfact,affine,0.000000e+00,72,4096,192,7189057,7077888,28756228,192100033,11724.8555,f32,20,3.334995508e-02,862.2569,0.0000,0.0000,0.0000,0,0,0,-8.660309578814e-06,0,0.000000,0,n/a,off,off,0,0,0,0,0,,,0.000,,,,,,,
spmv_f64_n192,nid006549,hex8,bsr_apply,packed,n/a,sumfact,affine,0.000000e+00,72,4096,192,7189057,7077888,28756228,192100033,23449.7111,f64,20,6.560796499e-02,438.3039,0.0000,0.0000,0.0000,0,0,0,2.533862061957e-11,0,0.000000,0,n/a,off,off,0,0,0,0,0,,,0.000,,,,,,,
assemble_diag_n192,nid006549,hex8,assemble_diag,atomic,atomic,sumfact,affine,0.000000e+00,72,0,192,7189057,7077888,28756228,0,0.0000,n/a,20,2.535731673e-01,113.4041,893.2034,27.9126,21.0461,0,0,0,3.215019675301e+03,0,0.000000,0,n/a,off,off,0,0,0,0,0,,,0.000,,,,,,,
assemble_sympy_n192,nid006549,hex8,assemble,colored,colored,sympy,affine,0.000000e+00,72,4096,192,7189057,7077888,28756228,192100033,23449.7111,f64,20,2.980509162e-01,96.4809,759.9118,23.7472,54.7137,19,90,91,2.580736401329e-09,0,0.000000,0,sympy,off,off,0,0,0,0,0,,,0.000,,,,,,,
assemble_sympy_n192,nid006549,hex8,assemble,atomic,atomic,sympy,affine,0.000000e+00,72,0,192,7189057,7077888,28756228,192100033,23449.7111,f64,20,5.172227979e-01,55.5974,437.9011,13.6844,31.5289,0,0,0,2.579395400885e-09,0,0.000000,0,sympy,off,off,0,0,0,0,0,,,0.000,,,,,,,
assemble_n192,nid006549,hex8,assemble,store,store,sumfact,affine,0.000000e+00,72,4096,192,7189057,7077888,28756228,192100033,23449.7111,f64,20,3.947437525e-01,72.8478,573.7707,17.9303,41.3115,0,0,0,2.592910685214e-09,0,0.000000,0,sumfact,off,off,0,0,0,0,0,,,0.000,,,,,,,
assemble_n192,nid006549,hex8,assemble,colored,colored,sumfact,affine,0.000000e+00,72,4096,192,7189057,7077888,28756228,192100033,23449.7111,f64,20,2.839807510e-01,101.2612,797.5626,24.9238,57.4245,19,90,91,2.592891644889e-09,0,0.000000,0,sumfact,off,off,0,0,0,0,0,,,0.000,,,,,,,
assemble_n192,nid006549,hex8,assemble,atomic,atomic,sumfact,affine,0.000000e+00,72,0,192,7189057,7077888,28756228,192100033,23449.7111,f64,20,7.411850333e-01,38.7976,305.5815,9.5494,22.0019,0,0,0,2.591521534265e-09,0,0.000000,0,sumfact,off,off,0,0,0,0,0,,,0.000,,,,,,,
assemble_n192,nid006549,hex8,assemble,packed,packed,sumfact,affine,0.000000e+00,72,4096,192,7189057,7077888,28756228,192100033,23449.7111,f64,20,5.082633615e-01,56.5774,445.6202,13.9256,32.0847,0,0,0,2.592910685214e-09,0,0.000000,0,sumfact,off,off,0,0,0,0,0,,,0.000,,,,,,,
jac_rc_bnd_n192,nid006549,hex8,jac_action,atomic,atomic,sumfact,affine,0.000000e+00,72,0,192,7189057,7077888,28756228,0,0.0000,n/a,20,5.486069918e-02,524.1681,4128.5004,129.0156,109.6633,0,0,0,5.049173453743e+00,1,1.000000,1,n/a,exact,on,1,0,0,0,0,1.740732160e-02,0.317300,0.000,,,,,,,
jac_rc_bnd_n192,nid006549,hex8,jac_action,packed,packed,sumfact,affine,0.000000e+00,72,4096,192,7189057,7077888,28756228,0,0.0000,n/a,20,3.038382530e-02,946.4321,7454.3746,232.9492,198.0068,0,0,0,5.049173453743e+00,1,1.000000,1,n/a,exact,on,1,0,0,0,0,5.222835200e-03,0.171895,0.000,,,,,,,
jac_rc_n192,nid006549,hex8,jac_action,atomic,atomic,sumfact,affine,0.000000e+00,72,0,192,7189057,7077888,28756228,0,0.0000,n/a,20,5.626374483e-02,511.0969,4025.5482,125.7984,106.9286,0,0,0,-3.094966537014e-13,1,1.000000,0,n/a,exact,off,1,0,0,0,0,1.784413440e-02,0.317152,0.000,,,,,,,
jac_rc_n192,nid006549,hex8,jac_action,packed,packed,sumfact,affine,0.000000e+00,72,4096,192,7189057,7077888,28756228,0,0.0000,n/a,20,2.936444283e-02,979.2874,7713.1522,241.0360,204.8806,0,0,0,-3.003928248995e-13,1,1.000000,0,n/a,exact,off,1,0,0,0,0,5.258086400e-03,0.179063,0.000,,,,,,,
residual_rc_perapply_n192,nid006549,hex8,residual,atomic,atomic,sumfact,affine,0.000000e+00,72,0,192,7189057,7077888,28756228,0,0.0000,n/a,20,4.707797766e-02,610.8212,4811.0056,150.3439,113.3593,0,0,0,-2.201602615493e-14,1,1.000000,0,sumfact,on,off,0,1,0,0,0,,,0.000,,,,,,,
residual_rc_perapply_n192,nid006549,hex8,residual,packed,packed,sumfact,affine,0.000000e+00,72,4096,192,7189057,7077888,28756228,0,0.0000,n/a,20,2.032603025e-02,1414.7489,11142.9735,348.2179,262.5563,0,0,0,-3.009289865907e-14,1,1.000000,0,sumfact,on,off,0,1,0,0,0,,,0.000,,,,,,,
residual_rc_bnd_dt_n192,nid006549,hex8,residual,atomic,atomic,sumfact,affine,0.000000e+00,72,0,192,7189057,7077888,28756228,0,0.0000,n/a,20,3.606288433e-02,797.3912,6280.4853,196.2652,147.9839,0,0,0,6.759309506134e+00,1,1.000000,1,sumfact,on,on,0,0,0,0,1,,,0.000,,,,,,,
residual_rc_bnd_dt_n192,nid006549,hex8,residual,packed,packed,sumfact,affine,0.000000e+00,72,4096,192,7189057,7077888,28756228,0,0.0000,n/a,20,1.990553141e-02,1444.6350,11378.3657,355.5739,268.1027,0,0,0,6.759335709367e+00,1,1.000000,1,sumfact,on,on,0,0,0,0,1,,,0.000,,,,,,,
residual_rc_bnd_n192,nid006549,hex8,residual,atomic,atomic,sumfact,affine,0.000000e+00,72,0,192,7189057,7077888,28756228,0,0.0000,n/a,20,3.322095871e-02,865.6050,6817.7568,213.0549,160.6434,0,0,0,3.727500000000e+00,1,1.000000,1,sumfact,on,on,0,0,0,0,0,,,0.000,,,,,,,
residual_rc_bnd_n192,nid006549,hex8,residual,packed,packed,sumfact,affine,0.000000e+00,72,4096,192,7189057,7077888,28756228,0,0.0000,n/a,20,1.806337833e-02,1591.9629,12538.7628,391.8363,295.4446,0,0,0,3.727500000000e+00,1,1.000000,1,sumfact,on,on,0,0,0,0,0,,,0.000,,,,,,,
residual_rc_n192,nid006549,hex8,residual,atomic,atomic,sumfact,affine,0.000000e+00,72,0,192,7189057,7077888,28756228,0,0.0000,n/a,20,3.209736347e-02,895.9062,7056.4181,220.5131,166.2669,0,0,0,-2.201602615493e-14,1,1.000000,0,sumfact,on,off,0,0,0,0,0,,,0.000,,,,,,,
residual_rc_n192,nid006549,hex8,residual,packed,packed,sumfact,affine,0.000000e+00,72,4096,192,7189057,7077888,28756228,0,0.0000,n/a,20,1.678200960e-02,1713.5152,13496.1439,421.7545,318.0029,0,0,0,-3.009289865907e-14,1,1.000000,0,sumfact,on,off,0,0,0,0,0,,,0.000,,,,,,,
residual_current_n192,nid006549,hex8,residual,packed,packed,current,affine,0.000000e+00,72,4096,192,7189057,7077888,28756228,0,0.0000,n/a,20,1.328593493e-02,2164.4113,17047.5331,532.7354,401.6825,0,0,0,-2.561136253163e-14,0,0.000000,0,current,off,off,0,0,0,0,0,,,0.000,,,,,,,
residual_current_n192,nid006549,hex8,residual,atomic,atomic,current,affine,0.000000e+00,72,0,192,7189057,7077888,28756228,0,0.0000,n/a,20,3.356555700e-02,856.7183,6747.7628,210.8676,158.9942,0,0,0,-1.950513589619e-14,0,0.000000,0,current,off,off,0,0,0,0,0,,,0.000,,,,,,,
jac_bare_n192,nid006549,hex8,jac_action,atomic,atomic,sumfact,affine,0.000000e+00,72,0,192,7189057,7077888,28756228,0,0.0000,n/a,20,3.060021400e-02,939.7394,7401.6612,231.3019,196.6066,0,0,0,2.581439207359e-11,0,0.000000,0,n/a,off,off,0,0,0,0,0,,,0.000,,,,,,,
jac_bare_n192,nid006549,hex8,jac_action,packed,packed,sumfact,affine,0.000000e+00,72,4096,192,7189057,7077888,28756228,0,0.0000,n/a,20,1.503103971e-02,1913.1230,15068.3133,470.8848,400.2521,0,0,0,2.572335378558e-11,0,0.000000,0,n/a,off,off,0,0,0,0,0,,,0.000,,,,,,,
residual_bare_n192,nid006549,hex8,residual,atomic,atomic,sumfact,affine,0.000000e+00,72,0,192,7189057,7077888,28756228,0,0.0000,n/a,20,2.645571232e-02,1086.9572,8561.1914,267.5372,201.7231,0,0,0,-1.935149089582e-14,0,0.000000,0,sumfact,off,off,0,0,0,0,0,,,0.000,,,,,,,
residual_bare_n192,nid006549,hex8,residual,packed,packed,sumfact,affine,0.000000e+00,72,4096,192,7189057,7077888,28756228,0,0.0000,n/a,20,1.123676300e-02,2559.1203,20156.3756,629.8867,474.9346,0,0,0,-2.914920908814e-14,0,0.000000,0,sumfact,off,off,0,0,0,0,0,,,0.000,,,,,,,
residual_bare_n192,nid006549,hex8,residual,packed,packed,sumfact,affine,0.000000e+00,72,4096,192,7189057,7077888,28756228,0,0.0000,n/a,20,1.185837984e-02,2424.9711,19099.7775,596.8680,450.0385,0,0,0,-2.914920908814e-14,0,0.000000,0,sumfact,off,off,0,0,0,0,0,,,0.000,,,,,,,
residual_bare_n192,nid006549,hex8,residual,atomic,atomic,sumfact,affine,0.000000e+00,72,0,192,7189057,7077888,28756228,0,0.0000,n/a,20,2.642766237e-02,1088.1109,8570.2781,267.8212,201.9372,0,0,0,-1.935149089582e-14,0,0.000000,0,sumfact,off,off,0,0,0,0,0,,,0.000,,,,,,,
jac_bare_n192,nid006549,hex8,jac_action,packed,packed,sumfact,affine,0.000000e+00,72,4096,192,7189057,7077888,28756228,0,0.0000,n/a,20,1.500926018e-02,1915.8991,15090.1786,471.5681,400.8329,0,0,0,2.572335378558e-11,0,0.000000,0,n/a,off,off,0,0,0,0,0,,,0.000,,,,,,,
jac_bare_n192,nid006549,hex8,jac_action,atomic,atomic,sumfact,affine,0.000000e+00,72,0,192,7189057,7077888,28756228,0,0.0000,n/a,20,2.951855659e-02,974.1746,7672.8825,239.7776,203.8109,0,0,0,2.581439207359e-11,0,0.000000,0,n/a,off,off,0,0,0,0,0,,,0.000,,,,,,,
residual_current_n192,nid006549,hex8,residual,atomic,atomic,current,affine,0.000000e+00,72,0,192,7189057,7077888,28756228,0,0.0000,n/a,20,3.365162611e-02,854.5271,6730.5044,210.3283,158.5875,0,0,0,-1.950513589619e-14,0,0.000000,0,current,off,off,0,0,0,0,0,,,0.000,,,,,,,
residual_current_n192,nid006549,hex8,residual,packed,packed,current,affine,0.000000e+00,72,4096,192,7189057,7077888,28756228,0,0.0000,n/a,20,1.439150572e-02,1998.1389,15737.9235,491.8101,370.8248,0,0,0,-2.561136253163e-14,0,0.000000,0,current,off,off,0,0,0,0,0,,,0.000,,,,,,,
residual_rc_n192,nid006549,hex8,residual,packed,packed,sumfact,affine,0.000000e+00,72,4096,192,7189057,7077888,28756228,0,0.0000,n/a,20,1.676323414e-02,1715.4344,13511.2601,422.2269,318.3591,0,0,0,-3.009289865907e-14,1,1.000000,0,sumfact,on,off,0,0,0,0,0,,,0.000,,,,,,,
residual_rc_n192,nid006549,hex8,residual,atomic,atomic,sumfact,affine,0.000000e+00,72,0,192,7189057,7077888,28756228,0,0.0000,n/a,20,3.205670118e-02,897.0426,7065.3688,220.7928,166.4778,0,0,0,-2.201602615493e-14,1,1.000000,0,sumfact,on,off,0,0,0,0,0,,,0.000,,,,,,,
residual_rc_bnd_n192,nid006549,hex8,residual,packed,packed,sumfact,affine,0.000000e+00,72,4096,192,7189057,7077888,28756228,0,0.0000,n/a,20,1.831232309e-02,1570.3211,12368.3060,386.5096,291.4282,0,0,0,3.727500000000e+00,1,1.000000,1,sumfact,on,on,0,0,0,0,0,,,0.000,,,,,,,
residual_rc_bnd_n192,nid006549,hex8,residual,atomic,atomic,sumfact,affine,0.000000e+00,72,0,192,7189057,7077888,28756228,0,0.0000,n/a,20,3.323456049e-02,865.2507,6814.9665,212.9677,160.5776,0,0,0,3.727500000000e+00,1,1.000000,1,sumfact,on,on,0,0,0,0,0,,,0.000,,,,,,,
residual_rc_bnd_dt_n192,nid006549,hex8,residual,packed,packed,sumfact,affine,0.000000e+00,72,4096,192,7189057,7077888,28756228,0,0.0000,n/a,20,2.001683712e-02,1436.6020,11315.0951,353.5967,266.6119,0,0,0,6.759335709367e+00,1,1.000000,1,sumfact,on,on,0,0,0,0,1,,,0.000,,,,,,,
residual_rc_bnd_dt_n192,nid006549,hex8,residual,atomic,atomic,sumfact,affine,0.000000e+00,72,0,192,7189057,7077888,28756228,0,0.0000,n/a,20,3.511294127e-02,818.9638,6450.3971,201.5749,151.9875,0,0,0,6.759309506134e+00,1,1.000000,1,sumfact,on,on,0,0,0,0,1,,,0.000,,,,,,,
residual_rc_perapply_n192,nid006549,hex8,residual,packed,packed,sumfact,affine,0.000000e+00,72,4096,192,7189057,7077888,28756228,0,0.0000,n/a,20,2.038139105e-02,1410.9061,11112.7065,347.2721,261.8431,0,0,0,-3.009289865907e-14,1,1.000000,0,sumfact,on,off,0,1,0,0,0,,,0.000,,,,,,,
residual_rc_perapply_n192,nid006549,hex8,residual,atomic,atomic,sumfact,affine,0.000000e+00,72,0,192,7189057,7077888,28756228,0,0.0000,n/a,20,4.827713966e-02,595.6490,4691.5045,146.6095,110.5436,0,0,0,-2.201602615493e-14,1,1.000000,0,sumfact,on,off,0,1,0,0,0,,,0.000,,,,,,,
jac_rc_n192,nid006549,hex8,jac_action,packed,packed,sumfact,affine,0.000000e+00,72,4096,192,7189057,7077888,28756228,0,0.0000,n/a,20,2.944755554e-02,976.5234,7691.3826,240.3557,204.3024,0,0,0,-3.003928248995e-13,1,1.000000,0,n/a,exact,off,1,0,0,0,0,5.293516800e-03,0.179761,0.000,,,,,,,
jac_rc_n192,nid006549,hex8,jac_action,atomic,atomic,sumfact,affine,0.000000e+00,72,0,192,7189057,7077888,28756228,0,0.0000,n/a,20,5.372947454e-02,535.2040,4215.4221,131.7319,111.9722,0,0,0,-3.094966537014e-13,1,1.000000,0,n/a,exact,off,1,0,0,0,0,1.742440960e-02,0.324299,0.000,,,,,,,
jac_rc_bnd_n192,nid006549,hex8,jac_action,packed,packed,sumfact,affine,0.000000e+00,72,4096,192,7189057,7077888,28756228,0,0.0000,n/a,20,3.062840700e-02,938.8744,7394.8481,231.0890,196.4257,0,0,0,5.049173453743e+00,1,1.000000,1,n/a,exact,on,1,0,0,0,0,5.272857600e-03,0.172156,0.000,,,,,,,
jac_rc_bnd_n192,nid006549,hex8,jac_action,atomic,atomic,sumfact,affine,0.000000e+00,72,0,192,7189057,7077888,28756228,0,0.0000,n/a,20,5.501852036e-02,522.6645,4116.6577,128.6456,109.3487,0,0,0,5.049173453743e+00,1,1.000000,1,n/a,exact,on,1,0,0,0,0,1.748816640e-02,0.317860,0.000,,,,,,,
assemble_n192,nid006549,hex8,assemble,packed,packed,sumfact,affine,0.000000e+00,72,4096,192,7189057,7077888,28756228,192100033,23449.7111,f64,20,5.053691983e-01,56.9014,448.1722,14.0054,32.2684,0,0,0,2.592910685214e-09,0,0.000000,0,sumfact,off,off,0,0,0,0,0,,,0.000,,,,,,,
assemble_n192,nid006549,hex8,assemble,atomic,atomic,sumfact,affine,0.000000e+00,72,0,192,7189057,7077888,28756228,192100033,23449.7111,f64,20,7.421508908e-01,38.7471,305.1838,9.5370,21.9732,0,0,0,2.591521534265e-09,0,0.000000,0,sumfact,off,off,0,0,0,0,0,,,0.000,,,,,,,
assemble_n192,nid006549,hex8,assemble,colored,colored,sumfact,affine,0.000000e+00,72,4096,192,7189057,7077888,28756228,192100033,23449.7111,f64,20,2.772726059e-01,103.7110,816.8583,25.5268,58.8138,19,90,91,2.592891644889e-09,0,0.000000,0,sumfact,off,off,0,0,0,0,0,,,0.000,,,,,,,
assemble_n192,nid006549,hex8,assemble,store,store,sumfact,affine,0.000000e+00,72,4096,192,7189057,7077888,28756228,192100033,23449.7111,f64,20,3.964761496e-01,72.5295,571.2637,17.8520,41.1310,0,0,0,2.592910685214e-09,0,0.000000,0,sumfact,off,off,0,0,0,0,0,,,0.000,,,,,,,
assemble_sympy_n192,nid006549,hex8,assemble,atomic,atomic,sympy,affine,0.000000e+00,72,0,192,7189057,7077888,28756228,192100033,23449.7111,f64,20,5.183860064e-01,55.4726,436.9185,13.6537,31.4581,0,0,0,2.579395400885e-09,0,0.000000,0,sympy,off,off,0,0,0,0,0,,,0.000,,,,,,,
assemble_sympy_n192,nid006549,hex8,assemble,colored,colored,sympy,affine,0.000000e+00,72,4096,192,7189057,7077888,28756228,192100033,23449.7111,f64,20,2.986546755e-01,96.2859,758.3756,23.6992,54.6030,19,90,91,2.580736401329e-09,0,0.000000,0,sympy,off,off,0,0,0,0,0,,,0.000,,,,,,,
assemble_diag_n192,nid006549,hex8,assemble_diag,atomic,atomic,sumfact,affine,0.000000e+00,72,0,192,7189057,7077888,28756228,0,0.0000,n/a,20,2.533759594e-01,113.4923,893.8986,27.9343,21.0625,0,0,0,3.215019675301e+03,0,0.000000,0,n/a,off,off,0,0,0,0,0,,,0.000,,,,,,,
spmv_f64_n192,nid006549,hex8,bsr_apply,packed,n/a,sumfact,affine,0.000000e+00,72,4096,192,7189057,7077888,28756228,192100033,23449.7111,f64,20,6.540787220e-02,439.6448,0.0000,0.0000,0.0000,0,0,0,2.533862061957e-11,0,0.000000,0,n/a,off,off,0,0,0,0,0,,,0.000,,,,,,,
spmv_f32_n192,nid006549,hex8,bsr_apply,packed,n/a,sumfact,affine,0.000000e+00,72,4096,192,7189057,7077888,28756228,192100033,11724.8555,f32,20,3.245643377e-02,885.9947,0.0000,0.0000,0.0000,0,0,0,-8.660309578814e-06,0,0.000000,0,n/a,off,off,0,0,0,0,0,,,0.000,,,,,,,
