tag,host,element,operation,layout,ran_layout,kernel,geom,warp,threads,pack_size,cube_n,nodes,elements,dofs,bsr_nnz,bsr_values_MiB,bsr_storage,repeat,seconds_per_call,MDOF_s,MDOF_s_element_visits,MELEM_s,GFLOP_s_model,n_colors,packs_per_color_min,packs_per_color_max,checksum,rhie_chow,rhie_chow_scale,boundary,ran_kernel,ran_rc,ran_boundary,exact_rc,pgrad_per_apply,live_vectors,upwind_eps,transient,s_qgrad,frac_qgrad,pa_bytes_per_dof,ms_zero_global,ms_zero_local,ms_gather_u,ms_element_kernel,ms_local_to_global,ms_ghost_reduce,ms_qgrad
residual_bare_n64,nid005941,hex8,residual,packed,packed,sumfact,affine,0.000000e+00,72,128,64,274625,262144,1098500,0,0.0000,n/a,20,3.984570503e-04,2756.8843,21052.7283,657.8978,496.0549,0,0,0,-1.268690014156e-14,0,0.000000,0,sumfact,off,off,0,0,0,0,0,,,0.000,,,,,,,
residual_bare_n64,nid005941,hex8,residual,atomic,atomic,sumfact,affine,0.000000e+00,72,0,64,274625,262144,1098500,0,0.0000,n/a,20,1.320838928e-03,831.6684,6350.9697,198.4678,149.6447,0,0,0,-1.236760260176e-14,0,0.000000,0,sumfact,off,off,0,0,0,0,0,,,0.000,,,,,,,
jac_bare_n64,nid005941,hex8,jac_action,packed,packed,sumfact,affine,0.000000e+00,72,128,64,274625,262144,1098500,0,0.0000,n/a,20,5.205869675e-04,2110.1181,16113.7495,503.5547,428.0215,0,0,0,-1.151812315230e-12,0,0.000000,0,n/a,off,off,0,0,0,0,0,,,0.000,,,,,,,
jac_bare_n64,nid005941,hex8,jac_action,atomic,atomic,sumfact,affine,0.000000e+00,72,0,64,274625,262144,1098500,0,0.0000,n/a,20,1.419246197e-03,774.0024,5910.6081,184.7065,157.0005,0,0,0,-1.152298037804e-12,0,0.000000,0,n/a,off,off,0,0,0,0,0,,,0.000,,,,,,,
residual_current_n64,nid005941,hex8,residual,atomic,atomic,current,affine,0.000000e+00,72,0,64,274625,262144,1098500,0,0.0000,n/a,20,1.300573349e-03,844.6275,6449.9307,201.5603,151.9765,0,0,0,-1.240218865106e-14,0,0.000000,0,current,off,off,0,0,0,0,0,,,0.000,,,,,,,
residual_current_n64,nid005941,hex8,residual,packed,packed,current,affine,0.000000e+00,72,128,64,274625,262144,1098500,0,0.0000,n/a,20,5.171537399e-04,2124.1266,16220.7238,506.8976,382.2008,0,0,0,-1.272137777064e-14,0,0.000000,0,current,off,off,0,0,0,0,0,,,0.000,,,,,,,
residual_rc_n64,nid005941,hex8,residual,packed,packed,sumfact,affine,0.000000e+00,72,128,64,274625,262144,1098500,0,0.0000,n/a,20,7.451772690e-04,1474.1459,11257.1979,351.7874,265.2477,0,0,0,-1.271465571717e-14,1,1.000000,0,sumfact,on,off,0,0,0,0,0,,,0.000,,,,,,,
residual_rc_n64,nid005941,hex8,residual,atomic,atomic,sumfact,affine,0.000000e+00,72,0,64,274625,262144,1098500,0,0.0000,n/a,20,2.182376385e-03,503.3504,3843.7953,120.1186,90.5694,0,0,0,-1.283597794027e-14,1,1.000000,0,sumfact,on,off,0,0,0,0,0,,,0.000,,,,,,,
residual_rc_bnd_n64,nid005941,hex8,residual,packed,packed,sumfact,affine,0.000000e+00,72,128,64,274625,262144,1098500,0,0.0000,n/a,20,7.761240005e-04,1415.3666,10808.3347,337.7605,254.6714,0,0,0,3.727500000000e+00,1,1.000000,1,sumfact,on,on,0,0,0,0,0,,,0.000,,,,,,,
residual_rc_bnd_n64,nid005941,hex8,residual,atomic,atomic,sumfact,affine,0.000000e+00,72,0,64,274625,262144,1098500,0,0.0000,n/a,20,1.897847652e-03,578.8136,4420.0640,138.1270,104.1478,0,0,0,3.727500000000e+00,1,1.000000,1,sumfact,on,on,0,0,0,0,0,,,0.000,,,,,,,
residual_rc_bnd_dt_n64,nid005941,hex8,residual,packed,packed,sumfact,affine,0.000000e+00,72,128,64,274625,262144,1098500,0,0.0000,n/a,20,8.164763451e-04,1345.4156,10274.1593,321.0675,242.0849,0,0,0,6.759042994895e+00,1,1.000000,1,sumfact,on,on,0,0,0,0,1,,,0.000,,,,,,,
residual_rc_bnd_dt_n64,nid005941,hex8,residual,atomic,atomic,sumfact,affine,0.000000e+00,72,0,64,274625,262144,1098500,0,0.0000,n/a,20,1.935231686e-03,567.6323,4334.6789,135.4587,102.1359,0,0,0,6.759448953731e+00,1,1.000000,1,sumfact,on,on,0,0,0,0,1,,,0.000,,,,,,,
residual_rc_perapply_n64,nid005941,hex8,residual,packed,packed,sumfact,affine,0.000000e+00,72,128,64,274625,262144,1098500,0,0.0000,n/a,20,8.116722107e-04,1353.3788,10334.9701,322.9678,243.5177,0,0,0,-1.271465571717e-14,1,1.000000,0,sumfact,on,off,0,1,0,0,0,,,0.000,,,,,,,
residual_rc_perapply_n64,nid005941,hex8,residual,atomic,atomic,sumfact,affine,0.000000e+00,72,0,64,274625,262144,1098500,0,0.0000,n/a,20,2.504456043e-03,438.6182,3349.4730,104.6710,78.9220,0,0,0,-1.283597794027e-14,1,1.000000,0,sumfact,on,off,0,1,0,0,0,,,0.000,,,,,,,
jac_rc_n64,nid005941,hex8,jac_action,packed,packed,sumfact,affine,0.000000e+00,72,128,64,274625,262144,1098500,0,0.0000,n/a,20,9.735465050e-04,1128.3488,8616.5458,269.2671,228.8770,0,0,0,3.033959260039e-13,1,1.000000,0,n/a,exact,off,1,0,0,0,0,1.282048000e-04,0.131688,0.000,,,,,,,
jac_rc_n64,nid005941,hex8,jac_action,atomic,atomic,sumfact,affine,0.000000e+00,72,0,64,274625,262144,1098500,0,0.0000,n/a,20,3.008377552e-03,365.1470,2788.4160,87.1380,74.0673,0,0,0,3.026048920989e-13,1,1.000000,0,n/a,exact,off,1,0,0,0,0,7.892864000e-04,0.262363,0.000,,,,,,,
jac_rc_bnd_n64,nid005941,hex8,jac_action,packed,packed,sumfact,affine,0.000000e+00,72,128,64,274625,262144,1098500,0,0.0000,n/a,20,1.063859463e-03,1032.5612,7885.0716,246.4085,209.4472,0,0,0,5.047023127365e+00,1,1.000000,1,n/a,exact,on,1,0,0,0,0,1.287168000e-04,0.120990,0.000,,,,,,,
jac_rc_bnd_n64,nid005941,hex8,jac_action,atomic,atomic,sumfact,affine,0.000000e+00,72,0,64,274625,262144,1098500,0,0.0000,n/a,20,3.143119812e-03,349.4935,2668.8795,83.4025,70.8921,0,0,0,5.047023127365e+00,1,1.000000,1,n/a,exact,on,1,0,0,0,0,7.890048000e-04,0.251026,0.000,,,,,,,
assemble_n64,nid005941,hex8,assemble,packed,packed,sumfact,affine,0.000000e+00,72,128,64,274625,262144,1098500,7189057,877.5704,f64,20,1.340357065e-02,81.9558,625.8488,19.5578,45.0611,0,0,0,2.702547346339e-10,0,0.000000,0,sumfact,off,off,0,0,0,0,0,,,0.000,,,,,,,
assemble_n64,nid005941,hex8,assemble,atomic,atomic,sumfact,affine,0.000000e+00,72,0,64,274625,262144,1098500,7189057,877.5704,f64,20,2.824352980e-02,38.8939,297.0099,9.2816,21.3847,0,0,0,2.702932316173e-10,0,0.000000,0,sumfact,off,off,0,0,0,0,0,,,0.000,,,,,,,
assemble_n64,nid005941,hex8,assemble,colored,colored,sumfact,affine,0.000000e+00,72,128,64,274625,262144,1098500,7189057,877.5704,f64,20,1.076105833e-02,102.0810,779.5337,24.3604,56.1264,14,146,147,2.702547346339e-10,0,0.000000,0,sumfact,off,off,0,0,0,0,0,,,0.000,,,,,,,
assemble_n64,nid005941,hex8,assemble,store,store,sumfact,affine,0.000000e+00,72,128,64,274625,262144,1098500,7189057,877.5704,f64,20,9.413206577e-03,116.6977,891.1531,27.8485,64.1630,0,0,0,2.702547346339e-10,0,0.000000,0,sumfact,off,off,0,0,0,0,0,,,0.000,,,,,,,
assemble_sympy_n64,nid005941,hex8,assemble,atomic,atomic,sympy,affine,0.000000e+00,72,0,64,274625,262144,1098500,7189057,877.5704,f64,20,1.980317831e-02,55.4709,423.5991,13.2375,30.4991,0,0,0,2.702932318341e-10,0,0.000000,0,sympy,off,off,0,0,0,0,0,,,0.000,,,,,,,
assemble_sympy_n64,nid005941,hex8,assemble,colored,colored,sympy,affine,0.000000e+00,72,128,64,274625,262144,1098500,7189057,877.5704,f64,20,1.231824160e-02,89.1767,680.9907,21.2810,49.0313,14,146,147,2.702547348507e-10,0,0.000000,0,sympy,off,off,0,0,0,0,0,,,0.000,,,,,,,
assemble_diag_n64,nid005941,hex8,assemble_diag,atomic,atomic,sumfact,affine,0.000000e+00,72,0,64,274625,262144,1098500,0,0.0000,n/a,20,1.044319868e-02,105.1881,803.2604,25.1019,18.9268,0,0,0,5.801523603040e+02,0,0.000000,0,n/a,off,off,0,0,0,0,0,,,0.000,,,,,,,
spmv_f64_n64,nid005941,hex8,bsr_apply,packed,n/a,sumfact,affine,0.000000e+00,72,128,64,274625,262144,1098500,7189057,877.5704,f64,20,2.181410789e-03,503.5732,0.0000,0.0000,0.0000,0,0,0,-1.151445421215e-12,0,0.000000,0,n/a,off,off,0,0,0,0,0,,,0.000,,,,,,,
spmv_f32_n64,nid005941,hex8,bsr_apply,packed,n/a,sumfact,affine,0.000000e+00,72,128,64,274625,262144,1098500,7189057,438.7852,f32,20,9.847044945e-04,1115.5631,0.0000,0.0000,0.0000,0,0,0,1.266337291522e-05,0,0.000000,0,n/a,off,off,0,0,0,0,0,,,0.000,,,,,,,
residual_bare_n96,nid005941,hex8,residual,packed,packed,sumfact,affine,0.000000e+00,72,512,96,912673,884736,3650692,0,0.0000,n/a,20,1.300013065e-03,2808.1964,21777.8980,680.5593,513.1417,0,0,0,9.812539236015e-14,0,0.000000,0,sumfact,off,off,0,0,0,0,0,,,0.000,,,,,,,
residual_bare_n96,nid005941,hex8,residual,atomic,atomic,sumfact,affine,0.000000e+00,72,0,96,912673,884736,3650692,0,0.0000,n/a,20,4.261863232e-03,856.5953,6642.9987,207.5937,156.5257,0,0,0,9.779471069754e-14,0,0.000000,0,sumfact,off,off,0,0,0,0,0,,,0.000,,,,,,,
jac_bare_n96,nid005941,hex8,jac_action,packed,packed,sumfact,affine,0.000000e+00,72,512,96,912673,884736,3650692,0,0.0000,n/a,20,1.756775379e-03,2078.0642,16115.6357,503.6136,428.0716,0,0,0,-2.009048702682e-12,0,0.000000,0,n/a,off,off,0,0,0,0,0,,,0.000,,,,,,,
jac_bare_n96,nid005941,hex8,jac_action,atomic,atomic,sumfact,affine,0.000000e+00,72,0,96,912673,884736,3650692,0,0.0000,n/a,20,4.409921169e-03,827.8361,6419.9678,200.6240,170.5304,0,0,0,-1.949263192806e-12,0,0.000000,0,n/a,off,off,0,0,0,0,0,,,0.000,,,,,,,
residual_current_n96,nid005941,hex8,residual,atomic,atomic,current,affine,0.000000e+00,72,0,96,912673,884736,3650692,0,0.0000,n/a,20,4.289233685e-03,851.1292,6600.6084,206.2690,155.5268,0,0,0,1.028125609821e-13,0,0.000000,0,current,off,off,0,0,0,0,0,,,0.000,,,,,,,
residual_current_n96,nid005941,hex8,residual,packed,packed,current,affine,0.000000e+00,72,512,96,912673,884736,3650692,0,0.0000,n/a,20,1.647961140e-03,2215.2780,17179.7449,536.8670,404.7977,0,0,0,1.028819499212e-13,0,0.000000,0,current,off,off,0,0,0,0,0,,,0.000,,,,,,,
residual_rc_n96,nid005941,hex8,residual,packed,packed,sumfact,affine,0.000000e+00,72,512,96,912673,884736,3650692,0,0.0000,n/a,20,2.496039867e-03,1462.5936,11342.5881,354.4559,267.2597,0,0,0,1.001236853843e-13,1,1.000000,0,sumfact,on,off,0,0,0,0,0,,,0.000,,,,,,,
residual_rc_n96,nid005941,hex8,residual,atomic,atomic,sumfact,affine,0.000000e+00,72,0,96,912673,884736,3650692,0,0.0000,n/a,20,6.273937225e-03,581.8821,4512.5654,141.0177,106.3273,0,0,0,9.933444041280e-14,1,1.000000,0,sumfact,on,off,0,0,0,0,0,,,0.000,,,,,,,
residual_rc_bnd_n96,nid005941,hex8,residual,packed,packed,sumfact,affine,0.000000e+00,72,512,96,912673,884736,3650692,0,0.0000,n/a,20,2.686011791e-03,1359.1497,10540.3677,329.3865,248.3574,0,0,0,3.727500000000e+00,1,1.000000,1,sumfact,on,on,0,0,0,0,0,,,0.000,,,,,,,
residual_rc_bnd_n96,nid005941,hex8,residual,atomic,atomic,sumfact,affine,0.000000e+00,72,0,96,912673,884736,3650692,0,0.0000,n/a,20,6.478452682e-03,563.5130,4370.1102,136.5659,102.9707,0,0,0,3.727500000000e+00,1,1.000000,1,sumfact,on,on,0,0,0,0,0,,,0.000,,,,,,,
residual_rc_bnd_dt_n96,nid005941,hex8,residual,packed,packed,sumfact,affine,0.000000e+00,72,512,96,912673,884736,3650692,0,0.0000,n/a,20,2.870619297e-03,1271.7437,9862.5241,308.2039,232.3857,0,0,0,6.759195490287e+00,1,1.000000,1,sumfact,on,on,0,0,0,0,1,,,0.000,,,,,,,
residual_rc_bnd_dt_n96,nid005941,hex8,residual,atomic,atomic,sumfact,affine,0.000000e+00,72,0,96,912673,884736,3650692,0,0.0000,n/a,20,6.581819057e-03,554.6631,4301.4783,134.4212,101.3536,0,0,0,6.759287405709e+00,1,1.000000,1,sumfact,on,on,0,0,0,0,1,,,0.000,,,,,,,
residual_rc_perapply_n96,nid005941,hex8,residual,packed,packed,sumfact,affine,0.000000e+00,72,512,96,912673,884736,3650692,0,0.0000,n/a,20,2.880764008e-03,1267.2652,9827.7929,307.1185,231.5674,0,0,0,1.001236853843e-13,1,1.000000,0,sumfact,on,off,0,1,0,0,0,,,0.000,,,,,,,
residual_rc_perapply_n96,nid005941,hex8,residual,atomic,atomic,sumfact,affine,0.000000e+00,72,0,96,912673,884736,3650692,0,0.0000,n/a,20,8.291602135e-03,440.2879,3414.4851,106.7027,80.4538,0,0,0,9.933444041280e-14,1,1.000000,0,sumfact,on,off,0,1,0,0,0,,,0.000,,,,,,,
jac_rc_n96,nid005941,hex8,jac_action,packed,packed,sumfact,affine,0.000000e+00,72,512,96,912673,884736,3650692,0,0.0000,n/a,20,3.802156448e-03,960.1635,7446.1828,232.6932,197.7892,0,0,0,2.763892901440e-13,1,1.000000,0,n/a,exact,off,1,0,0,0,0,6.336896000e-04,0.166666,0.000,,,,,,,
jac_rc_n96,nid005941,hex8,jac_action,atomic,atomic,sumfact,affine,0.000000e+00,72,0,96,912673,884736,3650692,0,0.0000,n/a,20,1.011652946e-02,360.8641,2798.5439,87.4545,74.3363,0,0,0,2.849310685397e-13,1,1.000000,0,n/a,exact,off,1,0,0,0,0,2.370816000e-03,0.234351,0.000,,,,,,,
jac_rc_bnd_n96,nid005941,hex8,jac_action,packed,packed,sumfact,affine,0.000000e+00,72,512,96,912673,884736,3650692,0,0.0000,n/a,20,4.136633873e-03,882.5272,6844.1039,213.8782,181.7965,0,0,0,5.047058237368e+00,1,1.000000,1,n/a,exact,on,1,0,0,0,0,6.619520000e-04,0.160022,0.000,,,,,,,
jac_rc_bnd_n96,nid005941,hex8,jac_action,atomic,atomic,sumfact,affine,0.000000e+00,72,0,96,912673,884736,3650692,0,0.0000,n/a,20,1.010245085e-02,361.3670,2802.4439,87.5764,74.4399,0,0,0,5.047058237368e+00,1,1.000000,1,n/a,exact,on,1,0,0,0,0,2.344896000e-03,0.232112,0.000,,,,,,,
assemble_n96,nid005941,hex8,assemble,packed,packed,sumfact,affine,0.000000e+00,72,512,96,912673,884736,3650692,24137569,2946.4806,f64,20,6.158353090e-02,59.2803,459.7260,14.3664,33.1003,0,0,0,7.386596588159e-11,0,0.000000,0,sumfact,off,off,0,0,0,0,0,,,0.000,,,,,,,
assemble_n96,nid005941,hex8,assemble,atomic,atomic,sumfact,affine,0.000000e+00,72,0,96,912673,884736,3650692,24137569,2946.4806,f64,20,9.450714588e-02,38.6287,299.5705,9.3616,21.5691,0,0,0,7.342422201788e-11,0,0.000000,0,sumfact,off,off,0,0,0,0,0,,,0.000,,,,,,,
assemble_n96,nid005941,hex8,assemble,colored,colored,sumfact,affine,0.000000e+00,72,512,96,912673,884736,3650692,24137569,2946.4806,f64,20,3.893404007e-02,93.7661,727.1671,22.7240,52.3560,19,90,91,7.389472065792e-11,0,0.000000,0,sumfact,off,off,0,0,0,0,0,,,0.000,,,,,,,
assemble_n96,nid005941,hex8,assemble,store,store,sumfact,affine,0.000000e+00,72,512,96,912673,884736,3650692,24137569,2946.4806,f64,20,4.322434664e-02,84.4592,654.9909,20.4685,47.1593,0,0,0,7.386596588159e-11,0,0.000000,0,sumfact,off,off,0,0,0,0,0,,,0.000,,,,,,,
assemble_sympy_n96,nid005941,hex8,assemble,atomic,atomic,sympy,affine,0.000000e+00,72,0,96,912673,884736,3650692,24137569,2946.4806,f64,20,6.627906561e-02,55.0806,427.1568,13.3486,30.7553,0,0,0,6.578006241380e-11,0,0.000000,0,sympy,off,off,0,0,0,0,0,,,0.000,,,,,,,
assemble_sympy_n96,nid005941,hex8,assemble,colored,colored,sympy,affine,0.000000e+00,72,512,96,912673,884736,3650692,24137569,2946.4806,f64,20,4.014258385e-02,90.9431,705.2748,22.0398,50.7798,19,90,91,6.632765216512e-11,0,0.000000,0,sympy,off,off,0,0,0,0,0,,,0.000,,,,,,,
assemble_diag_n96,nid005941,hex8,assemble_diag,atomic,atomic,sumfact,affine,0.000000e+00,72,0,96,912673,884736,3650692,0,0.0000,n/a,20,3.297932148e-02,110.6964,858.4638,26.8270,20.2276,0,0,0,1.054549351220e+03,0,0.000000,0,n/a,off,off,0,0,0,0,0,,,0.000,,,,,,,
spmv_f64_n96,nid005941,hex8,bsr_apply,packed,n/a,sumfact,affine,0.000000e+00,72,512,96,912673,884736,3650692,24137569,2946.4806,f64,20,8.040201664e-03,454.0548,0.0000,0.0000,0.0000,0,0,0,-2.227890574390e-12,0,0.000000,0,n/a,off,off,0,0,0,0,0,,,0.000,,,,,,,
spmv_f32_n96,nid005941,hex8,bsr_apply,packed,n/a,sumfact,affine,0.000000e+00,72,512,96,912673,884736,3650692,24137569,1473.2403,f32,20,4.398071766e-03,830.0665,0.0000,0.0000,0.0000,0,0,0,-1.159811748818e-06,0,0.000000,0,n/a,off,off,0,0,0,0,0,,,0.000,,,,,,,
residual_bare_n128,nid005941,hex8,residual,packed,packed,sumfact,affine,0.000000e+00,72,1024,128,2146689,2097152,8586756,0,0.0000,n/a,20,3.328824043e-03,2579.5163,20159.9313,629.9979,475.0184,0,0,0,1.366603228151e-13,0,0.000000,0,sumfact,off,off,0,0,0,0,0,,,0.000,,,,,,,
residual_bare_n128,nid005941,hex8,residual,atomic,atomic,sumfact,affine,0.000000e+00,72,0,128,2146689,2097152,8586756,0,0.0000,n/a,20,1.022880077e-02,839.4685,6560.7754,205.0242,154.5883,0,0,0,1.381383614267e-13,0,0.000000,0,sumfact,off,off,0,0,0,0,0,,,0.000,,,,,,,
jac_bare_n128,nid005941,hex8,jac_action,packed,packed,sumfact,affine,0.000000e+00,72,1024,128,2146689,2097152,8586756,0,0.0000,n/a,20,4.358375072e-03,1970.1737,15397.6798,481.1775,409.0009,0,0,0,-2.268767828771e-12,0,0.000000,0,n/a,off,off,0,0,0,0,0,,,0.000,,,,,,,
jac_bare_n128,nid005941,hex8,jac_action,atomic,atomic,sumfact,affine,0.000000e+00,72,0,128,2146689,2097152,8586756,0,0.0000,n/a,20,9.972763062e-03,861.0208,6729.2147,210.2880,178.7448,0,0,0,-2.268920891012e-12,0,0.000000,0,n/a,off,off,0,0,0,0,0,,,0.000,,,,,,,
residual_current_n128,nid005941,hex8,residual,atomic,atomic,current,affine,0.000000e+00,72,0,128,2146689,2097152,8586756,0,0.0000,n/a,20,9.862828255e-03,870.6180,6804.2211,212.6319,160.3245,0,0,0,1.381248631097e-13,0,0.000000,0,current,off,off,0,0,0,0,0,,,0.000,,,,,,,
residual_current_n128,nid005941,hex8,residual,packed,packed,current,affine,0.000000e+00,72,1024,128,2146689,2097152,8586756,0,0.0000,n/a,20,4.078543186e-03,2105.3488,16454.1261,514.1914,387.7003,0,0,0,1.366330009203e-13,0,0.000000,0,current,off,off,0,0,0,0,0,,,0.000,,,,,,,
residual_rc_n128,nid005941,hex8,residual,packed,packed,sumfact,affine,0.000000e+00,72,1024,128,2146689,2097152,8586756,0,0.0000,n/a,20,6.202304363e-03,1384.4461,10819.9888,338.1247,254.9460,0,0,0,1.366585880916e-13,1,1.000000,0,sumfact,on,off,0,0,0,0,0,,,0.000,,,,,,,
residual_rc_n128,nid005941,hex8,residual,atomic,atomic,sumfact,affine,0.000000e+00,72,0,128,2146689,2097152,8586756,0,0.0000,n/a,20,1.460989714e-02,587.7356,4593.3837,143.5432,108.2316,0,0,0,1.381366267032e-13,1,1.000000,0,sumfact,on,off,0,0,0,0,0,,,0.000,,,,,,,
residual_rc_bnd_n128,nid005941,hex8,residual,packed,packed,sumfact,affine,0.000000e+00,72,1024,128,2146689,2097152,8586756,0,0.0000,n/a,20,6.592488289e-03,1302.5061,10179.5955,318.1124,239.8567,0,0,0,3.727500000000e+00,1,1.000000,1,sumfact,on,on,0,0,0,0,0,,,0.000,,,,,,,
residual_rc_bnd_n128,nid005941,hex8,residual,atomic,atomic,sumfact,affine,0.000000e+00,72,0,128,2146689,2097152,8586756,0,0.0000,n/a,20,1.503051519e-02,571.2882,4464.8412,139.5263,105.2028,0,0,0,3.727500000000e+00,1,1.000000,1,sumfact,on,on,0,0,0,0,0,,,0.000,,,,,,,
residual_rc_bnd_dt_n128,nid005941,hex8,residual,packed,packed,sumfact,affine,0.000000e+00,72,1024,128,2146689,2097152,8586756,0,0.0000,n/a,20,7.214558125e-03,1190.1985,9301.8675,290.6834,219.1753,0,0,0,6.759412313613e+00,1,1.000000,1,sumfact,on,on,0,0,0,0,1,,,0.000,,,,,,,
residual_rc_bnd_dt_n128,nid005941,hex8,residual,atomic,atomic,sumfact,affine,0.000000e+00,72,0,128,2146689,2097152,8586756,0,0.0000,n/a,20,1.542313099e-02,556.7453,4351.1829,135.9745,102.5247,0,0,0,6.759329548060e+00,1,1.000000,1,sumfact,on,on,0,0,0,0,1,,,0.000,,,,,,,
residual_rc_perapply_n128,nid005941,hex8,residual,packed,packed,sumfact,affine,0.000000e+00,72,1024,128,2146689,2097152,8586756,0,0.0000,n/a,20,7.255673409e-03,1183.4540,9249.1572,289.0362,217.9333,0,0,0,1.366585880916e-13,1,1.000000,0,sumfact,on,off,0,1,0,0,0,,,0.000,,,,,,,
residual_rc_perapply_n128,nid005941,hex8,residual,atomic,atomic,sumfact,affine,0.000000e+00,72,0,128,2146689,2097152,8586756,0,0.0000,n/a,20,1.950184107e-02,440.3049,3441.1553,107.5361,81.0822,0,0,0,1.381366267032e-13,1,1.000000,0,sumfact,on,off,0,1,0,0,0,,,0.000,,,,,,,
jac_rc_n128,nid005941,hex8,jac_action,packed,packed,sumfact,affine,0.000000e+00,72,1024,128,2146689,2097152,8586756,0,0.0000,n/a,20,9.463381767e-03,907.3665,7091.4252,221.6070,188.3660,0,0,0,-3.069362255678e-13,1,1.000000,0,n/a,exact,off,1,0,0,0,0,1.605952000e-03,0.169702,0.000,,,,,,,
jac_rc_n128,nid005941,hex8,jac_action,atomic,atomic,sumfact,affine,0.000000e+00,72,0,128,2146689,2097152,8586756,0,0.0000,n/a,20,2.260191441e-02,379.9128,2969.1672,92.7865,78.8685,0,0,0,-3.103779169442e-13,1,1.000000,0,n/a,exact,off,1,0,0,0,0,5.331072000e-03,0.235868,0.000,,,,,,,
jac_rc_bnd_n128,nid005941,hex8,jac_action,packed,packed,sumfact,affine,0.000000e+00,72,1024,128,2146689,2097152,8586756,0,0.0000,n/a,20,1.024463177e-02,838.1713,6550.6370,204.7074,174.0013,0,0,0,5.048053297186e+00,1,1.000000,1,n/a,exact,on,1,0,0,0,0,1.621632000e-03,0.158291,0.000,,,,,,,
jac_rc_bnd_n128,nid005941,hex8,jac_action,atomic,atomic,sumfact,affine,0.000000e+00,72,0,128,2146689,2097152,8586756,0,0.0000,n/a,20,2.404202223e-02,357.1561,2791.3153,87.2286,74.1443,0,0,0,5.048053297186e+00,1,1.000000,1,n/a,exact,on,1,0,0,0,0,5.391052800e-03,0.224235,0.000,,,,,,,
assemble_n128,nid005941,hex8,assemble,packed,packed,sumfact,affine,0.000000e+00,72,1024,128,2146689,2097152,8586756,57066625,6966.1407,f64,20,1.479806185e-01,58.0262,453.4977,14.1718,32.6518,0,0,0,-3.076235482948e-08,0,0.000000,0,sumfact,off,off,0,0,0,0,0,,,0.000,,,,,,,
assemble_n128,nid005941,hex8,assemble,atomic,atomic,sumfact,affine,0.000000e+00,72,0,128,2146689,2097152,8586756,57066625,6966.1407,f64,20,2.238734245e-01,38.3554,299.7625,9.3676,21.5829,0,0,0,-3.076550014682e-08,0,0.000000,0,sumfact,off,off,0,0,0,0,0,,,0.000,,,,,,,
assemble_n128,nid005941,hex8,assemble,colored,colored,sumfact,affine,0.000000e+00,72,1024,128,2146689,2097152,8586756,57066625,6966.1407,f64,20,8.230305910e-02,104.3309,815.3872,25.4809,58.7079,14,146,147,-3.076235482948e-08,0,0.000000,0,sumfact,off,off,0,0,0,0,0,,,0.000,,,,,,,
assemble_n128,nid005941,hex8,assemble,store,store,sumfact,affine,0.000000e+00,72,1024,128,2146689,2097152,8586756,57066625,6966.1407,f64,20,1.092817068e-01,78.5745,614.0906,19.1903,44.2145,0,0,0,-3.076235482948e-08,0,0.000000,0,sumfact,off,off,0,0,0,0,0,,,0.000,,,,,,,
assemble_sympy_n128,nid005941,hex8,assemble,atomic,atomic,sympy,affine,0.000000e+00,72,0,128,2146689,2097152,8586756,57066625,6966.1407,f64,20,1.570423007e-01,54.6780,427.3299,13.3541,30.7677,0,0,0,-3.076550013728e-08,0,0.000000,0,sympy,off,off,0,0,0,0,0,,,0.000,,,,,,,
assemble_sympy_n128,nid005941,hex8,assemble,colored,colored,sympy,affine,0.000000e+00,72,1024,128,2146689,2097152,8586756,57066625,6966.1407,f64,20,8.771172762e-02,97.8975,765.1071,23.9096,55.0877,14,146,147,-3.076235482687e-08,0,0.000000,0,sympy,off,off,0,0,0,0,0,,,0.000,,,,,,,
assemble_diag_n128,nid005941,hex8,assemble_diag,atomic,atomic,sumfact,affine,0.000000e+00,72,0,128,2146689,2097152,8586756,0,0.0000,n/a,20,7.674212456e-02,111.8910,874.4723,27.3273,20.6048,0,0,0,1.651826180067e+03,0,0.000000,0,n/a,off,off,0,0,0,0,0,,,0.000,,,,,,,
spmv_f64_n128,nid005941,hex8,bsr_apply,packed,n/a,sumfact,affine,0.000000e+00,72,1024,128,2146689,2097152,8586756,57066625,6966.1407,f64,20,1.906306744e-02,450.4394,0.0000,0.0000,0.0000,0,0,0,-2.271657308876e-12,0,0.000000,0,n/a,off,off,0,0,0,0,0,,,0.000,,,,,,,
spmv_f32_n128,nid005941,hex8,bsr_apply,packed,n/a,sumfact,affine,0.000000e+00,72,1024,128,2146689,2097152,8586756,57066625,3483.0704,f32,20,1.035635471e-02,829.1292,0.0000,0.0000,0.0000,0,0,0,4.661746579456e-05,0,0.000000,0,n/a,off,off,0,0,0,0,0,,,0.000,,,,,,,
residual_bare_n160,nid005941,hex8,residual,packed,packed,sumfact,affine,0.000000e+00,72,2048,160,4173281,4096000,16693124,0,0.0000,n/a,20,6.565678120e-03,2542.4828,19963.2083,623.8503,470.3831,0,0,0,-6.926008161087e-14,0,0.000000,0,sumfact,off,off,0,0,0,0,0,,,0.000,,,,,,,
residual_bare_n160,nid005941,hex8,residual,atomic,atomic,sumfact,affine,0.000000e+00,72,0,160,4173281,4096000,16693124,0,0.0000,n/a,20,2.077884674e-02,803.3711,6307.9535,197.1235,148.6312,0,0,0,-7.557772766995e-14,0,0.000000,0,sumfact,off,off,0,0,0,0,0,,,0.000,,,,,,,
jac_bare_n160,nid005941,hex8,jac_action,packed,packed,sumfact,affine,0.000000e+00,72,2048,160,4173281,4096000,16693124,0,0.0000,n/a,20,8.882069588e-03,1879.4183,14756.9211,461.1538,391.9807,0,0,0,7.483083570110e-13,0,0.000000,0,n/a,off,off,0,0,0,0,0,,,0.000,,,,,,,
jac_bare_n160,nid005941,hex8,jac_action,atomic,atomic,sumfact,affine,0.000000e+00,72,0,160,4173281,4096000,16693124,0,0.0000,n/a,20,1.917394400e-02,870.6150,6835.9436,213.6232,181.5798,0,0,0,7.531967942138e-13,0,0.000000,0,n/a,off,off,0,0,0,0,0,,,0.000,,,,,,,
residual_current_n160,nid005941,hex8,residual,atomic,atomic,current,affine,0.000000e+00,72,0,160,4173281,4096000,16693124,0,0.0000,n/a,20,2.028927803e-02,822.7559,6460.1609,201.8800,152.2175,0,0,0,-7.131918482433e-14,0,0.000000,0,current,off,off,0,0,0,0,0,,,0.000,,,,,,,
residual_current_n160,nid005941,hex8,residual,packed,packed,current,affine,0.000000e+00,72,2048,160,4173281,4096000,16693124,0,0.0000,n/a,20,7.931244373e-03,2104.7295,16526.0322,516.4385,389.3946,0,0,0,-6.568480297436e-14,0,0.000000,0,current,off,off,0,0,0,0,0,,,0.000,,,,,,,
residual_rc_n160,nid005941,hex8,residual,packed,packed,sumfact,affine,0.000000e+00,72,2048,160,4173281,4096000,16693124,0,0.0000,n/a,20,1.243931055e-02,1341.9654,10536.9184,329.2787,248.2761,0,0,0,-7.066434026468e-14,1,1.000000,0,sumfact,on,off,0,0,0,0,0,,,0.000,,,,,,,
residual_rc_n160,nid005941,hex8,residual,atomic,atomic,sumfact,affine,0.000000e+00,72,0,160,4173281,4096000,16693124,0,0.0000,n/a,20,2.940155268e-02,567.7633,4457.9959,139.3124,105.0415,0,0,0,-7.449527377346e-14,1,1.000000,0,sumfact,on,off,0,0,0,0,0,,,0.000,,,,,,,
residual_rc_bnd_n160,nid005941,hex8,residual,packed,packed,sumfact,affine,0.000000e+00,72,2048,160,4173281,4096000,16693124,0,0.0000,n/a,20,1.318078041e-02,1266.4746,9944.1760,310.7555,234.3096,0,0,0,3.727500000000e+00,1,1.000000,1,sumfact,on,on,0,0,0,0,0,,,0.000,,,,,,,
residual_rc_bnd_n160,nid005941,hex8,residual,atomic,atomic,sumfact,affine,0.000000e+00,72,0,160,4173281,4096000,16693124,0,0.0000,n/a,20,3.047000170e-02,547.8544,4301.6735,134.4273,101.3582,0,0,0,3.727500000000e+00,1,1.000000,1,sumfact,on,on,0,0,0,0,0,,,0.000,,,,,,,
residual_rc_bnd_dt_n160,nid005941,hex8,residual,packed,packed,sumfact,affine,0.000000e+00,72,2048,160,4173281,4096000,16693124,0,0.0000,n/a,20,1.431782246e-02,1165.8982,9154.4647,286.0770,215.7021,0,0,0,6.759317416976e+00,1,1.000000,1,sumfact,on,on,0,0,0,0,1,,,0.000,,,,,,,
residual_rc_bnd_dt_n160,nid005941,hex8,residual,atomic,atomic,sumfact,affine,0.000000e+00,72,0,160,4173281,4096000,16693124,0,0.0000,n/a,20,3.141120672e-02,531.4385,4172.7782,130.3993,98.3211,0,0,0,6.759324573300e+00,1,1.000000,1,sumfact,on,on,0,0,0,0,1,,,0.000,,,,,,,
residual_rc_perapply_n160,nid005941,hex8,residual,packed,packed,sumfact,affine,0.000000e+00,72,2048,160,4173281,4096000,16693124,0,0.0000,n/a,20,1.440623999e-02,1158.7426,9098.2796,284.3212,214.3782,0,0,0,-7.066434026468e-14,1,1.000000,0,sumfact,on,off,0,1,0,0,0,,,0.000,,,,,,,
residual_rc_perapply_n160,nid005941,hex8,residual,atomic,atomic,sumfact,affine,0.000000e+00,72,0,160,4173281,4096000,16693124,0,0.0000,n/a,20,4.003062248e-02,417.0089,3274.2933,102.3217,77.1505,0,0,0,-7.449527377346e-14,1,1.000000,0,sumfact,on,off,0,1,0,0,0,,,0.000,,,,,,,
jac_rc_n160,nid005941,hex8,jac_action,packed,packed,sumfact,affine,0.000000e+00,72,2048,160,4173281,4096000,16693124,0,0.0000,n/a,20,1.908941269e-02,874.4703,6866.2144,214.5692,182.3838,0,0,0,-5.547403831327e-13,1,1.000000,0,n/a,exact,off,1,0,0,0,0,3.312204800e-03,0.173510,0.000,,,,,,,
jac_rc_n160,nid005941,hex8,jac_action,atomic,atomic,sumfact,affine,0.000000e+00,72,0,160,4173281,4096000,16693124,0,0.0000,n/a,20,4.516023397e-02,369.6421,2902.3765,90.6993,77.0944,0,0,0,-5.555626420603e-13,1,1.000000,0,n/a,exact,off,1,0,0,0,0,1.074991360e-02,0.238039,0.000,,,,,,,
jac_rc_bnd_n160,nid005941,hex8,jac_action,packed,packed,sumfact,affine,0.000000e+00,72,2048,160,4173281,4096000,16693124,0,0.0000,n/a,20,2.025051117e-02,824.3310,6472.5280,202.2665,171.9265,0,0,0,5.046148336219e+00,1,1.000000,1,n/a,exact,on,1,0,0,0,0,3.246720000e-03,0.160328,0.000,,,,,,,
jac_rc_bnd_n160,nid005941,hex8,jac_action,atomic,atomic,sumfact,affine,0.000000e+00,72,0,160,4173281,4096000,16693124,0,0.0000,n/a,20,4.603385925e-02,362.6271,2847.2955,88.9780,75.6313,0,0,0,5.046148336219e+00,1,1.000000,1,n/a,exact,on,1,0,0,0,0,1.071393280e-02,0.232740,0.000,,,,,,,
assemble_n160,nid005941,hex8,assemble,packed,packed,sumfact,affine,0.000000e+00,72,2048,160,4173281,4096000,16693124,111284641,13584.5509,f64,20,3.068942904e-01,54.3937,427.0917,13.3466,30.7506,0,0,0,1.165429404451e-08,0,0.000000,0,sumfact,off,off,0,0,0,0,0,,,0.000,,,,,,,
assemble_n160,nid005941,hex8,assemble,atomic,atomic,sumfact,affine,0.000000e+00,72,0,160,4173281,4096000,16693124,111284641,13584.5509,f64,20,4.347473145e-01,38.3973,301.4901,9.4216,21.7073,0,0,0,1.164916721901e-08,0,0.000000,0,sumfact,off,off,0,0,0,0,0,,,0.000,,,,,,,
assemble_n160,nid005941,hex8,assemble,colored,colored,sumfact,affine,0.000000e+00,72,2048,160,4173281,4096000,16693124,111284641,13584.5509,f64,20,1.618551731e-01,103.1362,809.8104,25.3066,58.3063,20,99,101,1.165426806529e-08,0,0.000000,0,sumfact,off,off,0,0,0,0,0,,,0.000,,,,,,,
assemble_n160,nid005941,hex8,assemble,store,store,sumfact,affine,0.000000e+00,72,2048,160,4173281,4096000,16693124,111284641,13584.5509,f64,20,2.359954715e-01,70.7349,555.4005,17.3563,39.9888,0,0,0,1.165429404451e-08,0,0.000000,0,sumfact,off,off,0,0,0,0,0,,,0.000,,,,,,,
assemble_sympy_n160,nid005941,hex8,assemble,atomic,atomic,sympy,affine,0.000000e+00,72,0,160,4173281,4096000,16693124,111284641,13584.5509,f64,20,3.038477540e-01,54.9391,431.3739,13.4804,31.0589,0,0,0,1.167343591505e-08,0,0.000000,0,sympy,off,off,0,0,0,0,0,,,0.000,,,,,,,
assemble_sympy_n160,nid005941,hex8,assemble,colored,colored,sympy,affine,0.000000e+00,72,2048,160,4173281,4096000,16693124,111284641,13584.5509,f64,20,1.679202318e-01,99.4110,780.5611,24.3925,56.2004,20,99,101,1.168506756832e-08,0,0.000000,0,sympy,off,off,0,0,0,0,0,,,0.000,,,,,,,
assemble_diag_n160,nid005941,hex8,assemble_diag,atomic,atomic,sumfact,affine,0.000000e+00,72,0,160,4173281,4096000,16693124,0,0.0000,n/a,20,1.491064191e-01,111.9544,879.0500,27.4703,20.7126,0,0,0,2.371982944015e+03,0,0.000000,0,n/a,off,off,0,0,0,0,0,,,0.000,,,,,,,
spmv_f64_n160,nid005941,hex8,bsr_apply,packed,n/a,sumfact,affine,0.000000e+00,72,2048,160,4173281,4096000,16693124,111284641,13584.5509,f64,20,3.763153553e-02,443.5940,0.0000,0.0000,0.0000,0,0,0,7.157881465282e-13,0,0.000000,0,n/a,off,off,0,0,0,0,0,,,0.000,,,,,,,
spmv_f32_n160,nid005941,hex8,bsr_apply,packed,n/a,sumfact,affine,0.000000e+00,72,2048,160,4173281,4096000,16693124,111284641,6792.2755,f32,20,1.901026964e-02,878.1108,0.0000,0.0000,0.0000,0,0,0,4.118532892879e-05,0,0.000000,0,n/a,off,off,0,0,0,0,0,,,0.000,,,,,,,
residual_bare_n192,nid005941,hex8,residual,packed,packed,sumfact,affine,0.000000e+00,72,4096,192,7189057,7077888,28756228,0,0.0000,n/a,20,1.104782820e-02,2602.8852,20501.0806,640.6588,483.0567,0,0,0,-2.338472297747e-14,0,0.000000,0,sumfact,off,off,0,0,0,0,0,,,0.000,,,,,,,
residual_bare_n192,nid005941,hex8,residual,atomic,atomic,sumfact,affine,0.000000e+00,72,0,192,7189057,7077888,28756228,0,0.0000,n/a,20,3.508969545e-02,819.5063,6454.6703,201.7084,152.0882,0,0,0,-1.625251582621e-14,0,0.000000,0,sumfact,off,off,0,0,0,0,0,,,0.000,,,,,,,
jac_bare_n192,nid005941,hex8,jac_action,packed,packed,sumfact,affine,0.000000e+00,72,4096,192,7189057,7077888,28756228,0,0.0000,n/a,20,1.479290724e-02,1943.9200,15310.8792,478.4650,406.6952,0,0,0,2.572335378558e-11,0,0.000000,0,n/a,off,off,0,0,0,0,0,,,0.000,,,,,,,
jac_bare_n192,nid005941,hex8,jac_action,atomic,atomic,sumfact,affine,0.000000e+00,72,0,192,7189057,7077888,28756228,0,0.0000,n/a,20,3.317553997e-02,866.7901,6827.0906,213.3466,181.3446,0,0,0,2.582123989452e-11,0,0.000000,0,n/a,off,off,0,0,0,0,0,,,0.000,,,,,,,
residual_current_n192,nid005941,hex8,residual,atomic,atomic,current,affine,0.000000e+00,72,0,192,7189057,7077888,28756228,0,0.0000,n/a,20,3.254704475e-02,883.5281,6958.9242,217.4664,163.9697,0,0,0,-1.950513589619e-14,0,0.000000,0,current,off,off,0,0,0,0,0,,,0.000,,,,,,,
residual_current_n192,nid005941,hex8,residual,packed,packed,current,affine,0.000000e+00,72,4096,192,7189057,7077888,28756228,0,0.0000,n/a,20,1.356567144e-02,2119.7792,16695.9975,521.7499,393.3994,0,0,0,-2.561136253163e-14,0,0.000000,0,current,off,off,0,0,0,0,0,,,0.000,,,,,,,
residual_rc_n192,nid005941,hex8,residual,packed,packed,sumfact,affine,0.000000e+00,72,4096,192,7189057,7077888,28756228,0,0.0000,n/a,20,2.079402208e-02,1382.9084,10892.1889,340.3809,256.6472,0,0,0,-2.161183558502e-14,1,1.000000,0,sumfact,on,off,0,0,0,0,0,,,0.000,,,,,,,
residual_rc_n192,nid005941,hex8,residual,atomic,atomic,sumfact,affine,0.000000e+00,72,0,192,7189057,7077888,28756228,0,0.0000,n/a,20,5.036985874e-02,570.9015,4496.5863,140.5183,105.9508,0,0,0,-1.622822969755e-14,1,1.000000,0,sumfact,on,off,0,0,0,0,0,,,0.000,,,,,,,
residual_rc_bnd_n192,nid005941,hex8,residual,packed,packed,sumfact,affine,0.000000e+00,72,4096,192,7189057,7077888,28756228,0,0.0000,n/a,20,2.205646038e-02,1303.7553,10268.7563,320.8986,241.9576,0,0,0,3.727500000000e+00,1,1.000000,1,sumfact,on,on,0,0,0,0,0,,,0.000,,,,,,,
residual_rc_bnd_n192,nid005941,hex8,residual,atomic,atomic,sumfact,affine,0.000000e+00,72,0,192,7189057,7077888,28756228,0,0.0000,n/a,20,5.152759552e-02,558.0743,4395.5557,137.3611,103.5703,0,0,0,3.727500000000e+00,1,1.000000,1,sumfact,on,on,0,0,0,0,0,,,0.000,,,,,,,
residual_rc_bnd_dt_n192,nid005941,hex8,residual,packed,packed,sumfact,affine,0.000000e+00,72,4096,192,7189057,7077888,28756228,0,0.0000,n/a,20,2.401744127e-02,1197.3061,9430.3308,294.6978,222.2022,0,0,0,6.759335709367e+00,1,1.000000,1,sumfact,on,on,0,0,0,0,1,,,0.000,,,,,,,
residual_rc_bnd_dt_n192,nid005941,hex8,residual,atomic,atomic,sumfact,affine,0.000000e+00,72,0,192,7189057,7077888,28756228,0,0.0000,n/a,20,5.304025412e-02,542.1586,4270.1985,133.4437,100.6166,0,0,0,6.759309506134e+00,1,1.000000,1,sumfact,on,on,0,0,0,0,1,,,0.000,,,,,,,
residual_rc_perapply_n192,nid005941,hex8,residual,packed,packed,sumfact,affine,0.000000e+00,72,4096,192,7189057,7077888,28756228,0,0.0000,n/a,20,2.417008877e-02,1189.7444,9370.7730,292.8367,220.7988,0,0,0,-2.161183558502e-14,1,1.000000,0,sumfact,on,off,0,1,0,0,0,,,0.000,,,,,,,
residual_rc_perapply_n192,nid005941,hex8,residual,atomic,atomic,sumfact,affine,0.000000e+00,72,0,192,7189057,7077888,28756228,0,0.0000,n/a,20,6.582167149e-02,436.8809,3441.0007,107.5313,81.0786,0,0,0,-1.622822969755e-14,1,1.000000,0,sumfact,on,off,0,1,0,0,0,,,0.000,,,,,,,
jac_rc_n192,nid005941,hex8,jac_action,packed,packed,sumfact,affine,0.000000e+00,72,4096,192,7189057,7077888,28756228,0,0.0000,n/a,20,3.192545176e-02,900.7305,7094.4154,221.7005,188.4454,0,0,0,-3.003928248995e-13,1,1.000000,0,n/a,exact,off,1,0,0,0,0,5.276556800e-03,0.165277,0.000,,,,,,,
jac_rc_n192,nid005941,hex8,jac_action,atomic,atomic,sumfact,affine,0.000000e+00,72,0,192,7189057,7077888,28756228,0,0.0000,n/a,20,7.728339434e-02,372.0881,2930.6738,91.5836,77.8460,0,0,0,-2.854811147950e-13,1,1.000000,0,n/a,exact,off,1,0,0,0,0,1.762570240e-02,0.228066,0.000,,,,,,,
jac_rc_bnd_n192,nid005941,hex8,jac_action,packed,packed,sumfact,affine,0.000000e+00,72,4096,192,7189057,7077888,28756228,0,0.0000,n/a,20,3.311041594e-02,868.4949,6840.5186,213.7662,181.7013,0,0,0,5.049173453743e+00,1,1.000000,1,n/a,exact,on,1,0,0,0,0,5.433100800e-03,0.164090,0.000,,,,,,,
jac_rc_bnd_n192,nid005941,hex8,jac_action,atomic,atomic,sumfact,affine,0.000000e+00,72,0,192,7189057,7077888,28756228,0,0.0000,n/a,20,7.865766287e-02,365.5871,2879.4705,89.9835,76.4859,0,0,0,5.049173453743e+00,1,1.000000,1,n/a,exact,on,1,0,0,0,0,1.766511360e-02,0.224582,0.000,,,,,,,
assemble_n192,nid005941,hex8,assemble,packed,packed,sumfact,affine,0.000000e+00,72,4096,192,7189057,7077888,28756228,192100033,23449.7111,f64,20,5.159193397e-01,55.7378,439.0074,13.7190,31.6085,0,0,0,2.592910685214e-09,0,0.000000,0,sumfact,off,off,0,0,0,0,0,,,0.000,,,,,,,
assemble_n192,nid005941,hex8,assemble,atomic,atomic,sumfact,affine,0.000000e+00,72,0,192,7189057,7077888,28756228,192100033,23449.7111,f64,20,7.506096482e-01,38.3105,301.7446,9.4295,21.7256,0,0,0,2.591521534265e-09,0,0.000000,0,sumfact,off,off,0,0,0,0,0,,,0.000,,,,,,,
assemble_n192,nid005941,hex8,assemble,colored,colored,sumfact,affine,0.000000e+00,72,4096,192,7189057,7077888,28756228,192100033,23449.7111,f64,20,2.760054469e-01,104.1872,820.6085,25.6440,59.0838,19,90,91,2.592891644889e-09,0,0.000000,0,sumfact,off,off,0,0,0,0,0,,,0.000,,,,,,,
assemble_n192,nid005941,hex8,assemble,store,store,sumfact,affine,0.000000e+00,72,4096,192,7189057,7077888,28756228,192100033,23449.7111,f64,20,3.952905893e-01,72.7471,572.9770,17.9055,41.2543,0,0,0,2.592910685214e-09,0,0.000000,0,sumfact,off,off,0,0,0,0,0,,,0.000,,,,,,,
assemble_sympy_n192,nid005941,hex8,assemble,atomic,atomic,sympy,affine,0.000000e+00,72,0,192,7189057,7077888,28756228,192100033,23449.7111,f64,20,5.244807839e-01,54.8280,431.8412,13.4950,31.0926,0,0,0,2.579395400885e-09,0,0.000000,0,sympy,off,off,0,0,0,0,0,,,0.000,,,,,,,
assemble_sympy_n192,nid005941,hex8,assemble,colored,colored,sympy,affine,0.000000e+00,72,4096,192,7189057,7077888,28756228,192100033,23449.7111,f64,20,2.988001227e-01,96.2390,758.0064,23.6877,54.5765,19,90,91,2.580736401329e-09,0,0.000000,0,sympy,off,off,0,0,0,0,0,,,0.000,,,,,,,
assemble_diag_n192,nid005941,hex8,assemble_diag,atomic,atomic,sumfact,affine,0.000000e+00,72,0,192,7189057,7077888,28756228,0,0.0000,n/a,20,2.571222425e-01,111.8387,880.8745,27.5273,20.7556,0,0,0,3.215019675301e+03,0,0.000000,0,n/a,off,off,0,0,0,0,0,,,0.000,,,,,,,
spmv_f32_n64,nid005941,hex8,bsr_apply,packed,n/a,sumfact,affine,0.000000e+00,72,128,64,274625,262144,1098500,7189057,438.7852,f32,20,1.235663891e-03,888.9958,0.0000,0.0000,0.0000,0,0,0,1.266337291522e-05,0,0.000000,0,n/a,off,off,0,0,0,0,0,,,0.000,,,,,,,
spmv_f64_n64,nid005941,hex8,bsr_apply,packed,n/a,sumfact,affine,0.000000e+00,72,128,64,274625,262144,1098500,7189057,877.5704,f64,20,2.245497704e-03,489.2011,0.0000,0.0000,0.0000,0,0,0,-1.151445421215e-12,0,0.000000,0,n/a,off,off,0,0,0,0,0,,,0.000,,,,,,,
assemble_diag_n64,nid005941,hex8,assemble_diag,atomic,atomic,sumfact,affine,0.000000e+00,72,0,64,274625,262144,1098500,0,0.0000,n/a,20,1.047940254e-02,104.8247,800.4853,25.0152,18.8614,0,0,0,5.801523603040e+02,0,0.000000,0,n/a,off,off,0,0,0,0,0,,,0.000,,,,,,,
assemble_sympy_n64,nid005941,hex8,assemble,colored,colored,sympy,affine,0.000000e+00,72,128,64,274625,262144,1098500,7189057,877.5704,f64,20,1.212447882e-02,90.6018,691.8737,21.6211,49.8149,14,146,147,2.702547348507e-10,0,0.000000,0,sympy,off,off,0,0,0,0,0,,,0.000,,,,,,,
assemble_sympy_n64,nid005941,hex8,assemble,atomic,atomic,sympy,affine,0.000000e+00,72,0,64,274625,262144,1098500,7189057,877.5704,f64,20,1.999316216e-02,54.9438,419.5738,13.1117,30.2093,0,0,0,2.702932318341e-10,0,0.000000,0,sympy,off,off,0,0,0,0,0,,,0.000,,,,,,,
assemble_n64,nid005941,hex8,assemble,store,store,sumfact,affine,0.000000e+00,72,128,64,274625,262144,1098500,7189057,877.5704,f64,20,9.207379818e-03,119.3065,911.0744,28.4711,65.5974,0,0,0,2.702547346339e-10,0,0.000000,0,sumfact,off,off,0,0,0,0,0,,,0.000,,,,,,,
assemble_n64,nid005941,hex8,assemble,colored,colored,sumfact,affine,0.000000e+00,72,128,64,274625,262144,1098500,7189057,877.5704,f64,20,1.134395599e-02,96.8357,739.4782,23.1087,53.2424,14,146,147,2.702547346339e-10,0,0.000000,0,sumfact,off,off,0,0,0,0,0,,,0.000,,,,,,,
assemble_n64,nid005941,hex8,assemble,atomic,atomic,sumfact,affine,0.000000e+00,72,0,64,274625,262144,1098500,7189057,877.5704,f64,20,2.838338614e-02,38.7022,295.5464,9.2358,21.2793,0,0,0,2.702932316173e-10,0,0.000000,0,sumfact,off,off,0,0,0,0,0,,,0.000,,,,,,,
assemble_n64,nid005941,hex8,assemble,packed,packed,sumfact,affine,0.000000e+00,72,128,64,274625,262144,1098500,7189057,877.5704,f64,20,1.300392151e-02,84.4745,645.0829,20.1588,46.4460,0,0,0,2.702547346339e-10,0,0.000000,0,sumfact,off,off,0,0,0,0,0,,,0.000,,,,,,,
jac_rc_bnd_n64,nid005941,hex8,jac_action,atomic,atomic,sumfact,affine,0.000000e+00,72,0,64,274625,262144,1098500,0,0.0000,n/a,20,3.075587749e-03,357.1675,2727.4813,85.2338,72.4487,0,0,0,5.047023127365e+00,1,1.000000,1,n/a,exact,on,1,0,0,0,0,7.847552000e-04,0.255156,0.000,,,,,,,
jac_rc_bnd_n64,nid005941,hex8,jac_action,packed,packed,sumfact,affine,0.000000e+00,72,128,64,274625,262144,1098500,0,0.0000,n/a,20,1.034581661e-03,1061.7818,8108.2125,253.3816,215.3744,0,0,0,5.047023127365e+00,1,1.000000,1,n/a,exact,on,1,0,0,0,0,1.242112000e-04,0.120059,0.000,,,,,,,
jac_rc_n64,nid005941,hex8,jac_action,atomic,atomic,sumfact,affine,0.000000e+00,72,0,64,274625,262144,1098500,0,0.0000,n/a,20,3.053390980e-03,359.7640,2747.3088,85.8534,72.9754,0,0,0,3.026048920989e-13,1,1.000000,0,n/a,exact,off,1,0,0,0,0,7.959296000e-04,0.260671,0.000,,,,,,,
jac_rc_n64,nid005941,hex8,jac_action,packed,packed,sumfact,affine,0.000000e+00,72,128,64,274625,262144,1098500,0,0.0000,n/a,20,9.714007378e-04,1130.8412,8635.5792,269.8618,229.3826,0,0,0,3.033959260039e-13,1,1.000000,0,n/a,exact,off,1,0,0,0,0,1.230720000e-04,0.126695,0.000,,,,,,,
residual_rc_perapply_n64,nid005941,hex8,residual,atomic,atomic,sumfact,affine,0.000000e+00,72,0,64,274625,262144,1098500,0,0.0000,n/a,20,2.507424355e-03,438.0990,3345.5079,104.5471,78.8285,0,0,0,-1.239188873042e-14,1,1.000000,0,sumfact,on,off,0,1,0,0,0,,,0.000,,,,,,,
residual_rc_perapply_n64,nid005941,hex8,residual,packed,packed,sumfact,affine,0.000000e+00,72,128,64,274625,262144,1098500,0,0.0000,n/a,20,8.100628853e-04,1356.0676,10355.5022,323.6094,244.0015,0,0,0,-1.271465571717e-14,1,1.000000,0,sumfact,on,off,0,1,0,0,0,,,0.000,,,,,,,
residual_rc_bnd_dt_n64,nid005941,hex8,residual,atomic,atomic,sumfact,affine,0.000000e+00,72,0,64,274625,262144,1098500,0,0.0000,n/a,20,1.948511600e-03,563.7636,4305.1363,134.5355,101.4398,0,0,0,6.759448953731e+00,1,1.000000,1,sumfact,on,on,0,0,0,0,1,,,0.000,,,,,,,
residual_rc_bnd_dt_n64,nid005941,hex8,residual,packed,packed,sumfact,affine,0.000000e+00,72,128,64,274625,262144,1098500,0,0.0000,n/a,20,7.931113243e-04,1385.0515,10576.8355,330.5261,249.2167,0,0,0,6.759042994895e+00,1,1.000000,1,sumfact,on,on,0,0,0,0,1,,,0.000,,,,,,,
residual_rc_bnd_n64,nid005941,hex8,residual,atomic,atomic,sumfact,affine,0.000000e+00,72,0,64,274625,262144,1098500,0,0.0000,n/a,20,1.895523071e-03,579.5234,4425.4845,138.2964,104.2755,0,0,0,3.727500000000e+00,1,1.000000,1,sumfact,on,on,0,0,0,0,0,,,0.000,,,,,,,
residual_rc_bnd_n64,nid005941,hex8,residual,packed,packed,sumfact,affine,0.000000e+00,72,128,64,274625,262144,1098500,0,0.0000,n/a,20,7.725119591e-04,1421.9845,10858.8714,339.3397,255.8622,0,0,0,3.727500000000e+00,1,1.000000,1,sumfact,on,on,0,0,0,0,0,,,0.000,,,,,,,
residual_rc_n64,nid005941,hex8,residual,atomic,atomic,sumfact,affine,0.000000e+00,72,0,64,274625,262144,1098500,0,0.0000,n/a,20,1.849985123e-03,593.7886,4534.4192,141.7006,106.8423,0,0,0,-1.283597794027e-14,1,1.000000,0,sumfact,on,off,0,0,0,0,0,,,0.000,,,,,,,
residual_rc_n64,nid005941,hex8,residual,packed,packed,sumfact,affine,0.000000e+00,72,128,64,274625,262144,1098500,0,0.0000,n/a,20,7.249116898e-04,1515.3570,11571.9033,361.6220,272.6630,0,0,0,-1.271465571717e-14,1,1.000000,0,sumfact,on,off,0,0,0,0,0,,,0.000,,,,,,,
residual_current_n64,nid005941,hex8,residual,packed,packed,current,affine,0.000000e+00,72,128,64,274625,262144,1098500,0,0.0000,n/a,20,5.298256874e-04,2073.3234,15832.7695,494.7740,373.0596,0,0,0,-1.272137777064e-14,0,0.000000,0,current,off,off,0,0,0,0,0,,,0.000,,,,,,,
residual_current_n64,nid005941,hex8,residual,atomic,atomic,current,affine,0.000000e+00,72,0,64,274625,262144,1098500,0,0.0000,n/a,20,1.301515102e-03,844.0163,6445.2637,201.4145,151.8665,0,0,0,-1.240218865106e-14,0,0.000000,0,current,off,off,0,0,0,0,0,,,0.000,,,,,,,
jac_bare_n64,nid005941,hex8,jac_action,atomic,atomic,sumfact,affine,0.000000e+00,72,0,64,274625,262144,1098500,0,0.0000,n/a,20,1.428329945e-03,769.0800,5873.0184,183.5318,156.0021,0,0,0,-1.152298037804e-12,0,0.000000,0,n/a,off,off,0,0,0,0,0,,,0.000,,,,,,,
jac_bare_n64,nid005941,hex8,jac_action,packed,packed,sumfact,affine,0.000000e+00,72,128,64,274625,262144,1098500,0,0.0000,n/a,20,5.225062370e-04,2102.3672,16054.5605,501.7050,426.4493,0,0,0,-1.151812315230e-12,0,0.000000,0,n/a,off,off,0,0,0,0,0,,,0.000,,,,,,,
residual_bare_n64,nid005941,hex8,residual,atomic,atomic,sumfact,affine,0.000000e+00,72,0,64,274625,262144,1098500,0,0.0000,n/a,20,1.330459118e-03,825.6548,6305.0475,197.0327,148.5627,0,0,0,-1.236760260176e-14,0,0.000000,0,sumfact,off,off,0,0,0,0,0,,,0.000,,,,,,,
residual_bare_n64,nid005941,hex8,residual,packed,packed,sumfact,affine,0.000000e+00,72,128,64,274625,262144,1098500,0,0.0000,n/a,20,4.150152206e-04,2646.8909,20212.7719,631.6491,476.2634,0,0,0,-1.268690014156e-14,0,0.000000,0,sumfact,off,off,0,0,0,0,0,,,0.000,,,,,,,
spmv_f32_n96,nid005941,hex8,bsr_apply,packed,n/a,sumfact,affine,0.000000e+00,72,512,96,912673,884736,3650692,24137569,1473.2403,f32,20,4.175198078e-03,874.3758,0.0000,0.0000,0.0000,0,0,0,-1.159811748818e-06,0,0.000000,0,n/a,off,off,0,0,0,0,0,,,0.000,,,,,,,
spmv_f64_n96,nid005941,hex8,bsr_apply,packed,n/a,sumfact,affine,0.000000e+00,72,512,96,912673,884736,3650692,24137569,2946.4806,f64,20,8.132791519e-03,448.8855,0.0000,0.0000,0.0000,0,0,0,-2.227890574390e-12,0,0.000000,0,n/a,off,off,0,0,0,0,0,,,0.000,,,,,,,
assemble_diag_n96,nid005941,hex8,assemble_diag,atomic,atomic,sumfact,affine,0.000000e+00,72,0,96,912673,884736,3650692,0,0.0000,n/a,20,3.311653137e-02,110.2378,854.9069,26.7158,20.1437,0,0,0,1.054549351220e+03,0,0.000000,0,n/a,off,off,0,0,0,0,0,,,0.000,,,,,,,
assemble_sympy_n96,nid005941,hex8,assemble,colored,colored,sympy,affine,0.000000e+00,72,512,96,912673,884736,3650692,24137569,2946.4806,f64,20,4.075591564e-02,89.5745,694.6612,21.7082,50.0156,19,90,91,6.632765216512e-11,0,0.000000,0,sympy,off,off,0,0,0,0,0,,,0.000,,,,,,,
assemble_sympy_n96,nid005941,hex8,assemble,atomic,atomic,sympy,affine,0.000000e+00,72,0,96,912673,884736,3650692,24137569,2946.4806,f64,20,6.606107950e-02,55.2624,428.5663,13.3927,30.8568,0,0,0,6.578006241380e-11,0,0.000000,0,sympy,off,off,0,0,0,0,0,,,0.000,,,,,,,
assemble_n96,nid005941,hex8,assemble,store,store,sumfact,affine,0.000000e+00,72,512,96,912673,884736,3650692,24137569,2946.4806,f64,20,4.282150269e-02,85.2537,661.1527,20.6610,47.6030,0,0,0,7.386596588159e-11,0,0.000000,0,sumfact,off,off,0,0,0,0,0,,,0.000,,,,,,,
assemble_n96,nid005941,hex8,assemble,colored,colored,sumfact,affine,0.000000e+00,72,512,96,912673,884736,3650692,24137569,2946.4806,f64,20,3.876261711e-02,94.1807,730.3829,22.8245,52.5876,19,90,91,7.389472065792e-11,0,0.000000,0,sumfact,off,off,0,0,0,0,0,,,0.000,,,,,,,
assemble_n96,nid005941,hex8,assemble,atomic,atomic,sumfact,affine,0.000000e+00,72,0,96,912673,884736,3650692,24137569,2946.4806,f64,20,9.458073378e-02,38.5987,299.3374,9.3543,21.5523,0,0,0,7.342422201788e-11,0,0.000000,0,sumfact,off,off,0,0,0,0,0,,,0.000,,,,,,,
assemble_n96,nid005941,hex8,assemble,packed,packed,sumfact,affine,0.000000e+00,72,512,96,912673,884736,3650692,24137569,2946.4806,f64,20,5.987250805e-02,60.9744,472.8640,14.7770,34.0462,0,0,0,7.386596588159e-11,0,0.000000,0,sumfact,off,off,0,0,0,0,0,,,0.000,,,,,,,
jac_rc_bnd_n96,nid005941,hex8,jac_action,atomic,atomic,sumfact,affine,0.000000e+00,72,0,96,912673,884736,3650692,0,0.0000,n/a,20,1.092416048e-02,334.1851,2591.6456,80.9889,68.8406,0,0,0,5.047058237368e+00,1,1.000000,1,n/a,exact,on,1,0,0,0,0,2.345856000e-03,0.214740,0.000,,,,,,,
jac_rc_bnd_n96,nid005941,hex8,jac_action,packed,packed,sumfact,affine,0.000000e+00,72,512,96,912673,884736,3650692,0,0.0000,n/a,20,4.128468037e-03,884.2728,6857.6411,214.3013,182.1561,0,0,0,5.047058237368e+00,1,1.000000,1,n/a,exact,on,1,0,0,0,0,6.707200000e-04,0.162462,0.000,,,,,,,
jac_rc_n96,nid005941,hex8,jac_action,atomic,atomic,sumfact,affine,0.000000e+00,72,0,96,912673,884736,3650692,0,0.0000,n/a,20,1.012390852e-02,360.6010,2796.5041,87.3908,74.2821,0,0,0,2.849310685397e-13,1,1.000000,0,n/a,exact,off,1,0,0,0,0,2.363046400e-03,0.233412,0.000,,,,,,,
jac_rc_n96,nid005941,hex8,jac_action,packed,packed,sumfact,affine,0.000000e+00,72,512,96,912673,884736,3650692,0,0.0000,n/a,20,3.755497932e-03,972.0927,7538.6946,235.5842,200.2466,0,0,0,2.763892901440e-13,1,1.000000,0,n/a,exact,off,1,0,0,0,0,6.285696000e-04,0.167373,0.000,,,,,,,
residual_rc_perapply_n96,nid005941,hex8,residual,atomic,atomic,sumfact,affine,0.000000e+00,72,0,96,912673,884736,3650692,0,0.0000,n/a,20,8.238148689e-03,443.1447,3436.6401,107.3950,80.9758,0,0,0,9.933444041280e-14,1,1.000000,0,sumfact,on,off,0,1,0,0,0,,,0.000,,,,,,,
residual_rc_perapply_n96,nid005941,hex8,residual,packed,packed,sumfact,affine,0.000000e+00,72,512,96,912673,884736,3650692,0,0.0000,n/a,20,2.873384953e-03,1270.5196,9853.0313,307.9072,232.1621,0,0,0,1.001236853843e-13,1,1.000000,0,sumfact,on,off,0,1,0,0,0,,,0.000,,,,,,,
residual_rc_bnd_dt_n96,nid005941,hex8,residual,atomic,atomic,sumfact,affine,0.000000e+00,72,0,96,912673,884736,3650692,0,0.0000,n/a,20,6.610476971e-03,552.2585,4282.8304,133.8385,100.9142,0,0,0,6.759287405709e+00,1,1.000000,1,sumfact,on,on,0,0,0,0,1,,,0.000,,,,,,,
residual_rc_bnd_dt_n96,nid005941,hex8,residual,packed,packed,sumfact,affine,0.000000e+00,72,512,96,912673,884736,3650692,0,0.0000,n/a,20,2.882611752e-03,1266.4529,9821.4933,306.9217,231.4189,0,0,0,6.759195490287e+00,1,1.000000,1,sumfact,on,on,0,0,0,0,1,,,0.000,,,,,,,
residual_rc_bnd_n96,nid005941,hex8,residual,atomic,atomic,sumfact,affine,0.000000e+00,72,0,96,912673,884736,3650692,0,0.0000,n/a,20,6.576955318e-03,555.0733,4304.6593,134.5206,101.4285,0,0,0,3.727500000000e+00,1,1.000000,1,sumfact,on,on,0,0,0,0,0,,,0.000,,,,,,,
residual_rc_bnd_n96,nid005941,hex8,residual,packed,packed,sumfact,affine,0.000000e+00,72,512,96,912673,884736,3650692,0,0.0000,n/a,20,2.710425854e-03,1346.9072,10445.4257,326.4196,246.1203,0,0,0,3.727500000000e+00,1,1.000000,1,sumfact,on,on,0,0,0,0,0,,,0.000,,,,,,,
residual_rc_n96,nid005941,hex8,residual,atomic,atomic,sumfact,affine,0.000000e+00,72,0,96,912673,884736,3650692,0,0.0000,n/a,20,6.346917152e-03,575.1914,4460.6777,139.3962,105.1047,0,0,0,9.933444041280e-14,1,1.000000,0,sumfact,on,off,0,0,0,0,0,,,0.000,,,,,,,
residual_rc_n96,nid005941,hex8,residual,packed,packed,sumfact,affine,0.000000e+00,72,512,96,912673,884736,3650692,0,0.0000,n/a,20,2.483212948e-03,1470.1486,11401.1777,356.2868,268.6402,0,0,0,1.001236853843e-13,1,1.000000,0,sumfact,on,off,0,0,0,0,0,,,0.000,,,,,,,
residual_current_n96,nid005941,hex8,residual,packed,packed,current,affine,0.000000e+00,72,512,96,912673,884736,3650692,0,0.0000,n/a,20,1.659440994e-03,2199.9529,17060.8971,533.1530,401.9974,0,0,0,1.028819499212e-13,0,0.000000,0,current,off,off,0,0,0,0,0,,,0.000,,,,,,,
residual_current_n96,nid005941,hex8,residual,atomic,atomic,current,affine,0.000000e+00,72,0,96,912673,884736,3650692,0,0.0000,n/a,20,4.372763634e-03,834.8706,6474.5215,202.3288,152.5559,0,0,0,1.028125609821e-13,0,0.000000,0,current,off,off,0,0,0,0,0,,,0.000,,,,,,,
jac_bare_n96,nid005941,hex8,jac_action,atomic,atomic,sumfact,affine,0.000000e+00,72,0,96,912673,884736,3650692,0,0.0000,n/a,20,4.315888882e-03,845.8726,6559.8427,204.9951,174.2458,0,0,0,-1.949263192806e-12,0,0.000000,0,n/a,off,off,0,0,0,0,0,,,0.000,,,,,,,
jac_bare_n96,nid005941,hex8,jac_action,packed,packed,sumfact,affine,0.000000e+00,72,512,96,912673,884736,3650692,0,0.0000,n/a,20,1.762115955e-03,2071.7660,16066.7928,502.0873,426.7742,0,0,0,-2.009048702682e-12,0,0.000000,0,n/a,off,off,0,0,0,0,0,,,0.000,,,,,,,
residual_bare_n96,nid005941,hex8,residual,atomic,atomic,sumfact,affine,0.000000e+00,72,0,96,912673,884736,3650692,0,0.0000,n/a,20,4.384529591e-03,832.6303,6457.1470,201.7858,152.1465,0,0,0,9.779471069754e-14,0,0.000000,0,sumfact,off,off,0,0,0,0,0,,,0.000,,,,,,,
residual_bare_n96,nid005941,hex8,residual,packed,packed,sumfact,affine,0.000000e+00,72,512,96,912673,884736,3650692,0,0.0000,n/a,20,1.267898083e-03,2879.3261,22329.5172,697.7974,526.1392,0,0,0,9.812539236015e-14,0,0.000000,0,sumfact,off,off,0,0,0,0,0,,,0.000,,,,,,,
spmv_f32_n128,nid005941,hex8,bsr_apply,packed,n/a,sumfact,affine,0.000000e+00,72,1024,128,2146689,2097152,8586756,57066625,3483.0704,f32,20,1.047791243e-02,819.5102,0.0000,0.0000,0.0000,0,0,0,4.661746579456e-05,0,0.000000,0,n/a,off,off,0,0,0,0,0,,,0.000,,,,,,,
spmv_f64_n128,nid005941,hex8,bsr_apply,packed,n/a,sumfact,affine,0.000000e+00,72,1024,128,2146689,2097152,8586756,57066625,6966.1407,f64,20,1.908078194e-02,450.0212,0.0000,0.0000,0.0000,0,0,0,-2.271657308876e-12,0,0.000000,0,n/a,off,off,0,0,0,0,0,,,0.000,,,,,,,
assemble_diag_n128,nid005941,hex8,assemble_diag,atomic,atomic,sumfact,affine,0.000000e+00,72,0,128,2146689,2097152,8586756,0,0.0000,n/a,20,7.760138512e-02,110.6521,864.7895,27.0247,20.3766,0,0,0,1.651826180067e+03,0,0.000000,0,n/a,off,off,0,0,0,0,0,,,0.000,,,,,,,
assemble_sympy_n128,nid005941,hex8,assemble,colored,colored,sympy,affine,0.000000e+00,72,1024,128,2146689,2097152,8586756,57066625,6966.1407,f64,20,8.788083792e-02,97.7091,763.6348,23.8636,54.9817,14,146,147,-3.076235482687e-08,0,0.000000,0,sympy,off,off,0,0,0,0,0,,,0.000,,,,,,,
assemble_sympy_n128,nid005941,hex8,assemble,atomic,atomic,sympy,affine,0.000000e+00,72,0,128,2146689,2097152,8586756,57066625,6966.1407,f64,20,1.565004587e-01,54.8673,428.8094,13.4003,30.8743,0,0,0,-3.076550013728e-08,0,0.000000,0,sympy,off,off,0,0,0,0,0,,,0.000,,,,,,,
assemble_n128,nid005941,hex8,assemble,store,store,sumfact,affine,0.000000e+00,72,1024,128,2146689,2097152,8586756,57066625,6966.1407,f64,20,1.085472226e-01,79.1062,618.2458,19.3202,44.5137,0,0,0,-3.076235482948e-08,0,0.000000,0,sumfact,off,off,0,0,0,0,0,,,0.000,,,,,,,
assemble_n128,nid005941,hex8,assemble,colored,colored,sumfact,affine,0.000000e+00,72,1024,128,2146689,2097152,8586756,57066625,6966.1407,f64,20,8.368910551e-02,102.6030,801.8829,25.0588,57.7356,14,146,147,-3.076235482948e-08,0,0.000000,0,sumfact,off,off,0,0,0,0,0,,,0.000,,,,,,,
assemble_n128,nid005941,hex8,assemble,atomic,atomic,sumfact,affine,0.000000e+00,72,0,128,2146689,2097152,8586756,57066625,6966.1407,f64,20,2.233641505e-01,38.4429,300.4460,9.3889,21.6321,0,0,0,-3.076550014682e-08,0,0.000000,0,sumfact,off,off,0,0,0,0,0,,,0.000,,,,,,,
assemble_n128,nid005941,hex8,assemble,packed,packed,sumfact,affine,0.000000e+00,72,1024,128,2146689,2097152,8586756,57066625,6966.1407,f64,20,1.501666903e-01,57.1815,446.8958,13.9655,32.1765,0,0,0,-3.076235482948e-08,0,0.000000,0,sumfact,off,off,0,0,0,0,0,,,0.000,,,,,,,
jac_rc_bnd_n128,nid005941,hex8,jac_action,atomic,atomic,sumfact,affine,0.000000e+00,72,0,128,2146689,2097152,8586756,0,0.0000,n/a,20,2.359251976e-02,363.9610,2844.4975,88.8905,75.5570,0,0,0,5.048053297186e+00,1,1.000000,1,n/a,exact,on,1,0,0,0,0,5.377497600e-03,0.227932,0.000,,,,,,,
jac_rc_bnd_n128,nid005941,hex8,jac_action,packed,packed,sumfact,affine,0.000000e+00,72,1024,128,2146689,2097152,8586756,0,0.0000,n/a,20,1.015589237e-02,845.4950,6607.8747,206.4961,175.5217,0,0,0,5.048053297186e+00,1,1.000000,1,n/a,exact,on,1,0,0,0,0,1.645388800e-03,0.162013,0.000,,,,,,,
jac_rc_n128,nid005941,hex8,jac_action,atomic,atomic,sumfact,affine,0.000000e+00,72,0,128,2146689,2097152,8586756,0,0.0000,n/a,20,2.265318632e-02,379.0529,2962.4470,92.5765,78.6900,0,0,0,-3.103779169442e-13,1,1.000000,0,n/a,exact,off,1,0,0,0,0,5.317312000e-03,0.234727,0.000,,,,,,,
jac_rc_n128,nid005941,hex8,jac_action,packed,packed,sumfact,affine,0.000000e+00,72,1024,128,2146689,2097152,8586756,0,0.0000,n/a,20,9.472191334e-03,906.5227,7084.8299,221.4009,188.1908,0,0,0,-3.069362255678e-13,1,1.000000,0,n/a,exact,off,1,0,0,0,0,1.632307200e-03,0.172326,0.000,,,,,,,
residual_rc_perapply_n128,nid005941,hex8,residual,atomic,atomic,sumfact,affine,0.000000e+00,72,0,128,2146689,2097152,8586756,0,0.0000,n/a,20,1.935156584e-02,443.7241,3467.8777,108.3712,81.7119,0,0,0,1.381366267032e-13,1,1.000000,0,sumfact,on,off,0,1,0,0,0,,,0.000,,,,,,,
residual_rc_perapply_n128,nid005941,hex8,residual,packed,packed,sumfact,affine,0.000000e+00,72,1024,128,2146689,2097152,8586756,0,0.0000,n/a,20,7.181453705e-03,1195.6849,9344.7464,292.0233,220.1856,0,0,0,1.366585880916e-13,1,1.000000,0,sumfact,on,off,0,1,0,0,0,,,0.000,,,,,,,
residual_rc_bnd_dt_n128,nid005941,hex8,residual,atomic,atomic,sumfact,affine,0.000000e+00,72,0,128,2146689,2097152,8586756,0,0.0000,n/a,20,1.560413837e-02,550.2871,4300.7094,134.3972,101.3355,0,0,0,6.759329548060e+00,1,1.000000,1,sumfact,on,on,0,0,0,0,1,,,0.000,,,,,,,
residual_rc_bnd_dt_n128,nid005941,hex8,residual,packed,packed,sumfact,affine,0.000000e+00,72,1024,128,2146689,2097152,8586756,0,0.0000,n/a,20,7.194578648e-03,1193.5037,9327.6990,291.4906,219.7839,0,0,0,6.759412313613e+00,1,1.000000,1,sumfact,on,on,0,0,0,0,1,,,0.000,,,,,,,
residual_rc_bnd_n128,nid005941,hex8,residual,atomic,atomic,sumfact,affine,0.000000e+00,72,0,128,2146689,2097152,8586756,0,0.0000,n/a,20,1.498394012e-02,573.0640,4478.7194,139.9600,105.5298,0,0,0,3.727500000000e+00,1,1.000000,1,sumfact,on,on,0,0,0,0,0,,,0.000,,,,,,,
residual_rc_bnd_n128,nid005941,hex8,residual,packed,packed,sumfact,affine,0.000000e+00,72,1024,128,2146689,2097152,8586756,0,0.0000,n/a,20,6.633532047e-03,1294.4471,10116.6111,316.1441,238.3726,0,0,0,3.727500000000e+00,1,1.000000,1,sumfact,on,on,0,0,0,0,0,,,0.000,,,,,,,
residual_rc_n128,nid005941,hex8,residual,atomic,atomic,sumfact,affine,0.000000e+00,72,0,128,2146689,2097152,8586756,0,0.0000,n/a,20,1.457614899e-02,589.0963,4604.0188,143.8756,108.4822,0,0,0,1.381366267032e-13,1,1.000000,0,sumfact,on,off,0,0,0,0,0,,,0.000,,,,,,,
residual_rc_n128,nid005941,hex8,residual,packed,packed,sumfact,affine,0.000000e+00,72,1024,128,2146689,2097152,8586756,0,0.0000,n/a,20,6.084251404e-03,1411.3085,11029.9295,344.6853,259.8927,0,0,0,1.366585880916e-13,1,1.000000,0,sumfact,on,off,0,0,0,0,0,,,0.000,,,,,,,
residual_current_n128,nid005941,hex8,residual,packed,packed,current,affine,0.000000e+00,72,1024,128,2146689,2097152,8586756,0,0.0000,n/a,20,4.079067707e-03,2105.0781,16452.0103,514.1253,387.6505,0,0,0,1.366330009203e-13,0,0.000000,0,current,off,off,0,0,0,0,0,,,0.000,,,,,,,
residual_current_n128,nid005941,hex8,residual,atomic,atomic,current,affine,0.000000e+00,72,0,128,2146689,2097152,8586756,0,0.0000,n/a,20,9.721708298e-03,883.2559,6902.9909,215.7185,162.6517,0,0,0,1.381248631097e-13,0,0.000000,0,current,off,off,0,0,0,0,0,,,0.000,,,,,,,
jac_bare_n128,nid005941,hex8,jac_action,atomic,atomic,sumfact,affine,0.000000e+00,72,0,128,2146689,2097152,8586756,0,0.0000,n/a,20,9.971511364e-03,861.1288,6730.0594,210.3144,178.7672,0,0,0,-2.268920891012e-12,0,0.000000,0,n/a,off,off,0,0,0,0,0,,,0.000,,,,,,,
jac_bare_n128,nid005941,hex8,jac_action,packed,packed,sumfact,affine,0.000000e+00,72,1024,128,2146689,2097152,8586756,0,0.0000,n/a,20,4.377603531e-03,1961.5198,15330.0461,479.0639,407.2043,0,0,0,-2.268767828771e-12,0,0.000000,0,n/a,off,off,0,0,0,0,0,,,0.000,,,,,,,
residual_bare_n128,nid005941,hex8,residual,atomic,atomic,sumfact,affine,0.000000e+00,72,0,128,2146689,2097152,8586756,0,0.0000,n/a,20,1.019184589e-02,842.5123,6584.5642,205.7676,155.1488,0,0,0,1.381383614267e-13,0,0.000000,0,sumfact,off,off,0,0,0,0,0,,,0.000,,,,,,,
residual_bare_n128,nid005941,hex8,residual,packed,packed,sumfact,affine,0.000000e+00,72,1024,128,2146689,2097152,8586756,0,0.0000,n/a,20,3.288459778e-03,2611.1787,20407.3848,637.7308,480.8490,0,0,0,1.366603228151e-13,0,0.000000,0,sumfact,off,off,0,0,0,0,0,,,0.000,,,,,,,
spmv_f32_n160,nid005941,hex8,bsr_apply,packed,n/a,sumfact,affine,0.000000e+00,72,2048,160,4173281,4096000,16693124,111284641,6792.2755,f32,20,1.879364252e-02,888.2325,0.0000,0.0000,0.0000,0,0,0,4.118532892879e-05,0,0.000000,0,n/a,off,off,0,0,0,0,0,,,0.000,,,,,,,
spmv_f64_n160,nid005941,hex8,bsr_apply,packed,n/a,sumfact,affine,0.000000e+00,72,2048,160,4173281,4096000,16693124,111284641,13584.5509,f64,20,3.787697554e-02,440.7196,0.0000,0.0000,0.0000,0,0,0,7.157881465282e-13,0,0.000000,0,n/a,off,off,0,0,0,0,0,,,0.000,,,,,,,
assemble_diag_n160,nid005941,hex8,assemble_diag,atomic,atomic,sumfact,affine,0.000000e+00,72,0,160,4173281,4096000,16693124,0,0.0000,n/a,20,1.486773729e-01,112.2775,881.5867,27.5496,20.7724,0,0,0,2.371982944015e+03,0,0.000000,0,n/a,off,off,0,0,0,0,0,,,0.000,,,,,,,
assemble_sympy_n160,nid005941,hex8,assemble,colored,colored,sympy,affine,0.000000e+00,72,2048,160,4173281,4096000,16693124,111284641,13584.5509,f64,20,1.684631467e-01,99.0907,778.0455,24.3139,56.0193,20,99,101,1.168506756832e-08,0,0.000000,0,sympy,off,off,0,0,0,0,0,,,0.000,,,,,,,
assemble_sympy_n160,nid005941,hex8,assemble,atomic,atomic,sympy,affine,0.000000e+00,72,0,160,4173281,4096000,16693124,111284641,13584.5509,f64,20,3.040164471e-01,54.9086,431.1346,13.4730,31.0417,0,0,0,1.167343591505e-08,0,0.000000,0,sympy,off,off,0,0,0,0,0,,,0.000,,,,,,,
assemble_n160,nid005941,hex8,assemble,store,store,sumfact,affine,0.000000e+00,72,2048,160,4173281,4096000,16693124,111284641,13584.5509,f64,20,2.348552108e-01,71.0784,558.0970,17.4405,40.1830,0,0,0,1.165429404451e-08,0,0.000000,0,sumfact,off,off,0,0,0,0,0,,,0.000,,,,,,,
assemble_n160,nid005941,hex8,assemble,colored,colored,sumfact,affine,0.000000e+00,72,2048,160,4173281,4096000,16693124,111284641,13584.5509,f64,20,1.597375989e-01,104.5034,820.5457,25.6421,59.0793,20,99,101,1.165426806529e-08,0,0.000000,0,sumfact,off,off,0,0,0,0,0,,,0.000,,,,,,,
assemble_n160,nid005941,hex8,assemble,atomic,atomic,sumfact,affine,0.000000e+00,72,0,160,4173281,4096000,16693124,111284641,13584.5509,f64,20,4.345089555e-01,38.4184,301.6555,9.4267,21.7192,0,0,0,1.164916721901e-08,0,0.000000,0,sumfact,off,off,0,0,0,0,0,,,0.000,,,,,,,
assemble_n160,nid005941,hex8,assemble,packed,packed,sumfact,affine,0.000000e+00,72,2048,160,4173281,4096000,16693124,111284641,13584.5509,f64,20,3.028910398e-01,55.1126,432.7365,13.5230,31.1570,0,0,0,1.165429404451e-08,0,0.000000,0,sumfact,off,off,0,0,0,0,0,,,0.000,,,,,,,
jac_rc_bnd_n160,nid005941,hex8,jac_action,atomic,atomic,sumfact,affine,0.000000e+00,72,0,160,4173281,4096000,16693124,0,0.0000,n/a,20,4.627472162e-02,360.7396,2832.4752,88.5148,75.2376,0,0,0,5.046148336219e+00,1,1.000000,1,n/a,exact,on,1,0,0,0,0,1.079036160e-02,0.233180,0.000,,,,,,,
jac_rc_bnd_n160,nid005941,hex8,jac_action,packed,packed,sumfact,affine,0.000000e+00,72,2048,160,4173281,4096000,16693124,0,0.0000,n/a,20,2.029823065e-02,822.3931,6457.3116,201.7910,171.5223,0,0,0,5.046148336219e+00,1,1.000000,1,n/a,exact,on,1,0,0,0,0,3.430118400e-03,0.168986,0.000,,,,,,,
jac_rc_n160,nid005941,hex8,jac_action,atomic,atomic,sumfact,affine,0.000000e+00,72,0,160,4173281,4096000,16693124,0,0.0000,n/a,20,4.523249865e-02,369.0516,2897.7395,90.5544,76.9712,0,0,0,-5.555626420603e-13,1,1.000000,0,n/a,exact,off,1,0,0,0,0,1.077410560e-02,0.238194,0.000,,,,,,,
jac_rc_n160,nid005941,hex8,jac_action,packed,packed,sumfact,affine,0.000000e+00,72,2048,160,4173281,4096000,16693124,0,0.0000,n/a,20,1.933798790e-02,863.2296,6777.9544,211.8111,180.0394,0,0,0,-5.547403831327e-13,1,1.000000,0,n/a,exact,off,1,0,0,0,0,3.279769600e-03,0.169602,0.000,,,,,,,
residual_rc_perapply_n160,nid005941,hex8,residual,atomic,atomic,sumfact,affine,0.000000e+00,72,0,160,4173281,4096000,16693124,0,0.0000,n/a,20,3.918753862e-02,425.9804,3344.7367,104.5230,78.8104,0,0,0,-7.449527377346e-14,1,1.000000,0,sumfact,on,off,0,1,0,0,0,,,0.000,,,,,,,
residual_rc_perapply_n160,nid005941,hex8,residual,packed,packed,sumfact,affine,0.000000e+00,72,2048,160,4173281,4096000,16693124,0,0.0000,n/a,20,1.440850496e-02,1158.5605,9096.8494,284.2765,214.3445,0,0,0,-7.066434026468e-14,1,1.000000,0,sumfact,on,off,0,1,0,0,0,,,0.000,,,,,,,
residual_rc_bnd_dt_n160,nid005941,hex8,residual,atomic,atomic,sumfact,affine,0.000000e+00,72,0,160,4173281,4096000,16693124,0,0.0000,n/a,20,3.142086267e-02,531.2752,4171.4959,130.3592,98.2909,0,0,0,6.759324573300e+00,1,1.000000,1,sumfact,on,on,0,0,0,0,1,,,0.000,,,,,,,
residual_rc_bnd_dt_n160,nid005941,hex8,residual,packed,packed,sumfact,affine,0.000000e+00,72,2048,160,4173281,4096000,16693124,0,0.0000,n/a,20,1.430153847e-02,1167.2258,9164.8881,286.4028,215.9477,0,0,0,6.759317416976e+00,1,1.000000,1,sumfact,on,on,0,0,0,0,1,,,0.000,,,,,,,
residual_rc_bnd_n160,nid005941,hex8,residual,atomic,atomic,sumfact,affine,0.000000e+00,72,0,160,4173281,4096000,16693124,0,0.0000,n/a,20,3.052691221e-02,546.8330,4293.6540,134.1767,101.1692,0,0,0,3.727500000000e+00,1,1.000000,1,sumfact,on,on,0,0,0,0,0,,,0.000,,,,,,,
residual_rc_bnd_n160,nid005941,hex8,residual,packed,packed,sumfact,affine,0.000000e+00,72,2048,160,4173281,4096000,16693124,0,0.0000,n/a,20,1.321729422e-02,1262.9759,9916.7044,309.8970,233.6623,0,0,0,3.727500000000e+00,1,1.000000,1,sumfact,on,on,0,0,0,0,0,,,0.000,,,,,,,
residual_rc_n160,nid005941,hex8,residual,atomic,atomic,sumfact,affine,0.000000e+00,72,0,160,4173281,4096000,16693124,0,0.0000,n/a,20,2.974897623e-02,561.1327,4405.9331,137.6854,103.8148,0,0,0,-7.449527377346e-14,1,1.000000,0,sumfact,on,off,0,0,0,0,0,,,0.000,,,,,,,
residual_rc_n160,nid005941,hex8,residual,packed,packed,sumfact,affine,0.000000e+00,72,2048,160,4173281,4096000,16693124,0,0.0000,n/a,20,1.223027706e-02,1364.9015,10717.0099,334.9066,252.5195,0,0,0,-7.066434026468e-14,1,1.000000,0,sumfact,on,off,0,0,0,0,0,,,0.000,,,,,,,
residual_current_n160,nid005941,hex8,residual,packed,packed,current,affine,0.000000e+00,72,2048,160,4173281,4096000,16693124,0,0.0000,n/a,20,7.868731022e-03,2121.4506,16657.3237,520.5414,392.4882,0,0,0,-6.568480297436e-14,0,0.000000,0,current,off,off,0,0,0,0,0,,,0.000,,,,,,,
residual_current_n160,nid005941,hex8,residual,atomic,atomic,current,affine,0.000000e+00,72,0,160,4173281,4096000,16693124,0,0.0000,n/a,20,2.008208036e-02,831.2448,6526.8138,203.9629,153.7881,0,0,0,-7.131918482433e-14,0,0.000000,0,current,off,off,0,0,0,0,0,,,0.000,,,,,,,
jac_bare_n160,nid005941,hex8,jac_action,atomic,atomic,sumfact,affine,0.000000e+00,72,0,160,4173281,4096000,16693124,0,0.0000,n/a,20,1.918970346e-02,869.9000,6830.3296,213.4478,181.4306,0,0,0,7.531967942138e-13,0,0.000000,0,n/a,off,off,0,0,0,0,0,,,0.000,,,,,,,
jac_bare_n160,nid005941,hex8,jac_action,packed,packed,sumfact,affine,0.000000e+00,72,2048,160,4173281,4096000,16693124,0,0.0000,n/a,20,8.843362331e-03,1887.6445,14821.5119,463.1722,393.6964,0,0,0,7.483083570110e-13,0,0.000000,0,n/a,off,off,0,0,0,0,0,,,0.000,,,,,,,
residual_bare_n160,nid005941,hex8,residual,atomic,atomic,sumfact,affine,0.000000e+00,72,0,160,4173281,4096000,16693124,0,0.0000,n/a,20,2.083786726e-02,801.0956,6290.0871,196.5652,148.2102,0,0,0,-7.557772766995e-14,0,0.000000,0,sumfact,off,off,0,0,0,0,0,,,0.000,,,,,,,
residual_bare_n160,nid005941,hex8,residual,packed,packed,sumfact,affine,0.000000e+00,72,2048,160,4173281,4096000,16693124,0,0.0000,n/a,20,6.609165668e-03,2525.7536,19831.8527,619.7454,467.2880,0,0,0,-6.926008161087e-14,0,0.000000,0,sumfact,off,off,0,0,0,0,0,,,0.000,,,,,,,
assemble_diag_n192,nid005941,hex8,assemble_diag,atomic,atomic,sumfact,affine,0.000000e+00,72,0,192,7189057,7077888,28756228,0,0.0000,n/a,20,2.561734319e-01,112.2530,884.1370,27.6293,20.8325,0,0,0,3.215019675301e+03,0,0.000000,0,n/a,off,off,0,0,0,0,0,,,0.000,,,,,,,
assemble_sympy_n192,nid005941,hex8,assemble,colored,colored,sympy,affine,0.000000e+00,72,4096,192,7189057,7077888,28756228,192100033,23449.7111,f64,20,2.990060806e-01,96.1727,757.4843,23.6714,54.5389,19,90,91,2.580736401329e-09,0,0.000000,0,sympy,off,off,0,0,0,0,0,,,0.000,,,,,,,
assemble_sympy_n192,nid005941,hex8,assemble,atomic,atomic,sympy,affine,0.000000e+00,72,0,192,7189057,7077888,28756228,192100033,23449.7111,f64,20,5.247214079e-01,54.8028,431.6432,13.4888,31.0783,0,0,0,2.579395400885e-09,0,0.000000,0,sympy,off,off,0,0,0,0,0,,,0.000,,,,,,,
assemble_n192,nid005941,hex8,assemble,store,store,sumfact,affine,0.000000e+00,72,4096,192,7189057,7077888,28756228,192100033,23449.7111,f64,20,3.923681259e-01,73.2889,577.2447,18.0389,41.5616,0,0,0,2.592910685214e-09,0,0.000000,0,sumfact,off,off,0,0,0,0,0,,,0.000,,,,,,,
assemble_n192,nid005941,hex8,assemble,colored,colored,sumfact,affine,0.000000e+00,72,4096,192,7189057,7077888,28756228,192100033,23449.7111,f64,20,2.795794368e-01,102.8553,810.1183,25.3162,58.3285,19,90,91,2.592891644889e-09,0,0.000000,0,sumfact,off,off,0,0,0,0,0,,,0.000,,,,,,,
assemble_n192,nid005941,hex8,assemble,atomic,atomic,sumfact,affine,0.000000e+00,72,0,192,7189057,7077888,28756228,192100033,23449.7111,f64,20,7.522646785e-01,38.2262,301.0808,9.4088,21.6778,0,0,0,2.591521534265e-09,0,0.000000,0,sumfact,off,off,0,0,0,0,0,,,0.000,,,,,,,
assemble_n192,nid005941,hex8,assemble,packed,packed,sumfact,affine,0.000000e+00,72,4096,192,7189057,7077888,28756228,192100033,23449.7111,f64,20,5.029000401e-01,57.1808,450.3726,14.0741,32.4268,0,0,0,2.592910685214e-09,0,0.000000,0,sumfact,off,off,0,0,0,0,0,,,0.000,,,,,,,
jac_rc_bnd_n192,nid005941,hex8,jac_action,atomic,atomic,sumfact,affine,0.000000e+00,72,0,192,7189057,7077888,28756228,0,0.0000,n/a,20,7.909607887e-02,363.5607,2863.5100,89.4847,76.0620,0,0,0,5.049173453743e+00,1,1.000000,1,n/a,exact,on,1,0,0,0,0,1.767237120e-02,0.223429,0.000,,,,,,,
jac_rc_bnd_n192,nid005941,hex8,jac_action,packed,packed,sumfact,affine,0.000000e+00,72,4096,192,7189057,7077888,28756228,0,0.0000,n/a,20,3.365324736e-02,854.4860,6730.1801,210.3181,178.7704,0,0,0,5.049173453743e+00,1,1.000000,1,n/a,exact,on,1,0,0,0,0,5.379532800e-03,0.159852,0.000,,,,,,,
jac_rc_n192,nid005941,hex8,jac_action,atomic,atomic,sumfact,affine,0.000000e+00,72,0,192,7189057,7077888,28756228,0,0.0000,n/a,20,7.700090408e-02,373.4531,2941.4254,91.9195,78.1316,0,0,0,-2.854811147950e-13,1,1.000000,0,n/a,exact,off,1,0,0,0,0,1.753463040e-02,0.227720,0.000,,,,,,,
jac_rc_n192,nid005941,hex8,jac_action,packed,packed,sumfact,affine,0.000000e+00,72,4096,192,7189057,7077888,28756228,0,0.0000,n/a,20,3.277392387e-02,877.4118,6910.7507,215.9610,183.5668,0,0,0,-3.003928248995e-13,1,1.000000,0,n/a,exact,off,1,0,0,0,0,5.392550400e-03,0.164538,0.000,,,,,,,
residual_rc_perapply_n192,nid005941,hex8,residual,atomic,atomic,sumfact,affine,0.000000e+00,72,0,192,7189057,7077888,28756228,0,0.0000,n/a,20,6.552311182e-02,438.8715,3456.6798,108.0212,81.4480,0,0,0,-1.622822969755e-14,1,1.000000,0,sumfact,on,off,0,1,0,0,0,,,0.000,,,,,,,
residual_rc_perapply_n192,nid005941,hex8,residual,packed,packed,sumfact,affine,0.000000e+00,72,4096,192,7189057,7077888,28756228,0,0.0000,n/a,20,2.414591312e-02,1190.9356,9380.1553,293.1299,221.0199,0,0,0,-2.161183558502e-14,1,1.000000,0,sumfact,on,off,0,1,0,0,0,,,0.000,,,,,,,
residual_rc_bnd_dt_n192,nid005941,hex8,residual,atomic,atomic,sumfact,affine,0.000000e+00,72,0,192,7189057,7077888,28756228,0,0.0000,n/a,20,5.335923433e-02,538.9176,4244.6714,132.6460,100.0151,0,0,0,6.759309506134e+00,1,1.000000,1,sumfact,on,on,0,0,0,0,1,,,0.000,,,,,,,
residual_rc_bnd_dt_n192,nid005941,hex8,residual,packed,packed,sumfact,affine,0.000000e+00,72,4096,192,7189057,7077888,28756228,0,0.0000,n/a,20,2.399193048e-02,1198.5792,9440.3581,295.0112,222.4384,0,0,0,6.759335709367e+00,1,1.000000,1,sumfact,on,on,0,0,0,0,1,,,0.000,,,,,,,
residual_rc_bnd_n192,nid005941,hex8,residual,atomic,atomic,sumfact,affine,0.000000e+00,72,0,192,7189057,7077888,28756228,0,0.0000,n/a,20,5.148193836e-02,558.5693,4399.4539,137.4829,103.6621,0,0,0,3.727500000000e+00,1,1.000000,1,sumfact,on,on,0,0,0,0,0,,,0.000,,,,,,,
residual_rc_bnd_n192,nid005941,hex8,residual,packed,packed,sumfact,affine,0.000000e+00,72,4096,192,7189057,7077888,28756228,0,0.0000,n/a,20,2.203341722e-02,1305.1188,10279.4956,321.2342,242.2106,0,0,0,3.727500000000e+00,1,1.000000,1,sumfact,on,on,0,0,0,0,0,,,0.000,,,,,,,
residual_rc_n192,nid005941,hex8,residual,atomic,atomic,sumfact,affine,0.000000e+00,72,0,192,7189057,7077888,28756228,0,0.0000,n/a,20,5.088557005e-02,565.1156,4451.0146,139.0942,104.8770,0,0,0,-1.622822969755e-14,1,1.000000,0,sumfact,on,off,0,0,0,0,0,,,0.000,,,,,,,
residual_rc_n192,nid005941,hex8,residual,packed,packed,sumfact,affine,0.000000e+00,72,4096,192,7189057,7077888,28756228,0,0.0000,n/a,20,2.073283195e-02,1386.9899,10924.3357,341.3855,257.4047,0,0,0,-2.161183558502e-14,1,1.000000,0,sumfact,on,off,0,0,0,0,0,,,0.000,,,,,,,
residual_current_n192,nid005941,hex8,residual,packed,packed,current,affine,0.000000e+00,72,4096,192,7189057,7077888,28756228,0,0.0000,n/a,20,1.350754499e-02,2128.9011,16767.8446,523.9951,395.0923,0,0,0,-2.561136253163e-14,0,0.000000,0,current,off,off,0,0,0,0,0,,,0.000,,,,,,,
residual_current_n192,nid005941,hex8,residual,atomic,atomic,current,affine,0.000000e+00,72,0,192,7189057,7077888,28756228,0,0.0000,n/a,20,3.352850676e-02,857.6650,6755.2193,211.1006,159.1699,0,0,0,-1.950513589619e-14,0,0.000000,0,current,off,off,0,0,0,0,0,,,0.000,,,,,,,
jac_bare_n192,nid005941,hex8,jac_action,atomic,atomic,sumfact,affine,0.000000e+00,72,0,192,7189057,7077888,28756228,0,0.0000,n/a,20,3.305608034e-02,869.9225,6851.7626,214.1176,181.9999,0,0,0,2.582123989452e-11,0,0.000000,0,n/a,off,off,0,0,0,0,0,,,0.000,,,,,,,
jac_bare_n192,nid005941,hex8,jac_action,packed,packed,sumfact,affine,0.000000e+00,72,4096,192,7189057,7077888,28756228,0,0.0000,n/a,20,1.488990784e-02,1931.2563,15211.1362,475.3480,404.0458,0,0,0,2.572335378558e-11,0,0.000000,0,n/a,off,off,0,0,0,0,0,,,0.000,,,,,,,
residual_bare_n192,nid005941,hex8,residual,atomic,atomic,sumfact,affine,0.000000e+00,72,0,192,7189057,7077888,28756228,0,0.0000,n/a,20,3.546650410e-02,810.7996,6386.0936,199.5654,150.4723,0,0,0,-1.625251582621e-14,0,0.000000,0,sumfact,off,off,0,0,0,0,0,,,0.000,,,,,,,
residual_bare_n192,nid005941,hex8,residual,packed,packed,sumfact,affine,0.000000e+00,72,4096,192,7189057,7077888,28756228,0,0.0000,n/a,20,1.098787785e-02,2617.0866,20612.9354,644.1542,485.6923,0,0,0,-2.338472297747e-14,0,0.000000,0,sumfact,off,off,0,0,0,0,0,,,0.000,,,,,,,
residual_bare_n64,nid005941,hex8,residual,packed,packed,sumfact,affine,0.000000e+00,72,128,64,274625,262144,1098500,0,0.0000,n/a,20,3.895163536e-04,2820.1640,21535.9584,672.9987,507.4410,0,0,0,-1.268690014156e-14,0,0.000000,0,sumfact,off,off,0,0,0,0,0,,,0.000,,,,,,,
residual_bare_n64,nid005941,hex8,residual,atomic,atomic,sumfact,affine,0.000000e+00,72,0,64,274625,262144,1098500,0,0.0000,n/a,20,1.358151436e-03,808.8200,6176.4894,193.0153,145.5335,0,0,0,-1.236760260176e-14,0,0.000000,0,sumfact,off,off,0,0,0,0,0,,,0.000,,,,,,,
jac_bare_n64,nid005941,hex8,jac_action,packed,packed,sumfact,affine,0.000000e+00,72,128,64,274625,262144,1098500,0,0.0000,n/a,20,5.201101303e-04,2112.0527,16128.5226,504.0163,428.4139,0,0,0,-1.151812315230e-12,0,0.000000,0,n/a,off,off,0,0,0,0,0,,,0.000,,,,,,,
jac_bare_n64,nid005941,hex8,jac_action,atomic,atomic,sumfact,affine,0.000000e+00,72,0,64,274625,262144,1098500,0,0.0000,n/a,20,1.386547089e-03,792.2558,6049.9986,189.0625,160.7031,0,0,0,-1.152298037804e-12,0,0.000000,0,n/a,off,off,0,0,0,0,0,,,0.000,,,,,,,
residual_current_n64,nid005941,hex8,residual,atomic,atomic,current,affine,0.000000e+00,72,0,64,274625,262144,1098500,0,0.0000,n/a,20,1.311945915e-03,837.3059,6394.0197,199.8131,150.6591,0,0,0,-1.240218865106e-14,0,0.000000,0,current,off,off,0,0,0,0,0,,,0.000,,,,,,,
residual_current_n64,nid005941,hex8,residual,packed,packed,current,affine,0.000000e+00,72,128,64,274625,262144,1098500,0,0.0000,n/a,20,5.102872849e-04,2152.7089,16438.9908,513.7185,387.3437,0,0,0,-1.272137777064e-14,0,0.000000,0,current,off,off,0,0,0,0,0,,,0.000,,,,,,,
residual_rc_n64,nid005941,hex8,residual,packed,packed,sumfact,affine,0.000000e+00,72,128,64,274625,262144,1098500,0,0.0000,n/a,20,7.133483887e-04,1539.9208,11759.4827,367.4838,277.0828,0,0,0,-1.271465571717e-14,1,1.000000,0,sumfact,on,off,0,0,0,0,0,,,0.000,,,,,,,
residual_rc_n64,nid005941,hex8,residual,atomic,atomic,sumfact,affine,0.000000e+00,72,0,64,274625,262144,1098500,0,0.0000,n/a,20,1.866722107e-03,588.4647,4493.7637,140.4301,105.8843,0,0,0,-1.283597794027e-14,1,1.000000,0,sumfact,on,off,0,0,0,0,0,,,0.000,,,,,,,
residual_rc_bnd_n64,nid005941,hex8,residual,packed,packed,sumfact,affine,0.000000e+00,72,128,64,274625,262144,1098500,0,0.0000,n/a,20,7.695317268e-04,1427.4915,10900.9255,340.6539,256.8531,0,0,0,3.727500000000e+00,1,1.000000,1,sumfact,on,on,0,0,0,0,0,,,0.000,,,,,,,
residual_rc_bnd_n64,nid005941,hex8,residual,atomic,atomic,sumfact,affine,0.000000e+00,72,0,64,274625,262144,1098500,0,0.0000,n/a,20,1.919889450e-03,572.1684,4369.3182,136.5412,102.9521,0,0,0,3.727500000000e+00,1,1.000000,1,sumfact,on,on,0,0,0,0,0,,,0.000,,,,,,,
residual_rc_bnd_dt_n64,nid005941,hex8,residual,packed,packed,sumfact,affine,0.000000e+00,72,128,64,274625,262144,1098500,0,0.0000,n/a,20,8.004307747e-04,1372.3860,10480.1168,327.5036,246.9378,0,0,0,6.759042994895e+00,1,1.000000,1,sumfact,on,on,0,0,0,0,1,,,0.000,,,,,,,
residual_rc_bnd_dt_n64,nid005941,hex8,residual,atomic,atomic,sumfact,affine,0.000000e+00,72,0,64,274625,262144,1098500,0,0.0000,n/a,20,1.946282387e-03,564.4094,4310.0673,134.6896,101.5560,0,0,0,6.759448953731e+00,1,1.000000,1,sumfact,on,on,0,0,0,0,1,,,0.000,,,,,,,
residual_rc_perapply_n64,nid005941,hex8,residual,packed,packed,sumfact,affine,0.000000e+00,72,128,64,274625,262144,1098500,0,0.0000,n/a,20,8.063077927e-04,1362.3830,10403.7293,325.1165,245.1379,0,0,0,-1.271465571717e-14,1,1.000000,0,sumfact,on,off,0,1,0,0,0,,,0.000,,,,,,,
residual_rc_perapply_n64,nid005941,hex8,residual,atomic,atomic,sumfact,affine,0.000000e+00,72,0,64,274625,262144,1098500,0,0.0000,n/a,20,2.488887310e-03,441.3619,3370.4250,105.3258,79.4156,0,0,0,-1.283597794027e-14,1,1.000000,0,sumfact,on,off,0,1,0,0,0,,,0.000,,,,,,,
jac_rc_n64,nid005941,hex8,jac_action,packed,packed,sumfact,affine,0.000000e+00,72,128,64,274625,262144,1098500,0,0.0000,n/a,20,9.762883186e-04,1125.1799,8592.3470,268.5108,228.2342,0,0,0,3.033959260039e-13,1,1.000000,0,n/a,exact,off,1,0,0,0,0,1.339904000e-04,0.137245,0.000,,,,,,,
jac_rc_n64,nid005941,hex8,jac_action,atomic,atomic,sumfact,affine,0.000000e+00,72,0,64,274625,262144,1098500,0,0.0000,n/a,20,3.062903881e-03,358.6466,2738.7761,85.5868,72.7487,0,0,0,3.026048920989e-13,1,1.000000,0,n/a,exact,off,1,0,0,0,0,7.989888000e-04,0.260860,0.000,,,,,,,
jac_rc_bnd_n64,nid005941,hex8,jac_action,packed,packed,sumfact,affine,0.000000e+00,72,128,64,274625,262144,1098500,0,0.0000,n/a,20,1.041710377e-03,1054.5158,8052.7258,251.6477,213.9005,0,0,0,5.047023127365e+00,1,1.000000,1,n/a,exact,on,1,0,0,0,0,1.289984000e-04,0.123833,0.000,,,,,,,
jac_rc_bnd_n64,nid005941,hex8,jac_action,atomic,atomic,sumfact,affine,0.000000e+00,72,0,64,274625,262144,1098500,0,0.0000,n/a,20,3.123533726e-03,351.6850,2685.6147,83.9255,71.3366,0,0,0,5.047023127365e+00,1,1.000000,1,n/a,exact,on,1,0,0,0,0,7.825280000e-04,0.250527,0.000,,,,,,,
assemble_n64,nid005941,hex8,assemble,packed,packed,sumfact,affine,0.000000e+00,72,128,64,274625,262144,1098500,7189057,877.5704,f64,20,1.268928051e-02,86.5691,661.0783,20.6587,47.5976,0,0,0,2.702547346339e-10,0,0.000000,0,sumfact,off,off,0,0,0,0,0,,,0.000,,,,,,,
assemble_n64,nid005941,hex8,assemble,atomic,atomic,sumfact,affine,0.000000e+00,72,0,64,274625,262144,1098500,7189057,877.5704,f64,20,2.837499380e-02,38.7137,295.6338,9.2386,21.2856,0,0,0,2.702932316173e-10,0,0.000000,0,sumfact,off,off,0,0,0,0,0,,,0.000,,,,,,,
assemble_n64,nid005941,hex8,assemble,colored,colored,sumfact,affine,0.000000e+00,72,128,64,274625,262144,1098500,7189057,877.5704,f64,20,1.125791073e-02,97.5758,745.1301,23.2853,53.6494,14,146,147,2.702547346339e-10,0,0.000000,0,sumfact,off,off,0,0,0,0,0,,,0.000,,,,,,,
assemble_n64,nid005941,hex8,assemble,store,store,sumfact,affine,0.000000e+00,72,128,64,274625,262144,1098500,7189057,877.5704,f64,20,9.049832821e-03,121.3835,926.9351,28.9667,66.7393,0,0,0,2.702547346339e-10,0,0.000000,0,sumfact,off,off,0,0,0,0,0,,,0.000,,,,,,,
assemble_sympy_n64,nid005941,hex8,assemble,atomic,atomic,sympy,affine,0.000000e+00,72,0,64,274625,262144,1098500,7189057,877.5704,f64,20,1.993957758e-02,55.0914,420.7014,13.1469,30.2905,0,0,0,2.702932318341e-10,0,0.000000,0,sympy,off,off,0,0,0,0,0,,,0.000,,,,,,,
assemble_sympy_n64,nid005941,hex8,assemble,colored,colored,sympy,affine,0.000000e+00,72,128,64,274625,262144,1098500,7189057,877.5704,f64,20,1.223479509e-02,89.7849,685.6353,21.4261,49.3657,14,146,147,2.702547348507e-10,0,0.000000,0,sympy,off,off,0,0,0,0,0,,,0.000,,,,,,,
assemble_diag_n64,nid005941,hex8,assemble_diag,atomic,atomic,sumfact,affine,0.000000e+00,72,0,64,274625,262144,1098500,0,0.0000,n/a,20,1.045784950e-02,105.0407,802.1351,25.0667,18.9003,0,0,0,5.801523603040e+02,0,0.000000,0,n/a,off,off,0,0,0,0,0,,,0.000,,,,,,,
spmv_f64_n64,nid005941,hex8,bsr_apply,packed,n/a,sumfact,affine,0.000000e+00,72,128,64,274625,262144,1098500,7189057,877.5704,f64,20,2.236866951e-03,491.0887,0.0000,0.0000,0.0000,0,0,0,-1.151445421215e-12,0,0.000000,0,n/a,off,off,0,0,0,0,0,,,0.000,,,,,,,
spmv_f32_n64,nid005941,hex8,bsr_apply,packed,n/a,sumfact,affine,0.000000e+00,72,128,64,274625,262144,1098500,7189057,438.7852,f32,20,9.948253632e-04,1104.2139,0.0000,0.0000,0.0000,0,0,0,1.266337291522e-05,0,0.000000,0,n/a,off,off,0,0,0,0,0,,,0.000,,,,,,,
residual_bare_n96,nid005941,hex8,residual,packed,packed,sumfact,affine,0.000000e+00,72,512,96,912673,884736,3650692,0,0.0000,n/a,20,1.291453838e-03,2826.8080,21922.2330,685.0698,516.5426,0,0,0,9.812539236015e-14,0,0.000000,0,sumfact,off,off,0,0,0,0,0,,,0.000,,,,,,,
residual_bare_n96,nid005941,hex8,residual,atomic,atomic,sumfact,affine,0.000000e+00,72,0,96,912673,884736,3650692,0,0.0000,n/a,20,4.276049137e-03,853.7535,6620.9604,206.9050,156.0064,0,0,0,9.779471069754e-14,0,0.000000,0,sumfact,off,off,0,0,0,0,0,,,0.000,,,,,,,
jac_bare_n96,nid005941,hex8,jac_action,packed,packed,sumfact,affine,0.000000e+00,72,512,96,912673,884736,3650692,0,0.0000,n/a,20,1.729309559e-03,2111.0691,16371.5928,511.6123,434.8704,0,0,0,-2.009048702682e-12,0,0.000000,0,n/a,off,off,0,0,0,0,0,,,0.000,,,,,,,
jac_bare_n96,nid005941,hex8,jac_action,atomic,atomic,sumfact,affine,0.000000e+00,72,0,96,912673,884736,3650692,0,0.0000,n/a,20,4.250836372e-03,858.8173,6660.2310,208.1322,176.9124,0,0,0,-1.951039549646e-12,0,0.000000,0,n/a,off,off,0,0,0,0,0,,,0.000,,,,,,,
residual_current_n96,nid005941,hex8,residual,atomic,atomic,current,affine,0.000000e+00,72,0,96,912673,884736,3650692,0,0.0000,n/a,20,4.066157341e-03,897.8236,6962.7291,217.5853,164.0593,0,0,0,1.028125609821e-13,0,0.000000,0,current,off,off,0,0,0,0,0,,,0.000,,,,,,,
residual_current_n96,nid005941,hex8,residual,packed,packed,current,affine,0.000000e+00,72,512,96,912673,884736,3650692,0,0.0000,n/a,20,2.023088932e-03,1804.5139,13994.2202,437.3194,329.7388,0,0,0,1.028819499212e-13,0,0.000000,0,current,off,off,0,0,0,0,0,,,0.000,,,,,,,
residual_rc_n96,nid005941,hex8,residual,packed,packed,sumfact,affine,0.000000e+00,72,512,96,912673,884736,3650692,0,0.0000,n/a,20,2.494025230e-03,1463.7751,11351.7504,354.7422,267.4756,0,0,0,1.001236853843e-13,1,1.000000,0,sumfact,on,off,0,0,0,0,0,,,0.000,,,,,,,
residual_rc_n96,nid005941,hex8,residual,atomic,atomic,sumfact,affine,0.000000e+00,72,0,96,912673,884736,3650692,0,0.0000,n/a,20,6.315994263e-03,578.0075,4482.5171,140.0787,105.6193,0,0,0,9.933444041280e-14,1,1.000000,0,sumfact,on,off,0,0,0,0,0,,,0.000,,,,,,,
residual_rc_bnd_n96,nid005941,hex8,residual,packed,packed,sumfact,affine,0.000000e+00,72,512,96,912673,884736,3650692,0,0.0000,n/a,20,2.726411819e-03,1339.0097,10384.1803,324.5056,244.6772,0,0,0,3.727500000000e+00,1,1.000000,1,sumfact,on,on,0,0,0,0,0,,,0.000,,,,,,,
residual_rc_bnd_n96,nid005941,hex8,residual,atomic,atomic,sumfact,affine,0.000000e+00,72,0,96,912673,884736,3650692,0,0.0000,n/a,20,6.374990940e-03,572.6584,4441.0341,138.7823,104.6419,0,0,0,3.727500000000e+00,1,1.000000,1,sumfact,on,on,0,0,0,0,0,,,0.000,,,,,,,
residual_rc_bnd_dt_n96,nid005941,hex8,residual,packed,packed,sumfact,affine,0.000000e+00,72,512,96,912673,884736,3650692,0,0.0000,n/a,20,2.859616280e-03,1276.6370,9900.4724,309.3898,233.2799,0,0,0,6.759195490287e+00,1,1.000000,1,sumfact,on,on,0,0,0,0,1,,,0.000,,,,,,,
residual_rc_bnd_dt_n96,nid005941,hex8,residual,atomic,atomic,sumfact,affine,0.000000e+00,72,0,96,912673,884736,3650692,0,0.0000,n/a,20,6.683111191e-03,546.2564,4236.2833,132.3839,99.8174,0,0,0,6.759287405709e+00,1,1.000000,1,sumfact,on,on,0,0,0,0,1,,,0.000,,,,,,,
residual_rc_perapply_n96,nid005941,hex8,residual,packed,packed,sumfact,affine,0.000000e+00,72,512,96,912673,884736,3650692,0,0.0000,n/a,20,2.846503258e-03,1282.5181,9946.0810,310.8150,234.3545,0,0,0,1.001236853843e-13,1,1.000000,0,sumfact,on,off,0,1,0,0,0,,,0.000,,,,,,,
residual_rc_perapply_n96,nid005941,hex8,residual,atomic,atomic,sumfact,affine,0.000000e+00,72,0,96,912673,884736,3650692,0,0.0000,n/a,20,8.280169964e-03,440.8958,3419.1994,106.8500,80.5649,0,0,0,9.933444041280e-14,1,1.000000,0,sumfact,on,off,0,1,0,0,0,,,0.000,,,,,,,
jac_rc_n96,nid005941,hex8,jac_action,packed,packed,sumfact,affine,0.000000e+00,72,512,96,912673,884736,3650692,0,0.0000,n/a,20,3.879535198e-03,941.0127,7297.6660,228.0521,193.8443,0,0,0,2.763892901440e-13,1,1.000000,0,n/a,exact,off,1,0,0,0,0,6.321152000e-04,0.162936,0.000,,,,,,,
jac_rc_n96,nid005941,hex8,jac_action,atomic,atomic,sumfact,affine,0.000000e+00,72,0,96,912673,884736,3650692,0,0.0000,n/a,20,9.837591648e-03,371.0961,2877.8946,89.9342,76.4441,0,0,0,2.849310685397e-13,1,1.000000,0,n/a,exact,off,1,0,0,0,0,2.375590400e-03,0.241481,0.000,,,,,,,
jac_rc_bnd_n96,nid005941,hex8,jac_action,packed,packed,sumfact,affine,0.000000e+00,72,512,96,912673,884736,3650692,0,0.0000,n/a,20,4.126787186e-03,884.6330,6860.4342,214.3886,182.2303,0,0,0,5.047058237368e+00,1,1.000000,1,n/a,exact,on,1,0,0,0,0,6.526464000e-04,0.158149,0.000,,,,,,,
jac_rc_bnd_n96,nid005941,hex8,jac_action,atomic,atomic,sumfact,affine,0.000000e+00,72,0,96,912673,884736,3650692,0,0.0000,n/a,20,1.008992195e-02,361.8157,2805.9238,87.6851,74.5324,0,0,0,5.047058237368e+00,1,1.000000,1,n/a,exact,on,1,0,0,0,0,2.349952000e-03,0.232901,0.000,,,,,,,
assemble_n96,nid005941,hex8,assemble,packed,packed,sumfact,affine,0.000000e+00,72,512,96,912673,884736,3650692,24137569,2946.4806,f64,20,5.976661444e-02,61.0825,473.7018,14.8032,34.1065,0,0,0,7.386596588159e-11,0,0.000000,0,sumfact,off,off,0,0,0,0,0,,,0.000,,,,,,,
assemble_n96,nid005941,hex8,assemble,atomic,atomic,sumfact,affine,0.000000e+00,72,0,96,912673,884736,3650692,24137569,2946.4806,f64,20,9.489902258e-02,38.4692,298.3334,9.3229,21.4800,0,0,0,7.342422201788e-11,0,0.000000,0,sumfact,off,off,0,0,0,0,0,,,0.000,,,,,,,
assemble_n96,nid005941,hex8,assemble,colored,colored,sumfact,affine,0.000000e+00,72,512,96,912673,884736,3650692,24137569,2946.4806,f64,20,3.739019632e-02,97.6377,757.1919,23.6622,54.5178,19,90,91,7.389472065792e-11,0,0.000000,0,sumfact,off,off,0,0,0,0,0,,,0.000,,,,,,,
assemble_n96,nid005941,hex8,assemble,store,store,sumfact,affine,0.000000e+00,72,512,96,912673,884736,3650692,24137569,2946.4806,f64,20,4.211868048e-02,86.6763,672.1852,21.0058,48.3973,0,0,0,7.386596588159e-11,0,0.000000,0,sumfact,off,off,0,0,0,0,0,,,0.000,,,,,,,
assemble_sympy_n96,nid005941,hex8,assemble,atomic,atomic,sympy,affine,0.000000e+00,72,0,96,912673,884736,3650692,24137569,2946.4806,f64,20,6.886564493e-02,53.0118,411.1129,12.8473,29.6001,0,0,0,6.578006241380e-11,0,0.000000,0,sympy,off,off,0,0,0,0,0,,,0.000,,,,,,,
assemble_sympy_n96,nid005941,hex8,assemble,colored,colored,sympy,affine,0.000000e+00,72,512,96,912673,884736,3650692,24137569,2946.4806,f64,20,3.969497681e-02,91.9686,713.2276,22.2884,51.3524,19,90,91,6.632765216512e-11,0,0.000000,0,sympy,off,off,0,0,0,0,0,,,0.000,,,,,,,
assemble_diag_n96,nid005941,hex8,assemble_diag,atomic,atomic,sumfact,affine,0.000000e+00,72,0,96,912673,884736,3650692,0,0.0000,n/a,20,3.287390471e-02,111.0514,861.2166,26.9130,20.2924,0,0,0,1.054549351220e+03,0,0.000000,0,n/a,off,off,0,0,0,0,0,,,0.000,,,,,,,
spmv_f64_n96,nid005941,hex8,bsr_apply,packed,n/a,sumfact,affine,0.000000e+00,72,512,96,912673,884736,3650692,24137569,2946.4806,f64,20,8.208870888e-03,444.7252,0.0000,0.0000,0.0000,0,0,0,-2.227890574390e-12,0,0.000000,0,n/a,off,off,0,0,0,0,0,,,0.000,,,,,,,
spmv_f32_n96,nid005941,hex8,bsr_apply,packed,n/a,sumfact,affine,0.000000e+00,72,512,96,912673,884736,3650692,24137569,1473.2403,f32,20,4.023063183e-03,907.4409,0.0000,0.0000,0.0000,0,0,0,-1.159811748818e-06,0,0.000000,0,n/a,off,off,0,0,0,0,0,,,0.000,,,,,,,
residual_bare_n128,nid005941,hex8,residual,packed,packed,sumfact,affine,0.000000e+00,72,1024,128,2146689,2097152,8586756,0,0.0000,n/a,20,3.264093399e-03,2630.6710,20559.7254,642.4914,484.4385,0,0,0,1.366603228151e-13,0,0.000000,0,sumfact,off,off,0,0,0,0,0,,,0.000,,,,,,,
residual_bare_n128,nid005941,hex8,residual,atomic,atomic,sumfact,affine,0.000000e+00,72,0,128,2146689,2097152,8586756,0,0.0000,n/a,20,1.022942066e-02,839.4176,6560.3778,205.0118,154.5789,0,0,0,1.381383614267e-13,0,0.000000,0,sumfact,off,off,0,0,0,0,0,,,0.000,,,,,,,
jac_bare_n128,nid005941,hex8,jac_action,packed,packed,sumfact,affine,0.000000e+00,72,1024,128,2146689,2097152,8586756,0,0.0000,n/a,20,4.374027252e-03,1963.1236,15342.5802,479.4556,407.5373,0,0,0,-2.268767828771e-12,0,0.000000,0,n/a,off,off,0,0,0,0,0,,,0.000,,,,,,,
jac_bare_n128,nid005941,hex8,jac_action,atomic,atomic,sumfact,affine,0.000000e+00,72,0,128,2146689,2097152,8586756,0,0.0000,n/a,20,9.939610958e-03,863.8926,6751.6590,210.9893,179.3409,0,0,0,-2.268920891012e-12,0,0.000000,0,n/a,off,off,0,0,0,0,0,,,0.000,,,,,,,
residual_current_n128,nid005941,hex8,residual,atomic,atomic,current,affine,0.000000e+00,72,0,128,2146689,2097152,8586756,0,0.0000,n/a,20,9.723305702e-03,883.1108,6901.8568,215.6830,162.6250,0,0,0,1.381248631097e-13,0,0.000000,0,current,off,off,0,0,0,0,0,,,0.000,,,,,,,
residual_current_n128,nid005941,hex8,residual,packed,packed,current,affine,0.000000e+00,72,1024,128,2146689,2097152,8586756,0,0.0000,n/a,20,4.091060162e-03,2098.9073,16403.7832,512.6182,386.5141,0,0,0,1.366330009203e-13,0,0.000000,0,current,off,off,0,0,0,0,0,,,0.000,,,,,,,
residual_rc_n128,nid005941,hex8,residual,packed,packed,sumfact,affine,0.000000e+00,72,1024,128,2146689,2097152,8586756,0,0.0000,n/a,20,6.030905247e-03,1423.7922,11127.4943,347.7342,262.1916,0,0,0,1.366585880916e-13,1,1.000000,0,sumfact,on,off,0,0,0,0,0,,,0.000,,,,,,,
residual_rc_n128,nid005941,hex8,residual,atomic,atomic,sumfact,affine,0.000000e+00,72,0,128,2146689,2097152,8586756,0,0.0000,n/a,20,1.471152306e-02,583.6755,4561.6530,142.5517,107.4839,0,0,0,1.381366267032e-13,1,1.000000,0,sumfact,on,off,0,0,0,0,0,,,0.000,,,,,,,
residual_rc_bnd_n128,nid005941,hex8,residual,packed,packed,sumfact,affine,0.000000e+00,72,1024,128,2146689,2097152,8586756,0,0.0000,n/a,20,6.664693356e-03,1288.3948,10069.3101,314.6659,237.2581,0,0,0,3.727500000000e+00,1,1.000000,1,sumfact,on,on,0,0,0,0,0,,,0.000,,,,,,,
residual_rc_bnd_n128,nid005941,hex8,residual,atomic,atomic,sumfact,affine,0.000000e+00,72,0,128,2146689,2097152,8586756,0,0.0000,n/a,20,1.517947912e-02,565.6819,4421.0255,138.1570,104.1704,0,0,0,3.727500000000e+00,1,1.000000,1,sumfact,on,on,0,0,0,0,0,,,0.000,,,,,,,
residual_rc_bnd_dt_n128,nid005941,hex8,residual,packed,packed,sumfact,affine,0.000000e+00,72,1024,128,2146689,2097152,8586756,0,0.0000,n/a,20,7.170188427e-03,1197.5635,9359.4282,292.4821,220.5315,0,0,0,6.759412313613e+00,1,1.000000,1,sumfact,on,on,0,0,0,0,1,,,0.000,,,,,,,
residual_rc_bnd_dt_n128,nid005941,hex8,residual,atomic,atomic,sumfact,affine,0.000000e+00,72,0,128,2146689,2097152,8586756,0,0.0000,n/a,20,1.554491520e-02,552.3836,4317.0942,134.9092,101.7215,0,0,0,6.759329548060e+00,1,1.000000,1,sumfact,on,on,0,0,0,0,1,,,0.000,,,,,,,
residual_rc_perapply_n128,nid005941,hex8,residual,packed,packed,sumfact,affine,0.000000e+00,72,1024,128,2146689,2097152,8586756,0,0.0000,n/a,20,7.083225250e-03,1212.2664,9474.3371,296.0730,223.2391,0,0,0,1.366585880916e-13,1,1.000000,0,sumfact,on,off,0,1,0,0,0,,,0.000,,,,,,,
residual_rc_perapply_n128,nid005941,hex8,residual,atomic,atomic,sumfact,affine,0.000000e+00,72,0,128,2146689,2097152,8586756,0,0.0000,n/a,20,1.923854351e-02,446.3309,3488.2508,109.0078,82.1919,0,0,0,1.381366267032e-13,1,1.000000,0,sumfact,on,off,0,1,0,0,0,,,0.000,,,,,,,
jac_rc_n128,nid005941,hex8,jac_action,packed,packed,sumfact,affine,0.000000e+00,72,1024,128,2146689,2097152,8586756,0,0.0000,n/a,20,9.513020515e-03,902.6319,7054.4223,220.4507,187.3831,0,0,0,-3.069362255678e-13,1,1.000000,0,n/a,exact,off,1,0,0,0,0,1.607641600e-03,0.168994,0.000,,,,,,,
jac_rc_n128,nid005941,hex8,jac_action,atomic,atomic,sumfact,affine,0.000000e+00,72,0,128,2146689,2097152,8586756,0,0.0000,n/a,20,2.273973227e-02,377.6103,2951.1721,92.2241,78.3905,0,0,0,-3.103779169442e-13,1,1.000000,0,n/a,exact,off,1,0,0,0,0,5.376460800e-03,0.236435,0.000,,,,,,,
jac_rc_bnd_n128,nid005941,hex8,jac_action,packed,packed,sumfact,affine,0.000000e+00,72,1024,128,2146689,2097152,8586756,0,0.0000,n/a,20,1.044292450e-02,822.2559,6426.2520,200.8204,170.6973,0,0,0,5.048053297186e+00,1,1.000000,1,n/a,exact,on,1,0,0,0,0,1.616896000e-03,0.154832,0.000,,,,,,,
jac_rc_bnd_n128,nid005941,hex8,jac_action,atomic,atomic,sumfact,affine,0.000000e+00,72,0,128,2146689,2097152,8586756,0,0.0000,n/a,20,2.327625751e-02,368.9062,2883.1467,90.0983,76.5836,0,0,0,5.048053297186e+00,1,1.000000,1,n/a,exact,on,1,0,0,0,0,5.355430400e-03,0.230081,0.000,,,,,,,
assemble_n128,nid005941,hex8,assemble,packed,packed,sumfact,affine,0.000000e+00,72,1024,128,2146689,2097152,8586756,57066625,6966.1407,f64,20,1.480124712e-01,58.0137,453.4001,14.1688,32.6448,0,0,0,-3.076235482948e-08,0,0.000000,0,sumfact,off,off,0,0,0,0,0,,,0.000,,,,,,,
assemble_n128,nid005941,hex8,assemble,atomic,atomic,sumfact,affine,0.000000e+00,72,0,128,2146689,2097152,8586756,57066625,6966.1407,f64,20,2.237338305e-01,38.3793,299.9496,9.3734,21.5964,0,0,0,-3.076550014682e-08,0,0.000000,0,sumfact,off,off,0,0,0,0,0,,,0.000,,,,,,,
assemble_n128,nid005941,hex8,assemble,colored,colored,sumfact,affine,0.000000e+00,72,1024,128,2146689,2097152,8586756,57066625,6966.1407,f64,20,8.263000250e-02,103.9181,812.1610,25.3800,58.4756,14,146,147,-3.076235482948e-08,0,0.000000,0,sumfact,off,off,0,0,0,0,0,,,0.000,,,,,,,
assemble_n128,nid005941,hex8,assemble,store,store,sumfact,affine,0.000000e+00,72,1024,128,2146689,2097152,8586756,57066625,6966.1407,f64,20,1.064707279e-01,80.6490,630.3034,19.6970,45.3818,0,0,0,-3.076235482948e-08,0,0.000000,0,sumfact,off,off,0,0,0,0,0,,,0.000,,,,,,,
assemble_sympy_n128,nid005941,hex8,assemble,atomic,atomic,sympy,affine,0.000000e+00,72,0,128,2146689,2097152,8586756,57066625,6966.1407,f64,20,1.574648499e-01,54.5313,426.1831,13.3182,30.6852,0,0,0,-3.076550013728e-08,0,0.000000,0,sympy,off,off,0,0,0,0,0,,,0.000,,,,,,,
assemble_sympy_n128,nid005941,hex8,assemble,colored,colored,sympy,affine,0.000000e+00,72,1024,128,2146689,2097152,8586756,57066625,6966.1407,f64,20,8.656606674e-02,99.1931,775.2329,24.2260,55.8168,14,146,147,-3.076235482687e-08,0,0.000000,0,sympy,off,off,0,0,0,0,0,,,0.000,,,,,,,
assemble_diag_n128,nid005941,hex8,assemble_diag,atomic,atomic,sumfact,affine,0.000000e+00,72,0,128,2146689,2097152,8586756,0,0.0000,n/a,20,7.672847509e-02,111.9109,874.6279,27.3321,20.6084,0,0,0,1.651826180067e+03,0,0.000000,0,n/a,off,off,0,0,0,0,0,,,0.000,,,,,,,
spmv_f64_n128,nid005941,hex8,bsr_apply,packed,n/a,sumfact,affine,0.000000e+00,72,1024,128,2146689,2097152,8586756,57066625,6966.1407,f64,20,1.931502819e-02,444.5635,0.0000,0.0000,0.0000,0,0,0,-2.271657308876e-12,0,0.000000,0,n/a,off,off,0,0,0,0,0,,,0.000,,,,,,,
spmv_f32_n128,nid005941,hex8,bsr_apply,packed,n/a,sumfact,affine,0.000000e+00,72,1024,128,2146689,2097152,8586756,57066625,3483.0704,f32,20,1.035933495e-02,828.8907,0.0000,0.0000,0.0000,0,0,0,4.661746579456e-05,0,0.000000,0,n/a,off,off,0,0,0,0,0,,,0.000,,,,,,,
residual_bare_n160,nid005941,hex8,residual,packed,packed,sumfact,affine,0.000000e+00,72,2048,160,4173281,4096000,16693124,0,0.0000,n/a,20,6.531035900e-03,2555.9688,20069.0981,627.1593,472.8781,0,0,0,-6.926008161087e-14,0,0.000000,0,sumfact,off,off,0,0,0,0,0,,,0.000,,,,,,,
residual_bare_n160,nid005941,hex8,residual,atomic,atomic,sumfact,affine,0.000000e+00,72,0,160,4173281,4096000,16693124,0,0.0000,n/a,20,2.054677010e-02,812.4452,6379.2022,199.3501,150.3100,0,0,0,-7.557772766995e-14,0,0.000000,0,sumfact,off,off,0,0,0,0,0,,,0.000,,,,,,,
jac_bare_n160,nid005941,hex8,jac_action,packed,packed,sumfact,affine,0.000000e+00,72,2048,160,4173281,4096000,16693124,0,0.0000,n/a,20,8.894252777e-03,1876.8439,14736.7073,460.5221,391.4438,0,0,0,7.483083570110e-13,0,0.000000,0,n/a,off,off,0,0,0,0,0,,,0.000,,,,,,,
jac_bare_n160,nid005941,hex8,jac_action,atomic,atomic,sumfact,affine,0.000000e+00,72,0,160,4173281,4096000,16693124,0,0.0000,n/a,20,1.915782690e-02,871.3475,6841.6946,213.8030,181.7325,0,0,0,7.531967942138e-13,0,0.000000,0,n/a,off,off,0,0,0,0,0,,,0.000,,,,,,,
residual_current_n160,nid005941,hex8,residual,atomic,atomic,current,affine,0.000000e+00,72,0,160,4173281,4096000,16693124,0,0.0000,n/a,20,2.031102180e-02,821.8751,6453.2450,201.6639,152.0546,0,0,0,-7.131918482433e-14,0,0.000000,0,current,off,off,0,0,0,0,0,,,0.000,,,,,,,
residual_current_n160,nid005941,hex8,residual,packed,packed,current,affine,0.000000e+00,72,2048,160,4173281,4096000,16693124,0,0.0000,n/a,20,7.919883728e-03,2107.7486,16549.7379,517.1793,389.9532,0,0,0,-6.568480297436e-14,0,0.000000,0,current,off,off,0,0,0,0,0,,,0.000,,,,,,,
residual_rc_n160,nid005941,hex8,residual,packed,packed,sumfact,affine,0.000000e+00,72,2048,160,4173281,4096000,16693124,0,0.0000,n/a,20,1.230820417e-02,1356.2599,10649.1571,332.7862,250.9208,0,0,0,-7.066434026468e-14,1,1.000000,0,sumfact,on,off,0,0,0,0,0,,,0.000,,,,,,,
residual_rc_n160,nid005941,hex8,residual,atomic,atomic,sumfact,affine,0.000000e+00,72,0,160,4173281,4096000,16693124,0,0.0000,n/a,20,3.056838512e-02,546.0911,4287.8287,133.9946,101.0320,0,0,0,-7.449527377346e-14,1,1.000000,0,sumfact,on,off,0,0,0,0,0,,,0.000,,,,,,,
residual_rc_bnd_n160,nid005941,hex8,residual,packed,packed,sumfact,affine,0.000000e+00,72,2048,160,4173281,4096000,16693124,0,0.0000,n/a,20,1.323497295e-02,1261.2889,9903.4581,309.4831,233.3502,0,0,0,3.727500000000e+00,1,1.000000,1,sumfact,on,on,0,0,0,0,0,,,0.000,,,,,,,
residual_rc_bnd_n160,nid005941,hex8,residual,atomic,atomic,sumfact,affine,0.000000e+00,72,0,160,4173281,4096000,16693124,0,0.0000,n/a,20,3.138340712e-02,531.9092,4176.4745,130.5148,98.4082,0,0,0,3.727500000000e+00,1,1.000000,1,sumfact,on,on,0,0,0,0,0,,,0.000,,,,,,,
residual_rc_bnd_dt_n160,nid005941,hex8,residual,packed,packed,sumfact,affine,0.000000e+00,72,2048,160,4173281,4096000,16693124,0,0.0000,n/a,20,1.434003115e-02,1164.0926,9140.2870,285.6340,215.3680,0,0,0,6.759317416976e+00,1,1.000000,1,sumfact,on,on,0,0,0,0,1,,,0.000,,,,,,,
residual_rc_bnd_dt_n160,nid005941,hex8,residual,atomic,atomic,sumfact,affine,0.000000e+00,72,0,160,4173281,4096000,16693124,0,0.0000,n/a,20,3.167433739e-02,527.0236,4138.1134,129.3160,97.5043,0,0,0,6.759324573300e+00,1,1.000000,1,sumfact,on,on,0,0,0,0,1,,,0.000,,,,,,,
residual_rc_perapply_n160,nid005941,hex8,residual,packed,packed,sumfact,affine,0.000000e+00,72,2048,160,4173281,4096000,16693124,0,0.0000,n/a,20,1.438586712e-02,1160.3836,9111.1644,284.7239,214.6818,0,0,0,-7.066434026468e-14,1,1.000000,0,sumfact,on,off,0,1,0,0,0,,,0.000,,,,,,,
residual_rc_perapply_n160,nid005941,hex8,residual,atomic,atomic,sumfact,affine,0.000000e+00,72,0,160,4173281,4096000,16693124,0,0.0000,n/a,20,3.942086697e-02,423.4591,3324.9396,103.9044,78.3439,0,0,0,-7.449527377346e-14,1,1.000000,0,sumfact,on,off,0,1,0,0,0,,,0.000,,,,,,,
jac_rc_n160,nid005941,hex8,jac_action,packed,packed,sumfact,affine,0.000000e+00,72,2048,160,4173281,4096000,16693124,0,0.0000,n/a,20,1.924397945e-02,867.4466,6811.0653,212.8458,180.9189,0,0,0,-5.547403831327e-13,1,1.000000,0,n/a,exact,off,1,0,0,0,0,3.260288000e-03,0.169419,0.000,,,,,,,
jac_rc_n160,nid005941,hex8,jac_action,atomic,atomic,sumfact,affine,0.000000e+00,72,0,160,4173281,4096000,16693124,0,0.0000,n/a,20,4.521673918e-02,369.1802,2898.7495,90.5859,76.9980,0,0,0,-5.555626420603e-13,1,1.000000,0,n/a,exact,off,1,0,0,0,0,1.081692160e-02,0.239224,0.000,,,,,,,
jac_rc_bnd_n160,nid005941,hex8,jac_action,packed,packed,sumfact,affine,0.000000e+00,72,2048,160,4173281,4096000,16693124,0,0.0000,n/a,20,2.030323744e-02,822.1903,6455.7192,201.7412,171.4800,0,0,0,5.046148336219e+00,1,1.000000,1,n/a,exact,on,1,0,0,0,0,3.226688000e-03,0.158925,0.000,,,,,,,
jac_rc_bnd_n160,nid005941,hex8,jac_action,atomic,atomic,sumfact,affine,0.000000e+00,72,0,160,4173281,4096000,16693124,0,0.0000,n/a,20,4.632892609e-02,360.3175,2829.1612,88.4113,75.1496,0,0,0,5.046148336219e+00,1,1.000000,1,n/a,exact,on,1,0,0,0,0,1.093514240e-02,0.236033,0.000,,,,,,,
assemble_n160,nid005941,hex8,assemble,packed,packed,sumfact,affine,0.000000e+00,72,2048,160,4173281,4096000,16693124,111284641,13584.5509,f64,20,2.981260300e-01,55.9935,439.6530,13.7392,31.6550,0,0,0,1.165429404451e-08,0,0.000000,0,sumfact,off,off,0,0,0,0,0,,,0.000,,,,,,,
assemble_n160,nid005941,hex8,assemble,atomic,atomic,sumfact,affine,0.000000e+00,72,0,160,4173281,4096000,16693124,111284641,13584.5509,f64,20,4.348114491e-01,38.3916,301.4456,9.4202,21.7041,0,0,0,1.164916721901e-08,0,0.000000,0,sumfact,off,off,0,0,0,0,0,,,0.000,,,,,,,
assemble_n160,nid005941,hex8,assemble,colored,colored,sumfact,affine,0.000000e+00,72,2048,160,4173281,4096000,16693124,111284641,13584.5509,f64,20,1.593265891e-01,104.7730,822.6624,25.7082,59.2317,20,99,101,1.165426806529e-08,0,0.000000,0,sumfact,off,off,0,0,0,0,0,,,0.000,,,,,,,
assemble_n160,nid005941,hex8,assemble,store,store,sumfact,affine,0.000000e+00,72,2048,160,4173281,4096000,16693124,111284641,13584.5509,f64,20,2.331257463e-01,71.6057,562.2373,17.5699,40.4811,0,0,0,1.165429404451e-08,0,0.000000,0,sumfact,off,off,0,0,0,0,0,,,0.000,,,,,,,
assemble_sympy_n160,nid005941,hex8,assemble,atomic,atomic,sympy,affine,0.000000e+00,72,0,160,4173281,4096000,16693124,111284641,13584.5509,f64,20,3.039037347e-01,54.9290,431.2945,13.4780,31.0532,0,0,0,1.167343591505e-08,0,0.000000,0,sympy,off,off,0,0,0,0,0,,,0.000,,,,,,,
assemble_sympy_n160,nid005941,hex8,assemble,colored,colored,sympy,affine,0.000000e+00,72,2048,160,4173281,4096000,16693124,111284641,13584.5509,f64,20,1.692393899e-01,98.6362,774.4769,24.2024,55.7623,20,99,101,1.168506756832e-08,0,0.000000,0,sympy,off,off,0,0,0,0,0,,,0.000,,,,,,,
assemble_diag_n160,nid005941,hex8,assemble_diag,atomic,atomic,sumfact,affine,0.000000e+00,72,0,160,4173281,4096000,16693124,0,0.0000,n/a,20,1.485968471e-01,112.3383,882.0645,27.5645,20.7836,0,0,0,2.371982944015e+03,0,0.000000,0,n/a,off,off,0,0,0,0,0,,,0.000,,,,,,,
spmv_f64_n160,nid005941,hex8,bsr_apply,packed,n/a,sumfact,affine,0.000000e+00,72,2048,160,4173281,4096000,16693124,111284641,13584.5509,f64,20,3.713498116e-02,449.5256,0.0000,0.0000,0.0000,0,0,0,7.157881465282e-13,0,0.000000,0,n/a,off,off,0,0,0,0,0,,,0.000,,,,,,,
spmv_f32_n160,nid005941,hex8,bsr_apply,packed,n/a,sumfact,affine,0.000000e+00,72,2048,160,4173281,4096000,16693124,111284641,6792.2755,f32,20,1.857322454e-02,898.7736,0.0000,0.0000,0.0000,0,0,0,4.118532892879e-05,0,0.000000,0,n/a,off,off,0,0,0,0,0,,,0.000,,,,,,,
residual_bare_n192,nid005941,hex8,residual,packed,packed,sumfact,affine,0.000000e+00,72,4096,192,7189057,7077888,28756228,0,0.0000,n/a,20,1.108939648e-02,2593.1283,20424.2329,638.2573,481.2460,0,0,0,-2.338472297747e-14,0,0.000000,0,sumfact,off,off,0,0,0,0,0,,,0.000,,,,,,,
residual_bare_n192,nid005941,hex8,residual,atomic,atomic,sumfact,affine,0.000000e+00,72,0,192,7189057,7077888,28756228,0,0.0000,n/a,20,3.423427343e-02,839.9836,6615.9551,206.7486,155.8884,0,0,0,-1.625251582621e-14,0,0.000000,0,sumfact,off,off,0,0,0,0,0,,,0.000,,,,,,,
jac_bare_n192,nid005941,hex8,jac_action,packed,packed,sumfact,affine,0.000000e+00,72,4096,192,7189057,7077888,28756228,0,0.0000,n/a,20,1.493282318e-02,1925.7061,15167.4210,473.9819,402.8846,0,0,0,2.572335378558e-11,0,0.000000,0,n/a,off,off,0,0,0,0,0,,,0.000,,,,,,,
jac_bare_n192,nid005941,hex8,jac_action,atomic,atomic,sumfact,affine,0.000000e+00,72,0,192,7189057,7077888,28756228,0,0.0000,n/a,20,3.306636810e-02,869.6518,6849.6309,214.0510,181.9433,0,0,0,2.582123989452e-11,0,0.000000,0,n/a,off,off,0,0,0,0,0,,,0.000,,,,,,,
residual_current_n192,nid005941,hex8,residual,atomic,atomic,current,affine,0.000000e+00,72,0,192,7189057,7077888,28756228,0,0.0000,n/a,20,3.365186453e-02,854.5211,6730.4567,210.3268,158.5864,0,0,0,-1.950513589619e-14,0,0.000000,0,current,off,off,0,0,0,0,0,,,0.000,,,,,,,
residual_current_n192,nid005941,hex8,residual,packed,packed,current,affine,0.000000e+00,72,4096,192,7189057,7077888,28756228,0,0.0000,n/a,20,1.355534792e-02,2121.3936,16708.7129,522.1473,393.6990,0,0,0,-2.561136253163e-14,0,0.000000,0,current,off,off,0,0,0,0,0,,,0.000,,,,,,,
residual_rc_n192,nid005941,hex8,residual,packed,packed,sumfact,affine,0.000000e+00,72,4096,192,7189057,7077888,28756228,0,0.0000,n/a,20,2.074353695e-02,1386.2741,10918.6980,341.2093,257.2718,0,0,0,-2.161183558502e-14,1,1.000000,0,sumfact,on,off,0,0,0,0,0,,,0.000,,,,,,,
residual_rc_n192,nid005941,hex8,residual,atomic,atomic,sumfact,affine,0.000000e+00,72,0,192,7189057,7077888,28756228,0,0.0000,n/a,20,5.003459454e-02,574.7269,4526.7163,141.4599,106.6608,0,0,0,-1.622822969755e-14,1,1.000000,0,sumfact,on,off,0,0,0,0,0,,,0.000,,,,,,,
residual_rc_bnd_n192,nid005941,hex8,residual,packed,packed,sumfact,affine,0.000000e+00,72,4096,192,7189057,7077888,28756228,0,0.0000,n/a,20,2.246483564e-02,1280.0551,10082.0865,315.0652,237.5592,0,0,0,3.727500000000e+00,1,1.000000,1,sumfact,on,on,0,0,0,0,0,,,0.000,,,,,,,
residual_rc_bnd_n192,nid005941,hex8,residual,atomic,atomic,sumfact,affine,0.000000e+00,72,0,192,7189057,7077888,28756228,0,0.0000,n/a,20,5.195059776e-02,553.5303,4359.7653,136.2427,102.7270,0,0,0,3.727500000000e+00,1,1.000000,1,sumfact,on,on,0,0,0,0,0,,,0.000,,,,,,,
residual_rc_bnd_dt_n192,nid005941,hex8,residual,packed,packed,sumfact,affine,0.000000e+00,72,4096,192,7189057,7077888,28756228,0,0.0000,n/a,20,2.396618128e-02,1199.8669,9450.5008,295.3282,222.6774,0,0,0,6.759335709367e+00,1,1.000000,1,sumfact,on,on,0,0,0,0,1,,,0.000,,,,,,,
residual_rc_bnd_dt_n192,nid005941,hex8,residual,atomic,atomic,sumfact,affine,0.000000e+00,72,0,192,7189057,7077888,28756228,0,0.0000,n/a,20,5.307747126e-02,541.7784,4267.2043,133.3501,100.5460,0,0,0,6.759309506134e+00,1,1.000000,1,sumfact,on,on,0,0,0,0,1,,,0.000,,,,,,,
residual_rc_perapply_n192,nid005941,hex8,residual,packed,packed,sumfact,affine,0.000000e+00,72,4096,192,7189057,7077888,28756228,0,0.0000,n/a,20,2.430542707e-02,1183.1196,9318.5944,291.2061,219.5694,0,0,0,-2.161183558502e-14,1,1.000000,0,sumfact,on,off,0,1,0,0,0,,,0.000,,,,,,,
residual_rc_perapply_n192,nid005941,hex8,residual,atomic,atomic,sumfact,affine,0.000000e+00,72,0,192,7189057,7077888,28756228,0,0.0000,n/a,20,6.578301191e-02,437.1376,3443.0229,107.5945,81.1262,0,0,0,-1.622822969755e-14,1,1.000000,0,sumfact,on,off,0,1,0,0,0,,,0.000,,,,,,,
jac_rc_n192,nid005941,hex8,jac_action,packed,packed,sumfact,affine,0.000000e+00,72,4096,192,7189057,7077888,28756228,0,0.0000,n/a,20,3.171499968e-02,906.7075,7141.4920,223.1716,189.6959,0,0,0,-3.003928248995e-13,1,1.000000,0,n/a,exact,off,1,0,0,0,0,5.215987200e-03,0.164464,0.000,,,,,,,
jac_rc_n192,nid005941,hex8,jac_action,atomic,atomic,sumfact,affine,0.000000e+00,72,0,192,7189057,7077888,28756228,0,0.0000,n/a,20,7.722133398e-02,372.3871,2933.0291,91.6572,77.9086,0,0,0,-2.854811147950e-13,1,1.000000,0,n/a,exact,off,1,0,0,0,0,1.759898880e-02,0.227903,0.000,,,,,,,
jac_rc_bnd_n192,nid005941,hex8,jac_action,packed,packed,sumfact,affine,0.000000e+00,72,4096,192,7189057,7077888,28756228,0,0.0000,n/a,20,3.312959671e-02,867.9921,6836.5582,213.6424,181.5961,0,0,0,5.049173453743e+00,1,1.000000,1,n/a,exact,on,1,0,0,0,0,5.256000000e-03,0.158650,0.000,,,,,,,
jac_rc_bnd_n192,nid005941,hex8,jac_action,atomic,atomic,sumfact,affine,0.000000e+00,72,0,192,7189057,7077888,28756228,0,0.0000,n/a,20,7.895716429e-02,364.2004,2868.5480,89.6421,76.1958,0,0,0,5.049173453743e+00,1,1.000000,1,n/a,exact,on,1,0,0,0,0,1.765364480e-02,0.223585,0.000,,,,,,,
assemble_n192,nid005941,hex8,assemble,packed,packed,sumfact,affine,0.000000e+00,72,4096,192,7189057,7077888,28756228,192100033,23449.7111,f64,20,5.547088981e-01,51.8402,408.3086,12.7596,29.3982,0,0,0,2.592910685214e-09,0,0.000000,0,sumfact,off,off,0,0,0,0,0,,,0.000,,,,,,,
assemble_n192,nid005941,hex8,assemble,atomic,atomic,sumfact,affine,0.000000e+00,72,0,192,7189057,7077888,28756228,192100033,23449.7111,f64,20,7.520035386e-01,38.2395,301.1853,9.4120,21.6853,0,0,0,2.591521534265e-09,0,0.000000,0,sumfact,off,off,0,0,0,0,0,,,0.000,,,,,,,
assemble_n192,nid005941,hex8,assemble,colored,colored,sumfact,affine,0.000000e+00,72,4096,192,7189057,7077888,28756228,192100033,23449.7111,f64,20,2.769195676e-01,103.8433,817.8996,25.5594,58.8888,19,90,91,2.592891644889e-09,0,0.000000,0,sumfact,off,off,0,0,0,0,0,,,0.000,,,,,,,
assemble_n192,nid005941,hex8,assemble,store,store,sumfact,affine,0.000000e+00,72,4096,192,7189057,7077888,28756228,192100033,23449.7111,f64,20,3.809190750e-01,75.4917,594.5946,18.5811,42.8108,0,0,0,2.592910685214e-09,0,0.000000,0,sumfact,off,off,0,0,0,0,0,,,0.000,,,,,,,
assemble_sympy_n192,nid005941,hex8,assemble,atomic,atomic,sympy,affine,0.000000e+00,72,0,192,7189057,7077888,28756228,192100033,23449.7111,f64,20,5.240391612e-01,54.8742,432.2051,13.5064,31.1188,0,0,0,2.579395400885e-09,0,0.000000,0,sympy,off,off,0,0,0,0,0,,,0.000,,,,,,,
assemble_sympy_n192,nid005941,hex8,assemble,colored,colored,sympy,affine,0.000000e+00,72,4096,192,7189057,7077888,28756228,192100033,23449.7111,f64,20,2.982330203e-01,96.4220,759.4478,23.7327,54.6802,19,90,91,2.580736401329e-09,0,0.000000,0,sympy,off,off,0,0,0,0,0,,,0.000,,,,,,,
assemble_diag_n192,nid005941,hex8,assemble_diag,atomic,atomic,sumfact,affine,0.000000e+00,72,0,192,7189057,7077888,28756228,0,0.0000,n/a,20,2.555626988e-01,112.5212,886.2499,27.6953,20.8823,0,0,0,3.215019675301e+03,0,0.000000,0,n/a,off,off,0,0,0,0,0,,,0.000,,,,,,,
spmv_f32_n64,nid005941,hex8,bsr_apply,packed,n/a,sumfact,affine,0.000000e+00,72,128,64,274625,262144,1098500,7189057,438.7852,f32,20,1.193141937e-03,920.6784,0.0000,0.0000,0.0000,0,0,0,1.266337291522e-05,0,0.000000,0,n/a,off,off,0,0,0,0,0,,,0.000,,,,,,,
spmv_f64_n64,nid005941,hex8,bsr_apply,packed,n/a,sumfact,affine,0.000000e+00,72,128,64,274625,262144,1098500,7189057,877.5704,f64,20,2.334392071e-03,470.5722,0.0000,0.0000,0.0000,0,0,0,-1.151445421215e-12,0,0.000000,0,n/a,off,off,0,0,0,0,0,,,0.000,,,,,,,
assemble_diag_n64,nid005941,hex8,assemble_diag,atomic,atomic,sumfact,affine,0.000000e+00,72,0,64,274625,262144,1098500,0,0.0000,n/a,20,1.060886383e-02,103.5455,790.7169,24.7099,18.6313,0,0,0,5.801523603040e+02,0,0.000000,0,n/a,off,off,0,0,0,0,0,,,0.000,,,,,,,
assemble_sympy_n64,nid005941,hex8,assemble,colored,colored,sympy,affine,0.000000e+00,72,128,64,274625,262144,1098500,7189057,877.5704,f64,20,1.206061840e-02,91.0816,695.5371,21.7355,50.0787,14,146,147,2.702547348507e-10,0,0.000000,0,sympy,off,off,0,0,0,0,0,,,0.000,,,,,,,
assemble_sympy_n64,nid005941,hex8,assemble,atomic,atomic,sympy,affine,0.000000e+00,72,0,64,274625,262144,1098500,7189057,877.5704,f64,20,5.461968184e-02,20.1118,153.5821,4.7994,11.0579,0,0,0,2.702932318341e-10,0,0.000000,0,sympy,off,off,0,0,0,0,0,,,0.000,,,,,,,
assemble_n64,nid005941,hex8,assemble,store,store,sumfact,affine,0.000000e+00,72,128,64,274625,262144,1098500,7189057,877.5704,f64,20,8.831453323e-03,124.3850,949.8559,29.6830,68.3896,0,0,0,2.702547346339e-10,0,0.000000,0,sumfact,off,off,0,0,0,0,0,,,0.000,,,,,,,
assemble_n64,nid005941,hex8,assemble,colored,colored,sumfact,affine,0.000000e+00,72,128,64,274625,262144,1098500,7189057,877.5704,f64,20,1.104651690e-02,99.4431,759.3894,23.7309,54.6760,14,146,147,2.702547346339e-10,0,0.000000,0,sumfact,off,off,0,0,0,0,0,,,0.000,,,,,,,
assemble_n64,nid005941,hex8,assemble,atomic,atomic,sumfact,affine,0.000000e+00,72,0,64,274625,262144,1098500,7189057,877.5704,f64,20,2.825022936e-02,38.8846,296.9395,9.2794,21.3796,0,0,0,2.702932316173e-10,0,0.000000,0,sumfact,off,off,0,0,0,0,0,,,0.000,,,,,,,
assemble_n64,nid005941,hex8,assemble,packed,packed,sumfact,affine,0.000000e+00,72,128,64,274625,262144,1098500,7189057,877.5704,f64,20,1.236979961e-02,88.8050,678.1523,21.1923,48.8270,0,0,0,2.702547346339e-10,0,0.000000,0,sumfact,off,off,0,0,0,0,0,,,0.000,,,,,,,
jac_rc_bnd_n64,nid005941,hex8,jac_action,atomic,atomic,sumfact,affine,0.000000e+00,72,0,64,274625,262144,1098500,0,0.0000,n/a,20,3.127145767e-03,351.2788,2682.5126,83.8285,71.2542,0,0,0,5.047023127365e+00,1,1.000000,1,n/a,exact,on,1,0,0,0,0,7.843584000e-04,0.250822,0.000,,,,,,,
jac_rc_bnd_n64,nid005941,hex8,jac_action,packed,packed,sumfact,affine,0.000000e+00,72,128,64,274625,262144,1098500,0,0.0000,n/a,20,1.027476788e-03,1069.1239,8164.2798,255.1337,216.8637,0,0,0,5.047023127365e+00,1,1.000000,1,n/a,exact,on,1,0,0,0,0,1.280000000e-04,0.124577,0.000,,,,,,,
jac_rc_n64,nid005941,hex8,jac_action,atomic,atomic,sumfact,affine,0.000000e+00,72,0,64,274625,262144,1098500,0,0.0000,n/a,20,3.069353104e-03,357.8930,2733.0215,85.4069,72.5959,0,0,0,3.026048920989e-13,1,1.000000,0,n/a,exact,off,1,0,0,0,0,8.050944000e-04,0.262301,0.000,,,,,,,
jac_rc_n64,nid005941,hex8,jac_action,packed,packed,sumfact,affine,0.000000e+00,72,128,64,274625,262144,1098500,0,0.0000,n/a,20,9.654283524e-04,1137.8369,8689.0011,271.5313,230.8016,0,0,0,3.033959260039e-13,1,1.000000,0,n/a,exact,off,1,0,0,0,0,1.260160000e-04,0.130529,0.000,,,,,,,
residual_rc_perapply_n64,nid005941,hex8,residual,atomic,atomic,sumfact,affine,0.000000e+00,72,0,64,274625,262144,1098500,0,0.0000,n/a,20,2.504134178e-03,438.6746,3349.9036,104.6845,78.9321,0,0,0,-1.283597794027e-14,1,1.000000,0,sumfact,on,off,0,1,0,0,0,,,0.000,,,,,,,
residual_rc_perapply_n64,nid005941,hex8,residual,packed,packed,sumfact,affine,0.000000e+00,72,128,64,274625,262144,1098500,0,0.0000,n/a,20,8.081555367e-04,1359.2680,10379.9425,324.3732,244.5774,0,0,0,-1.271465571717e-14,1,1.000000,0,sumfact,on,off,0,1,0,0,0,,,0.000,,,,,,,
residual_rc_bnd_dt_n64,nid005941,hex8,residual,atomic,atomic,sumfact,affine,0.000000e+00,72,0,64,274625,262144,1098500,0,0.0000,n/a,20,2.071726322e-03,530.2341,4049.0908,126.5341,95.4067,0,0,0,6.759448953731e+00,1,1.000000,1,sumfact,on,on,0,0,0,0,1,,,0.000,,,,,,,
residual_rc_bnd_dt_n64,nid005941,hex8,residual,packed,packed,sumfact,affine,0.000000e+00,72,128,64,274625,262144,1098500,0,0.0000,n/a,20,7.978200912e-04,1376.8768,10514.4106,328.5753,247.7458,0,0,0,6.759042994895e+00,1,1.000000,1,sumfact,on,on,0,0,0,0,1,,,0.000,,,,,,,
residual_rc_bnd_n64,nid005941,hex8,residual,atomic,atomic,sumfact,affine,0.000000e+00,72,0,64,274625,262144,1098500,0,0.0000,n/a,20,1.949346066e-03,563.5223,4303.2934,134.4779,101.3964,0,0,0,3.727500000000e+00,1,1.000000,1,sumfact,on,on,0,0,0,0,0,,,0.000,,,,,,,
residual_rc_bnd_n64,nid005941,hex8,residual,packed,packed,sumfact,affine,0.000000e+00,72,128,64,274625,262144,1098500,0,0.0000,n/a,20,7.740616798e-04,1419.1376,10837.1312,338.6604,255.3499,0,0,0,3.727500000000e+00,1,1.000000,1,sumfact,on,on,0,0,0,0,0,,,0.000,,,,,,,
residual_rc_n64,nid005941,hex8,residual,atomic,atomic,sumfact,affine,0.000000e+00,72,0,64,274625,262144,1098500,0,0.0000,n/a,20,1.880502701e-03,584.1523,4460.8327,139.4010,105.1084,0,0,0,-1.239188873042e-14,1,1.000000,0,sumfact,on,off,0,0,0,0,0,,,0.000,,,,,,,
residual_rc_n64,nid005941,hex8,residual,packed,packed,sumfact,affine,0.000000e+00,72,128,64,274625,262144,1098500,0,0.0000,n/a,20,7.145643234e-04,1537.3004,11739.4722,366.8585,276.6113,0,0,0,-1.271465571717e-14,1,1.000000,0,sumfact,on,off,0,0,0,0,0,,,0.000,,,,,,,
residual_current_n64,nid005941,hex8,residual,packed,packed,current,affine,0.000000e+00,72,128,64,274625,262144,1098500,0,0.0000,n/a,20,5.100965500e-04,2153.5139,16445.1377,513.9106,387.4886,0,0,0,-1.272137777064e-14,0,0.000000,0,current,off,off,0,0,0,0,0,,,0.000,,,,,,,
residual_current_n64,nid005941,hex8,residual,atomic,atomic,current,affine,0.000000e+00,72,0,64,274625,262144,1098500,0,0.0000,n/a,20,1.295340061e-03,848.0399,6475.9890,202.3747,152.5905,0,0,0,-1.240218865106e-14,0,0.000000,0,current,off,off,0,0,0,0,0,,,0.000,,,,,,,
jac_bare_n64,nid005941,hex8,jac_action,atomic,atomic,sumfact,affine,0.000000e+00,72,0,64,274625,262144,1098500,0,0.0000,n/a,20,1.415550709e-03,776.0231,5926.0385,185.1887,157.4104,0,0,0,-1.152298037804e-12,0,0.000000,0,n/a,off,off,0,0,0,0,0,,,0.000,,,,,,,
jac_bare_n64,nid005941,hex8,jac_action,packed,packed,sumfact,affine,0.000000e+00,72,128,64,274625,262144,1098500,0,0.0000,n/a,20,5.161762238e-04,2128.1492,16251.4421,507.8576,431.6789,0,0,0,-1.151812315230e-12,0,0.000000,0,n/a,off,off,0,0,0,0,0,,,0.000,,,,,,,
residual_bare_n64,nid005941,hex8,residual,atomic,atomic,sumfact,affine,0.000000e+00,72,0,64,274625,262144,1098500,0,0.0000,n/a,20,1.336503029e-03,821.9211,6276.5350,196.1417,147.8909,0,0,0,-1.236760260176e-14,0,0.000000,0,sumfact,off,off,0,0,0,0,0,,,0.000,,,,,,,
residual_bare_n64,nid005941,hex8,residual,packed,packed,sumfact,affine,0.000000e+00,72,128,64,274625,262144,1098500,0,0.0000,n/a,20,3.895163536e-04,2820.1640,21535.9584,672.9987,507.4410,0,0,0,-1.268690014156e-14,0,0.000000,0,sumfact,off,off,0,0,0,0,0,,,0.000,,,,,,,
spmv_f32_n96,nid005941,hex8,bsr_apply,packed,n/a,sumfact,affine,0.000000e+00,72,512,96,912673,884736,3650692,24137569,1473.2403,f32,20,4.104149342e-03,889.5125,0.0000,0.0000,0.0000,0,0,0,-1.159811748818e-06,0,0.000000,0,n/a,off,off,0,0,0,0,0,,,0.000,,,,,,,
spmv_f64_n96,nid005941,hex8,bsr_apply,packed,n/a,sumfact,affine,0.000000e+00,72,512,96,912673,884736,3650692,24137569,2946.4806,f64,20,8.337652683e-03,437.8561,0.0000,0.0000,0.0000,0,0,0,-2.227890574390e-12,0,0.000000,0,n/a,off,off,0,0,0,0,0,,,0.000,,,,,,,
assemble_diag_n96,nid005941,hex8,assemble_diag,atomic,atomic,sumfact,affine,0.000000e+00,72,0,96,912673,884736,3650692,0,0.0000,n/a,20,3.298135996e-02,110.6896,858.4107,26.8253,20.2263,0,0,0,1.054549351220e+03,0,0.000000,0,n/a,off,off,0,0,0,0,0,,,0.000,,,,,,,
assemble_sympy_n96,nid005941,hex8,assemble,colored,colored,sympy,affine,0.000000e+00,72,512,96,912673,884736,3650692,24137569,2946.4806,f64,20,3.944237232e-02,92.5576,717.7954,22.4311,51.6813,19,90,91,6.632765216512e-11,0,0.000000,0,sympy,off,off,0,0,0,0,0,,,0.000,,,,,,,
assemble_sympy_n96,nid005941,hex8,assemble,atomic,atomic,sympy,affine,0.000000e+00,72,0,96,912673,884736,3650692,24137569,2946.4806,f64,20,6.579947472e-02,55.4821,430.2702,13.4459,30.9795,0,0,0,6.578006241380e-11,0,0.000000,0,sympy,off,off,0,0,0,0,0,,,0.000,,,,,,,
assemble_n96,nid005941,hex8,assemble,store,store,sumfact,affine,0.000000e+00,72,512,96,912673,884736,3650692,24137569,2946.4806,f64,20,4.173880816e-02,87.4652,678.3028,21.1970,48.8378,0,0,0,7.386596588159e-11,0,0.000000,0,sumfact,off,off,0,0,0,0,0,,,0.000,,,,,,,
assemble_n96,nid005941,hex8,assemble,colored,colored,sumfact,affine,0.000000e+00,72,512,96,912673,884736,3650692,24137569,2946.4806,f64,20,3.680543900e-02,99.1889,769.2220,24.0382,55.3840,19,90,91,7.389472065792e-11,0,0.000000,0,sumfact,off,off,0,0,0,0,0,,,0.000,,,,,,,
assemble_n96,nid005941,hex8,assemble,atomic,atomic,sumfact,affine,0.000000e+00,72,0,96,912673,884736,3650692,24137569,2946.4806,f64,20,9.437843561e-02,38.6814,299.9790,9.3743,21.5985,0,0,0,7.342422201788e-11,0,0.000000,0,sumfact,off,off,0,0,0,0,0,,,0.000,,,,,,,
assemble_n96,nid005941,hex8,assemble,packed,packed,sumfact,affine,0.000000e+00,72,512,96,912673,884736,3650692,24137569,2946.4806,f64,20,5.873073339e-02,62.1598,482.0568,15.0643,34.7081,0,0,0,7.386596588159e-11,0,0.000000,0,sumfact,off,off,0,0,0,0,0,,,0.000,,,,,,,
jac_rc_bnd_n96,nid005941,hex8,jac_action,atomic,atomic,sumfact,affine,0.000000e+00,72,0,96,912673,884736,3650692,0,0.0000,n/a,20,1.012407541e-02,360.5951,2796.4580,87.3893,74.2809,0,0,0,5.047058237368e+00,1,1.000000,1,n/a,exact,on,1,0,0,0,0,2.348390400e-03,0.231961,0.000,,,,,,,
jac_rc_bnd_n96,nid005941,hex8,jac_action,packed,packed,sumfact,affine,0.000000e+00,72,512,96,912673,884736,3650692,0,0.0000,n/a,20,4.130101204e-03,883.9231,6854.9294,214.2165,182.0841,0,0,0,5.047058237368e+00,1,1.000000,1,n/a,exact,on,1,0,0,0,0,6.474752000e-04,0.156770,0.000,,,,,,,
jac_rc_n96,nid005941,hex8,jac_action,atomic,atomic,sumfact,affine,0.000000e+00,72,0,96,912673,884736,3650692,0,0.0000,n/a,20,9.879958630e-03,369.5048,2865.5537,89.5486,76.1163,0,0,0,2.849310685397e-13,1,1.000000,0,n/a,exact,off,1,0,0,0,0,2.381939200e-03,0.241088,0.000,,,,,,,
jac_rc_n96,nid005941,hex8,jac_action,packed,packed,sumfact,affine,0.000000e+00,72,512,96,912673,884736,3650692,0,0.0000,n/a,20,3.793072701e-03,962.4630,7464.0151,233.2505,198.2629,0,0,0,2.763892901440e-13,1,1.000000,0,n/a,exact,off,1,0,0,0,0,6.412544000e-04,0.169059,0.000,,,,,,,
residual_rc_perapply_n96,nid005941,hex8,residual,atomic,atomic,sumfact,affine,0.000000e+00,72,0,96,912673,884736,3650692,0,0.0000,n/a,20,8.295738697e-03,440.0683,3412.7825,106.6495,80.4137,0,0,0,9.933444041280e-14,1,1.000000,0,sumfact,on,off,0,1,0,0,0,,,0.000,,,,,,,
residual_rc_perapply_n96,nid005941,hex8,residual,packed,packed,sumfact,affine,0.000000e+00,72,512,96,912673,884736,3650692,0,0.0000,n/a,20,2.857780457e-03,1277.4571,9906.8324,309.5885,233.4297,0,0,0,1.001236853843e-13,1,1.000000,0,sumfact,on,off,0,1,0,0,0,,,0.000,,,,,,,
residual_rc_bnd_dt_n96,nid005941,hex8,residual,atomic,atomic,sumfact,affine,0.000000e+00,72,0,96,912673,884736,3650692,0,0.0000,n/a,20,6.529581547e-03,559.1005,4335.8907,135.4966,102.1644,0,0,0,6.759287405709e+00,1,1.000000,1,sumfact,on,on,0,0,0,0,1,,,0.000,,,,,,,
residual_rc_bnd_dt_n96,nid005941,hex8,residual,packed,packed,sumfact,affine,0.000000e+00,72,512,96,912673,884736,3650692,0,0.0000,n/a,20,2.866780758e-03,1273.4465,9875.7297,308.6166,232.6969,0,0,0,6.759195490287e+00,1,1.000000,1,sumfact,on,on,0,0,0,0,1,,,0.000,,,,,,,
residual_rc_bnd_n96,nid005941,hex8,residual,atomic,atomic,sumfact,affine,0.000000e+00,72,0,96,912673,884736,3650692,0,0.0000,n/a,20,6.554234028e-03,556.9975,4319.5821,134.9869,101.7802,0,0,0,3.727500000000e+00,1,1.000000,1,sumfact,on,on,0,0,0,0,0,,,0.000,,,,,,,
residual_rc_bnd_n96,nid005941,hex8,residual,packed,packed,sumfact,affine,0.000000e+00,72,512,96,912673,884736,3650692,0,0.0000,n/a,20,2.692258358e-03,1355.9962,10515.9120,328.6223,247.7812,0,0,0,3.727500000000e+00,1,1.000000,1,sumfact,on,on,0,0,0,0,0,,,0.000,,,,,,,
residual_rc_n96,nid005941,hex8,residual,atomic,atomic,sumfact,affine,0.000000e+00,72,0,96,912673,884736,3650692,0,0.0000,n/a,20,7.166397572e-03,509.4180,3950.5975,123.4562,93.0860,0,0,0,9.933444041280e-14,1,1.000000,0,sumfact,on,off,0,0,0,0,0,,,0.000,,,,,,,
residual_rc_n96,nid005941,hex8,residual,packed,packed,sumfact,affine,0.000000e+00,72,512,96,912673,884736,3650692,0,0.0000,n/a,20,2.475082874e-03,1474.9777,11438.6279,357.4571,269.5227,0,0,0,1.001236853843e-13,1,1.000000,0,sumfact,on,off,0,0,0,0,0,,,0.000,,,,,,,
residual_current_n96,nid005941,hex8,residual,packed,packed,current,affine,0.000000e+00,72,512,96,912673,884736,3650692,0,0.0000,n/a,20,1.645946503e-03,2217.9895,17200.7729,537.5242,405.2932,0,0,0,1.028819499212e-13,0,0.000000,0,current,off,off,0,0,0,0,0,,,0.000,,,,,,,
residual_current_n96,nid005941,hex8,residual,atomic,atomic,current,affine,0.000000e+00,72,0,96,912673,884736,3650692,0,0.0000,n/a,20,4.110300541e-03,888.1813,6887.9518,215.2485,162.2974,0,0,0,1.028125609821e-13,0,0.000000,0,current,off,off,0,0,0,0,0,,,0.000,,,,,,,
jac_bare_n96,nid005941,hex8,jac_action,atomic,atomic,sumfact,affine,0.000000e+00,72,0,96,912673,884736,3650692,0,0.0000,n/a,20,4.428637028e-03,824.3376,6392.8364,199.7761,169.8097,0,0,0,-1.947486835967e-12,0,0.000000,0,n/a,off,off,0,0,0,0,0,,,0.000,,,,,,,
jac_bare_n96,nid005941,hex8,jac_action,packed,packed,sumfact,affine,0.000000e+00,72,512,96,912673,884736,3650692,0,0.0000,n/a,20,1.741743088e-03,2095.9991,16254.7233,507.9601,431.7661,0,0,0,-2.009048702682e-12,0,0.000000,0,n/a,off,off,0,0,0,0,0,,,0.000,,,,,,,
residual_bare_n96,nid005941,hex8,residual,atomic,atomic,sumfact,affine,0.000000e+00,72,0,96,912673,884736,3650692,0,0.0000,n/a,20,4.275119305e-03,853.9392,6622.4004,206.9500,156.0403,0,0,0,9.779471069754e-14,0,0.000000,0,sumfact,off,off,0,0,0,0,0,,,0.000,,,,,,,
residual_bare_n96,nid005941,hex8,residual,packed,packed,sumfact,affine,0.000000e+00,72,512,96,912673,884736,3650692,0,0.0000,n/a,20,1.274836063e-03,2863.6560,22207.9943,693.9998,523.2759,0,0,0,9.812539236015e-14,0,0.000000,0,sumfact,off,off,0,0,0,0,0,,,0.000,,,,,,,
spmv_f32_n128,nid005941,hex8,bsr_apply,packed,n/a,sumfact,affine,0.000000e+00,72,1024,128,2146689,2097152,8586756,57066625,3483.0704,f32,20,1.015660763e-02,845.4354,0.0000,0.0000,0.0000,0,0,0,4.661746579456e-05,0,0.000000,0,n/a,off,off,0,0,0,0,0,,,0.000,,,,,,,
spmv_f64_n128,nid005941,hex8,bsr_apply,packed,n/a,sumfact,affine,0.000000e+00,72,1024,128,2146689,2097152,8586756,57066625,6966.1407,f64,20,1.953393221e-02,439.5815,0.0000,0.0000,0.0000,0,0,0,-2.271657308876e-12,0,0.000000,0,n/a,off,off,0,0,0,0,0,,,0.000,,,,,,,
assemble_diag_n128,nid005941,hex8,assemble_diag,atomic,atomic,sumfact,affine,0.000000e+00,72,0,128,2146689,2097152,8586756,0,0.0000,n/a,20,7.678368092e-02,111.8305,873.9990,27.3125,20.5936,0,0,0,1.651826180067e+03,0,0.000000,0,n/a,off,off,0,0,0,0,0,,,0.000,,,,,,,
assemble_sympy_n128,nid005941,hex8,assemble,colored,colored,sympy,affine,0.000000e+00,72,1024,128,2146689,2097152,8586756,57066625,6966.1407,f64,20,8.599587679e-02,99.8508,780.3730,24.3867,56.1869,14,146,147,-3.076235482687e-08,0,0.000000,0,sympy,off,off,0,0,0,0,0,,,0.000,,,,,,,
assemble_sympy_n128,nid005941,hex8,assemble,atomic,atomic,sympy,affine,0.000000e+00,72,0,128,2146689,2097152,8586756,57066625,6966.1407,f64,20,1.566303849e-01,54.8218,428.4537,13.3892,30.8487,0,0,0,-3.076550013728e-08,0,0.000000,0,sympy,off,off,0,0,0,0,0,,,0.000,,,,,,,
assemble_n128,nid005941,hex8,assemble,store,store,sumfact,affine,0.000000e+00,72,1024,128,2146689,2097152,8586756,57066625,6966.1407,f64,20,1.058621407e-01,81.1126,633.9270,19.8102,45.6427,0,0,0,-3.076235482948e-08,0,0.000000,0,sumfact,off,off,0,0,0,0,0,,,0.000,,,,,,,
assemble_n128,nid005941,hex8,assemble,colored,colored,sumfact,affine,0.000000e+00,72,1024,128,2146689,2097152,8586756,57066625,6966.1407,f64,20,8.036097288e-02,106.8523,835.0927,26.0966,60.1267,14,146,147,-3.076235482948e-08,0,0.000000,0,sumfact,off,off,0,0,0,0,0,,,0.000,,,,,,,
assemble_n128,nid005941,hex8,assemble,atomic,atomic,sumfact,affine,0.000000e+00,72,0,128,2146689,2097152,8586756,57066625,6966.1407,f64,20,2.236770272e-01,38.3891,300.0257,9.3758,21.6019,0,0,0,-3.076550014682e-08,0,0.000000,0,sumfact,off,off,0,0,0,0,0,,,0.000,,,,,,,
assemble_n128,nid005941,hex8,assemble,packed,packed,sumfact,affine,0.000000e+00,72,1024,128,2146689,2097152,8586756,57066625,6966.1407,f64,20,1.460759521e-01,58.7828,459.4108,14.3566,33.0776,0,0,0,-3.076235482948e-08,0,0.000000,0,sumfact,off,off,0,0,0,0,0,,,0.000,,,,,,,
jac_rc_bnd_n128,nid005941,hex8,jac_action,atomic,atomic,sumfact,affine,0.000000e+00,72,0,128,2146689,2097152,8586756,0,0.0000,n/a,20,2.346298695e-02,365.9703,2860.2012,89.3813,75.9741,0,0,0,5.048053297186e+00,1,1.000000,1,n/a,exact,on,1,0,0,0,0,5.318630400e-03,0.226682,0.000,,,,,,,
jac_rc_bnd_n128,nid005941,hex8,jac_action,packed,packed,sumfact,affine,0.000000e+00,72,1024,128,2146689,2097152,8586756,0,0.0000,n/a,20,1.020559072e-02,841.3777,6575.6962,205.4905,174.6669,0,0,0,5.048053297186e+00,1,1.000000,1,n/a,exact,on,1,0,0,0,0,1.626457600e-03,0.159369,0.000,,,,,,,
jac_rc_n128,nid005941,hex8,jac_action,atomic,atomic,sumfact,affine,0.000000e+00,72,0,128,2146689,2097152,8586756,0,0.0000,n/a,20,2.271949053e-02,377.9467,2953.8014,92.3063,78.4604,0,0,0,-3.103779169442e-13,1,1.000000,0,n/a,exact,off,1,0,0,0,0,5.345536000e-03,0.235284,0.000,,,,,,,
jac_rc_n128,nid005941,hex8,jac_action,packed,packed,sumfact,affine,0.000000e+00,72,1024,128,2146689,2097152,8586756,0,0.0000,n/a,20,9.529840946e-03,901.0388,7041.9710,220.0616,187.0524,0,0,0,-3.069362255678e-13,1,1.000000,0,n/a,exact,off,1,0,0,0,0,1.572928000e-03,0.165053,0.000,,,,,,,
residual_rc_perapply_n128,nid005941,hex8,residual,atomic,atomic,sumfact,affine,0.000000e+00,72,0,128,2146689,2097152,8586756,0,0.0000,n/a,20,1.923677921e-02,446.3718,3488.5707,109.0178,82.1994,0,0,0,1.381366267032e-13,1,1.000000,0,sumfact,on,off,0,1,0,0,0,,,0.000,,,,,,,
residual_rc_perapply_n128,nid005941,hex8,residual,packed,packed,sumfact,affine,0.000000e+00,72,1024,128,2146689,2097152,8586756,0,0.0000,n/a,20,7.288610935e-03,1178.1060,9207.3599,287.7300,216.9484,0,0,0,1.366585880916e-13,1,1.000000,0,sumfact,on,off,0,1,0,0,0,,,0.000,,,,,,,
residual_rc_bnd_dt_n128,nid005941,hex8,residual,atomic,atomic,sumfact,affine,0.000000e+00,72,0,128,2146689,2097152,8586756,0,0.0000,n/a,20,1.539204121e-02,557.8699,4359.9717,136.2491,102.7318,0,0,0,6.759329548060e+00,1,1.000000,1,sumfact,on,on,0,0,0,0,1,,,0.000,,,,,,,
residual_rc_bnd_dt_n128,nid005941,hex8,residual,packed,packed,sumfact,affine,0.000000e+00,72,1024,128,2146689,2097152,8586756,0,0.0000,n/a,20,7.192039490e-03,1193.9250,9330.9921,291.5935,219.8615,0,0,0,6.759412313613e+00,1,1.000000,1,sumfact,on,on,0,0,0,0,1,,,0.000,,,,,,,
residual_rc_bnd_n128,nid005941,hex8,residual,atomic,atomic,sumfact,affine,0.000000e+00,72,0,128,2146689,2097152,8586756,0,0.0000,n/a,20,1.517000198e-02,566.0353,4423.7874,138.2434,104.2355,0,0,0,3.727500000000e+00,1,1.000000,1,sumfact,on,on,0,0,0,0,0,,,0.000,,,,,,,
residual_rc_bnd_n128,nid005941,hex8,residual,packed,packed,sumfact,affine,0.000000e+00,72,1024,128,2146689,2097152,8586756,0,0.0000,n/a,20,6.616473198e-03,1297.7844,10142.6942,316.9592,238.9872,0,0,0,3.727500000000e+00,1,1.000000,1,sumfact,on,on,0,0,0,0,0,,,0.000,,,,,,,
residual_rc_n128,nid005941,hex8,residual,atomic,atomic,sumfact,affine,0.000000e+00,72,0,128,2146689,2097152,8586756,0,0.0000,n/a,20,1.472591162e-02,583.1052,4557.1959,142.4124,107.3789,0,0,0,1.381366267032e-13,1,1.000000,0,sumfact,on,off,0,0,0,0,0,,,0.000,,,,,,,
residual_rc_n128,nid005941,hex8,residual,packed,packed,sumfact,affine,0.000000e+00,72,1024,128,2146689,2097152,8586756,0,0.0000,n/a,20,6.057941914e-03,1417.4378,11077.8322,346.1823,261.0214,0,0,0,1.366585880916e-13,1,1.000000,0,sumfact,on,off,0,0,0,0,0,,,0.000,,,,,,,
residual_current_n128,nid005941,hex8,residual,packed,packed,current,affine,0.000000e+00,72,1024,128,2146689,2097152,8586756,0,0.0000,n/a,20,4.310989380e-03,1991.8295,15566.9286,486.4665,366.7958,0,0,0,1.366330009203e-13,0,0.000000,0,current,off,off,0,0,0,0,0,,,0.000,,,,,,,
residual_current_n128,nid005941,hex8,residual,atomic,atomic,current,affine,0.000000e+00,72,0,128,2146689,2097152,8586756,0,0.0000,n/a,20,9.699761868e-03,885.2543,6918.6094,216.2065,163.0197,0,0,0,1.381248631097e-13,0,0.000000,0,current,off,off,0,0,0,0,0,,,0.000,,,,,,,
jac_bare_n128,nid005941,hex8,jac_action,atomic,atomic,sumfact,affine,0.000000e+00,72,0,128,2146689,2097152,8586756,0,0.0000,n/a,20,1.004792452e-02,854.5801,6678.8782,208.7149,177.4077,0,0,0,-2.268920891012e-12,0,0.000000,0,n/a,off,off,0,0,0,0,0,,,0.000,,,,,,,
jac_bare_n128,nid005941,hex8,jac_action,packed,packed,sumfact,affine,0.000000e+00,72,1024,128,2146689,2097152,8586756,0,0.0000,n/a,20,4.397428036e-03,1952.6769,15260.9351,476.9042,405.3686,0,0,0,-2.268767828771e-12,0,0.000000,0,n/a,off,off,0,0,0,0,0,,,0.000,,,,,,,
residual_bare_n128,nid005941,hex8,residual,atomic,atomic,sumfact,affine,0.000000e+00,72,0,128,2146689,2097152,8586756,0,0.0000,n/a,20,1.021791697e-02,840.3627,6567.7637,205.2426,154.7529,0,0,0,1.381383614267e-13,0,0.000000,0,sumfact,off,off,0,0,0,0,0,,,0.000,,,,,,,
residual_bare_n128,nid005941,hex8,residual,packed,packed,sumfact,affine,0.000000e+00,72,1024,128,2146689,2097152,8586756,0,0.0000,n/a,20,3.295302391e-03,2605.7566,20365.0093,636.4065,479.8505,0,0,0,1.366603228151e-13,0,0.000000,0,sumfact,off,off,0,0,0,0,0,,,0.000,,,,,,,
spmv_f32_n160,nid005941,hex8,bsr_apply,packed,n/a,sumfact,affine,0.000000e+00,72,2048,160,4173281,4096000,16693124,111284641,6792.2755,f32,20,1.844809055e-02,904.8700,0.0000,0.0000,0.0000,0,0,0,4.118532892879e-05,0,0.000000,0,n/a,off,off,0,0,0,0,0,,,0.000,,,,,,,
spmv_f64_n160,nid005941,hex8,bsr_apply,packed,n/a,sumfact,affine,0.000000e+00,72,2048,160,4173281,4096000,16693124,111284641,13584.5509,f64,20,3.689392805e-02,452.4626,0.0000,0.0000,0.0000,0,0,0,7.157881465282e-13,0,0.000000,0,n/a,off,off,0,0,0,0,0,,,0.000,,,,,,,
assemble_diag_n160,nid005941,hex8,assemble_diag,atomic,atomic,sumfact,affine,0.000000e+00,72,0,160,4173281,4096000,16693124,0,0.0000,n/a,20,1.486037612e-01,112.3331,882.0234,27.5632,20.7827,0,0,0,2.371982944015e+03,0,0.000000,0,n/a,off,off,0,0,0,0,0,,,0.000,,,,,,,
assemble_sympy_n160,nid005941,hex8,assemble,colored,colored,sympy,affine,0.000000e+00,72,2048,160,4173281,4096000,16693124,111284641,13584.5509,f64,20,1.662705541e-01,100.3974,788.3055,24.6345,56.7580,20,99,101,1.168506756832e-08,0,0.000000,0,sympy,off,off,0,0,0,0,0,,,0.000,,,,,,,
assemble_sympy_n160,nid005941,hex8,assemble,atomic,atomic,sympy,affine,0.000000e+00,72,0,160,4173281,4096000,16693124,111284641,13584.5509,f64,20,3.039555550e-01,54.9196,431.2209,13.4757,31.0479,0,0,0,1.167343591505e-08,0,0.000000,0,sympy,off,off,0,0,0,0,0,,,0.000,,,,,,,
assemble_n160,nid005941,hex8,assemble,store,store,sumfact,affine,0.000000e+00,72,2048,160,4173281,4096000,16693124,111284641,13584.5509,f64,20,2.289913774e-01,72.8985,572.3884,17.8871,41.2120,0,0,0,1.165429404451e-08,0,0.000000,0,sumfact,off,off,0,0,0,0,0,,,0.000,,,,,,,
assemble_n160,nid005941,hex8,assemble,colored,colored,sumfact,affine,0.000000e+00,72,2048,160,4173281,4096000,16693124,111284641,13584.5509,f64,20,1.563387632e-01,106.7753,838.3845,26.1995,60.3637,20,99,101,1.165426806529e-08,0,0.000000,0,sumfact,off,off,0,0,0,0,0,,,0.000,,,,,,,
assemble_n160,nid005941,hex8,assemble,atomic,atomic,sumfact,affine,0.000000e+00,72,0,160,4173281,4096000,16693124,111284641,13584.5509,f64,20,4.353287816e-01,38.3460,301.0874,9.4090,21.6783,0,0,0,1.164916721901e-08,0,0.000000,0,sumfact,off,off,0,0,0,0,0,,,0.000,,,,,,,
assemble_n160,nid005941,hex8,assemble,packed,packed,sumfact,affine,0.000000e+00,72,2048,160,4173281,4096000,16693124,111284641,13584.5509,f64,20,2.944894791e-01,56.6850,445.0821,13.9088,32.0459,0,0,0,1.165429404451e-08,0,0.000000,0,sumfact,off,off,0,0,0,0,0,,,0.000,,,,,,,
jac_rc_bnd_n160,nid005941,hex8,jac_action,atomic,atomic,sumfact,affine,0.000000e+00,72,0,160,4173281,4096000,16693124,0,0.0000,n/a,20,4.638835192e-02,359.8559,2825.5369,88.2980,75.0533,0,0,0,5.046148336219e+00,1,1.000000,1,n/a,exact,on,1,0,0,0,0,1.083060480e-02,0.233477,0.000,,,,,,,
jac_rc_bnd_n160,nid005941,hex8,jac_action,packed,packed,sumfact,affine,0.000000e+00,72,2048,160,4173281,4096000,16693124,0,0.0000,n/a,20,2.023720741e-02,824.8729,6476.7830,202.3995,172.0395,0,0,0,5.046148336219e+00,1,1.000000,1,n/a,exact,on,1,0,0,0,0,3.299302400e-03,0.163032,0.000,,,,,,,
jac_rc_n160,nid005941,hex8,jac_action,atomic,atomic,sumfact,affine,0.000000e+00,72,0,160,4173281,4096000,16693124,0,0.0000,n/a,20,5.333360434e-02,312.9945,2457.5875,76.7996,65.2797,0,0,0,-5.555626420603e-13,1,1.000000,0,n/a,exact,off,1,0,0,0,0,1.082574080e-02,0.202982,0.000,,,,,,,
jac_rc_n160,nid005941,hex8,jac_action,packed,packed,sumfact,affine,0.000000e+00,72,2048,160,4173281,4096000,16693124,0,0.0000,n/a,20,1.921973228e-02,868.5409,6819.6579,213.1143,181.1472,0,0,0,-5.547403831327e-13,1,1.000000,0,n/a,exact,off,1,0,0,0,0,3.222080000e-03,0.167644,0.000,,,,,,,
residual_rc_perapply_n160,nid005941,hex8,residual,atomic,atomic,sumfact,affine,0.000000e+00,72,0,160,4173281,4096000,16693124,0,0.0000,n/a,20,3.944917917e-02,423.1552,3322.5533,103.8298,78.2877,0,0,0,-7.449527377346e-14,1,1.000000,0,sumfact,on,off,0,1,0,0,0,,,0.000,,,,,,,
residual_rc_perapply_n160,nid005941,hex8,residual,packed,packed,sumfact,affine,0.000000e+00,72,2048,160,4173281,4096000,16693124,0,0.0000,n/a,20,1.429013014e-02,1168.1576,9172.2048,286.6314,216.1201,0,0,0,-7.066434026468e-14,1,1.000000,0,sumfact,on,off,0,1,0,0,0,,,0.000,,,,,,,
residual_rc_bnd_dt_n160,nid005941,hex8,residual,atomic,atomic,sumfact,affine,0.000000e+00,72,0,160,4173281,4096000,16693124,0,0.0000,n/a,20,3.171254396e-02,526.3887,4133.1279,129.1602,97.3868,0,0,0,6.759324573300e+00,1,1.000000,1,sumfact,on,on,0,0,0,0,1,,,0.000,,,,,,,
residual_rc_bnd_dt_n160,nid005941,hex8,residual,packed,packed,sumfact,affine,0.000000e+00,72,2048,160,4173281,4096000,16693124,0,0.0000,n/a,20,1.469509602e-02,1135.9656,8919.4381,278.7324,210.1643,0,0,0,6.759317416976e+00,1,1.000000,1,sumfact,on,on,0,0,0,0,1,,,0.000,,,,,,,
residual_rc_bnd_n160,nid005941,hex8,residual,atomic,atomic,sumfact,affine,0.000000e+00,72,0,160,4173281,4096000,16693124,0,0.0000,n/a,20,3.072475195e-02,543.3119,4266.0068,133.3127,100.5178,0,0,0,3.727500000000e+00,1,1.000000,1,sumfact,on,on,0,0,0,0,0,,,0.000,,,,,,,
residual_rc_bnd_n160,nid005941,hex8,residual,packed,packed,sumfact,affine,0.000000e+00,72,2048,160,4173281,4096000,16693124,0,0.0000,n/a,20,1.321583986e-02,1263.1149,9917.7957,309.9311,233.6881,0,0,0,3.727500000000e+00,1,1.000000,1,sumfact,on,on,0,0,0,0,0,,,0.000,,,,,,,
residual_rc_n160,nid005941,hex8,residual,atomic,atomic,sumfact,affine,0.000000e+00,72,0,160,4173281,4096000,16693124,0,0.0000,n/a,20,2.978366613e-02,560.4792,4400.8014,137.5250,103.6939,0,0,0,-7.449527377346e-14,1,1.000000,0,sumfact,on,off,0,0,0,0,0,,,0.000,,,,,,,
residual_rc_n160,nid005941,hex8,residual,packed,packed,sumfact,affine,0.000000e+00,72,2048,160,4173281,4096000,16693124,0,0.0000,n/a,20,1.229792833e-02,1357.3932,10658.0553,333.0642,251.1304,0,0,0,-7.066434026468e-14,1,1.000000,0,sumfact,on,off,0,0,0,0,0,,,0.000,,,,,,,
residual_current_n160,nid005941,hex8,residual,packed,packed,current,affine,0.000000e+00,72,2048,160,4173281,4096000,16693124,0,0.0000,n/a,20,8.641254902e-03,1931.7940,15168.1673,474.0052,357.3999,0,0,0,-6.568480297436e-14,0,0.000000,0,current,off,off,0,0,0,0,0,,,0.000,,,,,,,
residual_current_n160,nid005941,hex8,residual,atomic,atomic,current,affine,0.000000e+00,72,0,160,4173281,4096000,16693124,0,0.0000,n/a,20,2.028619051e-02,822.8812,6461.1441,201.9108,152.2407,0,0,0,-7.131918482433e-14,0,0.000000,0,current,off,off,0,0,0,0,0,,,0.000,,,,,,,
jac_bare_n160,nid005941,hex8,jac_action,atomic,atomic,sumfact,affine,0.000000e+00,72,0,160,4173281,4096000,16693124,0,0.0000,n/a,20,1.938877106e-02,860.9686,6760.2015,211.2563,179.5679,0,0,0,7.531967942138e-13,0,0.000000,0,n/a,off,off,0,0,0,0,0,,,0.000,,,,,,,
jac_bare_n160,nid005941,hex8,jac_action,packed,packed,sumfact,affine,0.000000e+00,72,2048,160,4173281,4096000,16693124,0,0.0000,n/a,20,8.882462978e-03,1879.3350,14756.2675,461.1334,391.9634,0,0,0,7.483083570110e-13,0,0.000000,0,n/a,off,off,0,0,0,0,0,,,0.000,,,,,,,
residual_bare_n160,nid005941,hex8,residual,atomic,atomic,sumfact,affine,0.000000e+00,72,0,160,4173281,4096000,16693124,0,0.0000,n/a,20,2.097325325e-02,795.9244,6249.4835,195.2964,147.2535,0,0,0,-7.557772766995e-14,0,0.000000,0,sumfact,off,off,0,0,0,0,0,,,0.000,,,,,,,
residual_bare_n160,nid005941,hex8,residual,packed,packed,sumfact,affine,0.000000e+00,72,2048,160,4173281,4096000,16693124,0,0.0000,n/a,20,6.543946266e-03,2550.9262,20029.5043,625.9220,471.9452,0,0,0,-6.926008161087e-14,0,0.000000,0,sumfact,off,off,0,0,0,0,0,,,0.000,,,,,,,
assemble_diag_n192,nid005941,hex8,assemble_diag,atomic,atomic,sumfact,affine,0.000000e+00,72,0,192,7189057,7077888,28756228,0,0.0000,n/a,20,2.556880355e-01,112.4661,885.8155,27.6817,20.8720,0,0,0,3.215019675301e+03,0,0.000000,0,n/a,off,off,0,0,0,0,0,,,0.000,,,,,,,
assemble_sympy_n192,nid005941,hex8,assemble,colored,colored,sympy,affine,0.000000e+00,72,4096,192,7189057,7077888,28756228,192100033,23449.7111,f64,20,2.977442741e-01,96.5803,760.6944,23.7717,54.7700,19,90,91,2.580736401329e-09,0,0.000000,0,sympy,off,off,0,0,0,0,0,,,0.000,,,,,,,
assemble_sympy_n192,nid005941,hex8,assemble,atomic,atomic,sympy,affine,0.000000e+00,72,0,192,7189057,7077888,28756228,192100033,23449.7111,f64,20,5.250808358e-01,54.7653,431.3477,13.4796,31.0570,0,0,0,2.579395400885e-09,0,0.000000,0,sympy,off,off,0,0,0,0,0,,,0.000,,,,,,,
assemble_n192,nid005941,hex8,assemble,store,store,sumfact,affine,0.000000e+00,72,4096,192,7189057,7077888,28756228,192100033,23449.7111,f64,20,3.855702996e-01,74.5810,587.4218,18.3569,42.2944,0,0,0,2.592910685214e-09,0,0.000000,0,sumfact,off,off,0,0,0,0,0,,,0.000,,,,,,,
assemble_n192,nid005941,hex8,assemble,colored,colored,sumfact,affine,0.000000e+00,72,4096,192,7189057,7077888,28756228,192100033,23449.7111,f64,20,2.765493035e-01,103.9823,818.9947,25.5936,58.9676,19,90,91,2.592891644889e-09,0,0.000000,0,sumfact,off,off,0,0,0,0,0,,,0.000,,,,,,,
assemble_n192,nid005941,hex8,assemble,atomic,atomic,sumfact,affine,0.000000e+00,72,0,192,7189057,7077888,28756228,192100033,23449.7111,f64,20,7.510532856e-01,38.2879,301.5664,9.4239,21.7128,0,0,0,2.591521534265e-09,0,0.000000,0,sumfact,off,off,0,0,0,0,0,,,0.000,,,,,,,
assemble_n192,nid005941,hex8,assemble,packed,packed,sumfact,affine,0.000000e+00,72,4096,192,7189057,7077888,28756228,192100033,23449.7111,f64,20,5.015672684e-01,57.3327,451.5694,14.1115,32.5130,0,0,0,2.592910685214e-09,0,0.000000,0,sumfact,off,off,0,0,0,0,0,,,0.000,,,,,,,
jac_rc_bnd_n192,nid005941,hex8,jac_action,atomic,atomic,sumfact,affine,0.000000e+00,72,0,192,7189057,7077888,28756228,0,0.0000,n/a,20,7.905304432e-02,363.7586,2865.0689,89.5334,76.1034,0,0,0,5.049173453743e+00,1,1.000000,1,n/a,exact,on,1,0,0,0,0,1.773404160e-02,0.224331,0.000,,,,,,,
jac_rc_bnd_n192,nid005941,hex8,jac_action,packed,packed,sumfact,affine,0.000000e+00,72,4096,192,7189057,7077888,28756228,0,0.0000,n/a,20,3.366856575e-02,854.0972,6727.1180,210.2224,178.6891,0,0,0,5.049173453743e+00,1,1.000000,1,n/a,exact,on,1,0,0,0,0,5.492480000e-03,0.163134,0.000,,,,,,,
jac_rc_n192,nid005941,hex8,jac_action,atomic,atomic,sumfact,affine,0.000000e+00,72,0,192,7189057,7077888,28756228,0,0.0000,n/a,20,7.762130499e-02,370.4682,2917.9156,91.1849,77.5071,0,0,0,-2.854811147950e-13,1,1.000000,0,n/a,exact,off,1,0,0,0,0,1.765095680e-02,0.227398,0.000,,,,,,,
jac_rc_n192,nid005941,hex8,jac_action,packed,packed,sumfact,affine,0.000000e+00,72,4096,192,7189057,7077888,28756228,0,0.0000,n/a,20,3.191792965e-02,900.9428,7096.0873,221.7527,188.4898,0,0,0,-3.003928248995e-13,1,1.000000,0,n/a,exact,off,1,0,0,0,0,5.466572800e-03,0.171270,0.000,,,,,,,
residual_rc_perapply_n192,nid005941,hex8,residual,atomic,atomic,sumfact,affine,0.000000e+00,72,0,192,7189057,7077888,28756228,0,0.0000,n/a,20,6.526725292e-02,440.5920,3470.2306,108.4447,81.7673,0,0,0,-1.622822969755e-14,1,1.000000,0,sumfact,on,off,0,1,0,0,0,,,0.000,,,,,,,
residual_rc_perapply_n192,nid005941,hex8,residual,packed,packed,sumfact,affine,0.000000e+00,72,4096,192,7189057,7077888,28756228,0,0.0000,n/a,20,2.414950132e-02,1190.7587,9378.7616,293.0863,220.9871,0,0,0,-2.161183558502e-14,1,1.000000,0,sumfact,on,off,0,1,0,0,0,,,0.000,,,,,,,
residual_rc_bnd_dt_n192,nid005941,hex8,residual,atomic,atomic,sumfact,affine,0.000000e+00,72,0,192,7189057,7077888,28756228,0,0.0000,n/a,20,5.385229588e-02,533.9833,4205.8080,131.4315,99.0994,0,0,0,6.759309506134e+00,1,1.000000,1,sumfact,on,on,0,0,0,0,1,,,0.000,,,,,,,
residual_rc_bnd_dt_n192,nid005941,hex8,residual,packed,packed,sumfact,affine,0.000000e+00,72,4096,192,7189057,7077888,28756228,0,0.0000,n/a,20,2.389576435e-02,1203.4027,9478.3499,296.1984,223.3336,0,0,0,6.759335709367e+00,1,1.000000,1,sumfact,on,on,0,0,0,0,1,,,0.000,,,,,,,
residual_rc_bnd_n192,nid005941,hex8,residual,atomic,atomic,sumfact,affine,0.000000e+00,72,0,192,7189057,7077888,28756228,0,0.0000,n/a,20,5.157254934e-02,557.5879,4391.7243,137.2414,103.4800,0,0,0,3.727500000000e+00,1,1.000000,1,sumfact,on,on,0,0,0,0,0,,,0.000,,,,,,,
residual_rc_bnd_n192,nid005941,hex8,residual,packed,packed,sumfact,affine,0.000000e+00,72,4096,192,7189057,7077888,28756228,0,0.0000,n/a,20,2.209211588e-02,1301.6511,10252.1831,320.3807,241.5671,0,0,0,3.727500000000e+00,1,1.000000,1,sumfact,on,on,0,0,0,0,0,,,0.000,,,,,,,
residual_rc_n192,nid005941,hex8,residual,atomic,atomic,sumfact,affine,0.000000e+00,72,0,192,7189057,7077888,28756228,0,0.0000,n/a,20,4.979541302e-02,577.4875,4548.4594,142.1394,107.1731,0,0,0,-1.622822969755e-14,1,1.000000,0,sumfact,on,off,0,0,0,0,0,,,0.000,,,,,,,
residual_rc_n192,nid005941,hex8,residual,packed,packed,sumfact,affine,0.000000e+00,72,4096,192,7189057,7077888,28756228,0,0.0000,n/a,20,2.155815363e-02,1333.8910,10506.1138,328.3161,247.5503,0,0,0,-2.161183558502e-14,1,1.000000,0,sumfact,on,off,0,0,0,0,0,,,0.000,,,,,,,
residual_current_n192,nid005941,hex8,residual,packed,packed,current,affine,0.000000e+00,72,4096,192,7189057,7077888,28756228,0,0.0000,n/a,20,1.345969439e-02,2136.4696,16827.4561,525.8580,396.4969,0,0,0,-2.561136253163e-14,0,0.000000,0,current,off,off,0,0,0,0,0,,,0.000,,,,,,,
residual_current_n192,nid005941,hex8,residual,atomic,atomic,current,affine,0.000000e+00,72,0,192,7189057,7077888,28756228,0,0.0000,n/a,20,3.408719301e-02,843.6080,6644.5018,207.6407,156.5611,0,0,0,-1.950513589619e-14,0,0.000000,0,current,off,off,0,0,0,0,0,,,0.000,,,,,,,
jac_bare_n192,nid005941,hex8,jac_action,atomic,atomic,sumfact,affine,0.000000e+00,72,0,192,7189057,7077888,28756228,0,0.0000,n/a,20,3.326225281e-02,864.5304,6809.2927,212.7904,180.8718,0,0,0,2.582123989452e-11,0,0.000000,0,n/a,off,off,0,0,0,0,0,,,0.000,,,,,,,
jac_bare_n192,nid005941,hex8,jac_action,packed,packed,sumfact,affine,0.000000e+00,72,4096,192,7189057,7077888,28756228,0,0.0000,n/a,20,1.486980915e-02,1933.8666,15231.6962,475.9905,404.5919,0,0,0,2.572335378558e-11,0,0.000000,0,n/a,off,off,0,0,0,0,0,,,0.000,,,,,,,
residual_bare_n192,nid005941,hex8,residual,atomic,atomic,sumfact,affine,0.000000e+00,72,0,192,7189057,7077888,28756228,0,0.0000,n/a,20,3.419455290e-02,840.9593,6623.6402,206.9888,156.0695,0,0,0,-1.625251582621e-14,0,0.000000,0,sumfact,off,off,0,0,0,0,0,,,0.000,,,,,,,
residual_bare_n192,nid005941,hex8,residual,packed,packed,sumfact,affine,0.000000e+00,72,4096,192,7189057,7077888,28756228,0,0.0000,n/a,20,1.104998589e-02,2602.3769,20497.0774,640.5337,482.9624,0,0,0,-2.338472297747e-14,0,0.000000,0,sumfact,off,off,0,0,0,0,0,,,0.000,,,,,,,
residual_bare_n64,nid005941,hex8,residual,packed,packed,sumfact,affine,0.000000e+00,72,128,64,274625,262144,1098500,0,0.0000,n/a,20,3.898024559e-04,2818.0941,21520.1517,672.5047,507.0686,0,0,0,-1.268690014156e-14,0,0.000000,0,sumfact,off,off,0,0,0,0,0,,,0.000,,,,,,,
residual_bare_n64,nid005941,hex8,residual,atomic,atomic,sumfact,affine,0.000000e+00,72,0,64,274625,262144,1098500,0,0.0000,n/a,20,1.361918449e-03,806.5828,6159.4055,192.4814,145.1310,0,0,0,-1.236760260176e-14,0,0.000000,0,sumfact,off,off,0,0,0,0,0,,,0.000,,,,,,,
jac_bare_n64,nid005941,hex8,jac_action,packed,packed,sumfact,affine,0.000000e+00,72,128,64,274625,262144,1098500,0,0.0000,n/a,20,5.315303802e-04,2066.6740,15781.9916,493.1872,419.2092,0,0,0,-1.151812315230e-12,0,0.000000,0,n/a,off,off,0,0,0,0,0,,,0.000,,,,,,,
jac_bare_n64,nid005941,hex8,jac_action,atomic,atomic,sumfact,affine,0.000000e+00,72,0,64,274625,262144,1098500,0,0.0000,n/a,20,1.424801350e-03,770.9847,5887.5632,183.9864,156.3884,0,0,0,-1.152298037804e-12,0,0.000000,0,n/a,off,off,0,0,0,0,0,,,0.000,,,,,,,
residual_current_n64,nid005941,hex8,residual,atomic,atomic,current,affine,0.000000e+00,72,0,64,274625,262144,1098500,0,0.0000,n/a,20,1.281738281e-03,857.0392,6544.7121,204.5223,154.2098,0,0,0,-1.240218865106e-14,0,0.000000,0,current,off,off,0,0,0,0,0,,,0.000,,,,,,,
residual_current_n64,nid005941,hex8,residual,packed,packed,current,affine,0.000000e+00,72,128,64,274625,262144,1098500,0,0.0000,n/a,20,5.054473877e-04,2173.3221,16596.4019,518.6376,391.0527,0,0,0,-1.272137777064e-14,0,0.000000,0,current,off,off,0,0,0,0,0,,,0.000,,,,,,,
residual_rc_n64,nid005941,hex8,residual,packed,packed,sumfact,affine,0.000000e+00,72,128,64,274625,262144,1098500,0,0.0000,n/a,20,7.280826569e-04,1508.7573,11521.5050,360.0470,271.4755,0,0,0,-1.271465571717e-14,1,1.000000,0,sumfact,on,off,0,0,0,0,0,,,0.000,,,,,,,
residual_rc_n64,nid005941,hex8,residual,atomic,atomic,sumfact,affine,0.000000e+00,72,0,64,274625,262144,1098500,0,0.0000,n/a,20,1.869845390e-03,587.4817,4486.2576,140.1955,105.7074,0,0,0,-1.283597794027e-14,1,1.000000,0,sumfact,on,off,0,0,0,0,0,,,0.000,,,,,,,
residual_rc_bnd_n64,nid005941,hex8,residual,packed,packed,sumfact,affine,0.000000e+00,72,128,64,274625,262144,1098500,0,0.0000,n/a,20,7.750272751e-04,1417.3695,10823.6294,338.2384,255.0318,0,0,0,3.727500000000e+00,1,1.000000,1,sumfact,on,on,0,0,0,0,0,,,0.000,,,,,,,
residual_rc_bnd_n64,nid005941,hex8,residual,atomic,atomic,sumfact,affine,0.000000e+00,72,0,64,274625,262144,1098500,0,0.0000,n/a,20,1.891016960e-03,580.9044,4436.0300,138.6259,104.5240,0,0,0,3.727500000000e+00,1,1.000000,1,sumfact,on,on,0,0,0,0,0,,,0.000,,,,,,,
residual_rc_bnd_dt_n64,nid005941,hex8,residual,packed,packed,sumfact,affine,0.000000e+00,72,128,64,274625,262144,1098500,0,0.0000,n/a,20,8.049845695e-04,1364.6224,10420.8308,325.6510,245.5408,0,0,0,6.759042994895e+00,1,1.000000,1,sumfact,on,on,0,0,0,0,1,,,0.000,,,,,,,
residual_rc_bnd_dt_n64,nid005941,hex8,residual,atomic,atomic,sumfact,affine,0.000000e+00,72,0,64,274625,262144,1098500,0,0.0000,n/a,20,1.955294609e-03,561.8079,4290.2016,134.0688,101.0879,0,0,0,6.759448953731e+00,1,1.000000,1,sumfact,on,on,0,0,0,0,1,,,0.000,,,,,,,
residual_rc_perapply_n64,nid005941,hex8,residual,packed,packed,sumfact,affine,0.000000e+00,72,128,64,274625,262144,1098500,0,0.0000,n/a,20,8.165478706e-04,1345.2977,10273.2593,321.0394,242.0637,0,0,0,-1.271465571717e-14,1,1.000000,0,sumfact,on,off,0,1,0,0,0,,,0.000,,,,,,,
residual_rc_perapply_n64,nid005941,hex8,residual,atomic,atomic,sumfact,affine,0.000000e+00,72,0,64,274625,262144,1098500,0,0.0000,n/a,20,2.484393120e-03,442.1603,3376.5220,105.5163,79.5593,0,0,0,-1.283597794027e-14,1,1.000000,0,sumfact,on,off,0,1,0,0,0,,,0.000,,,,,,,
jac_rc_n64,nid005941,hex8,jac_action,packed,packed,sumfact,affine,0.000000e+00,72,128,64,274625,262144,1098500,0,0.0000,n/a,20,9.800910950e-04,1120.8142,8559.0085,267.4690,227.3487,0,0,0,3.033959260039e-13,1,1.000000,0,n/a,exact,off,1,0,0,0,0,1.290112000e-04,0.131632,0.000,,,,,,,
jac_rc_n64,nid005941,hex8,jac_action,atomic,atomic,sumfact,affine,0.000000e+00,72,0,64,274625,262144,1098500,0,0.0000,n/a,20,3.003704548e-03,365.7151,2792.7540,87.2736,74.1825,0,0,0,3.026048920989e-13,1,1.000000,0,n/a,exact,off,1,0,0,0,0,7.864960000e-04,0.261842,0.000,,,,,,,
jac_rc_bnd_n64,nid005941,hex8,jac_action,packed,packed,sumfact,affine,0.000000e+00,72,128,64,274625,262144,1098500,0,0.0000,n/a,20,1.054549217e-03,1041.6773,7954.6861,248.5839,211.2963,0,0,0,5.047023127365e+00,1,1.000000,1,n/a,exact,on,1,0,0,0,0,1.289600000e-04,0.122289,0.000,,,,,,,
jac_rc_bnd_n64,nid005941,hex8,jac_action,atomic,atomic,sumfact,affine,0.000000e+00,72,0,64,274625,262144,1098500,0,0.0000,n/a,20,3.134822845e-03,350.4185,2675.9432,83.6232,71.0797,0,0,0,5.047023127365e+00,1,1.000000,1,n/a,exact,on,1,0,0,0,0,7.859840000e-04,0.250727,0.000,,,,,,,
assemble_n64,nid005941,hex8,assemble,packed,packed,sumfact,affine,0.000000e+00,72,128,64,274625,262144,1098500,7189057,877.5704,f64,20,1.268486977e-02,86.5992,661.3082,20.6659,47.6142,0,0,0,2.702547346339e-10,0,0.000000,0,sumfact,off,off,0,0,0,0,0,,,0.000,,,,,,,
assemble_n64,nid005941,hex8,assemble,atomic,atomic,sumfact,affine,0.000000e+00,72,0,64,274625,262144,1098500,7189057,877.5704,f64,20,2.894028425e-02,37.9575,289.8592,9.0581,20.8699,0,0,0,2.702932316173e-10,0,0.000000,0,sumfact,off,off,0,0,0,0,0,,,0.000,,,,,,,
assemble_n64,nid005941,hex8,assemble,colored,colored,sumfact,affine,0.000000e+00,72,128,64,274625,262144,1098500,7189057,877.5704,f64,20,1.145688295e-02,95.8812,732.1894,22.8809,52.7176,14,146,147,2.702547346339e-10,0,0.000000,0,sumfact,off,off,0,0,0,0,0,,,0.000,,,,,,,
assemble_n64,nid005941,hex8,assemble,store,store,sumfact,affine,0.000000e+00,72,128,64,274625,262144,1098500,7189057,877.5704,f64,20,9.124112129e-03,120.3953,919.3890,28.7309,66.1960,0,0,0,2.702547346339e-10,0,0.000000,0,sumfact,off,off,0,0,0,0,0,,,0.000,,,,,,,
assemble_sympy_n64,nid005941,hex8,assemble,atomic,atomic,sympy,affine,0.000000e+00,72,0,64,274625,262144,1098500,7189057,877.5704,f64,20,1.984783411e-02,55.3461,422.6460,13.2077,30.4305,0,0,0,2.702932318341e-10,0,0.000000,0,sympy,off,off,0,0,0,0,0,,,0.000,,,,,,,
assemble_sympy_n64,nid005941,hex8,assemble,colored,colored,sympy,affine,0.000000e+00,72,128,64,274625,262144,1098500,7189057,877.5704,f64,20,1.213990450e-02,90.4867,690.9946,21.5936,49.7516,14,146,147,2.702547348507e-10,0,0.000000,0,sympy,off,off,0,0,0,0,0,,,0.000,,,,,,,
assemble_diag_n64,nid005941,hex8,assemble_diag,atomic,atomic,sumfact,affine,0.000000e+00,72,0,64,274625,262144,1098500,0,0.0000,n/a,20,1.050617695e-02,104.5575,798.4453,24.9514,18.8134,0,0,0,5.801523603040e+02,0,0.000000,0,n/a,off,off,0,0,0,0,0,,,0.000,,,,,,,
spmv_f64_n64,nid005941,hex8,bsr_apply,packed,n/a,sumfact,affine,0.000000e+00,72,128,64,274625,262144,1098500,7189057,877.5704,f64,20,2.296519279e-03,478.3326,0.0000,0.0000,0.0000,0,0,0,-1.151445421215e-12,0,0.000000,0,n/a,off,off,0,0,0,0,0,,,0.000,,,,,,,
spmv_f32_n64,nid005941,hex8,bsr_apply,packed,n/a,sumfact,affine,0.000000e+00,72,128,64,274625,262144,1098500,7189057,438.7852,f32,20,1.000797749e-03,1097.6244,0.0000,0.0000,0.0000,0,0,0,1.266337291522e-05,0,0.000000,0,n/a,off,off,0,0,0,0,0,,,0.000,,,,,,,
residual_bare_n96,nid005941,hex8,residual,packed,packed,sumfact,affine,0.000000e+00,72,512,96,912673,884736,3650692,0,0.0000,n/a,20,1.284897327e-03,2841.2325,22034.0967,688.5655,519.1784,0,0,0,9.812539236015e-14,0,0.000000,0,sumfact,off,off,0,0,0,0,0,,,0.000,,,,,,,
residual_bare_n96,nid005941,hex8,residual,atomic,atomic,sumfact,affine,0.000000e+00,72,0,96,912673,884736,3650692,0,0.0000,n/a,20,4.418396950e-03,826.2481,6407.6524,200.2391,150.9803,0,0,0,9.779471069754e-14,0,0.000000,0,sumfact,off,off,0,0,0,0,0,,,0.000,,,,,,,
jac_bare_n96,nid005941,hex8,jac_action,packed,packed,sumfact,affine,0.000000e+00,72,512,96,912673,884736,3650692,0,0.0000,n/a,20,1.740396023e-03,2097.6214,16267.3045,508.3533,432.1003,0,0,0,-2.009048702682e-12,0,0.000000,0,n/a,off,off,0,0,0,0,0,,,0.000,,,,,,,
jac_bare_n96,nid005941,hex8,jac_action,atomic,atomic,sumfact,affine,0.000000e+00,72,0,96,912673,884736,3650692,0,0.0000,n/a,20,4.409933090e-03,827.8339,6419.9505,200.6235,170.5299,0,0,0,-1.951039549646e-12,0,0.000000,0,n/a,off,off,0,0,0,0,0,,,0.000,,,,,,,
residual_current_n96,nid005941,hex8,residual,atomic,atomic,current,affine,0.000000e+00,72,0,96,912673,884736,3650692,0,0.0000,n/a,20,4.265570641e-03,855.8508,6637.2250,207.4133,156.3896,0,0,0,1.028125609821e-13,0,0.000000,0,current,off,off,0,0,0,0,0,,,0.000,,,,,,,
residual_current_n96,nid005941,hex8,residual,packed,packed,current,affine,0.000000e+00,72,512,96,912673,884736,3650692,0,0.0000,n/a,20,1.648569107e-03,2214.4610,17173.4093,536.6690,404.6485,0,0,0,1.028819499212e-13,0,0.000000,0,current,off,off,0,0,0,0,0,,,0.000,,,,,,,
residual_rc_n96,nid005941,hex8,residual,packed,packed,sumfact,affine,0.000000e+00,72,512,96,912673,884736,3650692,0,0.0000,n/a,20,2.490985394e-03,1465.5614,11365.6034,355.1751,267.8020,0,0,0,1.001236853843e-13,1,1.000000,0,sumfact,on,off,0,0,0,0,0,,,0.000,,,,,,,
residual_rc_n96,nid005941,hex8,residual,atomic,atomic,sumfact,affine,0.000000e+00,72,0,96,912673,884736,3650692,0,0.0000,n/a,20,6.402564049e-03,570.1922,4421.9084,138.1846,104.1912,0,0,0,9.933444041280e-14,1,1.000000,0,sumfact,on,off,0,0,0,0,0,,,0.000,,,,,,,
residual_rc_bnd_n96,nid005941,hex8,residual,packed,packed,sumfact,affine,0.000000e+00,72,512,96,912673,884736,3650692,0,0.0000,n/a,20,2.867019176e-03,1273.3406,9874.9085,308.5909,232.6775,0,0,0,3.727500000000e+00,1,1.000000,1,sumfact,on,on,0,0,0,0,0,,,0.000,,,,,,,
residual_rc_bnd_n96,nid005941,hex8,residual,atomic,atomic,sumfact,affine,0.000000e+00,72,0,96,912673,884736,3650692,0,0.0000,n/a,20,6.426274776e-03,568.0884,4405.5931,137.6748,103.8068,0,0,0,3.727500000000e+00,1,1.000000,1,sumfact,on,on,0,0,0,0,0,,,0.000,,,,,,,
residual_rc_bnd_dt_n96,nid005941,hex8,residual,packed,packed,sumfact,affine,0.000000e+00,72,512,96,912673,884736,3650692,0,0.0000,n/a,20,2.915012836e-03,1252.3760,9712.3250,303.5102,228.8467,0,0,0,6.759195490287e+00,1,1.000000,1,sumfact,on,on,0,0,0,0,1,,,0.000,,,,,,,
residual_rc_bnd_dt_n96,nid005941,hex8,residual,atomic,atomic,sumfact,affine,0.000000e+00,72,0,96,912673,884736,3650692,0,0.0000,n/a,20,6.539213657e-03,558.2769,4329.5040,135.2970,102.0139,0,0,0,6.759287405709e+00,1,1.000000,1,sumfact,on,on,0,0,0,0,1,,,0.000,,,,,,,
residual_rc_perapply_n96,nid005941,hex8,residual,packed,packed,sumfact,affine,0.000000e+00,72,512,96,912673,884736,3650692,0,0.0000,n/a,20,2.883803844e-03,1265.9294,9817.4333,306.7948,231.3233,0,0,0,1.001236853843e-13,1,1.000000,0,sumfact,on,off,0,1,0,0,0,,,0.000,,,,,,,
residual_rc_perapply_n96,nid005941,hex8,residual,atomic,atomic,sumfact,affine,0.000000e+00,72,0,96,912673,884736,3650692,0,0.0000,n/a,20,8.247923851e-03,442.6195,3432.5671,107.2677,80.8799,0,0,0,9.933444041280e-14,1,1.000000,0,sumfact,on,off,0,1,0,0,0,,,0.000,,,,,,,
jac_rc_n96,nid005941,hex8,jac_action,packed,packed,sumfact,affine,0.000000e+00,72,512,96,912673,884736,3650692,0,0.0000,n/a,20,3.859913349e-03,945.7964,7334.7636,229.2114,194.8297,0,0,0,2.763892901440e-13,1,1.000000,0,n/a,exact,off,1,0,0,0,0,6.398080000e-04,0.165757,0.000,,,,,,,
jac_rc_n96,nid005941,hex8,jac_action,atomic,atomic,sumfact,affine,0.000000e+00,72,0,96,912673,884736,3650692,0,0.0000,n/a,20,9.981000423e-03,365.7641,2836.5445,88.6420,75.3457,0,0,0,2.849310685397e-13,1,1.000000,0,n/a,exact,off,1,0,0,0,0,2.349696000e-03,0.235417,0.000,,,,,,,
jac_rc_bnd_n96,nid005941,hex8,jac_action,packed,packed,sumfact,affine,0.000000e+00,72,512,96,912673,884736,3650692,0,0.0000,n/a,20,4.127013683e-03,884.5844,6860.0577,214.3768,182.2203,0,0,0,5.047058237368e+00,1,1.000000,1,n/a,exact,on,1,0,0,0,0,6.554368000e-04,0.158816,0.000,,,,,,,
jac_rc_bnd_n96,nid005941,hex8,jac_action,atomic,atomic,sumfact,affine,0.000000e+00,72,0,96,912673,884736,3650692,0,0.0000,n/a,20,1.024930477e-02,356.1892,2762.2900,86.3216,73.3733,0,0,0,5.047058237368e+00,1,1.000000,1,n/a,exact,on,1,0,0,0,0,2.378572800e-03,0.232072,0.000,,,,,,,
assemble_n96,nid005941,hex8,assemble,packed,packed,sumfact,affine,0.000000e+00,72,512,96,912673,884736,3650692,24137569,2946.4806,f64,20,5.988706350e-02,60.9596,472.7490,14.7734,34.0379,0,0,0,7.386596588159e-11,0,0.000000,0,sumfact,off,off,0,0,0,0,0,,,0.000,,,,,,,
assemble_n96,nid005941,hex8,assemble,atomic,atomic,sumfact,affine,0.000000e+00,72,0,96,912673,884736,3650692,24137569,2946.4806,f64,20,9.613957405e-02,37.9728,294.4839,9.2026,21.2028,0,0,0,7.342422201788e-11,0,0.000000,0,sumfact,off,off,0,0,0,0,0,,,0.000,,,,,,,
assemble_n96,nid005941,hex8,assemble,colored,colored,sumfact,affine,0.000000e+00,72,512,96,912673,884736,3650692,24137569,2946.4806,f64,20,3.792285919e-02,96.2663,746.5564,23.3299,53.7521,19,90,91,7.389472065792e-11,0,0.000000,0,sumfact,off,off,0,0,0,0,0,,,0.000,,,,,,,
assemble_n96,nid005941,hex8,assemble,store,store,sumfact,affine,0.000000e+00,72,512,96,912673,884736,3650692,24137569,2946.4806,f64,20,4.208791256e-02,86.7397,672.6766,21.0211,48.4327,0,0,0,7.386596588159e-11,0,0.000000,0,sumfact,off,off,0,0,0,0,0,,,0.000,,,,,,,
assemble_sympy_n96,nid005941,hex8,assemble,atomic,atomic,sympy,affine,0.000000e+00,72,0,96,912673,884736,3650692,24137569,2946.4806,f64,20,6.595653296e-02,55.3500,429.2456,13.4139,30.9057,0,0,0,6.578006241380e-11,0,0.000000,0,sympy,off,off,0,0,0,0,0,,,0.000,,,,,,,
assemble_sympy_n96,nid005941,hex8,assemble,colored,colored,sympy,affine,0.000000e+00,72,512,96,912673,884736,3650692,24137569,2946.4806,f64,20,4.032161236e-02,90.5393,702.1434,21.9420,50.5543,19,90,91,6.632765216512e-11,0,0.000000,0,sympy,off,off,0,0,0,0,0,,,0.000,,,,,,,
assemble_diag_n96,nid005941,hex8,assemble_diag,atomic,atomic,sumfact,affine,0.000000e+00,72,0,96,912673,884736,3650692,0,0.0000,n/a,20,3.310130835e-02,110.2885,855.3001,26.7281,20.1530,0,0,0,1.054549351220e+03,0,0.000000,0,n/a,off,off,0,0,0,0,0,,,0.000,,,,,,,
spmv_f64_n96,nid005941,hex8,bsr_apply,packed,n/a,sumfact,affine,0.000000e+00,72,512,96,912673,884736,3650692,24137569,2946.4806,f64,20,8.291399479e-03,440.2987,0.0000,0.0000,0.0000,0,0,0,-2.227890574390e-12,0,0.000000,0,n/a,off,off,0,0,0,0,0,,,0.000,,,,,,,
spmv_f32_n96,nid005941,hex8,bsr_apply,packed,n/a,sumfact,affine,0.000000e+00,72,512,96,912673,884736,3650692,24137569,1473.2403,f32,20,4.111087322e-03,888.0113,0.0000,0.0000,0.0000,0,0,0,-1.159811748818e-06,0,0.000000,0,n/a,off,off,0,0,0,0,0,,,0.000,,,,,,,
residual_bare_n128,nid005941,hex8,residual,packed,packed,sumfact,affine,0.000000e+00,72,1024,128,2146689,2097152,8586756,0,0.0000,n/a,20,3.297197819e-03,2604.2587,20353.3023,636.0407,479.5747,0,0,0,1.366603228151e-13,0,0.000000,0,sumfact,off,off,0,0,0,0,0,,,0.000,,,,,,,
residual_bare_n128,nid005941,hex8,residual,atomic,atomic,sumfact,affine,0.000000e+00,72,0,128,2146689,2097152,8586756,0,0.0000,n/a,20,1.016030312e-02,845.1279,6605.0061,206.4064,155.6305,0,0,0,1.381383614267e-13,0,0.000000,0,sumfact,off,off,0,0,0,0,0,,,0.000,,,,,,,
jac_bare_n128,nid005941,hex8,jac_action,packed,packed,sumfact,affine,0.000000e+00,72,1024,128,2146689,2097152,8586756,0,0.0000,n/a,20,4.357314110e-03,1970.6534,15401.4290,481.2947,409.1005,0,0,0,-2.268767828771e-12,0,0.000000,0,n/a,off,off,0,0,0,0,0,,,0.000,,,,,,,
jac_bare_n128,nid005941,hex8,jac_action,atomic,atomic,sumfact,affine,0.000000e+00,72,0,128,2146689,2097152,8586756,0,0.0000,n/a,20,9.976744652e-03,860.6771,6726.5292,210.2040,178.6734,0,0,0,-2.268920891012e-12,0,0.000000,0,n/a,off,off,0,0,0,0,0,,,0.000,,,,,,,
residual_current_n128,nid005941,hex8,residual,atomic,atomic,current,affine,0.000000e+00,72,0,128,2146689,2097152,8586756,0,0.0000,n/a,20,9.850394726e-03,871.7169,6812.8096,212.9003,160.5268,0,0,0,1.381248631097e-13,0,0.000000,0,current,off,off,0,0,0,0,0,,,0.000,,,,,,,
residual_current_n128,nid005941,hex8,residual,packed,packed,current,affine,0.000000e+00,72,1024,128,2146689,2097152,8586756,0,0.0000,n/a,20,4.258286953e-03,2016.4813,15759.5918,492.4872,371.3354,0,0,0,1.366330009203e-13,0,0.000000,0,current,off,off,0,0,0,0,0,,,0.000,,,,,,,
residual_rc_n128,nid005941,hex8,residual,packed,packed,sumfact,affine,0.000000e+00,72,1024,128,2146689,2097152,8586756,0,0.0000,n/a,20,6.047832966e-03,1419.8071,11096.3488,346.7609,261.4577,0,0,0,1.366585880916e-13,1,1.000000,0,sumfact,on,off,0,0,0,0,0,,,0.000,,,,,,,
residual_rc_n128,nid005941,hex8,residual,atomic,atomic,sumfact,affine,0.000000e+00,72,0,128,2146689,2097152,8586756,0,0.0000,n/a,20,1.462817192e-02,587.0013,4587.6453,143.3639,108.0964,0,0,0,1.381366267032e-13,1,1.000000,0,sumfact,on,off,0,0,0,0,0,,,0.000,,,,,,,
residual_rc_bnd_n128,nid005941,hex8,residual,packed,packed,sumfact,affine,0.000000e+00,72,1024,128,2146689,2097152,8586756,0,0.0000,n/a,20,6.731021404e-03,1275.6988,9970.0863,311.5652,234.9202,0,0,0,3.727500000000e+00,1,1.000000,1,sumfact,on,on,0,0,0,0,0,,,0.000,,,,,,,
residual_rc_bnd_n128,nid005941,hex8,residual,atomic,atomic,sumfact,affine,0.000000e+00,72,0,128,2146689,2097152,8586756,0,0.0000,n/a,20,1.491526365e-02,575.7026,4499.3415,140.6044,106.0157,0,0,0,3.727500000000e+00,1,1.000000,1,sumfact,on,on,0,0,0,0,0,,,0.000,,,,,,,
residual_rc_bnd_dt_n128,nid005941,hex8,residual,packed,packed,sumfact,affine,0.000000e+00,72,1024,128,2146689,2097152,8586756,0,0.0000,n/a,20,7.125449181e-03,1205.0828,9418.1942,294.3186,221.9162,0,0,0,6.759412313613e+00,1,1.000000,1,sumfact,on,on,0,0,0,0,1,,,0.000,,,,,,,
residual_rc_bnd_dt_n128,nid005941,hex8,residual,atomic,atomic,sumfact,affine,0.000000e+00,72,0,128,2146689,2097152,8586756,0,0.0000,n/a,20,1.544466019e-02,555.9692,4345.1175,135.7849,102.3818,0,0,0,6.759329548060e+00,1,1.000000,1,sumfact,on,on,0,0,0,0,1,,,0.000,,,,,,,
residual_rc_perapply_n128,nid005941,hex8,residual,packed,packed,sumfact,affine,0.000000e+00,72,1024,128,2146689,2097152,8586756,0,0.0000,n/a,20,7.134199142e-03,1203.6048,9406.6429,293.9576,221.6440,0,0,0,1.366585880916e-13,1,1.000000,0,sumfact,on,off,0,1,0,0,0,,,0.000,,,,,,,
residual_rc_perapply_n128,nid005941,hex8,residual,atomic,atomic,sumfact,affine,0.000000e+00,72,0,128,2146689,2097152,8586756,0,0.0000,n/a,20,1.915365458e-02,448.3090,3503.7107,109.4910,82.5562,0,0,0,1.381366267032e-13,1,1.000000,0,sumfact,on,off,0,1,0,0,0,,,0.000,,,,,,,
jac_rc_n128,nid005941,hex8,jac_action,packed,packed,sumfact,affine,0.000000e+00,72,1024,128,2146689,2097152,8586756,0,0.0000,n/a,20,9.909319878e-03,866.5333,6772.2977,211.6343,179.8892,0,0,0,-3.069362255678e-13,1,1.000000,0,n/a,exact,off,1,0,0,0,0,1.672960000e-03,0.168827,0.000,,,,,,,
jac_rc_n128,nid005941,hex8,jac_action,atomic,atomic,sumfact,affine,0.000000e+00,72,0,128,2146689,2097152,8586756,0,0.0000,n/a,20,2.264034748e-02,379.2679,2964.1269,92.6290,78.7346,0,0,0,-3.103779169442e-13,1,1.000000,0,n/a,exact,off,1,0,0,0,0,5.367718400e-03,0.237086,0.000,,,,,,,
jac_rc_bnd_n128,nid005941,hex8,jac_action,packed,packed,sumfact,affine,0.000000e+00,72,1024,128,2146689,2097152,8586756,0,0.0000,n/a,20,1.051380634e-02,816.7124,6382.9275,199.4665,169.5465,0,0,0,5.048053297186e+00,1,1.000000,1,n/a,exact,on,1,0,0,0,0,1.651724800e-03,0.157101,0.000,,,,,,,
jac_rc_bnd_n128,nid005941,hex8,jac_action,atomic,atomic,sumfact,affine,0.000000e+00,72,0,128,2146689,2097152,8586756,0,0.0000,n/a,20,2.317818403e-02,370.4672,2895.3461,90.4796,76.9076,0,0,0,5.048053297186e+00,1,1.000000,1,n/a,exact,on,1,0,0,0,0,5.328716800e-03,0.229902,0.000,,,,,,,
assemble_n128,nid005941,hex8,assemble,packed,packed,sumfact,affine,0.000000e+00,72,1024,128,2146689,2097152,8586756,57066625,6966.1407,f64,20,1.491695046e-01,57.5637,449.8833,14.0589,32.3916,0,0,0,-3.076235482948e-08,0,0.000000,0,sumfact,off,off,0,0,0,0,0,,,0.000,,,,,,,
assemble_n128,nid005941,hex8,assemble,atomic,atomic,sumfact,affine,0.000000e+00,72,0,128,2146689,2097152,8586756,57066625,6966.1407,f64,20,2.235026479e-01,38.4190,300.2598,9.3831,21.6187,0,0,0,-3.076550014682e-08,0,0.000000,0,sumfact,off,off,0,0,0,0,0,,,0.000,,,,,,,
assemble_n128,nid005941,hex8,assemble,colored,colored,sumfact,affine,0.000000e+00,72,1024,128,2146689,2097152,8586756,57066625,6966.1407,f64,20,8.274505138e-02,103.7736,811.0318,25.3447,58.3943,14,146,147,-3.076235482948e-08,0,0.000000,0,sumfact,off,off,0,0,0,0,0,,,0.000,,,,,,,
assemble_n128,nid005941,hex8,assemble,store,store,sumfact,affine,0.000000e+00,72,1024,128,2146689,2097152,8586756,57066625,6966.1407,f64,20,1.071832418e-01,80.1129,626.1134,19.5660,45.0802,0,0,0,-3.076235482948e-08,0,0.000000,0,sumfact,off,off,0,0,0,0,0,,,0.000,,,,,,,
assemble_sympy_n128,nid005941,hex8,assemble,atomic,atomic,sympy,affine,0.000000e+00,72,0,128,2146689,2097152,8586756,57066625,6966.1407,f64,20,1.568411469e-01,54.7481,427.8779,13.3712,30.8072,0,0,0,-3.076550013728e-08,0,0.000000,0,sympy,off,off,0,0,0,0,0,,,0.000,,,,,,,
assemble_sympy_n128,nid005941,hex8,assemble,colored,colored,sympy,affine,0.000000e+00,72,1024,128,2146689,2097152,8586756,57066625,6966.1407,f64,20,8.703300953e-02,98.6609,771.0737,24.0961,55.5173,14,146,147,-3.076235482687e-08,0,0.000000,0,sympy,off,off,0,0,0,0,0,,,0.000,,,,,,,
assemble_diag_n128,nid005941,hex8,assemble_diag,atomic,atomic,sumfact,affine,0.000000e+00,72,0,128,2146689,2097152,8586756,0,0.0000,n/a,20,7.680770159e-02,111.7955,873.7257,27.3039,20.5872,0,0,0,1.651826180067e+03,0,0.000000,0,n/a,off,off,0,0,0,0,0,,,0.000,,,,,,,
spmv_f64_n128,nid005941,hex8,bsr_apply,packed,n/a,sumfact,affine,0.000000e+00,72,1024,128,2146689,2097152,8586756,57066625,6966.1407,f64,20,1.918147802e-02,447.6587,0.0000,0.0000,0.0000,0,0,0,-2.271657308876e-12,0,0.000000,0,n/a,off,off,0,0,0,0,0,,,0.000,,,,,,,
spmv_f32_n128,nid005941,hex8,bsr_apply,packed,n/a,sumfact,affine,0.000000e+00,72,1024,128,2146689,2097152,8586756,57066625,3483.0704,f32,20,1.030744314e-02,833.0636,0.0000,0.0000,0.0000,0,0,0,4.661746579456e-05,0,0.000000,0,n/a,off,off,0,0,0,0,0,,,0.000,,,,,,,
residual_bare_n160,nid005941,hex8,residual,packed,packed,sumfact,affine,0.000000e+00,72,2048,160,4173281,4096000,16693124,0,0.0000,n/a,20,6.570994854e-03,2540.4257,19947.0556,623.3455,470.0025,0,0,0,-6.926008161087e-14,0,0.000000,0,sumfact,off,off,0,0,0,0,0,,,0.000,,,,,,,
residual_bare_n160,nid005941,hex8,residual,atomic,atomic,sumfact,affine,0.000000e+00,72,0,160,4173281,4096000,16693124,0,0.0000,n/a,20,2.073326111e-02,805.1374,6321.8227,197.5570,148.9579,0,0,0,-7.557772766995e-14,0,0.000000,0,sumfact,off,off,0,0,0,0,0,,,0.000,,,,,,,
jac_bare_n160,nid005941,hex8,jac_action,packed,packed,sumfact,affine,0.000000e+00,72,2048,160,4173281,4096000,16693124,0,0.0000,n/a,20,8.834850788e-03,1889.4630,14835.7910,463.6185,394.0757,0,0,0,7.483083570110e-13,0,0.000000,0,n/a,off,off,0,0,0,0,0,,,0.000,,,,,,,
jac_bare_n160,nid005941,hex8,jac_action,atomic,atomic,sumfact,affine,0.000000e+00,72,0,160,4173281,4096000,16693124,0,0.0000,n/a,20,1.926010847e-02,866.7201,6805.3615,212.6675,180.7674,0,0,0,7.531967942138e-13,0,0.000000,0,n/a,off,off,0,0,0,0,0,,,0.000,,,,,,,
residual_current_n160,nid005941,hex8,residual,atomic,atomic,current,affine,0.000000e+00,72,0,160,4173281,4096000,16693124,0,0.0000,n/a,20,2.086327076e-02,800.1202,6282.4282,196.3259,148.0297,0,0,0,-7.131918482433e-14,0,0.000000,0,current,off,off,0,0,0,0,0,,,0.000,,,,,,,
residual_current_n160,nid005941,hex8,residual,packed,packed,current,affine,0.000000e+00,72,2048,160,4173281,4096000,16693124,0,0.0000,n/a,20,7.930397987e-03,2104.9541,16527.7960,516.4936,389.4362,0,0,0,-6.568480297436e-14,0,0.000000,0,current,off,off,0,0,0,0,0,,,0.000,,,,,,,
residual_rc_n160,nid005941,hex8,residual,packed,packed,sumfact,affine,0.000000e+00,72,2048,160,4173281,4096000,16693124,0,0.0000,n/a,20,1.249603033e-02,1335.8742,10489.0911,327.7841,247.1492,0,0,0,-7.066434026468e-14,1,1.000000,0,sumfact,on,off,0,0,0,0,0,,,0.000,,,,,,,
residual_rc_n160,nid005941,hex8,residual,atomic,atomic,sumfact,affine,0.000000e+00,72,0,160,4173281,4096000,16693124,0,0.0000,n/a,20,2.989400625e-02,558.4104,4384.5579,137.0174,103.3111,0,0,0,-7.449527377346e-14,1,1.000000,0,sumfact,on,off,0,0,0,0,0,,,0.000,,,,,,,
residual_rc_bnd_n160,nid005941,hex8,residual,packed,packed,sumfact,affine,0.000000e+00,72,2048,160,4173281,4096000,16693124,0,0.0000,n/a,20,1.319499016e-02,1265.1108,9933.4671,310.4208,234.0573,0,0,0,3.727500000000e+00,1,1.000000,1,sumfact,on,on,0,0,0,0,0,,,0.000,,,,,,,
residual_rc_bnd_n160,nid005941,hex8,residual,atomic,atomic,sumfact,affine,0.000000e+00,72,0,160,4173281,4096000,16693124,0,0.0000,n/a,20,3.045923710e-02,548.0480,4303.1938,134.4748,101.3940,0,0,0,3.727500000000e+00,1,1.000000,1,sumfact,on,on,0,0,0,0,0,,,0.000,,,,,,,
residual_rc_bnd_dt_n160,nid005941,hex8,residual,packed,packed,sumfact,affine,0.000000e+00,72,2048,160,4173281,4096000,16693124,0,0.0000,n/a,20,1.436026096e-02,1162.4527,9127.4107,285.2316,215.0646,0,0,0,6.759317416976e+00,1,1.000000,1,sumfact,on,on,0,0,0,0,1,,,0.000,,,,,,,
residual_rc_bnd_dt_n160,nid005941,hex8,residual,atomic,atomic,sumfact,affine,0.000000e+00,72,0,160,4173281,4096000,16693124,0,0.0000,n/a,20,3.153979778e-02,529.2718,4155.7654,129.8677,97.9202,0,0,0,6.759324573300e+00,1,1.000000,1,sumfact,on,on,0,0,0,0,1,,,0.000,,,,,,,
residual_rc_perapply_n160,nid005941,hex8,residual,packed,packed,sumfact,affine,0.000000e+00,72,2048,160,4173281,4096000,16693124,0,0.0000,n/a,20,1.429903507e-02,1167.4301,9166.4927,286.4529,215.9855,0,0,0,-7.066434026468e-14,1,1.000000,0,sumfact,on,off,0,1,0,0,0,,,0.000,,,,,,,
residual_rc_perapply_n160,nid005941,hex8,residual,atomic,atomic,sumfact,affine,0.000000e+00,72,0,160,4173281,4096000,16693124,0,0.0000,n/a,20,3.933653831e-02,424.3669,3332.0675,104.1271,78.5118,0,0,0,-7.449527377346e-14,1,1.000000,0,sumfact,on,off,0,1,0,0,0,,,0.000,,,,,,,
jac_rc_n160,nid005941,hex8,jac_action,packed,packed,sumfact,affine,0.000000e+00,72,2048,160,4173281,4096000,16693124,0,0.0000,n/a,20,1.987600327e-02,839.8632,6594.4847,206.0776,175.1660,0,0,0,-5.547403831327e-13,1,1.000000,0,n/a,exact,off,1,0,0,0,0,3.458086400e-03,0.173983,0.000,,,,,,,
jac_rc_n160,nid005941,hex8,jac_action,atomic,atomic,sumfact,affine,0.000000e+00,72,0,160,4173281,4096000,16693124,0,0.0000,n/a,20,4.578973055e-02,364.5604,2862.4759,89.4524,76.0345,0,0,0,-5.555626420603e-13,1,1.000000,0,n/a,exact,off,1,0,0,0,0,1.144542720e-02,0.249956,0.000,,,,,,,
jac_rc_bnd_n160,nid005941,hex8,jac_action,packed,packed,sumfact,affine,0.000000e+00,72,2048,160,4173281,4096000,16693124,0,0.0000,n/a,20,2.047778368e-02,815.1822,6400.6927,200.0216,170.0184,0,0,0,5.046148336219e+00,1,1.000000,1,n/a,exact,on,1,0,0,0,0,3.263782400e-03,0.159382,0.000,,,,,,,
jac_rc_bnd_n160,nid005941,hex8,jac_action,atomic,atomic,sumfact,affine,0.000000e+00,72,0,160,4173281,4096000,16693124,0,0.0000,n/a,20,4.640352726e-02,359.7383,2824.6129,88.2692,75.0288,0,0,0,5.046148336219e+00,1,1.000000,1,n/a,exact,on,1,0,0,0,0,1.081786880e-02,0.233126,0.000,,,,,,,
assemble_n160,nid005941,hex8,assemble,packed,packed,sumfact,affine,0.000000e+00,72,2048,160,4173281,4096000,16693124,111284641,13584.5509,f64,20,2.969496012e-01,56.2153,441.3948,13.7936,31.7804,0,0,0,1.165429404451e-08,0,0.000000,0,sumfact,off,off,0,0,0,0,0,,,0.000,,,,,,,
assemble_n160,nid005941,hex8,assemble,atomic,atomic,sumfact,affine,0.000000e+00,72,0,160,4173281,4096000,16693124,111284641,13584.5509,f64,20,4.362114668e-01,38.2684,300.4781,9.3899,21.6344,0,0,0,1.164916721901e-08,0,0.000000,0,sumfact,off,off,0,0,0,0,0,,,0.000,,,,,,,
assemble_n160,nid005941,hex8,assemble,colored,colored,sumfact,affine,0.000000e+00,72,2048,160,4173281,4096000,16693124,111284641,13584.5509,f64,20,1.580380201e-01,105.6273,829.3700,25.9178,59.7146,20,99,101,1.165426806529e-08,0,0.000000,0,sumfact,off,off,0,0,0,0,0,,,0.000,,,,,,,
assemble_n160,nid005941,hex8,assemble,store,store,sumfact,affine,0.000000e+00,72,2048,160,4173281,4096000,16693124,111284641,13584.5509,f64,20,2.313342929e-01,72.1602,566.5913,17.7060,40.7946,0,0,0,1.165429404451e-08,0,0.000000,0,sumfact,off,off,0,0,0,0,0,,,0.000,,,,,,,
assemble_sympy_n160,nid005941,hex8,assemble,atomic,atomic,sympy,affine,0.000000e+00,72,0,160,4173281,4096000,16693124,111284641,13584.5509,f64,20,3.051362872e-01,54.7071,429.5523,13.4235,30.9278,0,0,0,1.167343591505e-08,0,0.000000,0,sympy,off,off,0,0,0,0,0,,,0.000,,,,,,,
assemble_sympy_n160,nid005941,hex8,assemble,colored,colored,sympy,affine,0.000000e+00,72,2048,160,4173281,4096000,16693124,111284641,13584.5509,f64,20,1.672397614e-01,99.8155,783.7371,24.4918,56.4291,20,99,101,1.168506756832e-08,0,0.000000,0,sympy,off,off,0,0,0,0,0,,,0.000,,,,,,,
assemble_diag_n160,nid005941,hex8,assemble_diag,atomic,atomic,sumfact,affine,0.000000e+00,72,0,160,4173281,4096000,16693124,0,0.0000,n/a,20,1.485642076e-01,112.3630,882.2583,27.5706,20.7882,0,0,0,2.371982944015e+03,0,0.000000,0,n/a,off,off,0,0,0,0,0,,,0.000,,,,,,,
spmv_f64_n160,nid005941,hex8,bsr_apply,packed,n/a,sumfact,affine,0.000000e+00,72,2048,160,4173281,4096000,16693124,111284641,13584.5509,f64,20,3.750396967e-02,445.1029,0.0000,0.0000,0.0000,0,0,0,7.157881465282e-13,0,0.000000,0,n/a,off,off,0,0,0,0,0,,,0.000,,,,,,,
spmv_f32_n160,nid005941,hex8,bsr_apply,packed,n/a,sumfact,affine,0.000000e+00,72,2048,160,4173281,4096000,16693124,111284641,6792.2755,f32,20,2.424690723e-02,688.4641,0.0000,0.0000,0.0000,0,0,0,4.118532892879e-05,0,0.000000,0,n/a,off,off,0,0,0,0,0,,,0.000,,,,,,,
residual_bare_n192,nid005941,hex8,residual,packed,packed,sumfact,affine,0.000000e+00,72,4096,192,7189057,7077888,28756228,0,0.0000,n/a,20,1.110621691e-02,2589.2010,20393.3002,637.2906,480.5171,0,0,0,-2.338472297747e-14,0,0.000000,0,sumfact,off,off,0,0,0,0,0,,,0.000,,,,,,,
residual_bare_n192,nid005941,hex8,residual,atomic,atomic,sumfact,affine,0.000000e+00,72,0,192,7189057,7077888,28756228,0,0.0000,n/a,20,3.429285288e-02,838.5487,6604.6537,206.3954,155.6222,0,0,0,-1.625251582621e-14,0,0.000000,0,sumfact,off,off,0,0,0,0,0,,,0.000,,,,,,,
jac_bare_n192,nid005941,hex8,jac_action,packed,packed,sumfact,affine,0.000000e+00,72,4096,192,7189057,7077888,28756228,0,0.0000,n/a,20,1.479409933e-02,1943.7633,15309.6455,478.4264,406.6625,0,0,0,2.572335378558e-11,0,0.000000,0,n/a,off,off,0,0,0,0,0,,,0.000,,,,,,,
jac_bare_n192,nid005941,hex8,jac_action,atomic,atomic,sumfact,affine,0.000000e+00,72,0,192,7189057,7077888,28756228,0,0.0000,n/a,20,3.293519020e-02,873.1156,6876.9123,214.9035,182.6680,0,0,0,2.582123989452e-11,0,0.000000,0,n/a,off,off,0,0,0,0,0,,,0.000,,,,,,,
residual_current_n192,nid005941,hex8,residual,atomic,atomic,current,affine,0.000000e+00,72,0,192,7189057,7077888,28756228,0,0.0000,n/a,20,3.356282711e-02,856.7880,6748.3116,210.8847,159.0071,0,0,0,-1.950513589619e-14,0,0.000000,0,current,off,off,0,0,0,0,0,,,0.000,,,,,,,
residual_current_n192,nid005941,hex8,residual,packed,packed,current,affine,0.000000e+00,72,4096,192,7189057,7077888,28756228,0,0.0000,n/a,20,1.354540586e-02,2122.9506,16720.9767,522.5305,393.9880,0,0,0,-2.561136253163e-14,0,0.000000,0,current,off,off,0,0,0,0,0,,,0.000,,,,,,,
residual_rc_n192,nid005941,hex8,residual,packed,packed,sumfact,affine,0.000000e+00,72,4096,192,7189057,7077888,28756228,0,0.0000,n/a,20,2.079799175e-02,1382.6445,10890.1099,340.3159,256.5982,0,0,0,-2.161183558502e-14,1,1.000000,0,sumfact,on,off,0,0,0,0,0,,,0.000,,,,,,,
residual_rc_n192,nid005941,hex8,residual,atomic,atomic,sumfact,affine,0.000000e+00,72,0,192,7189057,7077888,28756228,0,0.0000,n/a,20,5.103957653e-02,563.4104,4437.5842,138.6745,104.5606,0,0,0,-1.622822969755e-14,1,1.000000,0,sumfact,on,off,0,0,0,0,0,,,0.000,,,,,,,
residual_rc_bnd_n192,nid005941,hex8,residual,packed,packed,sumfact,affine,0.000000e+00,72,4096,192,7189057,7077888,28756228,0,0.0000,n/a,20,2.212382555e-02,1299.7855,10237.4888,319.9215,241.2208,0,0,0,3.727500000000e+00,1,1.000000,1,sumfact,on,on,0,0,0,0,0,,,0.000,,,,,,,
residual_rc_bnd_n192,nid005941,hex8,residual,atomic,atomic,sumfact,affine,0.000000e+00,72,0,192,7189057,7077888,28756228,0,0.0000,n/a,20,5.142362118e-02,559.2027,4404.4431,137.6388,103.7797,0,0,0,3.727500000000e+00,1,1.000000,1,sumfact,on,on,0,0,0,0,0,,,0.000,,,,,,,
residual_rc_bnd_dt_n192,nid005941,hex8,residual,packed,packed,sumfact,affine,0.000000e+00,72,4096,192,7189057,7077888,28756228,0,0.0000,n/a,20,2.407494783e-02,1194.4461,9407.8051,293.9939,221.6714,0,0,0,6.759335709367e+00,1,1.000000,1,sumfact,on,on,0,0,0,0,1,,,0.000,,,,,,,
residual_rc_bnd_dt_n192,nid005941,hex8,residual,atomic,atomic,sumfact,affine,0.000000e+00,72,0,192,7189057,7077888,28756228,0,0.0000,n/a,20,5.256888866e-02,547.0199,4308.4878,134.6402,101.5187,0,0,0,6.759309506134e+00,1,1.000000,1,sumfact,on,on,0,0,0,0,1,,,0.000,,,,,,,
residual_rc_perapply_n192,nid005941,hex8,residual,packed,packed,sumfact,affine,0.000000e+00,72,4096,192,7189057,7077888,28756228,0,0.0000,n/a,20,2.449617386e-02,1173.9069,9246.0324,288.9385,217.8596,0,0,0,-2.161183558502e-14,1,1.000000,0,sumfact,on,off,0,1,0,0,0,,,0.000,,,,,,,
residual_rc_perapply_n192,nid005941,hex8,residual,atomic,atomic,sumfact,affine,0.000000e+00,72,0,192,7189057,7077888,28756228,0,0.0000,n/a,20,6.599105597e-02,435.7595,3432.1684,107.2553,80.8705,0,0,0,-1.622822969755e-14,1,1.000000,0,sumfact,on,off,0,1,0,0,0,,,0.000,,,,,,,
jac_rc_n192,nid005941,hex8,jac_action,packed,packed,sumfact,affine,0.000000e+00,72,4096,192,7189057,7077888,28756228,0,0.0000,n/a,20,3.197841644e-02,899.2386,7082.6652,221.3333,188.1333,0,0,0,-3.003928248995e-13,1,1.000000,0,n/a,exact,off,1,0,0,0,0,5.215718400e-03,0.163101,0.000,,,,,,,
jac_rc_n192,nid005941,hex8,jac_action,atomic,atomic,sumfact,affine,0.000000e+00,72,0,192,7189057,7077888,28756228,0,0.0000,n/a,20,7.715030909e-02,372.7299,2935.7292,91.7415,77.9803,0,0,0,-2.854811147950e-13,1,1.000000,0,n/a,exact,off,1,0,0,0,0,1.755765760e-02,0.227577,0.000,,,,,,,
jac_rc_bnd_n192,nid005941,hex8,jac_action,packed,packed,sumfact,affine,0.000000e+00,72,4096,192,7189057,7077888,28756228,0,0.0000,n/a,20,3.295923471e-02,872.4786,6871.8955,214.7467,182.5347,0,0,0,5.049173453743e+00,1,1.000000,1,n/a,exact,on,1,0,0,0,0,5.216934400e-03,0.158284,0.000,,,,,,,
jac_rc_bnd_n192,nid005941,hex8,jac_action,atomic,atomic,sumfact,affine,0.000000e+00,72,0,192,7189057,7077888,28756228,0,0.0000,n/a,20,7.879698277e-02,364.9407,2874.3793,89.8244,76.3507,0,0,0,5.049173453743e+00,1,1.000000,1,n/a,exact,on,1,0,0,0,0,1.773512960e-02,0.225074,0.000,,,,,,,
assemble_n192,nid005941,hex8,assemble,packed,packed,sumfact,affine,0.000000e+00,72,4096,192,7189057,7077888,28756228,192100033,23449.7111,f64,20,5.382308125e-01,53.4273,420.8091,13.1503,30.2983,0,0,0,2.592910685214e-09,0,0.000000,0,sumfact,off,off,0,0,0,0,0,,,0.000,,,,,,,
assemble_n192,nid005941,hex8,assemble,atomic,atomic,sumfact,affine,0.000000e+00,72,0,192,7189057,7077888,28756228,192100033,23449.7111,f64,20,7.520742059e-01,38.2359,301.1570,9.4112,21.6833,0,0,0,2.591521534265e-09,0,0.000000,0,sumfact,off,off,0,0,0,0,0,,,0.000,,,,,,,
assemble_n192,nid005941,hex8,assemble,colored,colored,sumfact,affine,0.000000e+00,72,4096,192,7189057,7077888,28756228,192100033,23449.7111,f64,20,2.761585474e-01,104.1294,820.1536,25.6298,59.0511,19,90,91,2.592891644889e-09,0,0.000000,0,sumfact,off,off,0,0,0,0,0,,,0.000,,,,,,,
assemble_n192,nid005941,hex8,assemble,store,store,sumfact,affine,0.000000e+00,72,4096,192,7189057,7077888,28756228,192100033,23449.7111,f64,20,3.878017545e-01,74.1519,584.0418,18.2513,42.0510,0,0,0,2.592910685214e-09,0,0.000000,0,sumfact,off,off,0,0,0,0,0,,,0.000,,,,,,,
assemble_sympy_n192,nid005941,hex8,assemble,atomic,atomic,sympy,affine,0.000000e+00,72,0,192,7189057,7077888,28756228,192100033,23449.7111,f64,20,5.239548922e-01,54.8830,432.2746,13.5086,31.1238,0,0,0,2.579395400885e-09,0,0.000000,0,sympy,off,off,0,0,0,0,0,,,0.000,,,,,,,
assemble_sympy_n192,nid005941,hex8,assemble,colored,colored,sympy,affine,0.000000e+00,72,4096,192,7189057,7077888,28756228,192100033,23449.7111,f64,20,2.975563884e-01,96.6413,761.1748,23.7867,54.8046,19,90,91,2.580736401329e-09,0,0.000000,0,sympy,off,off,0,0,0,0,0,,,0.000,,,,,,,
assemble_diag_n192,nid005941,hex8,assemble_diag,atomic,atomic,sumfact,affine,0.000000e+00,72,0,192,7189057,7077888,28756228,0,0.0000,n/a,20,2.557481885e-01,112.4396,885.6071,27.6752,20.8671,0,0,0,3.215019675301e+03,0,0.000000,0,n/a,off,off,0,0,0,0,0,,,0.000,,,,,,,
