tag,host,element,operation,layout,ran_layout,kernel,geom,warp,threads,pack_size,cube_n,nodes,elements,dofs,bsr_nnz,bsr_values_MiB,bsr_storage,repeat,seconds_per_call,MDOF_s,MDOF_s_element_visits,MELEM_s,GFLOP_s_model,n_colors,packs_per_color_min,packs_per_color_max,checksum,rhie_chow,rhie_chow_scale,boundary,ran_kernel,ran_rc,ran_boundary,exact_rc,pgrad_per_apply,live_vectors,upwind_eps,transient,s_qgrad,frac_qgrad,pa_bytes_per_dof,ms_zero_global,ms_zero_local,ms_gather_u,ms_element_kernel,ms_local_to_global,ms_ghost_reduce,ms_qgrad
residual_bare_n64,nid006398,hex8,residual,packed,packed,sumfact,affine,0.000000e+00,72,2048,64,274625,262144,1098500,0,0.0000,n/a,20,3.990173340e-04,2753.0132,21023.1669,656.9740,495.3584,0,0,0,-1.134075472420e-14,0,0.000000,0,sumfact,off,off,0,0,0,0,0,,,0.000,,,,,,,
residual_bare_n64,nid006398,hex8,residual,atomic,atomic,sumfact,affine,0.000000e+00,72,0,64,274625,262144,1098500,0,0.0000,n/a,20,1.427149773e-03,769.7160,5877.8750,183.6836,138.4974,0,0,0,-1.236760260176e-14,0,0.000000,0,sumfact,off,off,0,0,0,0,0,,,0.000,,,,,,,
jac_bare_n64,nid006398,hex8,jac_action,packed,packed,sumfact,affine,0.000000e+00,72,2048,64,274625,262144,1098500,0,0.0000,n/a,20,6.276965141e-04,1750.0495,13364.1144,417.6286,354.9843,0,0,0,-9.063975156369e-13,0,0.000000,0,n/a,off,off,0,0,0,0,0,,,0.000,,,,,,,
jac_bare_n64,nid006398,hex8,jac_action,atomic,atomic,sumfact,affine,0.000000e+00,72,0,64,274625,262144,1098500,0,0.0000,n/a,20,1.538324356e-03,714.0887,5453.0814,170.4088,144.8475,0,0,0,-9.072856940566e-13,0,0.000000,0,n/a,off,off,0,0,0,0,0,,,0.000,,,,,,,
residual_current_n64,nid006398,hex8,residual,atomic,atomic,current,affine,0.000000e+00,72,0,64,274625,262144,1098500,0,0.0000,n/a,20,1.268649101e-03,865.8817,6612.2366,206.6324,155.8008,0,0,0,-1.240218865106e-14,0,0.000000,0,current,off,off,0,0,0,0,0,,,0.000,,,,,,,
residual_current_n64,nid006398,hex8,residual,packed,packed,current,affine,0.000000e+00,72,2048,64,274625,262144,1098500,0,0.0000,n/a,20,5.992293358e-04,1833.1880,13998.9942,437.4686,329.8513,0,0,0,-1.151401023136e-14,0,0.000000,0,current,off,off,0,0,0,0,0,,,0.000,,,,,,,
residual_rc_n64,nid006398,hex8,residual,packed,packed,sumfact,affine,0.000000e+00,72,2048,64,274625,262144,1098500,0,0.0000,n/a,20,7.462739944e-04,1471.9795,11240.6543,351.2704,264.8579,0,0,0,-1.139626587543e-14,1,1.000000,0,sumfact,on,off,0,0,0,0,0,,,0.000,,,,,,,
residual_rc_n64,nid006398,hex8,residual,atomic,atomic,sumfact,affine,0.000000e+00,72,0,64,274625,262144,1098500,0,0.0000,n/a,20,2.047574520e-03,536.4884,4096.8511,128.0266,96.5321,0,0,0,-1.283597794027e-14,1,1.000000,0,sumfact,on,off,0,0,0,0,0,,,0.000,,,,,,,
residual_rc_bnd_n64,nid006398,hex8,residual,packed,packed,sumfact,affine,0.000000e+00,72,2048,64,274625,262144,1098500,0,0.0000,n/a,20,8.073568344e-04,1360.6127,10390.2112,324.6941,244.8194,0,0,0,3.727500000000e+00,1,1.000000,1,sumfact,on,on,0,0,0,0,0,,,0.000,,,,,,,
residual_rc_bnd_n64,nid006398,hex8,residual,atomic,atomic,sumfact,affine,0.000000e+00,72,0,64,274625,262144,1098500,0,0.0000,n/a,20,2.022624016e-03,543.1064,4147.3887,129.6059,97.7228,0,0,0,3.727500000000e+00,1,1.000000,1,sumfact,on,on,0,0,0,0,0,,,0.000,,,,,,,
residual_rc_bnd_dt_n64,nid006398,hex8,residual,packed,packed,sumfact,affine,0.000000e+00,72,2048,64,274625,262144,1098500,0,0.0000,n/a,20,1.037371159e-03,1058.9267,8086.4095,252.7003,190.5360,0,0,0,6.759321052459e+00,1,1.000000,1,sumfact,on,on,0,0,0,0,1,,,0.000,,,,,,,
residual_rc_bnd_dt_n64,nid006398,hex8,residual,atomic,atomic,sumfact,affine,0.000000e+00,72,0,64,274625,262144,1098500,0,0.0000,n/a,20,2.051699162e-03,535.4099,4088.6150,127.7692,96.3380,0,0,0,6.759448953731e+00,1,1.000000,1,sumfact,on,on,0,0,0,0,1,,,0.000,,,,,,,
residual_rc_perapply_n64,nid006398,hex8,residual,packed,packed,sumfact,affine,0.000000e+00,72,2048,64,274625,262144,1098500,0,0.0000,n/a,20,9.082436562e-04,1209.4772,9236.0766,288.6274,217.6251,0,0,0,-1.139626587543e-14,1,1.000000,0,sumfact,on,off,0,1,0,0,0,,,0.000,,,,,,,
residual_rc_perapply_n64,nid006398,hex8,residual,atomic,atomic,sumfact,affine,0.000000e+00,72,0,64,274625,262144,1098500,0,0.0000,n/a,20,2.867615223e-03,383.0709,2925.2907,91.4153,68.9272,0,0,0,-1.283597794027e-14,1,1.000000,0,sumfact,on,off,0,1,0,0,0,,,0.000,,,,,,,
jac_rc_n64,nid006398,hex8,jac_action,packed,packed,sumfact,affine,0.000000e+00,72,2048,64,274625,262144,1098500,0,0.0000,n/a,20,1.190543175e-03,922.6881,7046.0343,220.1886,187.1603,0,0,0,-4.672237531762e-13,1,1.000000,0,n/a,exact,off,1,0,0,0,0,1.469312000e-04,0.123415,0.000,,,,,,,
jac_rc_n64,nid006398,hex8,jac_action,atomic,atomic,sumfact,affine,0.000000e+00,72,0,64,274625,262144,1098500,0,0.0000,n/a,20,2.472209930e-03,444.3393,3393.1617,106.0363,90.1309,0,0,0,-4.694580770133e-13,1,1.000000,0,n/a,exact,off,1,0,0,0,0,1.330688000e-04,0.053826,0.000,,,,,,,
jac_rc_bnd_n64,nid006398,hex8,jac_action,packed,packed,sumfact,affine,0.000000e+00,72,2048,64,274625,262144,1098500,0,0.0000,n/a,20,1.211225986e-03,906.9323,6925.7167,216.4286,183.9643,0,0,0,5.044059835243e+00,1,1.000000,1,n/a,exact,on,1,0,0,0,0,1.330688000e-04,0.109863,0.000,,,,,,,
jac_rc_bnd_n64,nid006398,hex8,jac_action,atomic,atomic,sumfact,affine,0.000000e+00,72,0,64,274625,262144,1098500,0,0.0000,n/a,20,2.677893639e-03,410.2105,3132.5396,97.8919,83.2081,0,0,0,5.044059835243e+00,1,1.000000,1,n/a,exact,on,1,0,0,0,0,1.288960000e-04,0.048133,0.000,,,,,,,
assemble_n64,nid006398,hex8,assemble,packed,packed,sumfact,affine,0.000000e+00,72,2048,64,274625,262144,1098500,7189057,877.5704,f64,20,2.079594135e-02,52.8228,403.3772,12.6055,29.0432,0,0,0,2.702430495366e-10,0,0.000000,0,sumfact,off,off,0,0,0,0,0,,,0.000,,,,,,,
assemble_n64,nid006398,hex8,assemble,atomic,atomic,sumfact,affine,0.000000e+00,72,0,64,274625,262144,1098500,7189057,877.5704,f64,20,2.934969664e-02,37.4280,285.8158,8.9317,20.5787,0,0,0,2.702932316173e-10,0,0.000000,0,sumfact,off,off,0,0,0,0,0,,,0.000,,,,,,,
assemble_n64,nid006398,hex8,assemble,colored,colored,sumfact,affine,0.000000e+00,72,2048,64,274625,262144,1098500,7189057,877.5704,f64,20,2.327188253e-02,47.2029,360.4611,11.2644,25.9532,11,11,12,2.702430495366e-10,0,0.000000,0,sumfact,off,off,0,0,0,0,0,,,0.000,,,,,,,
assemble_n64,nid006398,hex8,assemble,store,store,sumfact,affine,0.000000e+00,72,2048,64,274625,262144,1098500,7189057,877.5704,f64,20,1.523087025e-02,72.1233,550.7635,17.2114,39.6550,0,0,0,2.702430495366e-10,0,0.000000,0,sumfact,off,off,0,0,0,0,0,,,0.000,,,,,,,
assemble_sympy_n64,nid006398,hex8,assemble,atomic,atomic,sympy,affine,0.000000e+00,72,0,64,274625,262144,1098500,7189057,877.5704,f64,20,2.075754404e-02,52.9205,404.1233,12.6289,29.0969,0,0,0,2.702932318341e-10,0,0.000000,0,sympy,off,off,0,0,0,0,0,,,0.000,,,,,,,
assemble_sympy_n64,nid006398,hex8,assemble,colored,colored,sympy,affine,0.000000e+00,72,2048,64,274625,262144,1098500,7189057,877.5704,f64,20,2.894891500e-02,37.9462,289.7728,9.0554,20.8636,11,11,12,2.702430497534e-10,0,0.000000,0,sympy,off,off,0,0,0,0,0,,,0.000,,,,,,,
assemble_diag_n64,nid006398,hex8,assemble_diag,atomic,atomic,sumfact,affine,0.000000e+00,72,0,64,274625,262144,1098500,0,0.0000,n/a,20,1.073311567e-02,102.3468,781.5632,24.4238,18.4156,0,0,0,5.801523603040e+02,0,0.000000,0,n/a,off,off,0,0,0,0,0,,,0.000,,,,,,,
spmv_f64_n64,nid006398,hex8,bsr_apply,packed,n/a,sumfact,affine,0.000000e+00,72,2048,64,274625,262144,1098500,7189057,877.5704,f64,20,2.335202694e-03,470.4088,0.0000,0.0000,0.0000,0,0,0,-9.061069494547e-13,0,0.000000,0,n/a,off,off,0,0,0,0,0,,,0.000,,,,,,,
spmv_f32_n64,nid006398,hex8,bsr_apply,packed,n/a,sumfact,affine,0.000000e+00,72,2048,64,274625,262144,1098500,7189057,438.7852,f32,20,1.259315014e-03,872.2996,0.0000,0.0000,0.0000,0,0,0,1.266297573960e-05,0,0.000000,0,n/a,off,off,0,0,0,0,0,,,0.000,,,,,,,
residual_bare_n96,nid006398,hex8,residual,packed,packed,sumfact,affine,0.000000e+00,72,2048,96,912673,884736,3650692,0,0.0000,n/a,20,1.282799244e-03,2845.8794,22070.1346,689.6917,520.0275,0,0,0,8.463618261095e-14,0,0.000000,0,sumfact,off,off,0,0,0,0,0,,,0.000,,,,,,,
residual_bare_n96,nid006398,hex8,residual,atomic,atomic,sumfact,affine,0.000000e+00,72,0,96,912673,884736,3650692,0,0.0000,n/a,20,4.682695866e-03,779.6133,6045.9942,188.9373,142.4587,0,0,0,9.779471069754e-14,0,0.000000,0,sumfact,off,off,0,0,0,0,0,,,0.000,,,,,,,
jac_bare_n96,nid006398,hex8,jac_action,packed,packed,sumfact,affine,0.000000e+00,72,2048,96,912673,884736,3650692,0,0.0000,n/a,20,1.781153679e-03,2049.6221,15895.0642,496.7208,422.2126,0,0,0,-1.951219960887e-12,0,0.000000,0,n/a,off,off,0,0,0,0,0,,,0.000,,,,,,,
jac_bare_n96,nid006398,hex8,jac_action,atomic,atomic,sumfact,affine,0.000000e+00,72,0,96,912673,884736,3650692,0,0.0000,n/a,20,4.685664177e-03,779.1194,6042.1641,188.8176,160.4950,0,0,0,-1.959269077816e-12,0,0.000000,0,n/a,off,off,0,0,0,0,0,,,0.000,,,,,,,
residual_current_n96,nid006398,hex8,residual,atomic,atomic,current,affine,0.000000e+00,72,0,96,912673,884736,3650692,0,0.0000,n/a,20,4.615628719e-03,790.9414,6133.8452,191.6827,144.5287,0,0,0,1.028125609821e-13,0,0.000000,0,current,off,off,0,0,0,0,0,,,0.000,,,,,,,
residual_current_n96,nid006398,hex8,residual,packed,packed,current,affine,0.000000e+00,72,2048,96,912673,884736,3650692,0,0.0000,n/a,20,1.631045341e-03,2238.2529,17357.9184,542.4350,408.9960,0,0,0,8.832415051077e-14,0,0.000000,0,current,off,off,0,0,0,0,0,,,0.000,,,,,,,
residual_rc_n96,nid006398,hex8,residual,packed,packed,sumfact,affine,0.000000e+00,72,2048,96,912673,884736,3650692,0,0.0000,n/a,20,2.600002289e-03,1404.1111,10889.0489,340.2828,256.5732,0,0,0,8.513567455182e-14,1,1.000000,0,sumfact,on,off,0,0,0,0,0,,,0.000,,,,,,,
residual_rc_n96,nid006398,hex8,residual,atomic,atomic,sumfact,affine,0.000000e+00,72,0,96,912673,884736,3650692,0,0.0000,n/a,20,6.703317165e-03,544.6098,4223.5137,131.9848,99.5165,0,0,0,9.933444041280e-14,1,1.000000,0,sumfact,on,off,0,0,0,0,0,,,0.000,,,,,,,
residual_rc_bnd_n96,nid006398,hex8,residual,packed,packed,sumfact,affine,0.000000e+00,72,2048,96,912673,884736,3650692,0,0.0000,n/a,20,2.789103985e-03,1308.9121,10150.7696,317.2116,239.1775,0,0,0,3.727500000000e+00,1,1.000000,1,sumfact,on,on,0,0,0,0,0,,,0.000,,,,,,,
residual_rc_bnd_n96,nid006398,hex8,residual,atomic,atomic,sumfact,affine,0.000000e+00,72,0,96,912673,884736,3650692,0,0.0000,n/a,20,6.662535667e-03,547.9433,4249.3659,132.7927,100.1257,0,0,0,3.727500000000e+00,1,1.000000,1,sumfact,on,on,0,0,0,0,0,,,0.000,,,,,,,
residual_rc_bnd_dt_n96,nid006398,hex8,residual,packed,packed,sumfact,affine,0.000000e+00,72,2048,96,912673,884736,3650692,0,0.0000,n/a,20,2.995336056e-03,1218.7921,9451.8783,295.3712,222.7099,0,0,0,6.759222128181e+00,1,1.000000,1,sumfact,on,on,0,0,0,0,1,,,0.000,,,,,,,
residual_rc_bnd_dt_n96,nid006398,hex8,residual,atomic,atomic,sumfact,affine,0.000000e+00,72,0,96,912673,884736,3650692,0,0.0000,n/a,20,6.851935387e-03,532.7972,4131.9059,129.1221,97.3580,0,0,0,6.759287405709e+00,1,1.000000,1,sumfact,on,on,0,0,0,0,1,,,0.000,,,,,,,
residual_rc_perapply_n96,nid006398,hex8,residual,packed,packed,sumfact,affine,0.000000e+00,72,2048,96,912673,884736,3650692,0,0.0000,n/a,20,3.089296818e-03,1181.7226,9164.4001,286.3875,215.9362,0,0,0,8.513567455182e-14,1,1.000000,0,sumfact,on,off,0,1,0,0,0,,,0.000,,,,,,,
residual_rc_perapply_n96,nid006398,hex8,residual,atomic,atomic,sumfact,affine,0.000000e+00,72,0,96,912673,884736,3650692,0,0.0000,n/a,20,9.170567989e-03,398.0879,3087.2190,96.4756,72.7426,0,0,0,9.933444041280e-14,1,1.000000,0,sumfact,on,off,0,1,0,0,0,,,0.000,,,,,,,
jac_rc_n96,nid006398,hex8,jac_action,packed,packed,sumfact,affine,0.000000e+00,72,2048,96,912673,884736,3650692,0,0.0000,n/a,20,4.169893265e-03,875.4881,6789.5148,212.1723,180.3465,0,0,0,-2.052185190445e-13,1,1.000000,0,n/a,exact,off,1,0,0,0,0,6.834688000e-04,0.163906,0.000,,,,,,,
jac_rc_n96,nid006398,hex8,jac_action,atomic,atomic,sumfact,affine,0.000000e+00,72,0,96,912673,884736,3650692,0,0.0000,n/a,20,8.483684063e-03,430.3192,3337.1766,104.2868,88.6438,0,0,0,-2.023527558622e-13,1,1.000000,0,n/a,exact,off,1,0,0,0,0,5.768448000e-04,0.067995,0.000,,,,,,,
jac_rc_bnd_n96,nid006398,hex8,jac_action,packed,packed,sumfact,affine,0.000000e+00,72,2048,96,912673,884736,3650692,0,0.0000,n/a,20,4.649364948e-03,785.2023,6089.3374,190.2918,161.7480,0,0,0,5.046234218079e+00,1,1.000000,1,n/a,exact,on,1,0,0,0,0,6.260864000e-04,0.134661,0.000,,,,,,,
jac_rc_bnd_n96,nid006398,hex8,jac_action,atomic,atomic,sumfact,affine,0.000000e+00,72,0,96,912673,884736,3650692,0,0.0000,n/a,20,8.622395992e-03,423.3965,3283.4901,102.6091,87.2177,0,0,0,5.046234218079e+00,1,1.000000,1,n/a,exact,on,1,0,0,0,0,6.283648000e-04,0.072876,0.000,,,,,,,
assemble_n96,nid006398,hex8,assemble,packed,packed,sumfact,affine,0.000000e+00,72,2048,96,912673,884736,3650692,24137569,2946.4806,f64,20,6.847878695e-02,53.3113,413.4354,12.9199,29.7673,0,0,0,7.424116575276e-11,0,0.000000,0,sumfact,off,off,0,0,0,0,0,,,0.000,,,,,,,
assemble_n96,nid006398,hex8,assemble,atomic,atomic,sumfact,affine,0.000000e+00,72,0,96,912673,884736,3650692,24137569,2946.4806,f64,20,9.659063816e-02,37.7955,293.1087,9.1596,21.1038,0,0,0,7.342422201788e-11,0,0.000000,0,sumfact,off,off,0,0,0,0,0,,,0.000,,,,,,,
assemble_n96,nid006398,hex8,assemble,colored,colored,sumfact,affine,0.000000e+00,72,2048,96,912673,884736,3650692,24137569,2946.4806,f64,20,4.611061811e-02,79.1725,613.9920,19.1873,44.2074,17,25,26,7.428368729460e-11,0,0.000000,0,sumfact,off,off,0,0,0,0,0,,,0.000,,,,,,,
assemble_n96,nid006398,hex8,assemble,store,store,sumfact,affine,0.000000e+00,72,2048,96,912673,884736,3650692,24137569,2946.4806,f64,20,6.872415543e-02,53.1209,411.9593,12.8737,29.6611,0,0,0,7.424116575276e-11,0,0.000000,0,sumfact,off,off,0,0,0,0,0,,,0.000,,,,,,,
assemble_sympy_n96,nid006398,hex8,assemble,atomic,atomic,sympy,affine,0.000000e+00,72,0,96,912673,884736,3650692,24137569,2946.4806,f64,20,6.739376783e-02,54.1696,420.0915,13.1279,30.2466,0,0,0,6.578006241380e-11,0,0.000000,0,sympy,off,off,0,0,0,0,0,,,0.000,,,,,,,
assemble_sympy_n96,nid006398,hex8,assemble,colored,colored,sympy,affine,0.000000e+00,72,2048,96,912673,884736,3650692,24137569,2946.4806,f64,20,5.345623493e-02,68.2931,529.6211,16.5507,38.1327,17,25,26,6.667015596822e-11,0,0.000000,0,sympy,off,off,0,0,0,0,0,,,0.000,,,,,,,
assemble_diag_n96,nid006398,hex8,assemble_diag,atomic,atomic,sumfact,affine,0.000000e+00,72,0,96,912673,884736,3650692,0,0.0000,n/a,20,3.332537413e-02,109.5469,849.5494,26.5484,20.0175,0,0,0,1.054549351220e+03,0,0.000000,0,n/a,off,off,0,0,0,0,0,,,0.000,,,,,,,
spmv_f64_n96,nid006398,hex8,bsr_apply,packed,n/a,sumfact,affine,0.000000e+00,72,2048,96,912673,884736,3650692,24137569,2946.4806,f64,20,8.111524582e-03,450.0624,0.0000,0.0000,0.0000,0,0,0,-2.144415680726e-12,0,0.000000,0,n/a,off,off,0,0,0,0,0,,,0.000,,,,,,,
spmv_f32_n96,nid006398,hex8,bsr_apply,packed,n/a,sumfact,affine,0.000000e+00,72,2048,96,912673,884736,3650692,24137569,1473.2403,f32,20,4.279160500e-03,853.1328,0.0000,0.0000,0.0000,0,0,0,-1.160063154236e-06,0,0.000000,0,n/a,off,off,0,0,0,0,0,,,0.000,,,,,,,
residual_bare_n128,nid006398,hex8,residual,packed,packed,sumfact,affine,0.000000e+00,72,2048,128,2146689,2097152,8586756,0,0.0000,n/a,20,3.500163555e-03,2453.2442,19173.0652,599.1583,451.7653,0,0,0,1.371529842822e-13,0,0.000000,0,sumfact,off,off,0,0,0,0,0,,,0.000,,,,,,,
residual_bare_n128,nid006398,hex8,residual,atomic,atomic,sumfact,affine,0.000000e+00,72,0,128,2146689,2097152,8586756,0,0.0000,n/a,20,1.061049700e-02,809.2699,6324.7616,197.6488,149.0272,0,0,0,1.381383614267e-13,0,0.000000,0,sumfact,off,off,0,0,0,0,0,,,0.000,,,,,,,
jac_bare_n128,nid006398,hex8,jac_action,packed,packed,sumfact,affine,0.000000e+00,72,2048,128,2146689,2097152,8586756,0,0.0000,n/a,20,4.894721508e-03,1754.2890,13710.4560,428.4518,364.1840,0,0,0,-3.356411692633e-12,0,0.000000,0,n/a,off,off,0,0,0,0,0,,,0.000,,,,,,,
jac_bare_n128,nid006398,hex8,jac_action,atomic,atomic,sumfact,affine,0.000000e+00,72,0,128,2146689,2097152,8586756,0,0.0000,n/a,20,1.027597189e-02,835.6150,6530.6586,204.0831,173.4706,0,0,0,-3.357341910992e-12,0,0.000000,0,n/a,off,off,0,0,0,0,0,,,0.000,,,,,,,
residual_current_n128,nid006398,hex8,residual,atomic,atomic,current,affine,0.000000e+00,72,0,128,2146689,2097152,8586756,0,0.0000,n/a,20,1.049164534e-02,818.4375,6396.4099,199.8878,150.7154,0,0,0,1.381248631097e-13,0,0.000000,0,current,off,off,0,0,0,0,0,,,0.000,,,,,,,
residual_current_n128,nid006398,hex8,residual,packed,packed,current,affine,0.000000e+00,72,2048,128,2146689,2097152,8586756,0,0.0000,n/a,20,4.422926903e-03,1941.4194,15172.9534,474.1548,357.5127,0,0,0,1.371534179631e-13,0,0.000000,0,current,off,off,0,0,0,0,0,,,0.000,,,,,,,
residual_rc_n128,nid006398,hex8,residual,packed,packed,sumfact,affine,0.000000e+00,72,2048,128,2146689,2097152,8586756,0,0.0000,n/a,20,6.523096561e-03,1316.3619,10287.8845,321.4964,242.4083,0,0,0,1.371512495588e-13,1,1.000000,0,sumfact,on,off,0,0,0,0,0,,,0.000,,,,,,,
residual_rc_n128,nid006398,hex8,residual,atomic,atomic,sumfact,affine,0.000000e+00,72,0,128,2146689,2097152,8586756,0,0.0000,n/a,20,1.503512859e-02,571.1129,4463.4712,139.4835,105.1705,0,0,0,1.381366267032e-13,1,1.000000,0,sumfact,on,off,0,0,0,0,0,,,0.000,,,,,,,
residual_rc_bnd_n128,nid006398,hex8,residual,packed,packed,sumfact,affine,0.000000e+00,72,2048,128,2146689,2097152,8586756,0,0.0000,n/a,20,7.227528095e-03,1188.0626,9285.1751,290.1617,218.7819,0,0,0,3.727500000000e+00,1,1.000000,1,sumfact,on,on,0,0,0,0,0,,,0.000,,,,,,,
residual_rc_bnd_n128,nid006398,hex8,residual,atomic,atomic,sumfact,affine,0.000000e+00,72,0,128,2146689,2097152,8586756,0,0.0000,n/a,20,1.562311649e-02,549.6186,4295.4851,134.2339,101.2124,0,0,0,3.727500000000e+00,1,1.000000,1,sumfact,on,on,0,0,0,0,0,,,0.000,,,,,,,
residual_rc_bnd_dt_n128,nid006398,hex8,residual,packed,packed,sumfact,affine,0.000000e+00,72,2048,128,2146689,2097152,8586756,0,0.0000,n/a,20,7.917189598e-03,1084.5712,8476.3492,264.8859,199.7240,0,0,0,6.759281944370e+00,1,1.000000,1,sumfact,on,on,0,0,0,0,1,,,0.000,,,,,,,
residual_rc_bnd_dt_n128,nid006398,hex8,residual,atomic,atomic,sumfact,affine,0.000000e+00,72,0,128,2146689,2097152,8586756,0,0.0000,n/a,20,1.609343290e-02,533.5565,4169.9533,130.3110,98.2545,0,0,0,6.759329548060e+00,1,1.000000,1,sumfact,on,on,0,0,0,0,1,,,0.000,,,,,,,
residual_rc_perapply_n128,nid006398,hex8,residual,packed,packed,sumfact,affine,0.000000e+00,72,2048,128,2146689,2097152,8586756,0,0.0000,n/a,20,7.561314106e-03,1135.6169,8875.2911,277.3528,209.1240,0,0,0,1.371512495588e-13,1,1.000000,0,sumfact,on,off,0,1,0,0,0,,,0.000,,,,,,,
residual_rc_perapply_n128,nid006398,hex8,residual,atomic,atomic,sumfact,affine,0.000000e+00,72,0,128,2146689,2097152,8586756,0,0.0000,n/a,20,2.045425177e-02,419.8030,3280.9249,102.5289,77.3068,0,0,0,1.381366267032e-13,1,1.000000,0,sumfact,on,off,0,1,0,0,0,,,0.000,,,,,,,
jac_rc_n128,nid006398,hex8,jac_action,packed,packed,sumfact,affine,0.000000e+00,72,2048,128,2146689,2097152,8586756,0,0.0000,n/a,20,1.051038504e-02,816.9783,6385.0053,199.5314,169.6017,0,0,0,7.525805065939e-14,1,1.000000,0,n/a,exact,off,1,0,0,0,0,1.775462400e-03,0.168925,0.000,,,,,,,
jac_rc_n128,nid006398,hex8,jac_action,atomic,atomic,sumfact,affine,0.000000e+00,72,0,128,2146689,2097152,8586756,0,0.0000,n/a,20,1.944180727e-02,441.6645,3451.7812,107.8682,91.6879,0,0,0,8.619374745195e-14,1,1.000000,0,n/a,exact,off,1,0,0,0,0,2.108057600e-03,0.108429,0.000,,,,,,,
jac_rc_bnd_n128,nid006398,hex8,jac_action,packed,packed,sumfact,affine,0.000000e+00,72,2048,128,2146689,2097152,8586756,0,0.0000,n/a,20,1.145343781e-02,749.7099,5859.2769,183.1024,155.6370,0,0,0,5.044940681195e+00,1,1.000000,1,n/a,exact,on,1,0,0,0,0,1.786304000e-03,0.155962,0.000,,,,,,,
jac_rc_bnd_n128,nid006398,hex8,jac_action,atomic,atomic,sumfact,affine,0.000000e+00,72,0,128,2146689,2097152,8586756,0,0.0000,n/a,20,1.981766224e-02,433.2880,3386.3159,105.8224,89.9490,0,0,0,5.044940681195e+00,1,1.000000,1,n/a,exact,on,1,0,0,0,0,1.725056000e-03,0.087046,0.000,,,,,,,
assemble_n128,nid006398,hex8,assemble,packed,packed,sumfact,affine,0.000000e+00,72,2048,128,2146689,2097152,8586756,57066625,6966.1407,f64,20,1.558157086e-01,55.1084,430.6938,13.4592,31.0100,0,0,0,-3.076222088107e-08,0,0.000000,0,sumfact,off,off,0,0,0,0,0,,,0.000,,,,,,,
assemble_n128,nid006398,hex8,assemble,atomic,atomic,sumfact,affine,0.000000e+00,72,0,128,2146689,2097152,8586756,57066625,6966.1407,f64,20,2.286033511e-01,37.5618,293.5603,9.1738,21.1363,0,0,0,-3.076550014682e-08,0,0.000000,0,sumfact,off,off,0,0,0,0,0,,,0.000,,,,,,,
assemble_n128,nid006398,hex8,assemble,colored,colored,sumfact,affine,0.000000e+00,72,2048,128,2146689,2097152,8586756,57066625,6966.1407,f64,20,9.422837496e-02,91.1271,712.1938,22.2561,51.2780,14,72,74,-3.076222088107e-08,0,0.000000,0,sumfact,off,off,0,0,0,0,0,,,0.000,,,,,,,
assemble_n128,nid006398,hex8,assemble,store,store,sumfact,affine,0.000000e+00,72,2048,128,2146689,2097152,8586756,57066625,6966.1407,f64,20,1.248074174e-01,68.8000,537.6993,16.8031,38.7144,0,0,0,-3.076222088107e-08,0,0.000000,0,sumfact,off,off,0,0,0,0,0,,,0.000,,,,,,,
assemble_sympy_n128,nid006398,hex8,assemble,atomic,atomic,sympy,affine,0.000000e+00,72,0,128,2146689,2097152,8586756,57066625,6966.1407,f64,20,1.607373714e-01,53.4210,417.5063,13.0471,30.0605,0,0,0,-3.076550013728e-08,0,0.000000,0,sympy,off,off,0,0,0,0,0,,,0.000,,,,,,,
assemble_sympy_n128,nid006398,hex8,assemble,colored,colored,sympy,affine,0.000000e+00,72,2048,128,2146689,2097152,8586756,57066625,6966.1407,f64,20,9.960894585e-02,86.2047,673.7233,21.0539,48.5081,14,72,74,-3.076222087847e-08,0,0.000000,0,sympy,off,off,0,0,0,0,0,,,0.000,,,,,,,
assemble_diag_n128,nid006398,hex8,assemble_diag,atomic,atomic,sumfact,affine,0.000000e+00,72,0,128,2146689,2097152,8586756,0,0.0000,n/a,20,7.762730122e-02,110.6152,864.5008,27.0156,20.3698,0,0,0,1.651826180067e+03,0,0.000000,0,n/a,off,off,0,0,0,0,0,,,0.000,,,,,,,
spmv_f64_n128,nid006398,hex8,bsr_apply,packed,n/a,sumfact,affine,0.000000e+00,72,2048,128,2146689,2097152,8586756,57066625,6966.1407,f64,20,1.905404329e-02,450.6527,0.0000,0.0000,0.0000,0,0,0,-3.359821589780e-12,0,0.000000,0,n/a,off,off,0,0,0,0,0,,,0.000,,,,,,,
spmv_f32_n128,nid006398,hex8,bsr_apply,packed,n/a,sumfact,affine,0.000000e+00,72,2048,128,2146689,2097152,8586756,57066625,3483.0704,f32,20,1.073073149e-02,800.2023,0.0000,0.0000,0.0000,0,0,0,4.661783736126e-05,0,0.000000,0,n/a,off,off,0,0,0,0,0,,,0.000,,,,,,,
residual_bare_n160,nid006398,hex8,residual,packed,packed,sumfact,affine,0.000000e+00,72,2048,160,4173281,4096000,16693124,0,0.0000,n/a,20,6.889629364e-03,2422.9350,19024.5357,594.5167,448.2656,0,0,0,-6.926008161087e-14,0,0.000000,0,sumfact,off,off,0,0,0,0,0,,,0.000,,,,,,,
residual_bare_n160,nid006398,hex8,residual,atomic,atomic,sumfact,affine,0.000000e+00,72,0,160,4173281,4096000,16693124,0,0.0000,n/a,20,2.105584145e-02,792.8025,6224.9709,194.5303,146.6759,0,0,0,-7.557772766995e-14,0,0.000000,0,sumfact,off,off,0,0,0,0,0,,,0.000,,,,,,,
jac_bare_n160,nid006398,hex8,jac_action,packed,packed,sumfact,affine,0.000000e+00,72,2048,160,4173281,4096000,16693124,0,0.0000,n/a,20,9.572088718e-03,1743.9375,13693.1451,427.9108,363.7242,0,0,0,7.483083570110e-13,0,0.000000,0,n/a,off,off,0,0,0,0,0,,,0.000,,,,,,,
jac_bare_n160,nid006398,hex8,jac_action,atomic,atomic,sumfact,affine,0.000000e+00,72,0,160,4173281,4096000,16693124,0,0.0000,n/a,20,2.003854513e-02,833.0507,6540.9938,204.4061,173.7451,0,0,0,7.531967942138e-13,0,0.000000,0,n/a,off,off,0,0,0,0,0,,,0.000,,,,,,,
residual_current_n160,nid006398,hex8,residual,atomic,atomic,current,affine,0.000000e+00,72,0,160,4173281,4096000,16693124,0,0.0000,n/a,20,2.061510086e-02,809.7522,6358.0577,198.6893,149.8117,0,0,0,-7.131918482433e-14,0,0.000000,0,current,off,off,0,0,0,0,0,,,0.000,,,,,,,
residual_current_n160,nid006398,hex8,residual,packed,packed,current,affine,0.000000e+00,72,2048,160,4173281,4096000,16693124,0,0.0000,n/a,20,8.444750309e-03,1976.7457,15521.1220,485.0351,365.7164,0,0,0,-6.568480297436e-14,0,0.000000,0,current,off,off,0,0,0,0,0,,,0.000,,,,,,,
residual_rc_n160,nid006398,hex8,residual,packed,packed,sumfact,affine,0.000000e+00,72,2048,160,4173281,4096000,16693124,0,0.0000,n/a,20,1.317328215e-02,1267.1955,9949.8362,310.9324,234.4430,0,0,0,-7.066434026468e-14,1,1.000000,0,sumfact,on,off,0,0,0,0,0,,,0.000,,,,,,,
residual_rc_n160,nid006398,hex8,residual,atomic,atomic,sumfact,affine,0.000000e+00,72,0,160,4173281,4096000,16693124,0,0.0000,n/a,20,3.049839735e-02,547.3443,4297.6684,134.3021,101.2638,0,0,0,-7.449527377346e-14,1,1.000000,0,sumfact,on,off,0,0,0,0,0,,,0.000,,,,,,,
residual_rc_bnd_n160,nid006398,hex8,residual,packed,packed,sumfact,affine,0.000000e+00,72,2048,160,4173281,4096000,16693124,0,0.0000,n/a,20,1.383169889e-02,1206.8745,9476.2040,296.1314,223.2831,0,0,0,3.727500000000e+00,1,1.000000,1,sumfact,on,on,0,0,0,0,0,,,0.000,,,,,,,
residual_rc_bnd_n160,nid006398,hex8,residual,atomic,atomic,sumfact,affine,0.000000e+00,72,0,160,4173281,4096000,16693124,0,0.0000,n/a,20,3.112357855e-02,536.3498,4211.3409,131.6044,99.2297,0,0,0,3.727500000000e+00,1,1.000000,1,sumfact,on,on,0,0,0,0,0,,,0.000,,,,,,,
residual_rc_bnd_dt_n160,nid006398,hex8,residual,packed,packed,sumfact,affine,0.000000e+00,72,2048,160,4173281,4096000,16693124,0,0.0000,n/a,20,1.499072313e-02,1113.5636,8743.5408,273.2357,206.0197,0,0,0,6.759317416976e+00,1,1.000000,1,sumfact,on,on,0,0,0,0,1,,,0.000,,,,,,,
residual_rc_bnd_dt_n160,nid006398,hex8,residual,atomic,atomic,sumfact,affine,0.000000e+00,72,0,160,4173281,4096000,16693124,0,0.0000,n/a,20,3.278989792e-02,509.0935,3997.3287,124.9165,94.1871,0,0,0,6.759324573300e+00,1,1.000000,1,sumfact,on,on,0,0,0,0,1,,,0.000,,,,,,,
residual_rc_perapply_n160,nid006398,hex8,residual,packed,packed,sumfact,affine,0.000000e+00,72,2048,160,4173281,4096000,16693124,0,0.0000,n/a,20,1.511772871e-02,1104.2085,8670.0855,270.9402,204.2889,0,0,0,-7.066434026468e-14,1,1.000000,0,sumfact,on,off,0,1,0,0,0,,,0.000,,,,,,,
residual_rc_perapply_n160,nid006398,hex8,residual,atomic,atomic,sumfact,affine,0.000000e+00,72,0,160,4173281,4096000,16693124,0,0.0000,n/a,20,4.129064083e-02,404.2835,3174.3755,99.1992,74.7962,0,0,0,-7.449527377346e-14,1,1.000000,0,sumfact,on,off,0,1,0,0,0,,,0.000,,,,,,,
jac_rc_n160,nid006398,hex8,jac_action,packed,packed,sumfact,affine,0.000000e+00,72,2048,160,4173281,4096000,16693124,0,0.0000,n/a,20,2.038757801e-02,818.7890,6429.0128,200.9067,170.7707,0,0,0,-5.547403831327e-13,1,1.000000,0,n/a,exact,off,1,0,0,0,0,3.659148800e-03,0.179479,0.000,,,,,,,
jac_rc_n160,nid006398,hex8,jac_action,atomic,atomic,sumfact,affine,0.000000e+00,72,0,160,4173281,4096000,16693124,0,0.0000,n/a,20,3.779256344e-02,441.7039,3468.1955,108.3811,92.1239,0,0,0,-5.555626420603e-13,1,1.000000,0,n/a,exact,off,1,0,0,0,0,3.440243200e-03,0.091030,0.000,,,,,,,
jac_rc_bnd_n160,nid006398,hex8,jac_action,packed,packed,sumfact,affine,0.000000e+00,72,2048,160,4173281,4096000,16693124,0,0.0000,n/a,20,2.126196623e-02,785.1167,6164.6227,192.6445,163.7478,0,0,0,5.046148336219e+00,1,1.000000,1,n/a,exact,on,1,0,0,0,0,3.537203200e-03,0.166363,0.000,,,,,,,
jac_rc_bnd_n160,nid006398,hex8,jac_action,atomic,atomic,sumfact,affine,0.000000e+00,72,0,160,4173281,4096000,16693124,0,0.0000,n/a,20,3.915768862e-02,426.3051,3347.2864,104.6027,88.9123,0,0,0,5.046148336219e+00,1,1.000000,1,n/a,exact,on,1,0,0,0,0,3.499289600e-03,0.089364,0.000,,,,,,,
assemble_n160,nid006398,hex8,assemble,packed,packed,sumfact,affine,0.000000e+00,72,2048,160,4173281,4096000,16693124,111284641,13584.5509,f64,20,3.126477122e-01,53.3928,419.2322,13.1010,30.1847,0,0,0,1.165429404451e-08,0,0.000000,0,sumfact,off,off,0,0,0,0,0,,,0.000,,,,,,,
assemble_n160,nid006398,hex8,assemble,atomic,atomic,sumfact,affine,0.000000e+00,72,0,160,4173281,4096000,16693124,111284641,13584.5509,f64,20,4.453181505e-01,37.4858,294.3334,9.1979,21.1920,0,0,0,1.164916721901e-08,0,0.000000,0,sumfact,off,off,0,0,0,0,0,,,0.000,,,,,,,
assemble_n160,nid006398,hex8,assemble,colored,colored,sumfact,affine,0.000000e+00,72,2048,160,4173281,4096000,16693124,111284641,13584.5509,f64,20,1.662270546e-01,100.4236,788.5118,24.6410,56.7729,20,99,101,1.165426806529e-08,0,0.000000,0,sumfact,off,off,0,0,0,0,0,,,0.000,,,,,,,
assemble_n160,nid006398,hex8,assemble,store,store,sumfact,affine,0.000000e+00,72,2048,160,4173281,4096000,16693124,111284641,13584.5509,f64,20,2.576523781e-01,64.7893,508.7164,15.8974,36.6276,0,0,0,1.165429404451e-08,0,0.000000,0,sumfact,off,off,0,0,0,0,0,,,0.000,,,,,,,
assemble_sympy_n160,nid006398,hex8,assemble,atomic,atomic,sympy,affine,0.000000e+00,72,0,160,4173281,4096000,16693124,111284641,13584.5509,f64,20,3.111764431e-01,53.6452,421.2144,13.1630,30.3274,0,0,0,1.167343591505e-08,0,0.000000,0,sympy,off,off,0,0,0,0,0,,,0.000,,,,,,,
assemble_sympy_n160,nid006398,hex8,assemble,colored,colored,sympy,affine,0.000000e+00,72,2048,160,4173281,4096000,16693124,111284641,13584.5509,f64,20,1.702733397e-01,98.0372,769.7741,24.0554,55.4237,20,99,101,1.168506756832e-08,0,0.000000,0,sympy,off,off,0,0,0,0,0,,,0.000,,,,,,,
assemble_diag_n160,nid006398,hex8,assemble_diag,atomic,atomic,sumfact,affine,0.000000e+00,72,0,160,4173281,4096000,16693124,0,0.0000,n/a,20,1.502296686e-01,111.1174,872.4775,27.2649,20.5578,0,0,0,2.371982944015e+03,0,0.000000,0,n/a,off,off,0,0,0,0,0,,,0.000,,,,,,,
spmv_f64_n160,nid006398,hex8,bsr_apply,packed,n/a,sumfact,affine,0.000000e+00,72,2048,160,4173281,4096000,16693124,111284641,13584.5509,f64,20,3.695546389e-02,451.7092,0.0000,0.0000,0.0000,0,0,0,7.157881465282e-13,0,0.000000,0,n/a,off,off,0,0,0,0,0,,,0.000,,,,,,,
spmv_f32_n160,nid006398,hex8,bsr_apply,packed,n/a,sumfact,affine,0.000000e+00,72,2048,160,4173281,4096000,16693124,111284641,6792.2755,f32,20,4.135525227e-02,403.6518,0.0000,0.0000,0.0000,0,0,0,4.118532892879e-05,0,0.000000,0,n/a,off,off,0,0,0,0,0,,,0.000,,,,,,,
residual_bare_n192,nid006398,hex8,residual,packed,packed,sumfact,affine,0.000000e+00,72,2048,192,7189057,7077888,28756228,0,0.0000,n/a,20,1.189346313e-02,2417.8179,19043.4370,595.1074,448.7110,0,0,0,-1.637644013452e-14,0,0.000000,0,sumfact,off,off,0,0,0,0,0,,,0.000,,,,,,,
residual_bare_n192,nid006398,hex8,residual,atomic,atomic,sumfact,affine,0.000000e+00,72,0,192,7189057,7077888,28756228,0,0.0000,n/a,20,3.516620398e-02,817.7234,6440.6274,201.2696,151.7573,0,0,0,-1.625251582621e-14,0,0.000000,0,sumfact,off,off,0,0,0,0,0,,,0.000,,,,,,,
jac_bare_n192,nid006398,hex8,jac_action,packed,packed,sumfact,affine,0.000000e+00,72,2048,192,7189057,7077888,28756228,0,0.0000,n/a,20,1.614775658e-02,1780.8188,14026.2466,438.3202,372.5722,0,0,0,2.364980412027e-11,0,0.000000,0,n/a,off,off,0,0,0,0,0,,,0.000,,,,,,,
jac_bare_n192,nid006398,hex8,jac_action,atomic,atomic,sumfact,affine,0.000000e+00,72,0,192,7189057,7077888,28756228,0,0.0000,n/a,20,3.396514654e-02,846.6393,6668.3774,208.3868,177.1288,0,0,0,2.371232268698e-11,0,0.000000,0,n/a,off,off,0,0,0,0,0,,,0.000,,,,,,,
residual_current_n192,nid006398,hex8,residual,atomic,atomic,current,affine,0.000000e+00,72,0,192,7189057,7077888,28756228,0,0.0000,n/a,20,3.375155926e-02,851.9970,6710.5764,209.7055,158.1180,0,0,0,-1.950513589619e-14,0,0.000000,0,current,off,off,0,0,0,0,0,,,0.000,,,,,,,
residual_current_n192,nid006398,hex8,residual,packed,packed,current,affine,0.000000e+00,72,2048,192,7189057,7077888,28756228,0,0.0000,n/a,20,1.443895102e-02,1991.5732,15686.2099,490.1941,369.6063,0,0,0,-1.793000698001e-14,0,0.000000,0,current,off,off,0,0,0,0,0,,,0.000,,,,,,,
residual_rc_n192,nid006398,hex8,residual,packed,packed,sumfact,affine,0.000000e+00,72,2048,192,7189057,7077888,28756228,0,0.0000,n/a,20,2.200418711e-02,1306.8525,10293.1508,321.6610,242.5324,0,0,0,-1.538764775322e-14,1,1.000000,0,sumfact,on,off,0,0,0,0,0,,,0.000,,,,,,,
residual_rc_n192,nid006398,hex8,residual,atomic,atomic,sumfact,affine,0.000000e+00,72,0,192,7189057,7077888,28756228,0,0.0000,n/a,20,5.099620819e-02,563.8895,4441.3580,138.7924,104.6495,0,0,0,-1.622822969755e-14,1,1.000000,0,sumfact,on,off,0,0,0,0,0,,,0.000,,,,,,,
residual_rc_bnd_n192,nid006398,hex8,residual,packed,packed,sumfact,affine,0.000000e+00,72,2048,192,7189057,7077888,28756228,0,0.0000,n/a,20,2.302341461e-02,1248.9993,9837.4815,307.4213,231.7957,0,0,0,3.727500000000e+00,1,1.000000,1,sumfact,on,on,0,0,0,0,0,,,0.000,,,,,,,
residual_rc_bnd_n192,nid006398,hex8,residual,atomic,atomic,sumfact,affine,0.000000e+00,72,0,192,7189057,7077888,28756228,0,0.0000,n/a,20,5.210928917e-02,551.8446,4346.4883,135.8278,102.4141,0,0,0,3.727500000000e+00,1,1.000000,1,sumfact,on,on,0,0,0,0,0,,,0.000,,,,,,,
residual_rc_bnd_dt_n192,nid006398,hex8,residual,packed,packed,sumfact,affine,0.000000e+00,72,2048,192,7189057,7077888,28756228,0,0.0000,n/a,20,2.511818409e-02,1144.8371,9017.0697,281.7834,212.4647,0,0,0,6.759362918358e+00,1,1.000000,1,sumfact,on,on,0,0,0,0,1,,,0.000,,,,,,,
residual_rc_bnd_dt_n192,nid006398,hex8,residual,atomic,atomic,sumfact,affine,0.000000e+00,72,0,192,7189057,7077888,28756228,0,0.0000,n/a,20,5.418978930e-02,530.6577,4179.6143,130.6129,98.4822,0,0,0,6.759309506134e+00,1,1.000000,1,sumfact,on,on,0,0,0,0,1,,,0.000,,,,,,,
residual_rc_perapply_n192,nid006398,hex8,residual,packed,packed,sumfact,affine,0.000000e+00,72,2048,192,7189057,7077888,28756228,0,0.0000,n/a,20,2.595783472e-02,1107.8053,8725.3971,272.6687,205.5922,0,0,0,-1.538764775322e-14,1,1.000000,0,sumfact,on,off,0,1,0,0,0,,,0.000,,,,,,,
residual_rc_perapply_n192,nid006398,hex8,residual,atomic,atomic,sumfact,affine,0.000000e+00,72,0,192,7189057,7077888,28756228,0,0.0000,n/a,20,6.907025576e-02,416.3330,3279.1599,102.4737,77.2652,0,0,0,-1.622822969755e-14,1,1.000000,0,sumfact,on,off,0,1,0,0,0,,,0.000,,,,,,,
jac_rc_n192,nid006398,hex8,jac_action,packed,packed,sumfact,affine,0.000000e+00,72,2048,192,7189057,7077888,28756228,0,0.0000,n/a,20,3.366559744e-02,854.1725,6727.7112,210.2410,178.7048,0,0,0,1.535864016126e-12,1,1.000000,0,n/a,exact,off,1,0,0,0,0,6.070924800e-03,0.180330,0.000,,,,,,,
jac_rc_n192,nid006398,hex8,jac_action,atomic,atomic,sumfact,affine,0.000000e+00,72,0,192,7189057,7077888,28756228,0,0.0000,n/a,20,6.449719667e-02,445.8524,3511.6630,109.7395,93.2785,0,0,0,1.539739415477e-12,1,1.000000,0,n/a,exact,off,1,0,0,0,0,5.675801600e-03,0.088001,0.000,,,,,,,
jac_rc_bnd_n192,nid006398,hex8,jac_action,packed,packed,sumfact,affine,0.000000e+00,72,2048,192,7189057,7077888,28756228,0,0.0000,n/a,20,3.482629061e-02,825.7046,6503.4895,203.2340,172.7489,0,0,0,5.046108211775e+00,1,1.000000,1,n/a,exact,on,1,0,0,0,0,6.347532800e-03,0.182263,0.000,,,,,,,
jac_rc_bnd_n192,nid006398,hex8,jac_action,atomic,atomic,sumfact,affine,0.000000e+00,72,0,192,7189057,7077888,28756228,0,0.0000,n/a,20,6.627492905e-02,433.8930,3417.4675,106.7959,90.7765,0,0,0,5.046108211775e+00,1,1.000000,1,n/a,exact,on,1,0,0,0,0,6.086041600e-03,0.091830,0.000,,,,,,,
assemble_n192,nid006398,hex8,assemble,packed,packed,sumfact,affine,0.000000e+00,72,2048,192,7189057,7077888,28756228,192100033,23449.7111,f64,20,5.299155951e-01,54.2657,427.4122,13.3566,30.7737,0,0,0,2.591725771935e-09,0,0.000000,0,sumfact,off,off,0,0,0,0,0,,,0.000,,,,,,,
assemble_n192,nid006398,hex8,assemble,atomic,atomic,sumfact,affine,0.000000e+00,72,0,192,7189057,7077888,28756228,192100033,23449.7111,f64,20,7.652215481e-01,37.5790,295.9828,9.2495,21.3108,0,0,0,2.591519757908e-09,0,0.000000,0,sumfact,off,off,0,0,0,0,0,,,0.000,,,,,,,
assemble_n192,nid006398,hex8,assemble,colored,colored,sumfact,affine,0.000000e+00,72,2048,192,7189057,7077888,28756228,192100033,23449.7111,f64,20,2.628380299e-01,109.4066,861.7186,26.9287,62.0437,20,172,173,2.591710339835e-09,0,0.000000,0,sumfact,off,off,0,0,0,0,0,,,0.000,,,,,,,
assemble_n192,nid006398,hex8,assemble,store,store,sumfact,affine,0.000000e+00,72,2048,192,7189057,7077888,28756228,192100033,23449.7111,f64,20,4.212996364e-01,68.2560,537.6041,16.8001,38.7075,0,0,0,2.591725771935e-09,0,0.000000,0,sumfact,off,off,0,0,0,0,0,,,0.000,,,,,,,
assemble_sympy_n192,nid006398,hex8,assemble,atomic,atomic,sympy,affine,0.000000e+00,72,0,192,7189057,7077888,28756228,192100033,23449.7111,f64,20,5.373549700e-01,53.5144,421.4950,13.1717,30.3476,0,0,0,2.579395400885e-09,0,0.000000,0,sympy,off,off,0,0,0,0,0,,,0.000,,,,,,,
assemble_sympy_n192,nid006398,hex8,assemble,colored,colored,sympy,affine,0.000000e+00,72,2048,192,7189057,7077888,28756228,192100033,23449.7111,f64,20,2.737017632e-01,105.0641,827.5154,25.8599,59.5811,20,172,173,2.579494394832e-09,0,0.000000,0,sympy,off,off,0,0,0,0,0,,,0.000,,,,,,,
assemble_diag_n192,nid006398,hex8,assemble_diag,atomic,atomic,sumfact,affine,0.000000e+00,72,0,192,7189057,7077888,28756228,0,0.0000,n/a,20,2.595674157e-01,110.7852,872.5765,27.2680,20.5601,0,0,0,3.215019675301e+03,0,0.000000,0,n/a,off,off,0,0,0,0,0,,,0.000,,,,,,,
spmv_f32_n64,nid006398,hex8,bsr_apply,packed,n/a,sumfact,affine,0.000000e+00,72,2048,64,274625,262144,1098500,7189057,438.7852,f32,20,1.202619076e-03,913.4231,0.0000,0.0000,0.0000,0,0,0,1.266297573960e-05,0,0.000000,0,n/a,off,off,0,0,0,0,0,,,0.000,,,,,,,
spmv_f64_n64,nid006398,hex8,bsr_apply,packed,n/a,sumfact,affine,0.000000e+00,72,2048,64,274625,262144,1098500,7189057,877.5704,f64,20,2.246117592e-03,489.0661,0.0000,0.0000,0.0000,0,0,0,-9.061069494547e-13,0,0.000000,0,n/a,off,off,0,0,0,0,0,,,0.000,,,,,,,
assemble_diag_n64,nid006398,hex8,assemble_diag,atomic,atomic,sumfact,affine,0.000000e+00,72,0,64,274625,262144,1098500,0,0.0000,n/a,20,1.065284014e-02,103.1180,787.4527,24.6079,18.5544,0,0,0,5.801523603040e+02,0,0.000000,0,n/a,off,off,0,0,0,0,0,,,0.000,,,,,,,
assemble_sympy_n64,nid006398,hex8,assemble,colored,colored,sympy,affine,0.000000e+00,72,2048,64,274625,262144,1098500,7189057,877.5704,f64,20,2.935478687e-02,37.4215,285.7663,8.9302,20.5752,11,11,12,2.702430497534e-10,0,0.000000,0,sympy,off,off,0,0,0,0,0,,,0.000,,,,,,,
assemble_sympy_n64,nid006398,hex8,assemble,atomic,atomic,sympy,affine,0.000000e+00,72,0,64,274625,262144,1098500,7189057,877.5704,f64,20,2.055599689e-02,53.4394,408.0857,12.7527,29.3822,0,0,0,2.702932318341e-10,0,0.000000,0,sympy,off,off,0,0,0,0,0,,,0.000,,,,,,,
assemble_n64,nid006398,hex8,assemble,store,store,sumfact,affine,0.000000e+00,72,2048,64,274625,262144,1098500,7189057,877.5704,f64,20,1.463773251e-02,75.0458,573.0811,17.9088,41.2618,0,0,0,2.702430495366e-10,0,0.000000,0,sumfact,off,off,0,0,0,0,0,,,0.000,,,,,,,
assemble_n64,nid006398,hex8,assemble,colored,colored,sumfact,affine,0.000000e+00,72,2048,64,274625,262144,1098500,7189057,877.5704,f64,20,2.335039377e-02,47.0442,359.2491,11.2265,25.8659,11,11,12,2.702430495366e-10,0,0.000000,0,sumfact,off,off,0,0,0,0,0,,,0.000,,,,,,,
assemble_n64,nid006398,hex8,assemble,atomic,atomic,sumfact,affine,0.000000e+00,72,0,64,274625,262144,1098500,7189057,877.5704,f64,20,2.962410450e-02,37.0813,283.1683,8.8490,20.3881,0,0,0,2.702932316173e-10,0,0.000000,0,sumfact,off,off,0,0,0,0,0,,,0.000,,,,,,,
assemble_n64,nid006398,hex8,assemble,packed,packed,sumfact,affine,0.000000e+00,72,2048,64,274625,262144,1098500,7189057,877.5704,f64,20,2.078903913e-02,52.8403,403.5111,12.6097,29.0528,0,0,0,2.702430495366e-10,0,0.000000,0,sumfact,off,off,0,0,0,0,0,,,0.000,,,,,,,
jac_rc_bnd_n64,nid006398,hex8,jac_action,atomic,atomic,sumfact,affine,0.000000e+00,72,0,64,274625,262144,1098500,0,0.0000,n/a,20,2.538025379e-03,432.8168,3305.1710,103.2866,87.7936,0,0,0,5.044059835243e+00,1,1.000000,1,n/a,exact,on,1,0,0,0,0,1.620224000e-04,0.063838,0.000,,,,,,,
jac_rc_bnd_n64,nid006398,hex8,jac_action,packed,packed,sumfact,affine,0.000000e+00,72,2048,64,274625,262144,1098500,0,0.0000,n/a,20,1.144397259e-03,959.8939,7330.1539,229.0673,194.7072,0,0,0,5.044059835243e+00,1,1.000000,1,n/a,exact,on,1,0,0,0,0,1.306752000e-04,0.114187,0.000,,,,,,,
jac_rc_n64,nid006398,hex8,jac_action,atomic,atomic,sumfact,affine,0.000000e+00,72,0,64,274625,262144,1098500,0,0.0000,n/a,20,2.394938469e-03,458.6757,3502.6403,109.4575,93.0389,0,0,0,-4.694580770133e-13,1,1.000000,0,n/a,exact,off,1,0,0,0,0,1.324928000e-04,0.055322,0.000,,,,,,,
jac_rc_n64,nid006398,hex8,jac_action,packed,packed,sumfact,affine,0.000000e+00,72,2048,64,274625,262144,1098500,0,0.0000,n/a,20,1.035749912e-03,1060.5842,8099.0671,253.0958,215.1315,0,0,0,-4.672237531762e-13,1,1.000000,0,n/a,exact,off,1,0,0,0,0,1.279104000e-04,0.123495,0.000,,,,,,,
residual_rc_perapply_n64,nid006398,hex8,residual,atomic,atomic,sumfact,affine,0.000000e+00,72,0,64,274625,262144,1098500,0,0.0000,n/a,20,2.710950375e-03,405.2085,3094.3421,96.6982,72.9104,0,0,0,-1.283597794027e-14,1,1.000000,0,sumfact,on,off,0,1,0,0,0,,,0.000,,,,,,,
residual_rc_perapply_n64,nid006398,hex8,residual,packed,packed,sumfact,affine,0.000000e+00,72,2048,64,274625,262144,1098500,0,0.0000,n/a,20,9.967207909e-04,1102.1141,8416.2065,263.0065,198.3069,0,0,0,-1.139626587543e-14,1,1.000000,0,sumfact,on,off,0,1,0,0,0,,,0.000,,,,,,,
residual_rc_bnd_dt_n64,nid006398,hex8,residual,atomic,atomic,sumfact,affine,0.000000e+00,72,0,64,274625,262144,1098500,0,0.0000,n/a,20,2.189326286e-03,501.7525,3831.5933,119.7373,90.2819,0,0,0,6.759448953731e+00,1,1.000000,1,sumfact,on,on,0,0,0,0,1,,,0.000,,,,,,,
residual_rc_bnd_dt_n64,nid006398,hex8,residual,packed,packed,sumfact,affine,0.000000e+00,72,2048,64,274625,262144,1098500,0,0.0000,n/a,20,8.485436440e-04,1294.5710,9885.8887,308.9340,232.9363,0,0,0,6.759321052459e+00,1,1.000000,1,sumfact,on,on,0,0,0,0,1,,,0.000,,,,,,,
residual_rc_bnd_n64,nid006398,hex8,residual,atomic,atomic,sumfact,affine,0.000000e+00,72,0,64,274625,262144,1098500,0,0.0000,n/a,20,1.928937435e-03,569.4845,4348.8233,135.9007,102.4691,0,0,0,3.727500000000e+00,1,1.000000,1,sumfact,on,on,0,0,0,0,0,,,0.000,,,,,,,
residual_rc_bnd_n64,nid006398,hex8,residual,packed,packed,sumfact,affine,0.000000e+00,72,2048,64,274625,262144,1098500,0,0.0000,n/a,20,8.108377457e-04,1354.7717,10345.6062,323.3002,243.7683,0,0,0,3.727500000000e+00,1,1.000000,1,sumfact,on,on,0,0,0,0,0,,,0.000,,,,,,,
residual_rc_n64,nid006398,hex8,residual,atomic,atomic,sumfact,affine,0.000000e+00,72,0,64,274625,262144,1098500,0,0.0000,n/a,20,1.970422268e-03,557.4947,4257.2641,133.0395,100.3118,0,0,0,-1.283597794027e-14,1,1.000000,0,sumfact,on,off,0,0,0,0,0,,,0.000,,,,,,,
residual_rc_n64,nid006398,hex8,residual,packed,packed,sumfact,affine,0.000000e+00,72,2048,64,274625,262144,1098500,0,0.0000,n/a,20,8.239626884e-04,1333.1914,10180.8105,318.1503,239.8853,0,0,0,-1.139626587543e-14,1,1.000000,0,sumfact,on,off,0,0,0,0,0,,,0.000,,,,,,,
residual_current_n64,nid006398,hex8,residual,packed,packed,current,affine,0.000000e+00,72,2048,64,274625,262144,1098500,0,0.0000,n/a,20,5.268812180e-04,2084.9102,15921.2508,497.5391,375.1445,0,0,0,-1.151401023136e-14,0,0.000000,0,current,off,off,0,0,0,0,0,,,0.000,,,,,,,
residual_current_n64,nid006398,hex8,residual,atomic,atomic,current,affine,0.000000e+00,72,0,64,274625,262144,1098500,0,0.0000,n/a,20,1.334083080e-03,823.4120,6287.9202,196.4975,148.1591,0,0,0,-1.240218865106e-14,0,0.000000,0,current,off,off,0,0,0,0,0,,,0.000,,,,,,,
jac_bare_n64,nid006398,hex8,jac_action,atomic,atomic,sumfact,affine,0.000000e+00,72,0,64,274625,262144,1098500,0,0.0000,n/a,20,1.530206203e-03,717.8771,5482.0115,171.3129,145.6159,0,0,0,-9.072856940566e-13,0,0.000000,0,n/a,off,off,0,0,0,0,0,,,0.000,,,,,,,
jac_bare_n64,nid006398,hex8,jac_action,packed,packed,sumfact,affine,0.000000e+00,72,2048,64,274625,262144,1098500,0,0.0000,n/a,20,5.395889282e-04,2035.8090,15546.2938,485.8217,412.9484,0,0,0,-9.063975156369e-13,0,0.000000,0,n/a,off,off,0,0,0,0,0,,,0.000,,,,,,,
residual_bare_n64,nid006398,hex8,residual,atomic,atomic,sumfact,affine,0.000000e+00,72,0,64,274625,262144,1098500,0,0.0000,n/a,20,1.296269894e-03,847.4315,6471.3437,202.2295,152.4810,0,0,0,-1.236760260176e-14,0,0.000000,0,sumfact,off,off,0,0,0,0,0,,,0.000,,,,,,,
residual_bare_n64,nid006398,hex8,residual,packed,packed,sumfact,affine,0.000000e+00,72,2048,64,274625,262144,1098500,0,0.0000,n/a,20,5.679965019e-04,1933.9908,14768.7670,461.5240,347.9891,0,0,0,-1.134075472420e-14,0,0.000000,0,sumfact,off,off,0,0,0,0,0,,,0.000,,,,,,,
spmv_f32_n96,nid006398,hex8,bsr_apply,packed,n/a,sumfact,affine,0.000000e+00,72,2048,96,912673,884736,3650692,24137569,1473.2403,f32,20,4.407715797e-03,828.2503,0.0000,0.0000,0.0000,0,0,0,-1.160063154236e-06,0,0.000000,0,n/a,off,off,0,0,0,0,0,,,0.000,,,,,,,
spmv_f64_n96,nid006398,hex8,bsr_apply,packed,n/a,sumfact,affine,0.000000e+00,72,2048,96,912673,884736,3650692,24137569,2946.4806,f64,20,7.830488682e-03,466.2151,0.0000,0.0000,0.0000,0,0,0,-2.144415680726e-12,0,0.000000,0,n/a,off,off,0,0,0,0,0,,,0.000,,,,,,,
assemble_diag_n96,nid006398,hex8,assemble_diag,atomic,atomic,sumfact,affine,0.000000e+00,72,0,96,912673,884736,3650692,0,0.0000,n/a,20,3.346815109e-02,109.0796,845.9252,26.4352,19.9321,0,0,0,1.054549351220e+03,0,0.000000,0,n/a,off,off,0,0,0,0,0,,,0.000,,,,,,,
assemble_sympy_n96,nid006398,hex8,assemble,colored,colored,sympy,affine,0.000000e+00,72,2048,96,912673,884736,3650692,24137569,2946.4806,f64,20,5.347999334e-02,68.2628,529.3859,16.5433,38.1158,17,25,26,6.667015596822e-11,0,0.000000,0,sympy,off,off,0,0,0,0,0,,,0.000,,,,,,,
assemble_sympy_n96,nid006398,hex8,assemble,atomic,atomic,sympy,affine,0.000000e+00,72,0,96,912673,884736,3650692,24137569,2946.4806,f64,20,6.845951080e-02,53.3263,413.5518,12.9235,29.7757,0,0,0,6.578006241380e-11,0,0.000000,0,sympy,off,off,0,0,0,0,0,,,0.000,,,,,,,
assemble_n96,nid006398,hex8,assemble,store,store,sumfact,affine,0.000000e+00,72,2048,96,912673,884736,3650692,24137569,2946.4806,f64,20,5.221437216e-02,69.9174,542.2176,16.9443,39.0397,0,0,0,7.424116575276e-11,0,0.000000,0,sumfact,off,off,0,0,0,0,0,,,0.000,,,,,,,
assemble_n96,nid006398,hex8,assemble,colored,colored,sumfact,affine,0.000000e+00,72,2048,96,912673,884736,3650692,24137569,2946.4806,f64,20,4.705631733e-02,77.5813,601.6525,18.8016,43.3190,17,25,26,7.428368729460e-11,0,0.000000,0,sumfact,off,off,0,0,0,0,0,,,0.000,,,,,,,
assemble_n96,nid006398,hex8,assemble,atomic,atomic,sumfact,affine,0.000000e+00,72,0,96,912673,884736,3650692,24137569,2946.4806,f64,20,9.640922546e-02,37.8666,293.6602,9.1769,21.1435,0,0,0,7.342422201788e-11,0,0.000000,0,sumfact,off,off,0,0,0,0,0,,,0.000,,,,,,,
assemble_n96,nid006398,hex8,assemble,packed,packed,sumfact,affine,0.000000e+00,72,2048,96,912673,884736,3650692,24137569,2946.4806,f64,20,6.934496164e-02,52.6454,408.2712,12.7585,29.3955,0,0,0,7.424116575276e-11,0,0.000000,0,sumfact,off,off,0,0,0,0,0,,,0.000,,,,,,,
jac_rc_bnd_n96,nid006398,hex8,jac_action,atomic,atomic,sumfact,affine,0.000000e+00,72,0,96,912673,884736,3650692,0,0.0000,n/a,20,8.654785156e-03,421.8120,3271.2022,102.2251,86.8913,0,0,0,5.046234218079e+00,1,1.000000,1,n/a,exact,on,1,0,0,0,0,7.005184000e-04,0.080940,0.000,,,,,,,
jac_rc_bnd_n96,nid006398,hex8,jac_action,packed,packed,sumfact,affine,0.000000e+00,72,2048,96,912673,884736,3650692,0,0.0000,n/a,20,4.767239094e-03,765.7875,5938.7732,185.5867,157.7487,0,0,0,5.046234218079e+00,1,1.000000,1,n/a,exact,on,1,0,0,0,0,6.647424000e-04,0.139440,0.000,,,,,,,
jac_rc_n96,nid006398,hex8,jac_action,atomic,atomic,sumfact,affine,0.000000e+00,72,0,96,912673,884736,3650692,0,0.0000,n/a,20,8.062386513e-03,452.8054,3511.5598,109.7362,93.2758,0,0,0,-2.023527558622e-13,1,1.000000,0,n/a,exact,off,1,0,0,0,0,6.183552000e-04,0.076696,0.000,,,,,,,
jac_rc_n96,nid006398,hex8,jac_action,packed,packed,sumfact,affine,0.000000e+00,72,2048,96,912673,884736,3650692,0,0.0000,n/a,20,4.301774502e-03,848.6479,6581.3659,205.6677,174.8175,0,0,0,-2.052185190445e-13,1,1.000000,0,n/a,exact,off,1,0,0,0,0,6.992256000e-04,0.162544,0.000,,,,,,,
residual_rc_perapply_n96,nid006398,hex8,residual,atomic,atomic,sumfact,affine,0.000000e+00,72,0,96,912673,884736,3650692,0,0.0000,n/a,20,9.073781967e-03,402.3341,3120.1490,97.5047,73.5185,0,0,0,9.933444041280e-14,1,1.000000,0,sumfact,on,off,0,1,0,0,0,,,0.000,,,,,,,
residual_rc_perapply_n96,nid006398,hex8,residual,packed,packed,sumfact,affine,0.000000e+00,72,2048,96,912673,884736,3650692,0,0.0000,n/a,20,3.118944168e-03,1170.4897,9077.2872,283.6652,213.8836,0,0,0,8.513567455182e-14,1,1.000000,0,sumfact,on,off,0,1,0,0,0,,,0.000,,,,,,,
residual_rc_bnd_dt_n96,nid006398,hex8,residual,atomic,atomic,sumfact,affine,0.000000e+00,72,0,96,912673,884736,3650692,0,0.0000,n/a,20,6.896400452e-03,529.3620,4105.2651,128.2895,96.7303,0,0,0,6.759287405709e+00,1,1.000000,1,sumfact,on,on,0,0,0,0,1,,,0.000,,,,,,,
residual_rc_bnd_dt_n96,nid006398,hex8,residual,packed,packed,sumfact,affine,0.000000e+00,72,2048,96,912673,884736,3650692,0,0.0000,n/a,20,3.351044655e-03,1089.4191,8448.5750,264.0180,199.0695,0,0,0,6.759222128181e+00,1,1.000000,1,sumfact,on,on,0,0,0,0,1,,,0.000,,,,,,,
residual_rc_bnd_n96,nid006398,hex8,residual,atomic,atomic,sumfact,affine,0.000000e+00,72,0,96,912673,884736,3650692,0,0.0000,n/a,20,6.677925587e-03,546.6805,4239.5728,132.4867,99.8949,0,0,0,3.727500000000e+00,1,1.000000,1,sumfact,on,on,0,0,0,0,0,,,0.000,,,,,,,
residual_rc_bnd_n96,nid006398,hex8,residual,packed,packed,sumfact,affine,0.000000e+00,72,2048,96,912673,884736,3650692,0,0.0000,n/a,20,2.886021137e-03,1264.9568,9809.8907,306.5591,231.1456,0,0,0,3.727500000000e+00,1,1.000000,1,sumfact,on,on,0,0,0,0,0,,,0.000,,,,,,,
residual_rc_n96,nid006398,hex8,residual,atomic,atomic,sumfact,affine,0.000000e+00,72,0,96,912673,884736,3650692,0,0.0000,n/a,20,6.504321098e-03,561.2718,4352.7298,136.0228,102.5612,0,0,0,9.933444041280e-14,1,1.000000,0,sumfact,on,off,0,0,0,0,0,,,0.000,,,,,,,
residual_rc_n96,nid006398,hex8,residual,packed,packed,sumfact,affine,0.000000e+00,72,2048,96,912673,884736,3650692,0,0.0000,n/a,20,2.679407597e-03,1362.4997,10566.3476,330.1984,248.9696,0,0,0,8.513567455182e-14,1,1.000000,0,sumfact,on,off,0,0,0,0,0,,,0.000,,,,,,,
residual_current_n96,nid006398,hex8,residual,packed,packed,current,affine,0.000000e+00,72,2048,96,912673,884736,3650692,0,0.0000,n/a,20,1.658487320e-03,2201.2179,17070.7075,533.4596,402.2285,0,0,0,8.832415051077e-14,0,0.000000,0,current,off,off,0,0,0,0,0,,,0.000,,,,,,,
residual_current_n96,nid006398,hex8,residual,atomic,atomic,current,affine,0.000000e+00,72,0,96,912673,884736,3650692,0,0.0000,n/a,20,4.551744461e-03,802.0424,6219.9344,194.3730,146.5572,0,0,0,1.028125609821e-13,0,0.000000,0,current,off,off,0,0,0,0,0,,,0.000,,,,,,,
jac_bare_n96,nid006398,hex8,jac_action,atomic,atomic,sumfact,affine,0.000000e+00,72,0,96,912673,884736,3650692,0,0.0000,n/a,20,4.541778564e-03,803.8023,6233.5826,194.7995,165.5795,0,0,0,-1.959269077816e-12,0,0.000000,0,n/a,off,off,0,0,0,0,0,,,0.000,,,,,,,
jac_bare_n96,nid006398,hex8,jac_action,packed,packed,sumfact,affine,0.000000e+00,72,2048,96,912673,884736,3650692,0,0.0000,n/a,20,1.855766773e-03,1967.2149,15255.9860,476.7496,405.2371,0,0,0,-1.951219960887e-12,0,0.000000,0,n/a,off,off,0,0,0,0,0,,,0.000,,,,,,,
residual_bare_n96,nid006398,hex8,residual,atomic,atomic,sumfact,affine,0.000000e+00,72,0,96,912673,884736,3650692,0,0.0000,n/a,20,4.614543915e-03,791.1274,6135.2872,191.7277,144.5627,0,0,0,9.779471069754e-14,0,0.000000,0,sumfact,off,off,0,0,0,0,0,,,0.000,,,,,,,
residual_bare_n96,nid006398,hex8,residual,packed,packed,sumfact,affine,0.000000e+00,72,2048,96,912673,884736,3650692,0,0.0000,n/a,20,1.210975647e-03,3014.6700,23379.1258,730.5977,550.8707,0,0,0,8.463618261095e-14,0,0.000000,0,sumfact,off,off,0,0,0,0,0,,,0.000,,,,,,,
spmv_f32_n128,nid006398,hex8,bsr_apply,packed,n/a,sumfact,affine,0.000000e+00,72,2048,128,2146689,2097152,8586756,57066625,3483.0704,f32,20,9.878826141e-03,869.2081,0.0000,0.0000,0.0000,0,0,0,4.661783736126e-05,0,0.000000,0,n/a,off,off,0,0,0,0,0,,,0.000,,,,,,,
spmv_f64_n128,nid006398,hex8,bsr_apply,packed,n/a,sumfact,affine,0.000000e+00,72,2048,128,2146689,2097152,8586756,57066625,6966.1407,f64,20,1.848697662e-02,464.4759,0.0000,0.0000,0.0000,0,0,0,-3.359821589780e-12,0,0.000000,0,n/a,off,off,0,0,0,0,0,,,0.000,,,,,,,
assemble_diag_n128,nid006398,hex8,assemble_diag,atomic,atomic,sumfact,affine,0.000000e+00,72,0,128,2146689,2097152,8586756,0,0.0000,n/a,20,7.764756680e-02,110.5863,864.2752,27.0086,20.3645,0,0,0,1.651826180067e+03,0,0.000000,0,n/a,off,off,0,0,0,0,0,,,0.000,,,,,,,
assemble_sympy_n128,nid006398,hex8,assemble,colored,colored,sympy,affine,0.000000e+00,72,2048,128,2146689,2097152,8586756,57066625,6966.1407,f64,20,1.024016023e-01,83.8537,655.3497,20.4797,47.1852,14,72,74,-3.076222087847e-08,0,0.000000,0,sympy,off,off,0,0,0,0,0,,,0.000,,,,,,,
assemble_sympy_n128,nid006398,hex8,assemble,atomic,atomic,sympy,affine,0.000000e+00,72,0,128,2146689,2097152,8586756,57066625,6966.1407,f64,20,1.603124380e-01,53.5626,418.6130,13.0817,30.1401,0,0,0,-3.076550013728e-08,0,0.000000,0,sympy,off,off,0,0,0,0,0,,,0.000,,,,,,,
assemble_n128,nid006398,hex8,assemble,store,store,sumfact,affine,0.000000e+00,72,2048,128,2146689,2097152,8586756,57066625,6966.1407,f64,20,1.890672088e-01,45.4164,354.9471,11.0921,25.5562,0,0,0,-3.076222088107e-08,0,0.000000,0,sumfact,off,off,0,0,0,0,0,,,0.000,,,,,,,
assemble_n128,nid006398,hex8,assemble,colored,colored,sumfact,affine,0.000000e+00,72,2048,128,2146689,2097152,8586756,57066625,6966.1407,f64,20,9.262448549e-02,92.7050,724.5262,22.6414,52.1659,14,72,74,-3.076222088107e-08,0,0.000000,0,sumfact,off,off,0,0,0,0,0,,,0.000,,,,,,,
assemble_n128,nid006398,hex8,assemble,atomic,atomic,sumfact,affine,0.000000e+00,72,0,128,2146689,2097152,8586756,57066625,6966.1407,f64,20,2.277237892e-01,37.7069,294.6941,9.2092,21.2180,0,0,0,-3.076550014682e-08,0,0.000000,0,sumfact,off,off,0,0,0,0,0,,,0.000,,,,,,,
assemble_n128,nid006398,hex8,assemble,packed,packed,sumfact,affine,0.000000e+00,72,2048,128,2146689,2097152,8586756,57066625,6966.1407,f64,20,1.589877725e-01,54.0089,422.1008,13.1906,30.3913,0,0,0,-3.076222088107e-08,0,0.000000,0,sumfact,off,off,0,0,0,0,0,,,0.000,,,,,,,
jac_rc_bnd_n128,nid006398,hex8,jac_action,atomic,atomic,sumfact,affine,0.000000e+00,72,0,128,2146689,2097152,8586756,0,0.0000,n/a,20,2.007681131e-02,427.6952,3342.6057,104.4564,88.7880,0,0,0,5.044940681195e+00,1,1.000000,1,n/a,exact,on,1,0,0,0,0,1.867968000e-03,0.093041,0.000,,,,,,,
jac_rc_bnd_n128,nid006398,hex8,jac_action,packed,packed,sumfact,affine,0.000000e+00,72,2048,128,2146689,2097152,8586756,0,0.0000,n/a,20,1.109864712e-02,773.6759,6046.5806,188.9556,160.6123,0,0,0,5.044940681195e+00,1,1.000000,1,n/a,exact,on,1,0,0,0,0,1.641049600e-03,0.147860,0.000,,,,,,,
jac_rc_n128,nid006398,hex8,jac_action,atomic,atomic,sumfact,affine,0.000000e+00,72,0,128,2146689,2097152,8586756,0,0.0000,n/a,20,1.952219009e-02,439.8459,3437.5684,107.4240,91.3104,0,0,0,8.619374745195e-14,1,1.000000,0,n/a,exact,off,1,0,0,0,0,1.563251200e-03,0.080076,0.000,,,,,,,
jac_rc_n128,nid006398,hex8,jac_action,packed,packed,sumfact,affine,0.000000e+00,72,2048,128,2146689,2097152,8586756,0,0.0000,n/a,20,1.064600945e-02,806.5704,6303.6638,196.9895,167.4411,0,0,0,7.525805065939e-14,1,1.000000,0,n/a,exact,off,1,0,0,0,0,1.719987200e-03,0.161562,0.000,,,,,,,
residual_rc_perapply_n128,nid006398,hex8,residual,atomic,atomic,sumfact,affine,0.000000e+00,72,0,128,2146689,2097152,8586756,0,0.0000,n/a,20,2.094979286e-02,409.8731,3203.3187,100.1037,75.4782,0,0,0,1.381366267032e-13,1,1.000000,0,sumfact,on,off,0,1,0,0,0,,,0.000,,,,,,,
residual_rc_perapply_n128,nid006398,hex8,residual,packed,packed,sumfact,affine,0.000000e+00,72,2048,128,2146689,2097152,8586756,0,0.0000,n/a,20,7.956039906e-03,1079.2751,8434.9582,263.5924,198.7487,0,0,0,1.371512495588e-13,1,1.000000,0,sumfact,on,off,0,1,0,0,0,,,0.000,,,,,,,
residual_rc_bnd_dt_n128,nid006398,hex8,residual,atomic,atomic,sumfact,affine,0.000000e+00,72,0,128,2146689,2097152,8586756,0,0.0000,n/a,20,1.628017426e-02,527.4364,4122.1220,128.8163,97.1275,0,0,0,6.759329548060e+00,1,1.000000,1,sumfact,on,on,0,0,0,0,1,,,0.000,,,,,,,
residual_rc_bnd_dt_n128,nid006398,hex8,residual,packed,packed,sumfact,affine,0.000000e+00,72,2048,128,2146689,2097152,8586756,0,0.0000,n/a,20,8.042597771e-03,1067.6595,8344.1776,260.7555,196.6097,0,0,0,6.759281944370e+00,1,1.000000,1,sumfact,on,on,0,0,0,0,1,,,0.000,,,,,,,
residual_rc_bnd_n128,nid006398,hex8,residual,atomic,atomic,sumfact,affine,0.000000e+00,72,0,128,2146689,2097152,8586756,0,0.0000,n/a,20,1.575455666e-02,545.0332,4259.6479,133.1140,100.3680,0,0,0,3.727500000000e+00,1,1.000000,1,sumfact,on,on,0,0,0,0,0,,,0.000,,,,,,,
residual_rc_bnd_n128,nid006398,hex8,residual,packed,packed,sumfact,affine,0.000000e+00,72,2048,128,2146689,2097152,8586756,0,0.0000,n/a,20,7.152342796e-03,1200.5515,9382.7807,293.2119,221.0818,0,0,0,3.727500000000e+00,1,1.000000,1,sumfact,on,on,0,0,0,0,0,,,0.000,,,,,,,
residual_rc_n128,nid006398,hex8,residual,atomic,atomic,sumfact,affine,0.000000e+00,72,0,128,2146689,2097152,8586756,0,0.0000,n/a,20,1.520663500e-02,564.6717,4413.1305,137.9103,103.9844,0,0,0,1.381366267032e-13,1,1.000000,0,sumfact,on,off,0,0,0,0,0,,,0.000,,,,,,,
residual_rc_n128,nid006398,hex8,residual,packed,packed,sumfact,affine,0.000000e+00,72,2048,128,2146689,2097152,8586756,0,0.0000,n/a,20,6.603634357e-03,1300.3076,10162.4137,317.5754,239.4519,0,0,0,1.371512495588e-13,1,1.000000,0,sumfact,on,off,0,0,0,0,0,,,0.000,,,,,,,
residual_current_n128,nid006398,hex8,residual,packed,packed,current,affine,0.000000e+00,72,2048,128,2146689,2097152,8586756,0,0.0000,n/a,20,4.355227947e-03,1971.5974,15408.8063,481.5252,363.0700,0,0,0,1.371534179631e-13,0,0.000000,0,current,off,off,0,0,0,0,0,,,0.000,,,,,,,
residual_current_n128,nid006398,hex8,residual,atomic,atomic,current,affine,0.000000e+00,72,0,128,2146689,2097152,8586756,0,0.0000,n/a,20,1.038608551e-02,826.7558,6461.4203,201.9194,152.2472,0,0,0,1.381248631097e-13,0,0.000000,0,current,off,off,0,0,0,0,0,,,0.000,,,,,,,
jac_bare_n128,nid006398,hex8,jac_action,atomic,atomic,sumfact,affine,0.000000e+00,72,0,128,2146689,2097152,8586756,0,0.0000,n/a,20,1.059724092e-02,810.2822,6332.6732,197.8960,168.2116,0,0,0,-3.357341910992e-12,0,0.000000,0,n/a,off,off,0,0,0,0,0,,,0.000,,,,,,,
jac_bare_n128,nid006398,hex8,jac_action,packed,packed,sumfact,affine,0.000000e+00,72,2048,128,2146689,2097152,8586756,0,0.0000,n/a,20,4.878926277e-03,1759.9684,13754.8428,429.8388,365.3630,0,0,0,-3.356411692633e-12,0,0.000000,0,n/a,off,off,0,0,0,0,0,,,0.000,,,,,,,
residual_bare_n128,nid006398,hex8,residual,atomic,atomic,sumfact,affine,0.000000e+00,72,0,128,2146689,2097152,8586756,0,0.0000,n/a,20,1.082987785e-02,792.8765,6196.6409,193.6450,146.0084,0,0,0,1.381383614267e-13,0,0.000000,0,sumfact,off,off,0,0,0,0,0,,,0.000,,,,,,,
residual_bare_n128,nid006398,hex8,residual,packed,packed,sumfact,affine,0.000000e+00,72,2048,128,2146689,2097152,8586756,0,0.0000,n/a,20,3.585779667e-03,2394.6692,18715.2782,584.8524,440.9787,0,0,0,1.371529842822e-13,0,0.000000,0,sumfact,off,off,0,0,0,0,0,,,0.000,,,,,,,
spmv_f32_n160,nid006398,hex8,bsr_apply,packed,n/a,sumfact,affine,0.000000e+00,72,2048,160,4173281,4096000,16693124,111284641,6792.2755,f32,20,1.819431782e-02,917.4911,0.0000,0.0000,0.0000,0,0,0,4.118532892879e-05,0,0.000000,0,n/a,off,off,0,0,0,0,0,,,0.000,,,,,,,
spmv_f64_n160,nid006398,hex8,bsr_apply,packed,n/a,sumfact,affine,0.000000e+00,72,2048,160,4173281,4096000,16693124,111284641,13584.5509,f64,20,3.620933294e-02,461.0172,0.0000,0.0000,0.0000,0,0,0,7.157881465282e-13,0,0.000000,0,n/a,off,off,0,0,0,0,0,,,0.000,,,,,,,
assemble_diag_n160,nid006398,hex8,assemble_diag,atomic,atomic,sumfact,affine,0.000000e+00,72,0,160,4173281,4096000,16693124,0,0.0000,n/a,20,1.502294064e-01,111.1176,872.4790,27.2650,20.5578,0,0,0,2.371982944015e+03,0,0.000000,0,n/a,off,off,0,0,0,0,0,,,0.000,,,,,,,
assemble_sympy_n160,nid006398,hex8,assemble,colored,colored,sympy,affine,0.000000e+00,72,2048,160,4173281,4096000,16693124,111284641,13584.5509,f64,20,1.666141748e-01,100.1903,786.6798,24.5837,56.6409,20,99,101,1.168506756832e-08,0,0.000000,0,sympy,off,off,0,0,0,0,0,,,0.000,,,,,,,
assemble_sympy_n160,nid006398,hex8,assemble,atomic,atomic,sympy,affine,0.000000e+00,72,0,160,4173281,4096000,16693124,111284641,13584.5509,f64,20,3.126846671e-01,53.3864,419.1827,13.0995,30.1812,0,0,0,1.167343591505e-08,0,0.000000,0,sympy,off,off,0,0,0,0,0,,,0.000,,,,,,,
assemble_n160,nid006398,hex8,assemble,store,store,sumfact,affine,0.000000e+00,72,2048,160,4173281,4096000,16693124,111284641,13584.5509,f64,20,2.384272814e-01,70.0135,549.7357,17.1792,39.5810,0,0,0,1.165429404451e-08,0,0.000000,0,sumfact,off,off,0,0,0,0,0,,,0.000,,,,,,,
assemble_n160,nid006398,hex8,assemble,colored,colored,sumfact,affine,0.000000e+00,72,2048,160,4173281,4096000,16693124,111284641,13584.5509,f64,20,1.569493532e-01,106.3599,835.1229,26.0976,60.1288,20,99,101,1.165426806529e-08,0,0.000000,0,sumfact,off,off,0,0,0,0,0,,,0.000,,,,,,,
assemble_n160,nid006398,hex8,assemble,atomic,atomic,sumfact,affine,0.000000e+00,72,0,160,4173281,4096000,16693124,111284641,13584.5509,f64,20,4.453243136e-01,37.4853,294.3293,9.1978,21.1917,0,0,0,1.164916721901e-08,0,0.000000,0,sumfact,off,off,0,0,0,0,0,,,0.000,,,,,,,
assemble_n160,nid006398,hex8,assemble,packed,packed,sumfact,affine,0.000000e+00,72,2048,160,4173281,4096000,16693124,111284641,13584.5509,f64,20,3.100595951e-01,53.8384,422.7316,13.2104,30.4367,0,0,0,1.165429404451e-08,0,0.000000,0,sumfact,off,off,0,0,0,0,0,,,0.000,,,,,,,
jac_rc_bnd_n160,nid006398,hex8,jac_action,atomic,atomic,sumfact,affine,0.000000e+00,72,0,160,4173281,4096000,16693124,0,0.0000,n/a,20,3.892269135e-02,428.8790,3367.4958,105.2342,89.4491,0,0,0,5.046148336219e+00,1,1.000000,1,n/a,exact,on,1,0,0,0,0,3.396646400e-03,0.087266,0.000,,,,,,,
jac_rc_bnd_n160,nid006398,hex8,jac_action,packed,packed,sumfact,affine,0.000000e+00,72,2048,160,4173281,4096000,16693124,0,0.0000,n/a,20,2.113771439e-02,789.7317,6200.8596,193.7769,164.7103,0,0,0,5.046148336219e+00,1,1.000000,1,n/a,exact,on,1,0,0,0,0,3.470387200e-03,0.164180,0.000,,,,,,,
jac_rc_n160,nid006398,hex8,jac_action,atomic,atomic,sumfact,affine,0.000000e+00,72,0,160,4173281,4096000,16693124,0,0.0000,n/a,20,3.768593073e-02,442.9537,3478.0088,108.6878,92.3846,0,0,0,-5.555626420603e-13,1,1.000000,0,n/a,exact,off,1,0,0,0,0,3.536230400e-03,0.093834,0.000,,,,,,,
jac_rc_n160,nid006398,hex8,jac_action,packed,packed,sumfact,affine,0.000000e+00,72,2048,160,4173281,4096000,16693124,0,0.0000,n/a,20,2.034806013e-02,820.3791,6441.4986,201.2968,171.1023,0,0,0,-5.547403831327e-13,1,1.000000,0,n/a,exact,off,1,0,0,0,0,3.584166400e-03,0.176143,0.000,,,,,,,
residual_rc_perapply_n160,nid006398,hex8,residual,atomic,atomic,sumfact,affine,0.000000e+00,72,0,160,4173281,4096000,16693124,0,0.0000,n/a,20,4.132509232e-02,403.9464,3171.7292,99.1165,74.7339,0,0,0,-7.449527377346e-14,1,1.000000,0,sumfact,on,off,0,1,0,0,0,,,0.000,,,,,,,
residual_rc_perapply_n160,nid006398,hex8,residual,packed,packed,sumfact,affine,0.000000e+00,72,2048,160,4173281,4096000,16693124,0,0.0000,n/a,20,1.523406506e-02,1095.7761,8603.8756,268.8711,202.7288,0,0,0,-7.066434026468e-14,1,1.000000,0,sumfact,on,off,0,1,0,0,0,,,0.000,,,,,,,
residual_rc_bnd_dt_n160,nid006398,hex8,residual,atomic,atomic,sumfact,affine,0.000000e+00,72,0,160,4173281,4096000,16693124,0,0.0000,n/a,20,3.244848251e-02,514.4501,4039.3877,126.2309,95.1781,0,0,0,6.759324573300e+00,1,1.000000,1,sumfact,on,on,0,0,0,0,1,,,0.000,,,,,,,
residual_rc_bnd_dt_n160,nid006398,hex8,residual,packed,packed,sumfact,affine,0.000000e+00,72,2048,160,4173281,4096000,16693124,0,0.0000,n/a,20,1.524789333e-02,1094.7823,8596.0727,268.6273,202.5450,0,0,0,6.759317416976e+00,1,1.000000,1,sumfact,on,on,0,0,0,0,1,,,0.000,,,,,,,
residual_rc_bnd_n160,nid006398,hex8,residual,atomic,atomic,sumfact,affine,0.000000e+00,72,0,160,4173281,4096000,16693124,0,0.0000,n/a,20,3.129252195e-02,533.4541,4188.6046,130.8939,98.6940,0,0,0,3.727500000000e+00,1,1.000000,1,sumfact,on,on,0,0,0,0,0,,,0.000,,,,,,,
residual_rc_bnd_n160,nid006398,hex8,residual,packed,packed,sumfact,affine,0.000000e+00,72,2048,160,4173281,4096000,16693124,0,0.0000,n/a,20,1.392371655e-02,1198.8986,9413.5786,294.1743,221.8074,0,0,0,3.727500000000e+00,1,1.000000,1,sumfact,on,on,0,0,0,0,0,,,0.000,,,,,,,
residual_rc_n160,nid006398,hex8,residual,atomic,atomic,sumfact,affine,0.000000e+00,72,0,160,4173281,4096000,16693124,0,0.0000,n/a,20,3.103151321e-02,537.9410,4223.8353,131.9949,99.5241,0,0,0,-7.449527377346e-14,1,1.000000,0,sumfact,on,off,0,0,0,0,0,,,0.000,,,,,,,
residual_rc_n160,nid006398,hex8,residual,packed,packed,sumfact,affine,0.000000e+00,72,2048,160,4173281,4096000,16693124,0,0.0000,n/a,20,1.306545734e-02,1277.6532,10031.9489,313.4984,236.3778,0,0,0,-7.066434026468e-14,1,1.000000,0,sumfact,on,off,0,0,0,0,0,,,0.000,,,,,,,
residual_current_n160,nid006398,hex8,residual,packed,packed,current,affine,0.000000e+00,72,2048,160,4173281,4096000,16693124,0,0.0000,n/a,20,8.370852470e-03,1994.1964,15658.1424,489.3170,368.9450,0,0,0,-6.568480297436e-14,0,0.000000,0,current,off,off,0,0,0,0,0,,,0.000,,,,,,,
residual_current_n160,nid006398,hex8,residual,atomic,atomic,current,affine,0.000000e+00,72,0,160,4173281,4096000,16693124,0,0.0000,n/a,20,2.101113796e-02,794.4893,6238.2152,194.9442,146.9879,0,0,0,-7.131918482433e-14,0,0.000000,0,current,off,off,0,0,0,0,0,,,0.000,,,,,,,
jac_bare_n160,nid006398,hex8,jac_action,atomic,atomic,sumfact,affine,0.000000e+00,72,0,160,4173281,4096000,16693124,0,0.0000,n/a,20,2.000468969e-02,834.4605,6552.0636,204.7520,174.0392,0,0,0,7.531967942138e-13,0,0.000000,0,n/a,off,off,0,0,0,0,0,,,0.000,,,,,,,
jac_bare_n160,nid006398,hex8,jac_action,packed,packed,sumfact,affine,0.000000e+00,72,2048,160,4173281,4096000,16693124,0,0.0000,n/a,20,9.584891796e-03,1741.6080,13674.8544,427.3392,363.2383,0,0,0,7.483083570110e-13,0,0.000000,0,n/a,off,off,0,0,0,0,0,,,0.000,,,,,,,
residual_bare_n160,nid006398,hex8,residual,atomic,atomic,sumfact,affine,0.000000e+00,72,0,160,4173281,4096000,16693124,0,0.0000,n/a,20,2.134339809e-02,782.1212,6141.1027,191.9095,144.6997,0,0,0,-7.557772766995e-14,0,0.000000,0,sumfact,off,off,0,0,0,0,0,,,0.000,,,,,,,
residual_bare_n160,nid006398,hex8,residual,packed,packed,sumfact,affine,0.000000e+00,72,2048,160,4173281,4096000,16693124,0,0.0000,n/a,20,7.012391090e-03,2380.5181,18691.4846,584.1089,440.4181,0,0,0,-6.926008161087e-14,0,0.000000,0,sumfact,off,off,0,0,0,0,0,,,0.000,,,,,,,
assemble_diag_n192,nid006398,hex8,assemble_diag,atomic,atomic,sumfact,affine,0.000000e+00,72,0,192,7189057,7077888,28756228,0,0.0000,n/a,20,2.597385406e-01,110.7122,872.0016,27.2500,20.5465,0,0,0,3.215019675301e+03,0,0.000000,0,n/a,off,off,0,0,0,0,0,,,0.000,,,,,,,
assemble_sympy_n192,nid006398,hex8,assemble,colored,colored,sympy,affine,0.000000e+00,72,2048,192,7189057,7077888,28756228,192100033,23449.7111,f64,20,2.688996077e-01,106.9404,842.2936,26.3217,60.6451,20,172,173,2.579494394832e-09,0,0.000000,0,sympy,off,off,0,0,0,0,0,,,0.000,,,,,,,
assemble_sympy_n192,nid006398,hex8,assemble,atomic,atomic,sympy,affine,0.000000e+00,72,0,192,7189057,7077888,28756228,192100033,23449.7111,f64,20,5.377313256e-01,53.4769,421.2000,13.1625,30.3264,0,0,0,2.579395400885e-09,0,0.000000,0,sympy,off,off,0,0,0,0,0,,,0.000,,,,,,,
assemble_n192,nid006398,hex8,assemble,store,store,sumfact,affine,0.000000e+00,72,2048,192,7189057,7077888,28756228,192100033,23449.7111,f64,20,3.957038999e-01,72.6711,572.3785,17.8868,41.2113,0,0,0,2.591725771935e-09,0,0.000000,0,sumfact,off,off,0,0,0,0,0,,,0.000,,,,,,,
assemble_n192,nid006398,hex8,assemble,colored,colored,sumfact,affine,0.000000e+00,72,2048,192,7189057,7077888,28756228,192100033,23449.7111,f64,20,2.746181011e-01,104.7135,824.7541,25.7736,59.3823,20,172,173,2.591710339835e-09,0,0.000000,0,sumfact,off,off,0,0,0,0,0,,,0.000,,,,,,,
assemble_n192,nid006398,hex8,assemble,atomic,atomic,sumfact,affine,0.000000e+00,72,0,192,7189057,7077888,28756228,192100033,23449.7111,f64,20,7.664856911e-01,37.5170,295.4946,9.2342,21.2756,0,0,0,2.591519757908e-09,0,0.000000,0,sumfact,off,off,0,0,0,0,0,,,0.000,,,,,,,
assemble_n192,nid006398,hex8,assemble,packed,packed,sumfact,affine,0.000000e+00,72,2048,192,7189057,7077888,28756228,192100033,23449.7111,f64,20,5.570832253e-01,51.6193,406.5684,12.7053,29.2729,0,0,0,2.591725771935e-09,0,0.000000,0,sumfact,off,off,0,0,0,0,0,,,0.000,,,,,,,
jac_rc_bnd_n192,nid006398,hex8,jac_action,atomic,atomic,sumfact,affine,0.000000e+00,72,0,192,7189057,7077888,28756228,0,0.0000,n/a,20,6.671710014e-02,431.0174,3394.8181,106.0881,90.1749,0,0,0,5.046108211775e+00,1,1.000000,1,n/a,exact,on,1,0,0,0,0,5.880524800e-03,0.088141,0.000,,,,,,,
jac_rc_bnd_n192,nid006398,hex8,jac_action,packed,packed,sumfact,affine,0.000000e+00,72,2048,192,7189057,7077888,28756228,0,0.0000,n/a,20,3.441962004e-02,835.4604,6580.3288,205.6353,174.7900,0,0,0,5.046108211775e+00,1,1.000000,1,n/a,exact,on,1,0,0,0,0,5.901388800e-03,0.171454,0.000,,,,,,,
jac_rc_n192,nid006398,hex8,jac_action,atomic,atomic,sumfact,affine,0.000000e+00,72,0,192,7189057,7077888,28756228,0,0.0000,n/a,20,6.497150660e-02,442.5975,3486.0268,108.9383,92.5976,0,0,0,1.539739415477e-12,1,1.000000,0,n/a,exact,off,1,0,0,0,0,5.707532800e-03,0.087847,0.000,,,,,,,
jac_rc_n192,nid006398,hex8,jac_action,packed,packed,sumfact,affine,0.000000e+00,72,2048,192,7189057,7077888,28756228,0,0.0000,n/a,20,3.294241428e-02,872.9241,6875.4043,214.8564,182.6279,0,0,0,1.535864016126e-12,1,1.000000,0,n/a,exact,off,1,0,0,0,0,5.959590400e-03,0.180909,0.000,,,,,,,
residual_rc_perapply_n192,nid006398,hex8,residual,atomic,atomic,sumfact,affine,0.000000e+00,72,0,192,7189057,7077888,28756228,0,0.0000,n/a,20,7.047207355e-02,408.0514,3213.9315,100.4354,75.7283,0,0,0,-1.622822969755e-14,1,1.000000,0,sumfact,on,off,0,1,0,0,0,,,0.000,,,,,,,
residual_rc_perapply_n192,nid006398,hex8,residual,packed,packed,sumfact,affine,0.000000e+00,72,2048,192,7189057,7077888,28756228,0,0.0000,n/a,20,2.595077753e-02,1108.1066,8727.7699,272.7428,205.6481,0,0,0,-1.538764775322e-14,1,1.000000,0,sumfact,on,off,0,1,0,0,0,,,0.000,,,,,,,
residual_rc_bnd_dt_n192,nid006398,hex8,residual,atomic,atomic,sumfact,affine,0.000000e+00,72,0,192,7189057,7077888,28756228,0,0.0000,n/a,20,5.389361382e-02,533.5739,4202.5836,131.3307,99.0234,0,0,0,6.759309506134e+00,1,1.000000,1,sumfact,on,on,0,0,0,0,1,,,0.000,,,,,,,
residual_rc_bnd_dt_n192,nid006398,hex8,residual,packed,packed,sumfact,affine,0.000000e+00,72,2048,192,7189057,7077888,28756228,0,0.0000,n/a,20,2.518658638e-02,1141.7279,8992.5809,281.0182,211.8877,0,0,0,6.759362918358e+00,1,1.000000,1,sumfact,on,on,0,0,0,0,1,,,0.000,,,,,,,
residual_rc_bnd_n192,nid006398,hex8,residual,atomic,atomic,sumfact,affine,0.000000e+00,72,0,192,7189057,7077888,28756228,0,0.0000,n/a,20,5.273389816e-02,545.3082,4295.0061,134.2189,101.2011,0,0,0,3.727500000000e+00,1,1.000000,1,sumfact,on,on,0,0,0,0,0,,,0.000,,,,,,,
residual_rc_bnd_n192,nid006398,hex8,residual,packed,packed,sumfact,affine,0.000000e+00,72,2048,192,7189057,7077888,28756228,0,0.0000,n/a,20,2.337125540e-02,1230.4101,9691.0676,302.8459,228.3458,0,0,0,3.727500000000e+00,1,1.000000,1,sumfact,on,on,0,0,0,0,0,,,0.000,,,,,,,
residual_rc_n192,nid006398,hex8,residual,atomic,atomic,sumfact,affine,0.000000e+00,72,0,192,7189057,7077888,28756228,0,0.0000,n/a,20,5.195852518e-02,553.4458,4359.1002,136.2219,102.7113,0,0,0,-1.622822969755e-14,1,1.000000,0,sumfact,on,off,0,0,0,0,0,,,0.000,,,,,,,
residual_rc_n192,nid006398,hex8,residual,packed,packed,sumfact,affine,0.000000e+00,72,2048,192,7189057,7077888,28756228,0,0.0000,n/a,20,2.185994387e-02,1315.4758,10361.0703,323.7834,244.1327,0,0,0,-1.538764775322e-14,1,1.000000,0,sumfact,on,off,0,0,0,0,0,,,0.000,,,,,,,
residual_current_n192,nid006398,hex8,residual,packed,packed,current,affine,0.000000e+00,72,2048,192,7189057,7077888,28756228,0,0.0000,n/a,20,1.422679424e-02,2021.2725,15920.1302,497.5041,375.1181,0,0,0,-1.793000698001e-14,0,0.000000,0,current,off,off,0,0,0,0,0,,,0.000,,,,,,,
residual_current_n192,nid006398,hex8,residual,atomic,atomic,current,affine,0.000000e+00,72,0,192,7189057,7077888,28756228,0,0.0000,n/a,20,3.401703835e-02,845.3478,6658.2050,208.0689,156.8840,0,0,0,-1.950513589619e-14,0,0.000000,0,current,off,off,0,0,0,0,0,,,0.000,,,,,,,
jac_bare_n192,nid006398,hex8,jac_action,atomic,atomic,sumfact,affine,0.000000e+00,72,0,192,7189057,7077888,28756228,0,0.0000,n/a,20,3.380681276e-02,850.6045,6699.6087,209.3628,177.9584,0,0,0,2.371232268698e-11,0,0.000000,0,n/a,off,off,0,0,0,0,0,,,0.000,,,,,,,
jac_bare_n192,nid006398,hex8,jac_action,packed,packed,sumfact,affine,0.000000e+00,72,2048,192,7189057,7077888,28756228,0,0.0000,n/a,20,1.608741283e-02,1787.4986,14078.8589,439.9643,373.9697,0,0,0,2.364980412027e-11,0,0.000000,0,n/a,off,off,0,0,0,0,0,,,0.000,,,,,,,
residual_bare_n192,nid006398,hex8,residual,atomic,atomic,sumfact,affine,0.000000e+00,72,0,192,7189057,7077888,28756228,0,0.0000,n/a,20,3.612480164e-02,796.0245,6269.7207,195.9288,147.7303,0,0,0,-1.625251582621e-14,0,0.000000,0,sumfact,off,off,0,0,0,0,0,,,0.000,,,,,,,
residual_bare_n192,nid006398,hex8,residual,packed,packed,sumfact,affine,0.000000e+00,72,2048,192,7189057,7077888,28756228,0,0.0000,n/a,20,1.183893681e-02,2428.9536,19131.1449,597.8483,450.7776,0,0,0,-1.637644013452e-14,0,0.000000,0,sumfact,off,off,0,0,0,0,0,,,0.000,,,,,,,
residual_bare_n64,nid006398,hex8,residual,packed,packed,sumfact,affine,0.000000e+00,72,2048,64,274625,262144,1098500,0,0.0000,n/a,20,4.148602486e-04,2647.8796,20220.3225,631.8851,476.4413,0,0,0,-1.134075472420e-14,0,0.000000,0,sumfact,off,off,0,0,0,0,0,,,0.000,,,,,,,
residual_bare_n64,nid006398,hex8,residual,atomic,atomic,sumfact,affine,0.000000e+00,72,0,64,274625,262144,1098500,0,0.0000,n/a,20,1.717770100e-03,639.4919,4883.4288,152.6072,115.0658,0,0,0,-1.236760260176e-14,0,0.000000,0,sumfact,off,off,0,0,0,0,0,,,0.000,,,,,,,
jac_bare_n64,nid006398,hex8,jac_action,packed,packed,sumfact,affine,0.000000e+00,72,2048,64,274625,262144,1098500,0,0.0000,n/a,20,6.517648697e-04,1685.4238,12870.6047,402.2064,341.8754,0,0,0,-9.063975156369e-13,0,0.000000,0,n/a,off,off,0,0,0,0,0,,,0.000,,,,,,,
jac_bare_n64,nid006398,hex8,jac_action,atomic,atomic,sumfact,affine,0.000000e+00,72,0,64,274625,262144,1098500,0,0.0000,n/a,20,1.469576359e-03,747.4943,5708.1811,178.3807,151.6236,0,0,0,-9.072856940566e-13,0,0.000000,0,n/a,off,off,0,0,0,0,0,,,0.000,,,,,,,
residual_current_n64,nid006398,hex8,residual,atomic,atomic,current,affine,0.000000e+00,72,0,64,274625,262144,1098500,0,0.0000,n/a,20,1.285231113e-03,854.7101,6526.9257,203.9664,153.7907,0,0,0,-1.240218865106e-14,0,0.000000,0,current,off,off,0,0,0,0,0,,,0.000,,,,,,,
residual_current_n64,nid006398,hex8,residual,packed,packed,current,affine,0.000000e+00,72,2048,64,274625,262144,1098500,0,0.0000,n/a,20,5.261421204e-04,2087.8389,15943.6161,498.2380,375.6715,0,0,0,-1.151401023136e-14,0,0.000000,0,current,off,off,0,0,0,0,0,,,0.000,,,,,,,
residual_rc_n64,nid006398,hex8,residual,packed,packed,sumfact,affine,0.000000e+00,72,2048,64,274625,262144,1098500,0,0.0000,n/a,20,7.471561432e-04,1470.2415,11227.3828,350.8557,264.5452,0,0,0,-1.139626587543e-14,1,1.000000,0,sumfact,on,off,0,0,0,0,0,,,0.000,,,,,,,
residual_rc_n64,nid006398,hex8,residual,atomic,atomic,sumfact,affine,0.000000e+00,72,0,64,274625,262144,1098500,0,0.0000,n/a,20,2.224421501e-03,493.8363,3771.1414,117.8482,88.8575,0,0,0,-1.283597794027e-14,1,1.000000,0,sumfact,on,off,0,0,0,0,0,,,0.000,,,,,,,
residual_rc_bnd_n64,nid006398,hex8,residual,packed,packed,sumfact,affine,0.000000e+00,72,2048,64,274625,262144,1098500,0,0.0000,n/a,20,8.124709129e-04,1352.0484,10324.8102,322.6503,243.2783,0,0,0,3.727500000000e+00,1,1.000000,1,sumfact,on,on,0,0,0,0,0,,,0.000,,,,,,,
residual_rc_bnd_n64,nid006398,hex8,residual,atomic,atomic,sumfact,affine,0.000000e+00,72,0,64,274625,262144,1098500,0,0.0000,n/a,20,2.271485329e-03,483.6043,3693.0056,115.4064,87.0164,0,0,0,3.727500000000e+00,1,1.000000,1,sumfact,on,on,0,0,0,0,0,,,0.000,,,,,,,
residual_rc_bnd_dt_n64,nid006398,hex8,residual,packed,packed,sumfact,affine,0.000000e+00,72,2048,64,274625,262144,1098500,0,0.0000,n/a,20,8.501887321e-04,1292.0661,9866.7598,308.3362,232.4855,0,0,0,6.759321052459e+00,1,1.000000,1,sumfact,on,on,0,0,0,0,1,,,0.000,,,,,,,
residual_rc_bnd_dt_n64,nid006398,hex8,residual,atomic,atomic,sumfact,affine,0.000000e+00,72,0,64,274625,262144,1098500,0,0.0000,n/a,20,1.892650127e-03,580.4031,4432.2022,138.5063,104.4338,0,0,0,6.759448953731e+00,1,1.000000,1,sumfact,on,on,0,0,0,0,1,,,0.000,,,,,,,
residual_rc_perapply_n64,nid006398,hex8,residual,packed,packed,sumfact,affine,0.000000e+00,72,2048,64,274625,262144,1098500,0,0.0000,n/a,20,8.575320244e-04,1281.0017,9782.2679,305.6959,230.4947,0,0,0,-1.139626587543e-14,1,1.000000,0,sumfact,on,off,0,1,0,0,0,,,0.000,,,,,,,
residual_rc_perapply_n64,nid006398,hex8,residual,atomic,atomic,sumfact,affine,0.000000e+00,72,0,64,274625,262144,1098500,0,0.0000,n/a,20,2.688062191e-03,408.6587,3120.6897,97.5216,73.5313,0,0,0,-1.283597794027e-14,1,1.000000,0,sumfact,on,off,0,1,0,0,0,,,0.000,,,,,,,
jac_rc_n64,nid006398,hex8,jac_action,packed,packed,sumfact,affine,0.000000e+00,72,2048,64,274625,262144,1098500,0,0.0000,n/a,20,1.025927067e-03,1070.7389,8176.6124,255.5191,217.1913,0,0,0,-4.672237531762e-13,1,1.000000,0,n/a,exact,off,1,0,0,0,0,1.304448000e-04,0.127148,0.000,,,,,,,
jac_rc_n64,nid006398,hex8,jac_action,atomic,atomic,sumfact,affine,0.000000e+00,72,0,64,274625,262144,1098500,0,0.0000,n/a,20,2.305042744e-03,476.5638,3639.2418,113.7263,96.6674,0,0,0,-4.694580770133e-13,1,1.000000,0,n/a,exact,off,1,0,0,0,0,1.373056000e-04,0.059567,0.000,,,,,,,
jac_rc_bnd_n64,nid006398,hex8,jac_action,packed,packed,sumfact,affine,0.000000e+00,72,2048,64,274625,262144,1098500,0,0.0000,n/a,20,1.226580143e-03,895.5795,6839.0215,213.7194,181.6615,0,0,0,5.044059835243e+00,1,1.000000,1,n/a,exact,on,1,0,0,0,0,1.716736000e-04,0.139961,0.000,,,,,,,
jac_rc_bnd_n64,nid006398,hex8,jac_action,atomic,atomic,sumfact,affine,0.000000e+00,72,0,64,274625,262144,1098500,0,0.0000,n/a,20,2.362048626e-03,465.0624,3551.4121,110.9816,94.3344,0,0,0,5.044059835243e+00,1,1.000000,1,n/a,exact,on,1,0,0,0,0,1.270528000e-04,0.053789,0.000,,,,,,,
assemble_n64,nid006398,hex8,assemble,packed,packed,sumfact,affine,0.000000e+00,72,2048,64,274625,262144,1098500,7189057,877.5704,f64,20,1.989407539e-02,55.2174,421.6636,13.1770,30.3598,0,0,0,2.702430495366e-10,0,0.000000,0,sumfact,off,off,0,0,0,0,0,,,0.000,,,,,,,
assemble_n64,nid006398,hex8,assemble,atomic,atomic,sumfact,affine,0.000000e+00,72,0,64,274625,262144,1098500,7189057,877.5704,f64,20,2.935491800e-02,37.4213,285.7650,8.9302,20.5751,0,0,0,2.702932316173e-10,0,0.000000,0,sumfact,off,off,0,0,0,0,0,,,0.000,,,,,,,
assemble_n64,nid006398,hex8,assemble,colored,colored,sumfact,affine,0.000000e+00,72,2048,64,274625,262144,1098500,7189057,877.5704,f64,20,2.347650528e-02,46.7915,357.3193,11.1662,25.7270,11,11,12,2.702430495366e-10,0,0.000000,0,sumfact,off,off,0,0,0,0,0,,,0.000,,,,,,,
assemble_n64,nid006398,hex8,assemble,store,store,sumfact,affine,0.000000e+00,72,2048,64,274625,262144,1098500,7189057,877.5704,f64,20,1.467146873e-02,74.8732,571.7633,17.8676,41.1670,0,0,0,2.702430495366e-10,0,0.000000,0,sumfact,off,off,0,0,0,0,0,,,0.000,,,,,,,
assemble_sympy_n64,nid006398,hex8,assemble,atomic,atomic,sympy,affine,0.000000e+00,72,0,64,274625,262144,1098500,7189057,877.5704,f64,20,2.061994076e-02,53.2737,406.8202,12.7131,29.2911,0,0,0,2.702932318341e-10,0,0.000000,0,sympy,off,off,0,0,0,0,0,,,0.000,,,,,,,
assemble_sympy_n64,nid006398,hex8,assemble,colored,colored,sympy,affine,0.000000e+00,72,2048,64,274625,262144,1098500,7189057,877.5704,f64,20,2.871114016e-02,38.2604,292.1726,9.1304,21.0364,11,11,12,2.702430497534e-10,0,0.000000,0,sympy,off,off,0,0,0,0,0,,,0.000,,,,,,,
assemble_diag_n64,nid006398,hex8,assemble_diag,atomic,atomic,sumfact,affine,0.000000e+00,72,0,64,274625,262144,1098500,0,0.0000,n/a,20,1.066637039e-02,102.9872,786.4538,24.5767,18.5308,0,0,0,5.801523603040e+02,0,0.000000,0,n/a,off,off,0,0,0,0,0,,,0.000,,,,,,,
spmv_f64_n64,nid006398,hex8,bsr_apply,packed,n/a,sumfact,affine,0.000000e+00,72,2048,64,274625,262144,1098500,7189057,877.5704,f64,20,2.217698097e-03,495.3334,0.0000,0.0000,0.0000,0,0,0,-9.061069494547e-13,0,0.000000,0,n/a,off,off,0,0,0,0,0,,,0.000,,,,,,,
spmv_f32_n64,nid006398,hex8,bsr_apply,packed,n/a,sumfact,affine,0.000000e+00,72,2048,64,274625,262144,1098500,7189057,438.7852,f32,20,1.154303551e-03,951.6561,0.0000,0.0000,0.0000,0,0,0,1.266297573960e-05,0,0.000000,0,n/a,off,off,0,0,0,0,0,,,0.000,,,,,,,
residual_bare_n96,nid006398,hex8,residual,packed,packed,sumfact,affine,0.000000e+00,72,2048,96,912673,884736,3650692,0,0.0000,n/a,20,1.436078548e-03,2542.1256,19714.4871,616.0777,464.5226,0,0,0,8.463618261095e-14,0,0.000000,0,sumfact,off,off,0,0,0,0,0,,,0.000,,,,,,,
residual_bare_n96,nid006398,hex8,residual,atomic,atomic,sumfact,affine,0.000000e+00,72,0,96,912673,884736,3650692,0,0.0000,n/a,20,4.547846317e-03,802.7299,6225.2658,194.5396,146.6828,0,0,0,9.779471069754e-14,0,0.000000,0,sumfact,off,off,0,0,0,0,0,,,0.000,,,,,,,
jac_bare_n96,nid006398,hex8,jac_action,packed,packed,sumfact,affine,0.000000e+00,72,2048,96,912673,884736,3650692,0,0.0000,n/a,20,1.936268806e-03,1885.4262,14621.7054,456.9283,388.3890,0,0,0,-1.951219960887e-12,0,0.000000,0,n/a,off,off,0,0,0,0,0,,,0.000,,,,,,,
jac_bare_n96,nid006398,hex8,jac_action,atomic,atomic,sumfact,affine,0.000000e+00,72,0,96,912673,884736,3650692,0,0.0000,n/a,20,4.614984989e-03,791.0518,6134.7008,191.7094,162.9530,0,0,0,-1.959269077816e-12,0,0.000000,0,n/a,off,off,0,0,0,0,0,,,0.000,,,,,,,
residual_current_n96,nid006398,hex8,residual,atomic,atomic,current,affine,0.000000e+00,72,0,96,912673,884736,3650692,0,0.0000,n/a,20,4.437983036e-03,822.6016,6379.3736,199.3554,150.3140,0,0,0,1.028125609821e-13,0,0.000000,0,current,off,off,0,0,0,0,0,,,0.000,,,,,,,
residual_current_n96,nid006398,hex8,residual,packed,packed,current,affine,0.000000e+00,72,2048,96,912673,884736,3650692,0,0.0000,n/a,20,1.958990097e-03,1863.5582,14452.1159,451.6286,340.5280,0,0,0,8.832415051077e-14,0,0.000000,0,current,off,off,0,0,0,0,0,,,0.000,,,,,,,
residual_rc_n96,nid006398,hex8,residual,packed,packed,sumfact,affine,0.000000e+00,72,2048,96,912673,884736,3650692,0,0.0000,n/a,20,2.734148502e-03,1335.2208,10354.7967,323.5874,243.9849,0,0,0,8.513567455182e-14,1,1.000000,0,sumfact,on,off,0,0,0,0,0,,,0.000,,,,,,,
residual_rc_n96,nid006398,hex8,residual,atomic,atomic,sumfact,affine,0.000000e+00,72,0,96,912673,884736,3650692,0,0.0000,n/a,20,6.468915939e-03,564.3437,4376.5528,136.7673,103.1225,0,0,0,9.933444041280e-14,1,1.000000,0,sumfact,on,off,0,0,0,0,0,,,0.000,,,,,,,
residual_rc_bnd_n96,nid006398,hex8,residual,packed,packed,sumfact,affine,0.000000e+00,72,2048,96,912673,884736,3650692,0,0.0000,n/a,20,2.779984474e-03,1313.2059,10184.0684,318.2521,239.9621,0,0,0,3.727500000000e+00,1,1.000000,1,sumfact,on,on,0,0,0,0,0,,,0.000,,,,,,,
residual_rc_bnd_n96,nid006398,hex8,residual,atomic,atomic,sumfact,affine,0.000000e+00,72,0,96,912673,884736,3650692,0,0.0000,n/a,20,6.728529930e-03,542.5690,4207.6876,131.4902,99.1436,0,0,0,3.727500000000e+00,1,1.000000,1,sumfact,on,on,0,0,0,0,0,,,0.000,,,,,,,
residual_rc_bnd_dt_n96,nid006398,hex8,residual,packed,packed,sumfact,affine,0.000000e+00,72,2048,96,912673,884736,3650692,0,0.0000,n/a,20,3.038740158e-03,1201.3834,9316.8716,291.1522,219.5288,0,0,0,6.759222128181e+00,1,1.000000,1,sumfact,on,on,0,0,0,0,1,,,0.000,,,,,,,
residual_rc_bnd_dt_n96,nid006398,hex8,residual,atomic,atomic,sumfact,affine,0.000000e+00,72,0,96,912673,884736,3650692,0,0.0000,n/a,20,6.743204594e-03,541.3883,4198.5308,131.2041,98.9279,0,0,0,6.759287405709e+00,1,1.000000,1,sumfact,on,on,0,0,0,0,1,,,0.000,,,,,,,
residual_rc_perapply_n96,nid006398,hex8,residual,packed,packed,sumfact,affine,0.000000e+00,72,2048,96,912673,884736,3650692,0,0.0000,n/a,20,3.036689758e-03,1202.1946,9323.1625,291.3488,219.6770,0,0,0,8.513567455182e-14,1,1.000000,0,sumfact,on,off,0,1,0,0,0,,,0.000,,,,,,,
residual_rc_perapply_n96,nid006398,hex8,residual,atomic,atomic,sumfact,affine,0.000000e+00,72,0,96,912673,884736,3650692,0,0.0000,n/a,20,9.161376953e-03,398.4873,3090.3162,96.5724,72.8156,0,0,0,9.933444041280e-14,1,1.000000,0,sumfact,on,off,0,1,0,0,0,,,0.000,,,,,,,
jac_rc_n96,nid006398,hex8,jac_action,packed,packed,sumfact,affine,0.000000e+00,72,2048,96,912673,884736,3650692,0,0.0000,n/a,20,4.440629482e-03,822.1114,6375.5718,199.2366,169.3511,0,0,0,-2.052185190445e-13,1,1.000000,0,n/a,exact,off,1,0,0,0,0,6.116992000e-04,0.137751,0.000,,,,,,,
jac_rc_n96,nid006398,hex8,jac_action,atomic,atomic,sumfact,affine,0.000000e+00,72,0,96,912673,884736,3650692,0,0.0000,n/a,20,8.417809010e-03,433.6867,3363.2923,105.1029,89.3375,0,0,0,-2.023527558622e-13,1,1.000000,0,n/a,exact,off,1,0,0,0,0,5.917568000e-04,0.070298,0.000,,,,,,,
jac_rc_bnd_n96,nid006398,hex8,jac_action,packed,packed,sumfact,affine,0.000000e+00,72,2048,96,912673,884736,3650692,0,0.0000,n/a,20,4.696261883e-03,777.3612,6028.5292,188.3915,160.1328,0,0,0,5.046234218079e+00,1,1.000000,1,n/a,exact,on,1,0,0,0,0,6.112128000e-04,0.130149,0.000,,,,,,,
jac_rc_bnd_n96,nid006398,hex8,jac_action,atomic,atomic,sumfact,affine,0.000000e+00,72,0,96,912673,884736,3650692,0,0.0000,n/a,20,8.605444431e-03,424.2305,3289.9581,102.8112,87.3895,0,0,0,5.046234218079e+00,1,1.000000,1,n/a,exact,on,1,0,0,0,0,5.291520000e-04,0.061490,0.000,,,,,,,
assemble_n96,nid006398,hex8,assemble,packed,packed,sumfact,affine,0.000000e+00,72,2048,96,912673,884736,3650692,24137569,2946.4806,f64,20,6.987082958e-02,52.2492,405.1985,12.6625,29.1743,0,0,0,7.424116575276e-11,0,0.000000,0,sumfact,off,off,0,0,0,0,0,,,0.000,,,,,,,
assemble_n96,nid006398,hex8,assemble,atomic,atomic,sumfact,affine,0.000000e+00,72,0,96,912673,884736,3650692,24137569,2946.4806,f64,20,9.643718004e-02,37.8556,293.5751,9.1742,21.1374,0,0,0,7.342422201788e-11,0,0.000000,0,sumfact,off,off,0,0,0,0,0,,,0.000,,,,,,,
assemble_n96,nid006398,hex8,assemble,colored,colored,sumfact,affine,0.000000e+00,72,2048,96,912673,884736,3650692,24137569,2946.4806,f64,20,4.658116102e-02,78.3727,607.7897,18.9934,43.7609,17,25,26,7.428368729460e-11,0,0.000000,0,sumfact,off,off,0,0,0,0,0,,,0.000,,,,,,,
assemble_n96,nid006398,hex8,assemble,store,store,sumfact,affine,0.000000e+00,72,2048,96,912673,884736,3650692,24137569,2946.4806,f64,20,5.167949200e-02,70.6410,547.8295,17.1197,39.4437,0,0,0,7.424116575276e-11,0,0.000000,0,sumfact,off,off,0,0,0,0,0,,,0.000,,,,,,,
assemble_sympy_n96,nid006398,hex8,assemble,atomic,atomic,sympy,affine,0.000000e+00,72,0,96,912673,884736,3650692,24137569,2946.4806,f64,20,6.772106886e-02,53.9078,418.0612,13.0644,30.1004,0,0,0,6.578006241380e-11,0,0.000000,0,sympy,off,off,0,0,0,0,0,,,0.000,,,,,,,
assemble_sympy_n96,nid006398,hex8,assemble,colored,colored,sympy,affine,0.000000e+00,72,2048,96,912673,884736,3650692,24137569,2946.4806,f64,20,5.261384249e-02,69.3865,538.1008,16.8157,38.7433,17,25,26,6.667015596822e-11,0,0.000000,0,sympy,off,off,0,0,0,0,0,,,0.000,,,,,,,
assemble_diag_n96,nid006398,hex8,assemble_diag,atomic,atomic,sumfact,affine,0.000000e+00,72,0,96,912673,884736,3650692,0,0.0000,n/a,20,3.375140429e-02,108.1642,838.8259,26.2133,19.7648,0,0,0,1.054549351220e+03,0,0.000000,0,n/a,off,off,0,0,0,0,0,,,0.000,,,,,,,
spmv_f64_n96,nid006398,hex8,bsr_apply,packed,n/a,sumfact,affine,0.000000e+00,72,2048,96,912673,884736,3650692,24137569,2946.4806,f64,20,7.867240906e-03,464.0371,0.0000,0.0000,0.0000,0,0,0,-2.144415680726e-12,0,0.000000,0,n/a,off,off,0,0,0,0,0,,,0.000,,,,,,,
spmv_f32_n96,nid006398,hex8,bsr_apply,packed,n/a,sumfact,affine,0.000000e+00,72,2048,96,912673,884736,3650692,24137569,1473.2403,f32,20,4.304587841e-03,848.0933,0.0000,0.0000,0.0000,0,0,0,-1.160063154236e-06,0,0.000000,0,n/a,off,off,0,0,0,0,0,,,0.000,,,,,,,
residual_bare_n128,nid006398,hex8,residual,packed,packed,sumfact,affine,0.000000e+00,72,2048,128,2146689,2097152,8586756,0,0.0000,n/a,20,3.503549099e-03,2450.8736,19154.5379,598.5793,451.3288,0,0,0,1.371529842822e-13,0,0.000000,0,sumfact,off,off,0,0,0,0,0,,,0.000,,,,,,,
residual_bare_n128,nid006398,hex8,residual,atomic,atomic,sumfact,affine,0.000000e+00,72,0,128,2146689,2097152,8586756,0,0.0000,n/a,20,1.111338139e-02,772.6502,6038.5639,188.7051,142.2837,0,0,0,1.381383614267e-13,0,0.000000,0,sumfact,off,off,0,0,0,0,0,,,0.000,,,,,,,
jac_bare_n128,nid006398,hex8,jac_action,packed,packed,sumfact,affine,0.000000e+00,72,2048,128,2146689,2097152,8586756,0,0.0000,n/a,20,4.905807972e-03,1750.3245,13679.4722,427.4835,363.3610,0,0,0,-3.356411692633e-12,0,0.000000,0,n/a,off,off,0,0,0,0,0,,,0.000,,,,,,,
jac_bare_n128,nid006398,hex8,jac_action,atomic,atomic,sumfact,affine,0.000000e+00,72,0,128,2146689,2097152,8586756,0,0.0000,n/a,20,1.043505669e-02,822.8758,6431.0972,200.9718,170.8260,0,0,0,-3.357341910992e-12,0,0.000000,0,n/a,off,off,0,0,0,0,0,,,0.000,,,,,,,
residual_current_n128,nid006398,hex8,residual,atomic,atomic,current,affine,0.000000e+00,72,0,128,2146689,2097152,8586756,0,0.0000,n/a,20,1.069823503e-02,802.6330,6272.8912,196.0278,147.8050,0,0,0,1.381248631097e-13,0,0.000000,0,current,off,off,0,0,0,0,0,,,0.000,,,,,,,
residual_current_n128,nid006398,hex8,residual,packed,packed,current,affine,0.000000e+00,72,2048,128,2146689,2097152,8586756,0,0.0000,n/a,20,4.449975491e-03,1929.6187,15080.7267,471.2727,355.3396,0,0,0,1.371534179631e-13,0,0.000000,0,current,off,off,0,0,0,0,0,,,0.000,,,,,,,
residual_rc_n128,nid006398,hex8,residual,packed,packed,sumfact,affine,0.000000e+00,72,2048,128,2146689,2097152,8586756,0,0.0000,n/a,20,6.636106968e-03,1293.9448,10112.6857,316.0214,238.2802,0,0,0,1.371512495588e-13,1,1.000000,0,sumfact,on,off,0,0,0,0,0,,,0.000,,,,,,,
residual_rc_n128,nid006398,hex8,residual,atomic,atomic,sumfact,affine,0.000000e+00,72,0,128,2146689,2097152,8586756,0,0.0000,n/a,20,1.540690660e-02,557.3316,4355.7650,136.1177,102.6327,0,0,0,1.381366267032e-13,1,1.000000,0,sumfact,on,off,0,0,0,0,0,,,0.000,,,,,,,
residual_rc_bnd_n128,nid006398,hex8,residual,packed,packed,sumfact,affine,0.000000e+00,72,2048,128,2146689,2097152,8586756,0,0.0000,n/a,20,7.128524780e-03,1204.5628,9414.1307,294.1916,221.8205,0,0,0,3.727500000000e+00,1,1.000000,1,sumfact,on,on,0,0,0,0,0,,,0.000,,,,,,,
residual_rc_bnd_n128,nid006398,hex8,residual,atomic,atomic,sumfact,affine,0.000000e+00,72,0,128,2146689,2097152,8586756,0,0.0000,n/a,20,1.565749645e-02,548.4118,4286.0533,133.9392,100.9901,0,0,0,3.727500000000e+00,1,1.000000,1,sumfact,on,on,0,0,0,0,0,,,0.000,,,,,,,
residual_rc_bnd_dt_n128,nid006398,hex8,residual,packed,packed,sumfact,affine,0.000000e+00,72,2048,128,2146689,2097152,8586756,0,0.0000,n/a,20,7.893371582e-03,1087.8439,8501.9264,265.6852,200.3266,0,0,0,6.759281944370e+00,1,1.000000,1,sumfact,on,on,0,0,0,0,1,,,0.000,,,,,,,
residual_rc_bnd_dt_n128,nid006398,hex8,residual,atomic,atomic,sumfact,affine,0.000000e+00,72,0,128,2146689,2097152,8586756,0,0.0000,n/a,20,1.619641781e-02,530.1639,4143.4387,129.4825,97.6298,0,0,0,6.759329548060e+00,1,1.000000,1,sumfact,on,on,0,0,0,0,1,,,0.000,,,,,,,
residual_rc_perapply_n128,nid006398,hex8,residual,packed,packed,sumfact,affine,0.000000e+00,72,2048,128,2146689,2097152,8586756,0,0.0000,n/a,20,7.766234875e-03,1105.6524,8641.1067,270.0346,203.6061,0,0,0,1.371512495588e-13,1,1.000000,0,sumfact,on,off,0,1,0,0,0,,,0.000,,,,,,,
residual_rc_perapply_n128,nid006398,hex8,residual,atomic,atomic,sumfact,affine,0.000000e+00,72,0,128,2146689,2097152,8586756,0,0.0000,n/a,20,2.098962069e-02,409.0953,3197.2404,99.9138,75.3350,0,0,0,1.381366267032e-13,1,1.000000,0,sumfact,on,off,0,1,0,0,0,,,0.000,,,,,,,
jac_rc_n128,nid006398,hex8,jac_action,packed,packed,sumfact,affine,0.000000e+00,72,2048,128,2146689,2097152,8586756,0,0.0000,n/a,20,1.062823534e-02,807.9193,6314.2057,197.3189,167.7211,0,0,0,7.525805065939e-14,1,1.000000,0,n/a,exact,off,1,0,0,0,0,1.802969600e-03,0.169640,0.000,,,,,,,
jac_rc_n128,nid006398,hex8,jac_action,atomic,atomic,sumfact,affine,0.000000e+00,72,0,128,2146689,2097152,8586756,0,0.0000,n/a,20,1.953961849e-02,439.4536,3434.5023,107.3282,91.2290,0,0,0,8.619374745195e-14,1,1.000000,0,n/a,exact,off,1,0,0,0,0,1.539353600e-03,0.078781,0.000,,,,,,,
jac_rc_bnd_n128,nid006398,hex8,jac_action,packed,packed,sumfact,affine,0.000000e+00,72,2048,128,2146689,2097152,8586756,0,0.0000,n/a,20,1.128337383e-02,761.0096,5947.5885,185.8621,157.9828,0,0,0,5.044940681195e+00,1,1.000000,1,n/a,exact,on,1,0,0,0,0,1.679424000e-03,0.148841,0.000,,,,,,,
jac_rc_bnd_n128,nid006398,hex8,jac_action,atomic,atomic,sumfact,affine,0.000000e+00,72,0,128,2146689,2097152,8586756,0,0.0000,n/a,20,2.014590502e-02,426.2284,3331.1417,104.0982,88.4835,0,0,0,5.044940681195e+00,1,1.000000,1,n/a,exact,on,1,0,0,0,0,1.719744000e-03,0.085364,0.000,,,,,,,
assemble_n128,nid006398,hex8,assemble,packed,packed,sumfact,affine,0.000000e+00,72,2048,128,2146689,2097152,8586756,57066625,6966.1407,f64,20,1.609422207e-01,53.3530,416.9749,13.0305,30.0222,0,0,0,-3.076222088107e-08,0,0.000000,0,sumfact,off,off,0,0,0,0,0,,,0.000,,,,,,,
assemble_n128,nid006398,hex8,assemble,atomic,atomic,sumfact,affine,0.000000e+00,72,0,128,2146689,2097152,8586756,57066625,6966.1407,f64,20,2.269664764e-01,37.8327,295.6774,9.2399,21.2888,0,0,0,-3.076550014682e-08,0,0.000000,0,sumfact,off,off,0,0,0,0,0,,,0.000,,,,,,,
assemble_n128,nid006398,hex8,assemble,colored,colored,sumfact,affine,0.000000e+00,72,2048,128,2146689,2097152,8586756,57066625,6966.1407,f64,20,9.768826962e-02,87.8996,686.9695,21.4678,49.4618,14,72,74,-3.076222088107e-08,0,0.000000,0,sumfact,off,off,0,0,0,0,0,,,0.000,,,,,,,
assemble_n128,nid006398,hex8,assemble,store,store,sumfact,affine,0.000000e+00,72,2048,128,2146689,2097152,8586756,57066625,6966.1407,f64,20,1.161197662e-01,73.9474,577.9280,18.0602,41.6108,0,0,0,-3.076222088107e-08,0,0.000000,0,sumfact,off,off,0,0,0,0,0,,,0.000,,,,,,,
assemble_sympy_n128,nid006398,hex8,assemble,atomic,atomic,sympy,affine,0.000000e+00,72,0,128,2146689,2097152,8586756,57066625,6966.1407,f64,20,1.604966402e-01,53.5012,418.1325,13.0666,30.1055,0,0,0,-3.076550013728e-08,0,0.000000,0,sympy,off,off,0,0,0,0,0,,,0.000,,,,,,,
assemble_sympy_n128,nid006398,hex8,assemble,colored,colored,sympy,affine,0.000000e+00,72,2048,128,2146689,2097152,8586756,57066625,6966.1407,f64,20,1.038959622e-01,82.6476,645.9237,20.1851,46.5065,14,72,74,-3.076222087847e-08,0,0.000000,0,sympy,off,off,0,0,0,0,0,,,0.000,,,,,,,
assemble_diag_n128,nid006398,hex8,assemble_diag,atomic,atomic,sumfact,affine,0.000000e+00,72,0,128,2146689,2097152,8586756,0,0.0000,n/a,20,7.798235416e-02,110.1115,860.5647,26.8926,20.2771,0,0,0,1.651826180067e+03,0,0.000000,0,n/a,off,off,0,0,0,0,0,,,0.000,,,,,,,
spmv_f64_n128,nid006398,hex8,bsr_apply,packed,n/a,sumfact,affine,0.000000e+00,72,2048,128,2146689,2097152,8586756,57066625,6966.1407,f64,20,1.843779087e-02,465.7150,0.0000,0.0000,0.0000,0,0,0,-3.359821589780e-12,0,0.000000,0,n/a,off,off,0,0,0,0,0,,,0.000,,,,,,,
spmv_f32_n128,nid006398,hex8,bsr_apply,packed,n/a,sumfact,affine,0.000000e+00,72,2048,128,2146689,2097152,8586756,57066625,3483.0704,f32,20,1.055735350e-02,813.3436,0.0000,0.0000,0.0000,0,0,0,4.661783736126e-05,0,0.000000,0,n/a,off,off,0,0,0,0,0,,,0.000,,,,,,,
residual_bare_n160,nid006398,hex8,residual,packed,packed,sumfact,affine,0.000000e+00,72,2048,160,4173281,4096000,16693124,0,0.0000,n/a,20,6.796276569e-03,2456.2161,19285.8543,602.6829,454.4229,0,0,0,-6.926008161087e-14,0,0.000000,0,sumfact,off,off,0,0,0,0,0,,,0.000,,,,,,,
residual_bare_n160,nid006398,hex8,residual,atomic,atomic,sumfact,affine,0.000000e+00,72,0,160,4173281,4096000,16693124,0,0.0000,n/a,20,2.163740396e-02,771.4938,6057.6583,189.3018,142.7336,0,0,0,-7.557772766995e-14,0,0.000000,0,sumfact,off,off,0,0,0,0,0,,,0.000,,,,,,,
jac_bare_n160,nid006398,hex8,jac_action,packed,packed,sumfact,affine,0.000000e+00,72,2048,160,4173281,4096000,16693124,0,0.0000,n/a,20,9.572696686e-03,1743.8267,13692.2755,427.8836,363.7011,0,0,0,7.483083570110e-13,0,0.000000,0,n/a,off,off,0,0,0,0,0,,,0.000,,,,,,,
jac_bare_n160,nid006398,hex8,jac_action,atomic,atomic,sumfact,affine,0.000000e+00,72,0,160,4173281,4096000,16693124,0,0.0000,n/a,20,1.999061108e-02,835.0482,6556.6780,204.8962,174.1618,0,0,0,7.531967942138e-13,0,0.000000,0,n/a,off,off,0,0,0,0,0,,,0.000,,,,,,,
residual_current_n160,nid006398,hex8,residual,atomic,atomic,current,affine,0.000000e+00,72,0,160,4173281,4096000,16693124,0,0.0000,n/a,20,2.078164816e-02,803.2628,6307.1032,197.0970,148.6111,0,0,0,-7.131918482433e-14,0,0.000000,0,current,off,off,0,0,0,0,0,,,0.000,,,,,,,
residual_current_n160,nid006398,hex8,residual,packed,packed,current,affine,0.000000e+00,72,2048,160,4173281,4096000,16693124,0,0.0000,n/a,20,8.381545544e-03,1991.6522,15638.1659,488.6927,368.4743,0,0,0,-6.568480297436e-14,0,0.000000,0,current,off,off,0,0,0,0,0,,,0.000,,,,,,,
residual_rc_n160,nid006398,hex8,residual,packed,packed,sumfact,affine,0.000000e+00,72,2048,160,4173281,4096000,16693124,0,0.0000,n/a,20,1.282662153e-02,1301.4436,10218.7470,319.3358,240.7792,0,0,0,-7.066434026468e-14,1,1.000000,0,sumfact,on,off,0,0,0,0,0,,,0.000,,,,,,,
residual_rc_n160,nid006398,hex8,residual,atomic,atomic,sumfact,affine,0.000000e+00,72,0,160,4173281,4096000,16693124,0,0.0000,n/a,20,3.038356304e-02,549.4130,4313.9114,134.8097,101.6465,0,0,0,-7.449527377346e-14,1,1.000000,0,sumfact,on,off,0,0,0,0,0,,,0.000,,,,,,,
residual_rc_bnd_n160,nid006398,hex8,residual,packed,packed,sumfact,affine,0.000000e+00,72,2048,160,4173281,4096000,16693124,0,0.0000,n/a,20,1.359101534e-02,1228.2470,9644.0183,301.3756,227.2372,0,0,0,3.727500000000e+00,1,1.000000,1,sumfact,on,on,0,0,0,0,0,,,0.000,,,,,,,
residual_rc_bnd_n160,nid006398,hex8,residual,atomic,atomic,sumfact,affine,0.000000e+00,72,0,160,4173281,4096000,16693124,0,0.0000,n/a,20,3.144528866e-02,530.8625,4168.2556,130.2580,98.2145,0,0,0,3.727500000000e+00,1,1.000000,1,sumfact,on,on,0,0,0,0,0,,,0.000,,,,,,,
residual_rc_bnd_dt_n160,nid006398,hex8,residual,packed,packed,sumfact,affine,0.000000e+00,72,2048,160,4173281,4096000,16693124,0,0.0000,n/a,20,1.501183510e-02,1111.9976,8731.2443,272.8514,205.7299,0,0,0,6.759317416976e+00,1,1.000000,1,sumfact,on,on,0,0,0,0,1,,,0.000,,,,,,,
residual_rc_bnd_dt_n160,nid006398,hex8,residual,atomic,atomic,sumfact,affine,0.000000e+00,72,0,160,4173281,4096000,16693124,0,0.0000,n/a,20,3.278912306e-02,509.1055,3997.4232,124.9195,94.1893,0,0,0,6.759324573300e+00,1,1.000000,1,sumfact,on,on,0,0,0,0,1,,,0.000,,,,,,,
residual_rc_perapply_n160,nid006398,hex8,residual,packed,packed,sumfact,affine,0.000000e+00,72,2048,160,4173281,4096000,16693124,0,0.0000,n/a,20,1.518599987e-02,1099.2443,8631.1077,269.7221,203.3705,0,0,0,-7.066434026468e-14,1,1.000000,0,sumfact,on,off,0,1,0,0,0,,,0.000,,,,,,,
residual_rc_perapply_n160,nid006398,hex8,residual,atomic,atomic,sumfact,affine,0.000000e+00,72,0,160,4173281,4096000,16693124,0,0.0000,n/a,20,4.133942127e-02,403.8064,3170.6298,99.0822,74.7080,0,0,0,-7.449527377346e-14,1,1.000000,0,sumfact,on,off,0,1,0,0,0,,,0.000,,,,,,,
jac_rc_n160,nid006398,hex8,jac_action,packed,packed,sumfact,affine,0.000000e+00,72,2048,160,4173281,4096000,16693124,0,0.0000,n/a,20,2.059105635e-02,810.6978,6365.4821,198.9213,169.0831,0,0,0,-5.547403831327e-13,1,1.000000,0,n/a,exact,off,1,0,0,0,0,3.762585600e-03,0.182729,0.000,,,,,,,
jac_rc_n160,nid006398,hex8,jac_action,atomic,atomic,sumfact,affine,0.000000e+00,72,0,160,4173281,4096000,16693124,0,0.0000,n/a,20,3.746122122e-02,445.6108,3498.8715,109.3397,92.9388,0,0,0,-5.555626420603e-13,1,1.000000,0,n/a,exact,off,1,0,0,0,0,3.142464000e-03,0.083886,0.000,,,,,,,
jac_rc_bnd_n160,nid006398,hex8,jac_action,packed,packed,sumfact,affine,0.000000e+00,72,2048,160,4173281,4096000,16693124,0,0.0000,n/a,20,2.174189091e-02,767.7862,6028.5465,188.3921,160.1333,0,0,0,5.046148336219e+00,1,1.000000,1,n/a,exact,on,1,0,0,0,0,3.560358400e-03,0.163756,0.000,,,,,,,
jac_rc_bnd_n160,nid006398,hex8,jac_action,atomic,atomic,sumfact,affine,0.000000e+00,72,0,160,4173281,4096000,16693124,0,0.0000,n/a,20,3.864922523e-02,431.9135,3391.3228,105.9788,90.0820,0,0,0,5.046148336219e+00,1,1.000000,1,n/a,exact,on,1,0,0,0,0,3.255372800e-03,0.084229,0.000,,,,,,,
assemble_n160,nid006398,hex8,assemble,packed,packed,sumfact,affine,0.000000e+00,72,2048,160,4173281,4096000,16693124,111284641,13584.5509,f64,20,3.162661314e-01,52.7819,414.4358,12.9511,29.8394,0,0,0,1.165429404451e-08,0,0.000000,0,sumfact,off,off,0,0,0,0,0,,,0.000,,,,,,,
assemble_n160,nid006398,hex8,assemble,atomic,atomic,sumfact,affine,0.000000e+00,72,0,160,4173281,4096000,16693124,111284641,13584.5509,f64,20,4.451926827e-01,37.4964,294.4163,9.2005,21.1980,0,0,0,1.164916721901e-08,0,0.000000,0,sumfact,off,off,0,0,0,0,0,,,0.000,,,,,,,
assemble_n160,nid006398,hex8,assemble,colored,colored,sumfact,affine,0.000000e+00,72,2048,160,4173281,4096000,16693124,111284641,13584.5509,f64,20,1.650560737e-01,101.1361,794.1059,24.8158,57.1756,20,99,101,1.165426806529e-08,0,0.000000,0,sumfact,off,off,0,0,0,0,0,,,0.000,,,,,,,
assemble_n160,nid006398,hex8,assemble,store,store,sumfact,affine,0.000000e+00,72,2048,160,4173281,4096000,16693124,111284641,13584.5509,f64,20,2.361362576e-01,70.6928,555.0694,17.3459,39.9650,0,0,0,1.165429404451e-08,0,0.000000,0,sumfact,off,off,0,0,0,0,0,,,0.000,,,,,,,
assemble_sympy_n160,nid006398,hex8,assemble,atomic,atomic,sympy,affine,0.000000e+00,72,0,160,4173281,4096000,16693124,111284641,13584.5509,f64,20,3.126283050e-01,53.3961,419.2583,13.1018,30.1866,0,0,0,1.167343591505e-08,0,0.000000,0,sympy,off,off,0,0,0,0,0,,,0.000,,,,,,,
assemble_sympy_n160,nid006398,hex8,assemble,colored,colored,sympy,affine,0.000000e+00,72,2048,160,4173281,4096000,16693124,111284641,13584.5509,f64,20,1.744216084e-01,95.7056,751.4665,23.4833,54.1056,20,99,101,1.168506756832e-08,0,0.000000,0,sympy,off,off,0,0,0,0,0,,,0.000,,,,,,,
assemble_diag_n160,nid006398,hex8,assemble_diag,atomic,atomic,sumfact,affine,0.000000e+00,72,0,160,4173281,4096000,16693124,0,0.0000,n/a,20,1.503085971e-01,111.0590,872.0193,27.2506,20.5470,0,0,0,2.371982944015e+03,0,0.000000,0,n/a,off,off,0,0,0,0,0,,,0.000,,,,,,,
spmv_f64_n160,nid006398,hex8,bsr_apply,packed,n/a,sumfact,affine,0.000000e+00,72,2048,160,4173281,4096000,16693124,111284641,13584.5509,f64,20,3.512282372e-02,475.2785,0.0000,0.0000,0.0000,0,0,0,7.157881465282e-13,0,0.000000,0,n/a,off,off,0,0,0,0,0,,,0.000,,,,,,,
spmv_f32_n160,nid006398,hex8,bsr_apply,packed,n/a,sumfact,affine,0.000000e+00,72,2048,160,4173281,4096000,16693124,111284641,6792.2755,f32,20,1.791033745e-02,932.0385,0.0000,0.0000,0.0000,0,0,0,4.118532892879e-05,0,0.000000,0,n/a,off,off,0,0,0,0,0,,,0.000,,,,,,,
residual_bare_n192,nid006398,hex8,residual,packed,packed,sumfact,affine,0.000000e+00,72,2048,192,7189057,7077888,28756228,0,0.0000,n/a,20,1.179066896e-02,2438.8971,19209.4627,600.2957,452.6230,0,0,0,-1.637644013452e-14,0,0.000000,0,sumfact,off,off,0,0,0,0,0,,,0.000,,,,,,,
residual_bare_n192,nid006398,hex8,residual,atomic,atomic,sumfact,affine,0.000000e+00,72,0,192,7189057,7077888,28756228,0,0.0000,n/a,20,3.482209444e-02,825.8041,6504.2732,203.2585,153.2569,0,0,0,-1.625251582621e-14,0,0.000000,0,sumfact,off,off,0,0,0,0,0,,,0.000,,,,,,,
jac_bare_n192,nid006398,hex8,jac_action,packed,packed,sumfact,affine,0.000000e+00,72,2048,192,7189057,7077888,28756228,0,0.0000,n/a,20,1.597599983e-02,1799.9642,14177.0417,443.0326,376.5777,0,0,0,2.364980412027e-11,0,0.000000,0,n/a,off,off,0,0,0,0,0,,,0.000,,,,,,,
jac_bare_n192,nid006398,hex8,jac_action,atomic,atomic,sumfact,affine,0.000000e+00,72,0,192,7189057,7077888,28756228,0,0.0000,n/a,20,3.439718485e-02,836.0053,6584.6207,205.7694,174.9040,0,0,0,2.371232268698e-11,0,0.000000,0,n/a,off,off,0,0,0,0,0,,,0.000,,,,,,,
residual_current_n192,nid006398,hex8,residual,atomic,atomic,current,affine,0.000000e+00,72,0,192,7189057,7077888,28756228,0,0.0000,n/a,20,3.412100077e-02,842.7721,6637.9183,207.4349,156.4060,0,0,0,-1.950513589619e-14,0,0.000000,0,current,off,off,0,0,0,0,0,,,0.000,,,,,,,
residual_current_n192,nid006398,hex8,residual,packed,packed,current,affine,0.000000e+00,72,2048,192,7189057,7077888,28756228,0,0.0000,n/a,20,1.412205696e-02,2036.2634,16038.2030,501.1938,377.9002,0,0,0,-1.793000698001e-14,0,0.000000,0,current,off,off,0,0,0,0,0,,,0.000,,,,,,,
residual_rc_n192,nid006398,hex8,residual,packed,packed,sumfact,affine,0.000000e+00,72,2048,192,7189057,7077888,28756228,0,0.0000,n/a,20,2.190600634e-02,1312.7097,10339.2838,323.1026,243.6194,0,0,0,-1.538764775322e-14,1,1.000000,0,sumfact,on,off,0,0,0,0,0,,,0.000,,,,,,,
residual_rc_n192,nid006398,hex8,residual,atomic,atomic,sumfact,affine,0.000000e+00,72,0,192,7189057,7077888,28756228,0,0.0000,n/a,20,5.233631134e-02,549.4508,4327.6343,135.2386,101.9699,0,0,0,-1.622822969755e-14,1,1.000000,0,sumfact,on,off,0,0,0,0,0,,,0.000,,,,,,,
residual_rc_bnd_n192,nid006398,hex8,residual,packed,packed,sumfact,affine,0.000000e+00,72,2048,192,7189057,7077888,28756228,0,0.0000,n/a,20,2.344567776e-02,1226.5044,9660.3058,301.8846,227.6210,0,0,0,3.727500000000e+00,1,1.000000,1,sumfact,on,on,0,0,0,0,0,,,0.000,,,,,,,
residual_rc_bnd_n192,nid006398,hex8,residual,atomic,atomic,sumfact,affine,0.000000e+00,72,0,192,7189057,7077888,28756228,0,0.0000,n/a,20,5.249974728e-02,547.7403,4314.1620,134.8176,101.6524,0,0,0,3.727500000000e+00,1,1.000000,1,sumfact,on,on,0,0,0,0,0,,,0.000,,,,,,,
residual_rc_bnd_dt_n192,nid006398,hex8,residual,packed,packed,sumfact,affine,0.000000e+00,72,2048,192,7189057,7077888,28756228,0,0.0000,n/a,20,2.515196800e-02,1143.2993,9004.9580,281.4049,212.1793,0,0,0,6.759362918358e+00,1,1.000000,1,sumfact,on,on,0,0,0,0,1,,,0.000,,,,,,,
residual_rc_bnd_dt_n192,nid006398,hex8,residual,atomic,atomic,sumfact,affine,0.000000e+00,72,0,192,7189057,7077888,28756228,0,0.0000,n/a,20,5.494343042e-02,523.3788,4122.2839,128.8214,97.1313,0,0,0,6.759309506134e+00,1,1.000000,1,sumfact,on,on,0,0,0,0,1,,,0.000,,,,,,,
residual_rc_perapply_n192,nid006398,hex8,residual,packed,packed,sumfact,affine,0.000000e+00,72,2048,192,7189057,7077888,28756228,0,0.0000,n/a,20,2.580746412e-02,1114.2601,8776.2368,274.2574,206.7901,0,0,0,-1.538764775322e-14,1,1.000000,0,sumfact,on,off,0,1,0,0,0,,,0.000,,,,,,,
residual_rc_perapply_n192,nid006398,hex8,residual,atomic,atomic,sumfact,affine,0.000000e+00,72,0,192,7189057,7077888,28756228,0,0.0000,n/a,20,6.987911463e-02,411.5139,3241.2033,101.2876,76.3709,0,0,0,-1.622822969755e-14,1,1.000000,0,sumfact,on,off,0,1,0,0,0,,,0.000,,,,,,,
jac_rc_n192,nid006398,hex8,jac_action,packed,packed,sumfact,affine,0.000000e+00,72,2048,192,7189057,7077888,28756228,0,0.0000,n/a,20,3.278337717e-02,877.1588,6908.7579,215.8987,183.5139,0,0,0,1.535864016126e-12,1,1.000000,0,n/a,exact,off,1,0,0,0,0,5.711257600e-03,0.174212,0.000,,,,,,,
jac_rc_n192,nid006398,hex8,jac_action,atomic,atomic,sumfact,affine,0.000000e+00,72,0,192,7189057,7077888,28756228,0,0.0000,n/a,20,6.449607611e-02,445.8601,3511.7240,109.7414,93.2802,0,0,0,1.539739415477e-12,1,1.000000,0,n/a,exact,off,1,0,0,0,0,5.733235200e-03,0.088893,0.000,,,,,,,
jac_rc_bnd_n192,nid006398,hex8,jac_action,packed,packed,sumfact,affine,0.000000e+00,72,2048,192,7189057,7077888,28756228,0,0.0000,n/a,20,3.464462757e-02,830.0343,6537.5913,204.2997,173.6548,0,0,0,5.046108211775e+00,1,1.000000,1,n/a,exact,on,1,0,0,0,0,6.110630400e-03,0.176380,0.000,,,,,,,
jac_rc_bnd_n192,nid006398,hex8,jac_action,atomic,atomic,sumfact,affine,0.000000e+00,72,0,192,7189057,7077888,28756228,0,0.0000,n/a,20,6.667447090e-02,431.2929,3396.9886,106.1559,90.2325,0,0,0,5.046108211775e+00,1,1.000000,1,n/a,exact,on,1,0,0,0,0,5.573414400e-03,0.083591,0.000,,,,,,,
assemble_n192,nid006398,hex8,assemble,packed,packed,sumfact,affine,0.000000e+00,72,2048,192,7189057,7077888,28756228,192100033,23449.7111,f64,20,5.393132806e-01,53.3201,419.9645,13.1239,30.2374,0,0,0,2.591725771935e-09,0,0.000000,0,sumfact,off,off,0,0,0,0,0,,,0.000,,,,,,,
assemble_n192,nid006398,hex8,assemble,atomic,atomic,sumfact,affine,0.000000e+00,72,0,192,7189057,7077888,28756228,192100033,23449.7111,f64,20,7.658690095e-01,37.5472,295.7326,9.2416,21.2927,0,0,0,2.591519757908e-09,0,0.000000,0,sumfact,off,off,0,0,0,0,0,,,0.000,,,,,,,
assemble_n192,nid006398,hex8,assemble,colored,colored,sumfact,affine,0.000000e+00,72,2048,192,7189057,7077888,28756228,192100033,23449.7111,f64,20,2.741235495e-01,104.9024,826.2421,25.8201,59.4894,20,172,173,2.591710339835e-09,0,0.000000,0,sumfact,off,off,0,0,0,0,0,,,0.000,,,,,,,
assemble_n192,nid006398,hex8,assemble,store,store,sumfact,affine,0.000000e+00,72,2048,192,7189057,7077888,28756228,192100033,23449.7111,f64,20,4.080481887e-01,70.4726,555.0629,17.3457,39.9645,0,0,0,2.591725771935e-09,0,0.000000,0,sumfact,off,off,0,0,0,0,0,,,0.000,,,,,,,
assemble_sympy_n192,nid006398,hex8,assemble,atomic,atomic,sympy,affine,0.000000e+00,72,0,192,7189057,7077888,28756228,192100033,23449.7111,f64,20,5.374333143e-01,53.5066,421.4335,13.1698,30.3432,0,0,0,2.579395400885e-09,0,0.000000,0,sympy,off,off,0,0,0,0,0,,,0.000,,,,,,,
assemble_sympy_n192,nid006398,hex8,assemble,colored,colored,sympy,affine,0.000000e+00,72,2048,192,7189057,7077888,28756228,192100033,23449.7111,f64,20,2.820543885e-01,101.9528,803.0097,25.0941,57.8167,20,172,173,2.579494394832e-09,0,0.000000,0,sympy,off,off,0,0,0,0,0,,,0.000,,,,,,,
assemble_diag_n192,nid006398,hex8,assemble_diag,atomic,atomic,sumfact,affine,0.000000e+00,72,0,192,7189057,7077888,28756228,0,0.0000,n/a,20,2.594913840e-01,110.8177,872.8321,27.2760,20.5661,0,0,0,3.215019675301e+03,0,0.000000,0,n/a,off,off,0,0,0,0,0,,,0.000,,,,,,,
spmv_f32_n64,nid006398,hex8,bsr_apply,packed,n/a,sumfact,affine,0.000000e+00,72,2048,64,274625,262144,1098500,7189057,438.7852,f32,20,1.235878468e-03,888.8414,0.0000,0.0000,0.0000,0,0,0,1.266297573960e-05,0,0.000000,0,n/a,off,off,0,0,0,0,0,,,0.000,,,,,,,
spmv_f64_n64,nid006398,hex8,bsr_apply,packed,n/a,sumfact,affine,0.000000e+00,72,2048,64,274625,262144,1098500,7189057,877.5704,f64,20,2.373921871e-03,462.7364,0.0000,0.0000,0.0000,0,0,0,-9.061069494547e-13,0,0.000000,0,n/a,off,off,0,0,0,0,0,,,0.000,,,,,,,
assemble_diag_n64,nid006398,hex8,assemble_diag,atomic,atomic,sumfact,affine,0.000000e+00,72,0,64,274625,262144,1098500,0,0.0000,n/a,20,1.082513332e-02,101.4768,774.9196,24.2162,18.2590,0,0,0,5.801523603040e+02,0,0.000000,0,n/a,off,off,0,0,0,0,0,,,0.000,,,,,,,
assemble_sympy_n64,nid006398,hex8,assemble,colored,colored,sympy,affine,0.000000e+00,72,2048,64,274625,262144,1098500,7189057,877.5704,f64,20,2.883099318e-02,38.1014,290.9580,9.0924,20.9490,11,11,12,2.702430497534e-10,0,0.000000,0,sympy,off,off,0,0,0,0,0,,,0.000,,,,,,,
assemble_sympy_n64,nid006398,hex8,assemble,atomic,atomic,sympy,affine,0.000000e+00,72,0,64,274625,262144,1098500,7189057,877.5704,f64,20,2.060337067e-02,53.3165,407.1474,12.7234,29.3146,0,0,0,2.702932318341e-10,0,0.000000,0,sympy,off,off,0,0,0,0,0,,,0.000,,,,,,,
assemble_n64,nid006398,hex8,assemble,store,store,sumfact,affine,0.000000e+00,72,2048,64,274625,262144,1098500,7189057,877.5704,f64,20,1.539165974e-02,71.3698,545.0100,17.0316,39.2407,0,0,0,2.702430495366e-10,0,0.000000,0,sumfact,off,off,0,0,0,0,0,,,0.000,,,,,,,
assemble_n64,nid006398,hex8,assemble,colored,colored,sumfact,affine,0.000000e+00,72,2048,64,274625,262144,1098500,7189057,877.5704,f64,20,2.354915142e-02,46.6471,356.2170,11.1318,25.6476,11,11,12,2.702430495366e-10,0,0.000000,0,sumfact,off,off,0,0,0,0,0,,,0.000,,,,,,,
assemble_n64,nid006398,hex8,assemble,atomic,atomic,sumfact,affine,0.000000e+00,72,0,64,274625,262144,1098500,7189057,877.5704,f64,20,2.937669754e-02,37.3936,285.5531,8.9235,20.5598,0,0,0,2.702932316173e-10,0,0.000000,0,sumfact,off,off,0,0,0,0,0,,,0.000,,,,,,,
assemble_n64,nid006398,hex8,assemble,packed,packed,sumfact,affine,0.000000e+00,72,2048,64,274625,262144,1098500,7189057,877.5704,f64,20,2.042697668e-02,53.7769,410.6632,12.8332,29.5678,0,0,0,2.702430495366e-10,0,0.000000,0,sumfact,off,off,0,0,0,0,0,,,0.000,,,,,,,
jac_rc_bnd_n64,nid006398,hex8,jac_action,atomic,atomic,sumfact,affine,0.000000e+00,72,0,64,274625,262144,1098500,0,0.0000,n/a,20,2.673578262e-03,410.8726,3137.5958,98.0499,83.3424,0,0,0,5.044059835243e+00,1,1.000000,1,n/a,exact,on,1,0,0,0,0,1.310720000e-04,0.049025,0.000,,,,,,,
jac_rc_bnd_n64,nid006398,hex8,jac_action,packed,packed,sumfact,affine,0.000000e+00,72,2048,64,274625,262144,1098500,0,0.0000,n/a,20,1.208853722e-03,908.7121,6939.3078,216.8534,184.3254,0,0,0,5.044059835243e+00,1,1.000000,1,n/a,exact,on,1,0,0,0,0,1.300224000e-04,0.107558,0.000,,,,,,,
jac_rc_n64,nid006398,hex8,jac_action,atomic,atomic,sumfact,affine,0.000000e+00,72,0,64,274625,262144,1098500,0,0.0000,n/a,20,2.493155003e-03,440.6064,3364.6556,105.1455,89.3737,0,0,0,-4.694580770133e-13,1,1.000000,0,n/a,exact,off,1,0,0,0,0,1.348992000e-04,0.054108,0.000,,,,,,,
jac_rc_n64,nid006398,hex8,jac_action,packed,packed,sumfact,affine,0.000000e+00,72,2048,64,274625,262144,1098500,0,0.0000,n/a,20,1.125001907e-03,976.4428,7456.5278,233.0165,198.0640,0,0,0,-4.672237531762e-13,1,1.000000,0,n/a,exact,off,1,0,0,0,0,1.279616000e-04,0.113743,0.000,,,,,,,
residual_rc_perapply_n64,nid006398,hex8,residual,atomic,atomic,sumfact,affine,0.000000e+00,72,0,64,274625,262144,1098500,0,0.0000,n/a,20,2.732980251e-03,401.9422,3069.3994,95.9187,72.3227,0,0,0,-1.283597794027e-14,1,1.000000,0,sumfact,on,off,0,1,0,0,0,,,0.000,,,,,,,
residual_rc_perapply_n64,nid006398,hex8,residual,packed,packed,sumfact,affine,0.000000e+00,72,2048,64,274625,262144,1098500,0,0.0000,n/a,20,8.521199226e-04,1289.1378,9844.3984,307.6374,231.9586,0,0,0,-1.139626587543e-14,1,1.000000,0,sumfact,on,off,0,1,0,0,0,,,0.000,,,,,,,
residual_rc_bnd_dt_n64,nid006398,hex8,residual,atomic,atomic,sumfact,affine,0.000000e+00,72,0,64,274625,262144,1098500,0,0.0000,n/a,20,2.013313770e-03,545.6179,4166.5676,130.2052,98.1747,0,0,0,6.759448953731e+00,1,1.000000,1,sumfact,on,on,0,0,0,0,1,,,0.000,,,,,,,
residual_rc_bnd_dt_n64,nid006398,hex8,residual,packed,packed,sumfact,affine,0.000000e+00,72,2048,64,274625,262144,1098500,0,0.0000,n/a,20,9.426355362e-04,1165.3497,8899.1001,278.0969,209.6850,0,0,0,6.759321052459e+00,1,1.000000,1,sumfact,on,on,0,0,0,0,1,,,0.000,,,,,,,
residual_rc_bnd_n64,nid006398,hex8,residual,atomic,atomic,sumfact,affine,0.000000e+00,72,0,64,274625,262144,1098500,0,0.0000,n/a,20,1.986873150e-03,552.8788,4222.0149,131.9380,99.4812,0,0,0,3.727500000000e+00,1,1.000000,1,sumfact,on,on,0,0,0,0,0,,,0.000,,,,,,,
residual_rc_bnd_n64,nid006398,hex8,residual,packed,packed,sumfact,affine,0.000000e+00,72,2048,64,274625,262144,1098500,0,0.0000,n/a,20,9.289503098e-04,1182.5175,9030.2010,282.1938,212.7741,0,0,0,3.727500000000e+00,1,1.000000,1,sumfact,on,on,0,0,0,0,0,,,0.000,,,,,,,
residual_rc_n64,nid006398,hex8,residual,atomic,atomic,sumfact,affine,0.000000e+00,72,0,64,274625,262144,1098500,0,0.0000,n/a,20,1.923942566e-03,570.9630,4360.1135,136.2535,102.7352,0,0,0,-1.283597794027e-14,1,1.000000,0,sumfact,on,off,0,0,0,0,0,,,0.000,,,,,,,
residual_rc_n64,nid006398,hex8,residual,packed,packed,sumfact,affine,0.000000e+00,72,2048,64,274625,262144,1098500,0,0.0000,n/a,20,8.392572403e-04,1308.8955,9995.2763,312.3524,235.5137,0,0,0,-1.139626587543e-14,1,1.000000,0,sumfact,on,off,0,0,0,0,0,,,0.000,,,,,,,
residual_current_n64,nid006398,hex8,residual,packed,packed,current,affine,0.000000e+00,72,2048,64,274625,262144,1098500,0,0.0000,n/a,20,5.239725113e-04,2096.4840,16009.6337,500.3011,377.2270,0,0,0,-1.151401023136e-14,0,0.000000,0,current,off,off,0,0,0,0,0,,,0.000,,,,,,,
residual_current_n64,nid006398,hex8,residual,atomic,atomic,current,affine,0.000000e+00,72,0,64,274625,262144,1098500,0,0.0000,n/a,20,1.388096809e-03,791.3713,6043.2442,188.8514,142.3939,0,0,0,-1.240218865106e-14,0,0.000000,0,current,off,off,0,0,0,0,0,,,0.000,,,,,,,
jac_bare_n64,nid006398,hex8,jac_action,atomic,atomic,sumfact,affine,0.000000e+00,72,0,64,274625,262144,1098500,0,0.0000,n/a,20,1.644337177e-03,668.0503,5101.5133,159.4223,135.5089,0,0,0,-9.072856940566e-13,0,0.000000,0,n/a,off,off,0,0,0,0,0,,,0.000,,,,,,,
jac_bare_n64,nid006398,hex8,jac_action,packed,packed,sumfact,affine,0.000000e+00,72,2048,64,274625,262144,1098500,0,0.0000,n/a,20,5.430698395e-04,2022.7601,15446.6468,482.7077,410.3016,0,0,0,-9.063975156369e-13,0,0.000000,0,n/a,off,off,0,0,0,0,0,,,0.000,,,,,,,
residual_bare_n64,nid006398,hex8,residual,atomic,atomic,sumfact,affine,0.000000e+00,72,0,64,274625,262144,1098500,0,0.0000,n/a,20,1.511251926e-03,726.8808,5550.7674,173.4615,130.7900,0,0,0,-1.236760260176e-14,0,0.000000,0,sumfact,off,off,0,0,0,0,0,,,0.000,,,,,,,
residual_bare_n64,nid006398,hex8,residual,packed,packed,sumfact,affine,0.000000e+00,72,2048,64,274625,262144,1098500,0,0.0000,n/a,20,3.967404366e-04,2768.8128,21143.8190,660.7443,498.2012,0,0,0,-1.134075472420e-14,0,0.000000,0,sumfact,off,off,0,0,0,0,0,,,0.000,,,,,,,
spmv_f32_n96,nid006398,hex8,bsr_apply,packed,n/a,sumfact,affine,0.000000e+00,72,2048,96,912673,884736,3650692,24137569,1473.2403,f32,20,4.605185986e-03,792.7350,0.0000,0.0000,0.0000,0,0,0,-1.160063154236e-06,0,0.000000,0,n/a,off,off,0,0,0,0,0,,,0.000,,,,,,,
spmv_f64_n96,nid006398,hex8,bsr_apply,packed,n/a,sumfact,affine,0.000000e+00,72,2048,96,912673,884736,3650692,24137569,2946.4806,f64,20,8.229613304e-03,443.6043,0.0000,0.0000,0.0000,0,0,0,-2.144415680726e-12,0,0.000000,0,n/a,off,off,0,0,0,0,0,,,0.000,,,,,,,
assemble_diag_n96,nid006398,hex8,assemble_diag,atomic,atomic,sumfact,affine,0.000000e+00,72,0,96,912673,884736,3650692,0,0.0000,n/a,20,3.446094990e-02,105.9371,821.5546,25.6736,19.3579,0,0,0,1.054549351220e+03,0,0.000000,0,n/a,off,off,0,0,0,0,0,,,0.000,,,,,,,
assemble_sympy_n96,nid006398,hex8,assemble,colored,colored,sympy,affine,0.000000e+00,72,2048,96,912673,884736,3650692,24137569,2946.4806,f64,20,5.354475975e-02,68.1802,528.7455,16.5233,38.0697,17,25,26,6.667015596822e-11,0,0.000000,0,sympy,off,off,0,0,0,0,0,,,0.000,,,,,,,
assemble_sympy_n96,nid006398,hex8,assemble,atomic,atomic,sympy,affine,0.000000e+00,72,0,96,912673,884736,3650692,24137569,2946.4806,f64,20,6.798769236e-02,53.6964,416.4217,13.0132,29.9824,0,0,0,6.578006241380e-11,0,0.000000,0,sympy,off,off,0,0,0,0,0,,,0.000,,,,,,,
assemble_n96,nid006398,hex8,assemble,store,store,sumfact,affine,0.000000e+00,72,2048,96,912673,884736,3650692,24137569,2946.4806,f64,20,8.168381453e-02,44.6930,346.5993,10.8312,24.9551,0,0,0,7.424116575276e-11,0,0.000000,0,sumfact,off,off,0,0,0,0,0,,,0.000,,,,,,,
assemble_n96,nid006398,hex8,assemble,colored,colored,sumfact,affine,0.000000e+00,72,2048,96,912673,884736,3650692,24137569,2946.4806,f64,20,4.734156132e-02,77.1139,598.0274,18.6884,43.0580,17,25,26,7.428368729460e-11,0,0.000000,0,sumfact,off,off,0,0,0,0,0,,,0.000,,,,,,,
assemble_n96,nid006398,hex8,assemble,atomic,atomic,sumfact,affine,0.000000e+00,72,0,96,912673,884736,3650692,24137569,2946.4806,f64,20,9.678623676e-02,37.7191,292.5163,9.1411,21.0612,0,0,0,7.342422201788e-11,0,0.000000,0,sumfact,off,off,0,0,0,0,0,,,0.000,,,,,,,
assemble_n96,nid006398,hex8,assemble,packed,packed,sumfact,affine,0.000000e+00,72,2048,96,912673,884736,3650692,24137569,2946.4806,f64,20,6.687783003e-02,54.5875,423.3324,13.2291,30.4799,0,0,0,7.424116575276e-11,0,0.000000,0,sumfact,off,off,0,0,0,0,0,,,0.000,,,,,,,
jac_rc_bnd_n96,nid006398,hex8,jac_action,atomic,atomic,sumfact,affine,0.000000e+00,72,0,96,912673,884736,3650692,0,0.0000,n/a,20,8.611273766e-03,423.9433,3287.7310,102.7416,87.3304,0,0,0,5.046234218079e+00,1,1.000000,1,n/a,exact,on,1,0,0,0,0,5.487104000e-04,0.063720,0.000,,,,,,,
jac_rc_bnd_n96,nid006398,hex8,jac_action,packed,packed,sumfact,affine,0.000000e+00,72,2048,96,912673,884736,3650692,0,0.0000,n/a,20,4.679369926e-03,780.1674,6050.2915,189.0716,160.7109,0,0,0,5.046234218079e+00,1,1.000000,1,n/a,exact,on,1,0,0,0,0,6.208768000e-04,0.132684,0.000,,,,,,,
jac_rc_n96,nid006398,hex8,jac_action,atomic,atomic,sumfact,affine,0.000000e+00,72,0,96,912673,884736,3650692,0,0.0000,n/a,20,8.308088779e-03,439.4142,3407.7094,106.4909,90.5173,0,0,0,-2.023527558622e-13,1,1.000000,0,n/a,exact,off,1,0,0,0,0,5.824128000e-04,0.070102,0.000,,,,,,,
jac_rc_n96,nid006398,hex8,jac_action,packed,packed,sumfact,affine,0.000000e+00,72,2048,96,912673,884736,3650692,0,0.0000,n/a,20,4.398810863e-03,829.9270,6436.1831,201.1307,170.9611,0,0,0,-2.052185190445e-13,1,1.000000,0,n/a,exact,off,1,0,0,0,0,6.623616000e-04,0.150577,0.000,,,,,,,
residual_rc_perapply_n96,nid006398,hex8,residual,atomic,atomic,sumfact,affine,0.000000e+00,72,0,96,912673,884736,3650692,0,0.0000,n/a,20,9.048390388e-03,403.4631,3128.9048,97.7783,73.7248,0,0,0,9.933444041280e-14,1,1.000000,0,sumfact,on,off,0,1,0,0,0,,,0.000,,,,,,,
residual_rc_perapply_n96,nid006398,hex8,residual,packed,packed,sumfact,affine,0.000000e+00,72,2048,96,912673,884736,3650692,0,0.0000,n/a,20,3.111898899e-03,1173.1397,9097.8380,284.3074,214.3678,0,0,0,8.513567455182e-14,1,1.000000,0,sumfact,on,off,0,1,0,0,0,,,0.000,,,,,,,
residual_rc_bnd_dt_n96,nid006398,hex8,residual,atomic,atomic,sumfact,affine,0.000000e+00,72,0,96,912673,884736,3650692,0,0.0000,n/a,20,6.835281849e-03,534.0953,4141.9729,129.4367,97.5952,0,0,0,6.759287405709e+00,1,1.000000,1,sumfact,on,on,0,0,0,0,1,,,0.000,,,,,,,
residual_rc_bnd_dt_n96,nid006398,hex8,residual,packed,packed,sumfact,affine,0.000000e+00,72,2048,96,912673,884736,3650692,0,0.0000,n/a,20,3.049111366e-03,1197.2970,9285.1814,290.1619,218.7821,0,0,0,6.759222128181e+00,1,1.000000,1,sumfact,on,on,0,0,0,0,1,,,0.000,,,,,,,
residual_rc_bnd_n96,nid006398,hex8,residual,atomic,atomic,sumfact,affine,0.000000e+00,72,0,96,912673,884736,3650692,0,0.0000,n/a,20,6.964051723e-03,524.2195,4065.3851,127.0433,95.7906,0,0,0,3.727500000000e+00,1,1.000000,1,sumfact,on,on,0,0,0,0,0,,,0.000,,,,,,,
residual_rc_bnd_n96,nid006398,hex8,residual,packed,packed,sumfact,affine,0.000000e+00,72,2048,96,912673,884736,3650692,0,0.0000,n/a,20,3.011298180e-03,1212.3316,9401.7763,293.8055,221.5294,0,0,0,3.727500000000e+00,1,1.000000,1,sumfact,on,on,0,0,0,0,0,,,0.000,,,,,,,
residual_rc_n96,nid006398,hex8,residual,atomic,atomic,sumfact,affine,0.000000e+00,72,0,96,912673,884736,3650692,0,0.0000,n/a,20,6.693196297e-03,545.4333,4229.9001,132.1844,99.6670,0,0,0,9.933444041280e-14,1,1.000000,0,sumfact,on,off,0,0,0,0,0,,,0.000,,,,,,,
residual_rc_n96,nid006398,hex8,residual,packed,packed,sumfact,affine,0.000000e+00,72,2048,96,912673,884736,3650692,0,0.0000,n/a,20,2.436625957e-03,1498.2570,11619.1621,363.0988,273.7765,0,0,0,8.513567455182e-14,1,1.000000,0,sumfact,on,off,0,0,0,0,0,,,0.000,,,,,,,
residual_current_n96,nid006398,hex8,residual,packed,packed,current,affine,0.000000e+00,72,2048,96,912673,884736,3650692,0,0.0000,n/a,20,1.755619049e-03,2079.4329,16126.2502,503.9453,379.9748,0,0,0,8.832415051077e-14,0,0.000000,0,current,off,off,0,0,0,0,0,,,0.000,,,,,,,
residual_current_n96,nid006398,hex8,residual,atomic,atomic,current,affine,0.000000e+00,72,0,96,912673,884736,3650692,0,0.0000,n/a,20,4.470062256e-03,816.6982,6333.5923,197.9248,149.2353,0,0,0,1.028125609821e-13,0,0.000000,0,current,off,off,0,0,0,0,0,,,0.000,,,,,,,
jac_bare_n96,nid006398,hex8,jac_action,atomic,atomic,sumfact,affine,0.000000e+00,72,0,96,912673,884736,3650692,0,0.0000,n/a,20,4.513335228e-03,808.8679,6272.8671,196.0271,166.6230,0,0,0,-1.959269077816e-12,0,0.000000,0,n/a,off,off,0,0,0,0,0,,,0.000,,,,,,,
jac_bare_n96,nid006398,hex8,jac_action,packed,packed,sumfact,affine,0.000000e+00,72,2048,96,912673,884736,3650692,0,0.0000,n/a,20,1.842010021e-03,1981.9067,15369.9229,480.3101,408.2636,0,0,0,-1.951219960887e-12,0,0.000000,0,n/a,off,off,0,0,0,0,0,,,0.000,,,,,,,
residual_bare_n96,nid006398,hex8,residual,atomic,atomic,sumfact,affine,0.000000e+00,72,0,96,912673,884736,3650692,0,0.0000,n/a,20,4.518604279e-03,807.9247,6265.5524,195.7985,147.6321,0,0,0,9.779471069754e-14,0,0.000000,0,sumfact,off,off,0,0,0,0,0,,,0.000,,,,,,,
residual_bare_n96,nid006398,hex8,residual,packed,packed,sumfact,affine,0.000000e+00,72,2048,96,912673,884736,3650692,0,0.0000,n/a,20,1.358020306e-03,2688.2455,20847.6647,651.4895,491.2231,0,0,0,8.463618261095e-14,0,0.000000,0,sumfact,off,off,0,0,0,0,0,,,0.000,,,,,,,
spmv_f32_n128,nid006398,hex8,bsr_apply,packed,n/a,sumfact,affine,0.000000e+00,72,2048,128,2146689,2097152,8586756,57066625,3483.0704,f32,20,1.025564671e-02,837.2710,0.0000,0.0000,0.0000,0,0,0,4.661783736126e-05,0,0.000000,0,n/a,off,off,0,0,0,0,0,,,0.000,,,,,,,
spmv_f64_n128,nid006398,hex8,bsr_apply,packed,n/a,sumfact,affine,0.000000e+00,72,2048,128,2146689,2097152,8586756,57066625,6966.1407,f64,20,1.883127689e-02,455.9837,0.0000,0.0000,0.0000,0,0,0,-3.359821589780e-12,0,0.000000,0,n/a,off,off,0,0,0,0,0,,,0.000,,,,,,,
assemble_diag_n128,nid006398,hex8,assemble_diag,atomic,atomic,sumfact,affine,0.000000e+00,72,0,128,2146689,2097152,8586756,0,0.0000,n/a,20,7.865029573e-02,109.1764,853.2563,26.6643,20.1049,0,0,0,1.651826180067e+03,0,0.000000,0,n/a,off,off,0,0,0,0,0,,,0.000,,,,,,,
assemble_sympy_n128,nid006398,hex8,assemble,colored,colored,sympy,affine,0.000000e+00,72,2048,128,2146689,2097152,8586756,57066625,6966.1407,f64,20,9.948348999e-02,86.3134,674.5729,21.0804,48.5692,14,72,74,-3.076222087847e-08,0,0.000000,0,sympy,off,off,0,0,0,0,0,,,0.000,,,,,,,
assemble_sympy_n128,nid006398,hex8,assemble,atomic,atomic,sympy,affine,0.000000e+00,72,0,128,2146689,2097152,8586756,57066625,6966.1407,f64,20,1.606684446e-01,53.4439,417.6854,13.0527,30.0733,0,0,0,-3.076550013728e-08,0,0.000000,0,sympy,off,off,0,0,0,0,0,,,0.000,,,,,,,
assemble_n128,nid006398,hex8,assemble,store,store,sumfact,affine,0.000000e+00,72,2048,128,2146689,2097152,8586756,57066625,6966.1407,f64,20,1.141440868e-01,75.2273,587.9311,18.3728,42.3310,0,0,0,-3.076222088107e-08,0,0.000000,0,sumfact,off,off,0,0,0,0,0,,,0.000,,,,,,,
assemble_n128,nid006398,hex8,assemble,colored,colored,sumfact,affine,0.000000e+00,72,2048,128,2146689,2097152,8586756,57066625,6966.1407,f64,20,9.318166971e-02,92.1507,720.1938,22.5061,51.8540,14,72,74,-3.076222088107e-08,0,0.000000,0,sumfact,off,off,0,0,0,0,0,,,0.000,,,,,,,
assemble_n128,nid006398,hex8,assemble,atomic,atomic,sumfact,affine,0.000000e+00,72,0,128,2146689,2097152,8586756,57066625,6966.1407,f64,20,2.278128862e-01,37.6921,294.5789,9.2056,21.2097,0,0,0,-3.076550014682e-08,0,0.000000,0,sumfact,off,off,0,0,0,0,0,,,0.000,,,,,,,
assemble_n128,nid006398,hex8,assemble,packed,packed,sumfact,affine,0.000000e+00,72,2048,128,2146689,2097152,8586756,57066625,6966.1407,f64,20,1.582689047e-01,54.2542,424.0180,13.2506,30.5293,0,0,0,-3.076222088107e-08,0,0.000000,0,sumfact,off,off,0,0,0,0,0,,,0.000,,,,,,,
jac_rc_bnd_n128,nid006398,hex8,jac_action,atomic,atomic,sumfact,affine,0.000000e+00,72,0,128,2146689,2097152,8586756,0,0.0000,n/a,20,1.997561455e-02,429.8619,3359.5394,104.9856,89.2378,0,0,0,5.044940681195e+00,1,1.000000,1,n/a,exact,on,1,0,0,0,0,1.655052800e-03,0.082854,0.000,,,,,,,
jac_rc_bnd_n128,nid006398,hex8,jac_action,packed,packed,sumfact,affine,0.000000e+00,72,2048,128,2146689,2097152,8586756,0,0.0000,n/a,20,1.132966280e-02,757.9004,5923.2887,185.1028,157.3374,0,0,0,5.044940681195e+00,1,1.000000,1,n/a,exact,on,1,0,0,0,0,1.755776000e-03,0.154972,0.000,,,,,,,
jac_rc_n128,nid006398,hex8,jac_action,atomic,atomic,sumfact,affine,0.000000e+00,72,0,128,2146689,2097152,8586756,0,0.0000,n/a,20,1.915087700e-02,448.3740,3504.2188,109.5068,93.0808,0,0,0,8.619374745195e-14,1,1.000000,0,n/a,exact,off,1,0,0,0,0,1.503897600e-03,0.078529,0.000,,,,,,,
jac_rc_n128,nid006398,hex8,jac_action,packed,packed,sumfact,affine,0.000000e+00,72,2048,128,2146689,2097152,8586756,0,0.0000,n/a,20,1.063710451e-02,807.2456,6308.9409,197.1544,167.5812,0,0,0,7.525805065939e-14,1,1.000000,0,n/a,exact,off,1,0,0,0,0,1.600460800e-03,0.150460,0.000,,,,,,,
residual_rc_perapply_n128,nid006398,hex8,residual,atomic,atomic,sumfact,affine,0.000000e+00,72,0,128,2146689,2097152,8586756,0,0.0000,n/a,20,2.090510130e-02,410.7493,3210.1669,100.3177,75.6396,0,0,0,1.381366267032e-13,1,1.000000,0,sumfact,on,off,0,1,0,0,0,,,0.000,,,,,,,
residual_rc_perapply_n128,nid006398,hex8,residual,packed,packed,sumfact,affine,0.000000e+00,72,2048,128,2146689,2097152,8586756,0,0.0000,n/a,20,7.663798332e-03,1120.4308,8756.6062,273.6439,206.3275,0,0,0,1.371512495588e-13,1,1.000000,0,sumfact,on,off,0,1,0,0,0,,,0.000,,,,,,,
residual_rc_bnd_dt_n128,nid006398,hex8,residual,atomic,atomic,sumfact,affine,0.000000e+00,72,0,128,2146689,2097152,8586756,0,0.0000,n/a,20,1.650669575e-02,520.1984,4065.5541,127.0486,95.7946,0,0,0,6.759329548060e+00,1,1.000000,1,sumfact,on,on,0,0,0,0,1,,,0.000,,,,,,,
residual_rc_bnd_dt_n128,nid006398,hex8,residual,packed,packed,sumfact,affine,0.000000e+00,72,2048,128,2146689,2097152,8586756,0,0.0000,n/a,20,7.849335670e-03,1093.9468,8549.6234,267.1757,201.4505,0,0,0,6.759281944370e+00,1,1.000000,1,sumfact,on,on,0,0,0,0,1,,,0.000,,,,,,,
residual_rc_bnd_n128,nid006398,hex8,residual,atomic,atomic,sumfact,affine,0.000000e+00,72,0,128,2146689,2097152,8586756,0,0.0000,n/a,20,1.563273668e-02,549.2804,4292.8417,134.1513,101.1501,0,0,0,3.727500000000e+00,1,1.000000,1,sumfact,on,on,0,0,0,0,0,,,0.000,,,,,,,
residual_rc_bnd_n128,nid006398,hex8,residual,packed,packed,sumfact,affine,0.000000e+00,72,2048,128,2146689,2097152,8586756,0,0.0000,n/a,20,7.382678986e-03,1163.0949,9090.0423,284.0638,214.1841,0,0,0,3.727500000000e+00,1,1.000000,1,sumfact,on,on,0,0,0,0,0,,,0.000,,,,,,,
residual_rc_n128,nid006398,hex8,residual,atomic,atomic,sumfact,affine,0.000000e+00,72,0,128,2146689,2097152,8586756,0,0.0000,n/a,20,1.506325006e-02,570.0467,4455.1384,139.2231,104.9742,0,0,0,1.381366267032e-13,1,1.000000,0,sumfact,on,off,0,0,0,0,0,,,0.000,,,,,,,
residual_rc_n128,nid006398,hex8,residual,packed,packed,sumfact,affine,0.000000e+00,72,2048,128,2146689,2097152,8586756,0,0.0000,n/a,20,6.507039070e-03,1319.6103,10313.2720,322.2898,243.0065,0,0,0,1.371512495588e-13,1,1.000000,0,sumfact,on,off,0,0,0,0,0,,,0.000,,,,,,,
residual_current_n128,nid006398,hex8,residual,packed,packed,current,affine,0.000000e+00,72,2048,128,2146689,2097152,8586756,0,0.0000,n/a,20,4.324674606e-03,1985.5265,15517.6678,484.9271,365.6350,0,0,0,1.371534179631e-13,0,0.000000,0,current,off,off,0,0,0,0,0,,,0.000,,,,,,,
residual_current_n128,nid006398,hex8,residual,atomic,atomic,current,affine,0.000000e+00,72,0,128,2146689,2097152,8586756,0,0.0000,n/a,20,1.021302938e-02,840.7648,6570.9068,205.3408,154.8270,0,0,0,1.381248631097e-13,0,0.000000,0,current,off,off,0,0,0,0,0,,,0.000,,,,,,,
jac_bare_n128,nid006398,hex8,jac_action,atomic,atomic,sumfact,affine,0.000000e+00,72,0,128,2146689,2097152,8586756,0,0.0000,n/a,20,1.055046320e-02,813.8748,6360.7505,198.7735,168.9574,0,0,0,-3.357341910992e-12,0,0.000000,0,n/a,off,off,0,0,0,0,0,,,0.000,,,,,,,
jac_bare_n128,nid006398,hex8,jac_action,packed,packed,sumfact,affine,0.000000e+00,72,2048,128,2146689,2097152,8586756,0,0.0000,n/a,20,4.911661148e-03,1748.2387,13663.1706,426.9741,362.9280,0,0,0,-3.356411692633e-12,0,0.000000,0,n/a,off,off,0,0,0,0,0,,,0.000,,,,,,,
residual_bare_n128,nid006398,hex8,residual,atomic,atomic,sumfact,affine,0.000000e+00,72,0,128,2146689,2097152,8586756,0,0.0000,n/a,20,1.055407524e-02,813.5962,6358.5736,198.7054,149.8239,0,0,0,1.381383614267e-13,0,0.000000,0,sumfact,off,off,0,0,0,0,0,,,0.000,,,,,,,
residual_bare_n128,nid006398,hex8,residual,packed,packed,sumfact,affine,0.000000e+00,72,2048,128,2146689,2097152,8586756,0,0.0000,n/a,20,3.535830975e-03,2428.4973,18979.6584,593.1143,447.2082,0,0,0,1.371529842822e-13,0,0.000000,0,sumfact,off,off,0,0,0,0,0,,,0.000,,,,,,,
spmv_f32_n160,nid006398,hex8,bsr_apply,packed,n/a,sumfact,affine,0.000000e+00,72,2048,160,4173281,4096000,16693124,111284641,6792.2755,f32,20,1.820182800e-02,917.1125,0.0000,0.0000,0.0000,0,0,0,4.118532892879e-05,0,0.000000,0,n/a,off,off,0,0,0,0,0,,,0.000,,,,,,,
spmv_f64_n160,nid006398,hex8,bsr_apply,packed,n/a,sumfact,affine,0.000000e+00,72,2048,160,4173281,4096000,16693124,111284641,13584.5509,f64,20,3.545969725e-02,470.7633,0.0000,0.0000,0.0000,0,0,0,7.157881465282e-13,0,0.000000,0,n/a,off,off,0,0,0,0,0,,,0.000,,,,,,,
assemble_diag_n160,nid006398,hex8,assemble_diag,atomic,atomic,sumfact,affine,0.000000e+00,72,0,160,4173281,4096000,16693124,0,0.0000,n/a,20,1.505695462e-01,110.8665,870.5080,27.2034,20.5113,0,0,0,2.371982944015e+03,0,0.000000,0,n/a,off,off,0,0,0,0,0,,,0.000,,,,,,,
assemble_sympy_n160,nid006398,hex8,assemble,colored,colored,sympy,affine,0.000000e+00,72,2048,160,4173281,4096000,16693124,111284641,13584.5509,f64,20,1.719338775e-01,97.0904,762.3396,23.8231,54.8884,20,99,101,1.168506756832e-08,0,0.000000,0,sympy,off,off,0,0,0,0,0,,,0.000,,,,,,,
assemble_sympy_n160,nid006398,hex8,assemble,atomic,atomic,sympy,affine,0.000000e+00,72,0,160,4173281,4096000,16693124,111284641,13584.5509,f64,20,3.125342488e-01,53.4121,419.3844,13.1058,30.1957,0,0,0,1.167343591505e-08,0,0.000000,0,sympy,off,off,0,0,0,0,0,,,0.000,,,,,,,
assemble_n160,nid006398,hex8,assemble,store,store,sumfact,affine,0.000000e+00,72,2048,160,4173281,4096000,16693124,111284641,13584.5509,f64,20,2.315806150e-01,72.0834,565.9887,17.6871,40.7512,0,0,0,1.165429404451e-08,0,0.000000,0,sumfact,off,off,0,0,0,0,0,,,0.000,,,,,,,
assemble_n160,nid006398,hex8,assemble,colored,colored,sumfact,affine,0.000000e+00,72,2048,160,4173281,4096000,16693124,111284641,13584.5509,f64,20,1.644013524e-01,101.5388,797.2684,24.9146,57.4033,20,99,101,1.165426806529e-08,0,0.000000,0,sumfact,off,off,0,0,0,0,0,,,0.000,,,,,,,
assemble_n160,nid006398,hex8,assemble,atomic,atomic,sumfact,affine,0.000000e+00,72,0,160,4173281,4096000,16693124,111284641,13584.5509,f64,20,4.450616598e-01,37.5074,294.5030,9.2032,21.2042,0,0,0,1.164916721901e-08,0,0.000000,0,sumfact,off,off,0,0,0,0,0,,,0.000,,,,,,,
assemble_n160,nid006398,hex8,assemble,packed,packed,sumfact,affine,0.000000e+00,72,2048,160,4173281,4096000,16693124,111284641,13584.5509,f64,20,3.161786437e-01,52.7965,414.5505,12.9547,29.8476,0,0,0,1.165429404451e-08,0,0.000000,0,sumfact,off,off,0,0,0,0,0,,,0.000,,,,,,,
jac_rc_bnd_n160,nid006398,hex8,jac_action,atomic,atomic,sumfact,affine,0.000000e+00,72,0,160,4173281,4096000,16693124,0,0.0000,n/a,20,3.849965334e-02,433.5915,3404.4982,106.3906,90.4320,0,0,0,5.046148336219e+00,1,1.000000,1,n/a,exact,on,1,0,0,0,0,3.313996800e-03,0.086079,0.000,,,,,,,
jac_rc_bnd_n160,nid006398,hex8,jac_action,packed,packed,sumfact,affine,0.000000e+00,72,2048,160,4173281,4096000,16693124,0,0.0000,n/a,20,2.131385803e-02,783.2052,6149.6140,192.1754,163.3491,0,0,0,5.046148336219e+00,1,1.000000,1,n/a,exact,on,1,0,0,0,0,3.339673600e-03,0.156690,0.000,,,,,,,
jac_rc_n160,nid006398,hex8,jac_action,atomic,atomic,sumfact,affine,0.000000e+00,72,0,160,4173281,4096000,16693124,0,0.0000,n/a,20,3.759251833e-02,444.0544,3486.6512,108.9579,92.6142,0,0,0,-5.555626420603e-13,1,1.000000,0,n/a,exact,off,1,0,0,0,0,3.343616000e-03,0.088944,0.000,,,,,,,
jac_rc_n160,nid006398,hex8,jac_action,packed,packed,sumfact,affine,0.000000e+00,72,2048,160,4173281,4096000,16693124,0,0.0000,n/a,20,2.067773342e-02,807.2995,6338.7992,198.0875,168.3744,0,0,0,-5.547403831327e-13,1,1.000000,0,n/a,exact,off,1,0,0,0,0,3.439897600e-03,0.166358,0.000,,,,,,,
residual_rc_perapply_n160,nid006398,hex8,residual,atomic,atomic,sumfact,affine,0.000000e+00,72,0,160,4173281,4096000,16693124,0,0.0000,n/a,20,4.157390594e-02,401.5289,3152.7468,98.5233,74.2866,0,0,0,-7.449527377346e-14,1,1.000000,0,sumfact,on,off,0,1,0,0,0,,,0.000,,,,,,,
residual_rc_perapply_n160,nid006398,hex8,residual,packed,packed,sumfact,affine,0.000000e+00,72,2048,160,4173281,4096000,16693124,0,0.0000,n/a,20,1.517568827e-02,1099.9912,8636.9724,269.9054,203.5087,0,0,0,-7.066434026468e-14,1,1.000000,0,sumfact,on,off,0,1,0,0,0,,,0.000,,,,,,,
residual_rc_bnd_dt_n160,nid006398,hex8,residual,atomic,atomic,sumfact,affine,0.000000e+00,72,0,160,4173281,4096000,16693124,0,0.0000,n/a,20,3.304539919e-02,505.1573,3966.4221,123.9507,93.4588,0,0,0,6.759324573300e+00,1,1.000000,1,sumfact,on,on,0,0,0,0,1,,,0.000,,,,,,,
residual_rc_bnd_dt_n160,nid006398,hex8,residual,packed,packed,sumfact,affine,0.000000e+00,72,2048,160,4173281,4096000,16693124,0,0.0000,n/a,20,1.505270004e-02,1108.9787,8707.5408,272.1107,205.1714,0,0,0,6.759317416976e+00,1,1.000000,1,sumfact,on,on,0,0,0,0,1,,,0.000,,,,,,,
residual_rc_bnd_n160,nid006398,hex8,residual,atomic,atomic,sumfact,affine,0.000000e+00,72,0,160,4173281,4096000,16693124,0,0.0000,n/a,20,3.155868053e-02,528.9551,4153.2788,129.7900,97.8616,0,0,0,3.727500000000e+00,1,1.000000,1,sumfact,on,on,0,0,0,0,0,,,0.000,,,,,,,
residual_rc_bnd_n160,nid006398,hex8,residual,packed,packed,sumfact,affine,0.000000e+00,72,2048,160,4173281,4096000,16693124,0,0.0000,n/a,20,1.378464699e-02,1210.9939,9508.5496,297.1422,224.0452,0,0,0,3.727500000000e+00,1,1.000000,1,sumfact,on,on,0,0,0,0,0,,,0.000,,,,,,,
residual_rc_n160,nid006398,hex8,residual,atomic,atomic,sumfact,affine,0.000000e+00,72,0,160,4173281,4096000,16693124,0,0.0000,n/a,20,3.114413023e-02,535.9958,4208.5619,131.5176,99.1642,0,0,0,-7.449527377346e-14,1,1.000000,0,sumfact,on,off,0,0,0,0,0,,,0.000,,,,,,,
residual_rc_n160,nid006398,hex8,residual,packed,packed,sumfact,affine,0.000000e+00,72,2048,160,4173281,4096000,16693124,0,0.0000,n/a,20,1.289023161e-02,1295.0213,10168.3200,317.7600,239.5910,0,0,0,-7.066434026468e-14,1,1.000000,0,sumfact,on,off,0,0,0,0,0,,,0.000,,,,,,,
residual_current_n160,nid006398,hex8,residual,packed,packed,current,affine,0.000000e+00,72,2048,160,4173281,4096000,16693124,0,0.0000,n/a,20,8.207118511e-03,2033.9811,15970.5261,499.0789,376.3055,0,0,0,-6.568480297436e-14,0,0.000000,0,current,off,off,0,0,0,0,0,,,0.000,,,,,,,
residual_current_n160,nid006398,hex8,residual,atomic,atomic,current,affine,0.000000e+00,72,0,160,4173281,4096000,16693124,0,0.0000,n/a,20,2.062681913e-02,809.2922,6354.4456,198.5764,149.7266,0,0,0,-7.043100640463e-14,0,0.000000,0,current,off,off,0,0,0,0,0,,,0.000,,,,,,,
jac_bare_n160,nid006398,hex8,jac_action,atomic,atomic,sumfact,affine,0.000000e+00,72,0,160,4173281,4096000,16693124,0,0.0000,n/a,20,1.987572908e-02,839.8748,6594.5757,206.0805,175.1684,0,0,0,7.531967942138e-13,0,0.000000,0,n/a,off,off,0,0,0,0,0,,,0.000,,,,,,,
jac_bare_n160,nid006398,hex8,jac_action,packed,packed,sumfact,affine,0.000000e+00,72,2048,160,4173281,4096000,16693124,0,0.0000,n/a,20,9.482884407e-03,1760.3425,13821.9548,431.9361,367.1457,0,0,0,7.483083570110e-13,0,0.000000,0,n/a,off,off,0,0,0,0,0,,,0.000,,,,,,,
residual_bare_n160,nid006398,hex8,residual,atomic,atomic,sumfact,affine,0.000000e+00,72,0,160,4173281,4096000,16693124,0,0.0000,n/a,20,2.147716284e-02,777.2500,6102.8545,190.7142,143.7985,0,0,0,-7.557772766995e-14,0,0.000000,0,sumfact,off,off,0,0,0,0,0,,,0.000,,,,,,,
residual_bare_n160,nid006398,hex8,residual,packed,packed,sumfact,affine,0.000000e+00,72,2048,160,4173281,4096000,16693124,0,0.0000,n/a,20,6.874668598e-03,2428.2078,19065.9372,595.8105,449.2411,0,0,0,-6.926008161087e-14,0,0.000000,0,sumfact,off,off,0,0,0,0,0,,,0.000,,,,,,,
assemble_diag_n192,nid006398,hex8,assemble_diag,atomic,atomic,sumfact,affine,0.000000e+00,72,0,192,7189057,7077888,28756228,0,0.0000,n/a,20,2.603155017e-01,110.4668,870.0689,27.1897,20.5010,0,0,0,3.215019675301e+03,0,0.000000,0,n/a,off,off,0,0,0,0,0,,,0.000,,,,,,,
assemble_sympy_n192,nid006398,hex8,assemble,colored,colored,sympy,affine,0.000000e+00,72,2048,192,7189057,7077888,28756228,192100033,23449.7111,f64,20,2.701147676e-01,106.4593,838.5044,26.2033,60.3723,20,172,173,2.579494394832e-09,0,0.000000,0,sympy,off,off,0,0,0,0,0,,,0.000,,,,,,,
assemble_sympy_n192,nid006398,hex8,assemble,atomic,atomic,sympy,affine,0.000000e+00,72,0,192,7189057,7077888,28756228,192100033,23449.7111,f64,20,5.370748758e-01,53.5423,421.7148,13.1786,30.3635,0,0,0,2.579395400885e-09,0,0.000000,0,sympy,off,off,0,0,0,0,0,,,0.000,,,,,,,
assemble_n192,nid006398,hex8,assemble,store,store,sumfact,affine,0.000000e+00,72,2048,192,7189057,7077888,28756228,192100033,23449.7111,f64,20,3.969530702e-01,72.4424,570.5773,17.8305,41.0816,0,0,0,2.591725771935e-09,0,0.000000,0,sumfact,off,off,0,0,0,0,0,,,0.000,,,,,,,
assemble_n192,nid006398,hex8,assemble,colored,colored,sumfact,affine,0.000000e+00,72,2048,192,7189057,7077888,28756228,192100033,23449.7111,f64,20,2.577364683e-01,111.5722,878.7752,27.4617,63.2718,20,172,173,2.591710339835e-09,0,0.000000,0,sumfact,off,off,0,0,0,0,0,,,0.000,,,,,,,
assemble_n192,nid006398,hex8,assemble,atomic,atomic,sumfact,affine,0.000000e+00,72,0,192,7189057,7077888,28756228,192100033,23449.7111,f64,20,7.692450523e-01,37.3824,294.4347,9.2011,21.1993,0,0,0,2.591519757908e-09,0,0.000000,0,sumfact,off,off,0,0,0,0,0,,,0.000,,,,,,,
assemble_n192,nid006398,hex8,assemble,packed,packed,sumfact,affine,0.000000e+00,72,2048,192,7189057,7077888,28756228,192100033,23449.7111,f64,20,5.294421315e-01,54.3142,427.7945,13.3686,30.8012,0,0,0,2.591725771935e-09,0,0.000000,0,sumfact,off,off,0,0,0,0,0,,,0.000,,,,,,,
jac_rc_bnd_n192,nid006398,hex8,jac_action,atomic,atomic,sumfact,affine,0.000000e+00,72,0,192,7189057,7077888,28756228,0,0.0000,n/a,20,6.658109426e-02,431.8978,3401.7527,106.3048,90.3591,0,0,0,5.046108211775e+00,1,1.000000,1,n/a,exact,on,1,0,0,0,0,5.777689600e-03,0.086777,0.000,,,,,,,
jac_rc_bnd_n192,nid006398,hex8,jac_action,packed,packed,sumfact,affine,0.000000e+00,72,2048,192,7189057,7077888,28756228,0,0.0000,n/a,20,3.383668661e-02,849.8535,6693.6937,209.1779,177.8012,0,0,0,5.046108211775e+00,1,1.000000,1,n/a,exact,on,1,0,0,0,0,5.753177600e-03,0.170028,0.000,,,,,,,
jac_rc_n192,nid006398,hex8,jac_action,atomic,atomic,sumfact,affine,0.000000e+00,72,0,192,7189057,7077888,28756228,0,0.0000,n/a,20,6.469444036e-02,444.4930,3500.9564,109.4049,92.9942,0,0,0,1.539739415477e-12,1,1.000000,0,n/a,exact,off,1,0,0,0,0,5.607948800e-03,0.086684,0.000,,,,,,,
jac_rc_n192,nid006398,hex8,jac_action,packed,packed,sumfact,affine,0.000000e+00,72,2048,192,7189057,7077888,28756228,0,0.0000,n/a,20,3.300176859e-02,871.3541,6863.0387,214.4700,182.2995,0,0,0,1.535864016126e-12,1,1.000000,0,n/a,exact,off,1,0,0,0,0,5.794048000e-03,0.175568,0.000,,,,,,,
residual_rc_perapply_n192,nid006398,hex8,residual,atomic,atomic,sumfact,affine,0.000000e+00,72,0,192,7189057,7077888,28756228,0,0.0000,n/a,20,6.959275007e-02,413.2072,3254.5404,101.7044,76.6851,0,0,0,-1.622822969755e-14,1,1.000000,0,sumfact,on,off,0,1,0,0,0,,,0.000,,,,,,,
residual_rc_perapply_n192,nid006398,hex8,residual,packed,packed,sumfact,affine,0.000000e+00,72,2048,192,7189057,7077888,28756228,0,0.0000,n/a,20,2.576981783e-02,1115.8879,8789.0577,274.6581,207.0922,0,0,0,-1.538764775322e-14,1,1.000000,0,sumfact,on,off,0,1,0,0,0,,,0.000,,,,,,,
residual_rc_bnd_dt_n192,nid006398,hex8,residual,atomic,atomic,sumfact,affine,0.000000e+00,72,0,192,7189057,7077888,28756228,0,0.0000,n/a,20,5.415748358e-02,530.9742,4182.1075,130.6909,98.5409,0,0,0,6.759309506134e+00,1,1.000000,1,sumfact,on,on,0,0,0,0,1,,,0.000,,,,,,,
residual_rc_bnd_dt_n192,nid006398,hex8,residual,packed,packed,sumfact,affine,0.000000e+00,72,2048,192,7189057,7077888,28756228,0,0.0000,n/a,20,2.521880865e-02,1140.2691,8981.0910,280.6591,211.6170,0,0,0,6.759362918358e+00,1,1.000000,1,sumfact,on,on,0,0,0,0,1,,,0.000,,,,,,,
residual_rc_bnd_n192,nid006398,hex8,residual,atomic,atomic,sumfact,affine,0.000000e+00,72,0,192,7189057,7077888,28756228,0,0.0000,n/a,20,5.269653797e-02,545.6948,4298.0512,134.3141,101.2728,0,0,0,3.727500000000e+00,1,1.000000,1,sumfact,on,on,0,0,0,0,0,,,0.000,,,,,,,
residual_rc_bnd_n192,nid006398,hex8,residual,packed,packed,sumfact,affine,0.000000e+00,72,2048,192,7189057,7077888,28756228,0,0.0000,n/a,20,2.317126989e-02,1241.0294,9774.7088,305.4597,230.3166,0,0,0,3.727500000000e+00,1,1.000000,1,sumfact,on,on,0,0,0,0,0,,,0.000,,,,,,,
residual_rc_n192,nid006398,hex8,residual,atomic,atomic,sumfact,affine,0.000000e+00,72,0,192,7189057,7077888,28756228,0,0.0000,n/a,20,5.155905485e-02,557.7338,4392.8737,137.2773,103.5071,0,0,0,-1.622822969755e-14,1,1.000000,0,sumfact,on,off,0,0,0,0,0,,,0.000,,,,,,,
residual_rc_n192,nid006398,hex8,residual,packed,packed,sumfact,affine,0.000000e+00,72,2048,192,7189057,7077888,28756228,0,0.0000,n/a,20,2.168657780e-02,1325.9920,10443.8984,326.3718,246.0844,0,0,0,-1.538764775322e-14,1,1.000000,0,sumfact,on,off,0,0,0,0,0,,,0.000,,,,,,,
residual_current_n192,nid006398,hex8,residual,packed,packed,current,affine,0.000000e+00,72,2048,192,7189057,7077888,28756228,0,0.0000,n/a,20,1.432132721e-02,2007.9304,15815.0437,494.2201,372.6420,0,0,0,-1.793000698001e-14,0,0.000000,0,current,off,off,0,0,0,0,0,,,0.000,,,,,,,
residual_current_n192,nid006398,hex8,residual,atomic,atomic,current,affine,0.000000e+00,72,0,192,7189057,7077888,28756228,0,0.0000,n/a,20,3.384959698e-02,849.5294,6691.1407,209.0981,157.6600,0,0,0,-1.950513589619e-14,0,0.000000,0,current,off,off,0,0,0,0,0,,,0.000,,,,,,,
jac_bare_n192,nid006398,hex8,jac_action,atomic,atomic,sumfact,affine,0.000000e+00,72,0,192,7189057,7077888,28756228,0,0.0000,n/a,20,3.338812590e-02,861.2711,6783.6217,211.9882,180.1900,0,0,0,2.371232268698e-11,0,0.000000,0,n/a,off,off,0,0,0,0,0,,,0.000,,,,,,,
jac_bare_n192,nid006398,hex8,jac_action,packed,packed,sumfact,affine,0.000000e+00,72,2048,192,7189057,7077888,28756228,0,0.0000,n/a,20,1.578931808e-02,1821.2457,14344.6610,448.2707,381.0301,0,0,0,2.364980412027e-11,0,0.000000,0,n/a,off,off,0,0,0,0,0,,,0.000,,,,,,,
residual_bare_n192,nid006398,hex8,residual,atomic,atomic,sumfact,affine,0.000000e+00,72,0,192,7189057,7077888,28756228,0,0.0000,n/a,20,3.460358381e-02,831.0188,6545.3456,204.5421,154.2247,0,0,0,-1.625251582621e-14,0,0.000000,0,sumfact,off,off,0,0,0,0,0,,,0.000,,,,,,,
residual_bare_n192,nid006398,hex8,residual,packed,packed,sumfact,affine,0.000000e+00,72,2048,192,7189057,7077888,28756228,0,0.0000,n/a,20,1.171219349e-02,2455.2385,19338.1723,604.3179,455.6557,0,0,0,-1.637644013452e-14,0,0.000000,0,sumfact,off,off,0,0,0,0,0,,,0.000,,,,,,,
residual_bare_n64,nid006398,hex8,residual,packed,packed,sumfact,affine,0.000000e+00,72,2048,64,274625,262144,1098500,0,0.0000,n/a,20,5.414128304e-04,2028.9508,15493.9217,484.1851,365.0755,0,0,0,-1.134075472420e-14,0,0.000000,0,sumfact,off,off,0,0,0,0,0,,,0.000,,,,,,,
residual_bare_n64,nid006398,hex8,residual,atomic,atomic,sumfact,affine,0.000000e+00,72,0,64,274625,262144,1098500,0,0.0000,n/a,20,1.337528229e-03,821.2911,6271.7241,195.9914,147.7775,0,0,0,-1.236760260176e-14,0,0.000000,0,sumfact,off,off,0,0,0,0,0,,,0.000,,,,,,,
jac_bare_n64,nid006398,hex8,jac_action,packed,packed,sumfact,affine,0.000000e+00,72,2048,64,274625,262144,1098500,0,0.0000,n/a,20,5.734205246e-04,1915.6970,14629.0683,457.1584,388.5846,0,0,0,-9.063975156369e-13,0,0.000000,0,n/a,off,off,0,0,0,0,0,,,0.000,,,,,,,
jac_bare_n64,nid006398,hex8,jac_action,atomic,atomic,sumfact,affine,0.000000e+00,72,0,64,274625,262144,1098500,0,0.0000,n/a,20,1.489531994e-03,737.4800,5631.7072,175.9908,149.5922,0,0,0,-9.072856940566e-13,0,0.000000,0,n/a,off,off,0,0,0,0,0,,,0.000,,,,,,,
residual_current_n64,nid006398,hex8,residual,atomic,atomic,current,affine,0.000000e+00,72,0,64,274625,262144,1098500,0,0.0000,n/a,20,1.413595676e-03,777.0963,5934.2343,185.4448,139.8254,0,0,0,-1.240218865106e-14,0,0.000000,0,current,off,off,0,0,0,0,0,,,0.000,,,,,,,
residual_current_n64,nid006398,hex8,residual,packed,packed,current,affine,0.000000e+00,72,2048,64,274625,262144,1098500,0,0.0000,n/a,20,5.286455154e-04,2077.9520,15868.1153,495.8786,373.8925,0,0,0,-1.151401023136e-14,0,0.000000,0,current,off,off,0,0,0,0,0,,,0.000,,,,,,,
residual_rc_n64,nid006398,hex8,residual,packed,packed,sumfact,affine,0.000000e+00,72,2048,64,274625,262144,1098500,0,0.0000,n/a,20,7.479429245e-04,1468.6950,11215.5724,350.4866,264.2669,0,0,0,-1.139626587543e-14,1,1.000000,0,sumfact,on,off,0,0,0,0,0,,,0.000,,,,,,,
residual_rc_n64,nid006398,hex8,residual,atomic,atomic,sumfact,affine,0.000000e+00,72,0,64,274625,262144,1098500,0,0.0000,n/a,20,1.968133450e-03,558.1430,4262.2150,133.1942,100.4284,0,0,0,-1.283597794027e-14,1,1.000000,0,sumfact,on,off,0,0,0,0,0,,,0.000,,,,,,,
residual_rc_bnd_n64,nid006398,hex8,residual,packed,packed,sumfact,affine,0.000000e+00,72,2048,64,274625,262144,1098500,0,0.0000,n/a,20,9.297728539e-04,1181.4714,9022.2122,281.9441,212.5859,0,0,0,3.727500000000e+00,1,1.000000,1,sumfact,on,on,0,0,0,0,0,,,0.000,,,,,,,
residual_rc_bnd_n64,nid006398,hex8,residual,atomic,atomic,sumfact,affine,0.000000e+00,72,0,64,274625,262144,1098500,0,0.0000,n/a,20,1.891005039e-03,580.9080,4436.0580,138.6268,104.5246,0,0,0,3.727500000000e+00,1,1.000000,1,sumfact,on,on,0,0,0,0,0,,,0.000,,,,,,,
residual_rc_bnd_dt_n64,nid006398,hex8,residual,packed,packed,sumfact,affine,0.000000e+00,72,2048,64,274625,262144,1098500,0,0.0000,n/a,20,8.808732033e-04,1247.0580,9523.0596,297.5956,224.3871,0,0,0,6.759321052459e+00,1,1.000000,1,sumfact,on,on,0,0,0,0,1,,,0.000,,,,,,,
residual_rc_bnd_dt_n64,nid006398,hex8,residual,atomic,atomic,sumfact,affine,0.000000e+00,72,0,64,274625,262144,1098500,0,0.0000,n/a,20,1.975452900e-03,556.0750,4246.4227,132.7007,100.0563,0,0,0,6.759448953731e+00,1,1.000000,1,sumfact,on,on,0,0,0,0,1,,,0.000,,,,,,,
residual_rc_perapply_n64,nid006398,hex8,residual,packed,packed,sumfact,affine,0.000000e+00,72,2048,64,274625,262144,1098500,0,0.0000,n/a,20,8.953452110e-04,1226.9011,9369.1326,292.7854,220.7602,0,0,0,-1.139626587543e-14,1,1.000000,0,sumfact,on,off,0,1,0,0,0,,,0.000,,,,,,,
residual_rc_perapply_n64,nid006398,hex8,residual,atomic,atomic,sumfact,affine,0.000000e+00,72,0,64,274625,262144,1098500,0,0.0000,n/a,20,2.884960175e-03,380.7678,2907.7032,90.8657,68.5128,0,0,0,-1.283597794027e-14,1,1.000000,0,sumfact,on,off,0,1,0,0,0,,,0.000,,,,,,,
jac_rc_n64,nid006398,hex8,jac_action,packed,packed,sumfact,affine,0.000000e+00,72,2048,64,274625,262144,1098500,0,0.0000,n/a,20,1.112937927e-03,987.0272,7537.3548,235.5423,200.2110,0,0,0,-4.672237531762e-13,1,1.000000,0,n/a,exact,off,1,0,0,0,0,1.357440000e-04,0.121969,0.000,,,,,,,
jac_rc_n64,nid006398,hex8,jac_action,atomic,atomic,sumfact,affine,0.000000e+00,72,0,64,274625,262144,1098500,0,0.0000,n/a,20,2.411806583e-03,455.4677,3478.1429,108.6920,92.3882,0,0,0,-4.694580770133e-13,1,1.000000,0,n/a,exact,off,1,0,0,0,0,1.368704000e-04,0.056750,0.000,,,,,,,
jac_rc_bnd_n64,nid006398,hex8,jac_action,packed,packed,sumfact,affine,0.000000e+00,72,2048,64,274625,262144,1098500,0,0.0000,n/a,20,1.241672039e-03,884.6942,6755.8967,211.1218,179.4535,0,0,0,5.044059835243e+00,1,1.000000,1,n/a,exact,on,1,0,0,0,0,1.333760000e-04,0.107416,0.000,,,,,,,
jac_rc_bnd_n64,nid006398,hex8,jac_action,atomic,atomic,sumfact,affine,0.000000e+00,72,0,64,274625,262144,1098500,0,0.0000,n/a,20,2.567255497e-03,427.8888,3267.5392,102.1106,86.7940,0,0,0,5.044059835243e+00,1,1.000000,1,n/a,exact,on,1,0,0,0,0,2.036992000e-04,0.079345,0.000,,,,,,,
assemble_n64,nid006398,hex8,assemble,packed,packed,sumfact,affine,0.000000e+00,72,2048,64,274625,262144,1098500,7189057,877.5704,f64,20,1.952325106e-02,56.2662,429.6727,13.4273,30.9364,0,0,0,2.702430495366e-10,0,0.000000,0,sumfact,off,off,0,0,0,0,0,,,0.000,,,,,,,
assemble_n64,nid006398,hex8,assemble,atomic,atomic,sumfact,affine,0.000000e+00,72,0,64,274625,262144,1098500,7189057,877.5704,f64,20,2.924126387e-02,37.5668,286.8757,8.9649,20.6551,0,0,0,2.702932316173e-10,0,0.000000,0,sumfact,off,off,0,0,0,0,0,,,0.000,,,,,,,
assemble_n64,nid006398,hex8,assemble,colored,colored,sumfact,affine,0.000000e+00,72,2048,64,274625,262144,1098500,7189057,877.5704,f64,20,2.326045036e-02,47.2261,360.6382,11.2699,25.9660,11,11,12,2.702430495366e-10,0,0.000000,0,sumfact,off,off,0,0,0,0,0,,,0.000,,,,,,,
assemble_n64,nid006398,hex8,assemble,store,store,sumfact,affine,0.000000e+00,72,2048,64,274625,262144,1098500,7189057,877.5704,f64,20,1.478923559e-02,74.2770,567.2104,17.7253,40.8391,0,0,0,2.702430495366e-10,0,0.000000,0,sumfact,off,off,0,0,0,0,0,,,0.000,,,,,,,
assemble_sympy_n64,nid006398,hex8,assemble,atomic,atomic,sympy,affine,0.000000e+00,72,0,64,274625,262144,1098500,7189057,877.5704,f64,20,2.061111927e-02,53.2965,406.9943,12.7186,29.3036,0,0,0,2.702932318341e-10,0,0.000000,0,sympy,off,off,0,0,0,0,0,,,0.000,,,,,,,
assemble_sympy_n64,nid006398,hex8,assemble,colored,colored,sympy,affine,0.000000e+00,72,2048,64,274625,262144,1098500,7189057,877.5704,f64,20,2.873147726e-02,38.2333,291.9658,9.1239,21.0215,11,11,12,2.702430497534e-10,0,0.000000,0,sympy,off,off,0,0,0,0,0,,,0.000,,,,,,,
assemble_diag_n64,nid006398,hex8,assemble_diag,atomic,atomic,sumfact,affine,0.000000e+00,72,0,64,274625,262144,1098500,0,0.0000,n/a,20,1.061975956e-02,103.4393,789.9056,24.6846,18.6122,0,0,0,5.801523603040e+02,0,0.000000,0,n/a,off,off,0,0,0,0,0,,,0.000,,,,,,,
spmv_f64_n64,nid006398,hex8,bsr_apply,packed,n/a,sumfact,affine,0.000000e+00,72,2048,64,274625,262144,1098500,7189057,877.5704,f64,20,2.347147465e-03,468.0149,0.0000,0.0000,0.0000,0,0,0,-9.061069494547e-13,0,0.000000,0,n/a,off,off,0,0,0,0,0,,,0.000,,,,,,,
spmv_f32_n64,nid006398,hex8,bsr_apply,packed,n/a,sumfact,affine,0.000000e+00,72,2048,64,274625,262144,1098500,7189057,438.7852,f32,20,1.270401478e-03,864.6873,0.0000,0.0000,0.0000,0,0,0,1.266297573960e-05,0,0.000000,0,n/a,off,off,0,0,0,0,0,,,0.000,,,,,,,
residual_bare_n96,nid006398,hex8,residual,packed,packed,sumfact,affine,0.000000e+00,72,2048,96,912673,884736,3650692,0,0.0000,n/a,20,1.368474960e-03,2667.7083,20688.3961,646.5124,487.4703,0,0,0,8.463618261095e-14,0,0.000000,0,sumfact,off,off,0,0,0,0,0,,,0.000,,,,,,,
residual_bare_n96,nid006398,hex8,residual,atomic,atomic,sumfact,affine,0.000000e+00,72,0,96,912673,884736,3650692,0,0.0000,n/a,20,4.585719109e-03,796.1002,6173.8522,192.9329,145.4714,0,0,0,9.779471069754e-14,0,0.000000,0,sumfact,off,off,0,0,0,0,0,,,0.000,,,,,,,
jac_bare_n96,nid006398,hex8,jac_action,packed,packed,sumfact,affine,0.000000e+00,72,2048,96,912673,884736,3650692,0,0.0000,n/a,20,1.814627647e-03,2011.8133,15601.8520,487.5579,414.4242,0,0,0,-1.951219960887e-12,0,0.000000,0,n/a,off,off,0,0,0,0,0,,,0.000,,,,,,,
jac_bare_n96,nid006398,hex8,jac_action,atomic,atomic,sumfact,affine,0.000000e+00,72,0,96,912673,884736,3650692,0,0.0000,n/a,20,4.655456543e-03,784.1749,6081.3696,190.0428,161.5364,0,0,0,-1.959269077816e-12,0,0.000000,0,n/a,off,off,0,0,0,0,0,,,0.000,,,,,,,
residual_current_n96,nid006398,hex8,residual,atomic,atomic,current,affine,0.000000e+00,72,0,96,912673,884736,3650692,0,0.0000,n/a,20,4.521548748e-03,807.3986,6261.4722,195.6710,147.5359,0,0,0,1.028125609821e-13,0,0.000000,0,current,off,off,0,0,0,0,0,,,0.000,,,,,,,
residual_current_n96,nid006398,hex8,residual,packed,packed,current,affine,0.000000e+00,72,2048,96,912673,884736,3650692,0,0.0000,n/a,20,1.684212685e-03,2167.5956,16809.9625,525.3113,396.0847,0,0,0,8.832415051077e-14,0,0.000000,0,current,off,off,0,0,0,0,0,,,0.000,,,,,,,
residual_rc_n96,nid006398,hex8,residual,packed,packed,sumfact,affine,0.000000e+00,72,2048,96,912673,884736,3650692,0,0.0000,n/a,20,2.787995338e-03,1309.4326,10154.8061,317.3377,239.2726,0,0,0,8.513567455182e-14,1,1.000000,0,sumfact,on,off,0,0,0,0,0,,,0.000,,,,,,,
residual_rc_n96,nid006398,hex8,residual,atomic,atomic,sumfact,affine,0.000000e+00,72,0,96,912673,884736,3650692,0,0.0000,n/a,20,6.662511826e-03,547.9453,4249.3811,132.7932,100.1260,0,0,0,9.933444041280e-14,1,1.000000,0,sumfact,on,off,0,0,0,0,0,,,0.000,,,,,,,
residual_rc_bnd_n96,nid006398,hex8,residual,packed,packed,sumfact,affine,0.000000e+00,72,2048,96,912673,884736,3650692,0,0.0000,n/a,20,3.006827831e-03,1214.1340,9415.7543,294.2423,221.8587,0,0,0,3.727500000000e+00,1,1.000000,1,sumfact,on,on,0,0,0,0,0,,,0.000,,,,,,,
residual_rc_bnd_n96,nid006398,hex8,residual,atomic,atomic,sumfact,affine,0.000000e+00,72,0,96,912673,884736,3650692,0,0.0000,n/a,20,7.334291935e-03,497.7566,3860.1616,120.6300,90.9551,0,0,0,3.727500000000e+00,1,1.000000,1,sumfact,on,on,0,0,0,0,0,,,0.000,,,,,,,
residual_rc_bnd_dt_n96,nid006398,hex8,residual,packed,packed,sumfact,affine,0.000000e+00,72,2048,96,912673,884736,3650692,0,0.0000,n/a,20,3.046774864e-03,1198.2152,9292.3019,290.3844,218.9499,0,0,0,6.759222128181e+00,1,1.000000,1,sumfact,on,on,0,0,0,0,1,,,0.000,,,,,,,
residual_rc_bnd_dt_n96,nid006398,hex8,residual,atomic,atomic,sumfact,affine,0.000000e+00,72,0,96,912673,884736,3650692,0,0.0000,n/a,20,6.894469261e-03,529.5102,4106.4150,128.3255,96.7574,0,0,0,6.759287405709e+00,1,1.000000,1,sumfact,on,on,0,0,0,0,1,,,0.000,,,,,,,
residual_rc_perapply_n96,nid006398,hex8,residual,packed,packed,sumfact,affine,0.000000e+00,72,2048,96,912673,884736,3650692,0,0.0000,n/a,20,3.148698807e-03,1159.4288,8991.5085,280.9846,211.8624,0,0,0,8.513567455182e-14,1,1.000000,0,sumfact,on,off,0,1,0,0,0,,,0.000,,,,,,,
residual_rc_perapply_n96,nid006398,hex8,residual,atomic,atomic,sumfact,affine,0.000000e+00,72,0,96,912673,884736,3650692,0,0.0000,n/a,20,9.100043774e-03,401.1730,3111.1446,97.2233,73.3063,0,0,0,9.933444041280e-14,1,1.000000,0,sumfact,on,off,0,1,0,0,0,,,0.000,,,,,,,
jac_rc_n96,nid006398,hex8,jac_action,packed,packed,sumfact,affine,0.000000e+00,72,2048,96,912673,884736,3650692,0,0.0000,n/a,20,4.241275787e-03,860.7533,6675.2443,208.6014,177.3112,0,0,0,-2.052185190445e-13,1,1.000000,0,n/a,exact,off,1,0,0,0,0,6.435840000e-04,0.151743,0.000,,,,,,,
jac_rc_n96,nid006398,hex8,jac_action,atomic,atomic,sumfact,affine,0.000000e+00,72,0,96,912673,884736,3650692,0,0.0000,n/a,20,8.164548874e-03,447.1395,3467.6199,108.3631,92.1087,0,0,0,-2.023527558622e-13,1,1.000000,0,n/a,exact,off,1,0,0,0,0,5.755648000e-04,0.070496,0.000,,,,,,,
jac_rc_bnd_n96,nid006398,hex8,jac_action,packed,packed,sumfact,affine,0.000000e+00,72,2048,96,912673,884736,3650692,0,0.0000,n/a,20,4.574823380e-03,797.9963,6188.5563,193.3924,164.3835,0,0,0,5.046234218079e+00,1,1.000000,1,n/a,exact,on,1,0,0,0,0,6.457984000e-04,0.141164,0.000,,,,,,,
jac_rc_bnd_n96,nid006398,hex8,jac_action,atomic,atomic,sumfact,affine,0.000000e+00,72,0,96,912673,884736,3650692,0,0.0000,n/a,20,8.624911308e-03,423.2730,3282.5325,102.5791,87.1923,0,0,0,5.046234218079e+00,1,1.000000,1,n/a,exact,on,1,0,0,0,0,5.280256000e-04,0.061221,0.000,,,,,,,
assemble_n96,nid006398,hex8,assemble,packed,packed,sumfact,affine,0.000000e+00,72,2048,96,912673,884736,3650692,24137569,2946.4806,f64,20,6.572321653e-02,55.5465,430.7694,13.4615,31.0154,0,0,0,7.424116575276e-11,0,0.000000,0,sumfact,off,off,0,0,0,0,0,,,0.000,,,,,,,
assemble_n96,nid006398,hex8,assemble,atomic,atomic,sumfact,affine,0.000000e+00,72,0,96,912673,884736,3650692,24137569,2946.4806,f64,20,9.707642794e-02,37.6064,291.6419,9.1138,20.9982,0,0,0,7.342422201788e-11,0,0.000000,0,sumfact,off,off,0,0,0,0,0,,,0.000,,,,,,,
assemble_n96,nid006398,hex8,assemble,colored,colored,sumfact,affine,0.000000e+00,72,2048,96,912673,884736,3650692,24137569,2946.4806,f64,20,4.661264420e-02,78.3198,607.3792,18.9806,43.7313,17,25,26,7.428368729460e-11,0,0.000000,0,sumfact,off,off,0,0,0,0,0,,,0.000,,,,,,,
assemble_n96,nid006398,hex8,assemble,store,store,sumfact,affine,0.000000e+00,72,2048,96,912673,884736,3650692,24137569,2946.4806,f64,20,5.040467978e-02,72.4276,561.6850,17.5527,40.4413,0,0,0,7.424116575276e-11,0,0.000000,0,sumfact,off,off,0,0,0,0,0,,,0.000,,,,,,,
assemble_sympy_n96,nid006398,hex8,assemble,atomic,atomic,sympy,affine,0.000000e+00,72,0,96,912673,884736,3650692,24137569,2946.4806,f64,20,6.830310822e-02,53.4484,414.4987,12.9531,29.8439,0,0,0,6.578006241380e-11,0,0.000000,0,sympy,off,off,0,0,0,0,0,,,0.000,,,,,,,
assemble_sympy_n96,nid006398,hex8,assemble,colored,colored,sympy,affine,0.000000e+00,72,2048,96,912673,884736,3650692,24137569,2946.4806,f64,20,5.300019979e-02,68.8807,534.1782,16.6931,38.4608,17,25,26,6.667015596822e-11,0,0.000000,0,sympy,off,off,0,0,0,0,0,,,0.000,,,,,,,
assemble_diag_n96,nid006398,hex8,assemble_diag,atomic,atomic,sumfact,affine,0.000000e+00,72,0,96,912673,884736,3650692,0,0.0000,n/a,20,3.368747234e-02,108.3694,840.4178,26.2631,19.8023,0,0,0,1.054549351220e+03,0,0.000000,0,n/a,off,off,0,0,0,0,0,,,0.000,,,,,,,
spmv_f64_n96,nid006398,hex8,bsr_apply,packed,n/a,sumfact,affine,0.000000e+00,72,2048,96,912673,884736,3650692,24137569,2946.4806,f64,20,8.229279518e-03,443.6223,0.0000,0.0000,0.0000,0,0,0,-2.144415680726e-12,0,0.000000,0,n/a,off,off,0,0,0,0,0,,,0.000,,,,,,,
spmv_f32_n96,nid006398,hex8,bsr_apply,packed,n/a,sumfact,affine,0.000000e+00,72,2048,96,912673,884736,3650692,24137569,1473.2403,f32,20,4.263544083e-03,856.2576,0.0000,0.0000,0.0000,0,0,0,-1.160063154236e-06,0,0.000000,0,n/a,off,off,0,0,0,0,0,,,0.000,,,,,,,
residual_bare_n128,nid006398,hex8,residual,packed,packed,sumfact,affine,0.000000e+00,72,2048,128,2146689,2097152,8586756,0,0.0000,n/a,20,3.431320190e-03,2502.4642,19557.7388,611.1793,460.8292,0,0,0,1.371529842822e-13,0,0.000000,0,sumfact,off,off,0,0,0,0,0,,,0.000,,,,,,,
residual_bare_n128,nid006398,hex8,residual,atomic,atomic,sumfact,affine,0.000000e+00,72,0,128,2146689,2097152,8586756,0,0.0000,n/a,20,1.049021482e-02,818.5491,6397.2821,199.9151,150.7360,0,0,0,1.381383614267e-13,0,0.000000,0,sumfact,off,off,0,0,0,0,0,,,0.000,,,,,,,
jac_bare_n128,nid006398,hex8,jac_action,packed,packed,sumfact,affine,0.000000e+00,72,2048,128,2146689,2097152,8586756,0,0.0000,n/a,20,4.856443405e-03,1768.1161,13818.5208,431.8288,367.0545,0,0,0,-3.356411692633e-12,0,0.000000,0,n/a,off,off,0,0,0,0,0,,,0.000,,,,,,,
jac_bare_n128,nid006398,hex8,jac_action,atomic,atomic,sumfact,affine,0.000000e+00,72,0,128,2146689,2097152,8586756,0,0.0000,n/a,20,1.021497250e-02,840.6049,6569.6568,205.3018,174.5065,0,0,0,-3.357341910992e-12,0,0.000000,0,n/a,off,off,0,0,0,0,0,,,0.000,,,,,,,
residual_current_n128,nid006398,hex8,residual,atomic,atomic,current,affine,0.000000e+00,72,0,128,2146689,2097152,8586756,0,0.0000,n/a,20,1.015626192e-02,845.4642,6607.6342,206.4886,155.6924,0,0,0,1.381248631097e-13,0,0.000000,0,current,off,off,0,0,0,0,0,,,0.000,,,,,,,
residual_current_n128,nid006398,hex8,residual,packed,packed,current,affine,0.000000e+00,72,2048,128,2146689,2097152,8586756,0,0.0000,n/a,20,4.250323772e-03,2020.2593,15789.1181,493.4099,372.0311,0,0,0,1.371534179631e-13,0,0.000000,0,current,off,off,0,0,0,0,0,,,0.000,,,,,,,
residual_rc_n128,nid006398,hex8,residual,packed,packed,sumfact,affine,0.000000e+00,72,2048,128,2146689,2097152,8586756,0,0.0000,n/a,20,6.506371498e-03,1319.7457,10314.3302,322.3228,243.0314,0,0,0,1.371512495588e-13,1,1.000000,0,sumfact,on,off,0,0,0,0,0,,,0.000,,,,,,,
residual_rc_n128,nid006398,hex8,residual,atomic,atomic,sumfact,affine,0.000000e+00,72,0,128,2146689,2097152,8586756,0,0.0000,n/a,20,1.519422531e-02,565.1329,4416.7348,138.0230,104.0693,0,0,0,1.381366267032e-13,1,1.000000,0,sumfact,on,off,0,0,0,0,0,,,0.000,,,,,,,
residual_rc_bnd_n128,nid006398,hex8,residual,packed,packed,sumfact,affine,0.000000e+00,72,2048,128,2146689,2097152,8586756,0,0.0000,n/a,20,7.232213020e-03,1187.2930,9279.1603,289.9738,218.6402,0,0,0,3.727500000000e+00,1,1.000000,1,sumfact,on,on,0,0,0,0,0,,,0.000,,,,,,,
residual_rc_bnd_n128,nid006398,hex8,residual,atomic,atomic,sumfact,affine,0.000000e+00,72,0,128,2146689,2097152,8586756,0,0.0000,n/a,20,1.551963091e-02,553.2835,4324.1276,135.1290,101.8873,0,0,0,3.727500000000e+00,1,1.000000,1,sumfact,on,on,0,0,0,0,0,,,0.000,,,,,,,
residual_rc_bnd_dt_n128,nid006398,hex8,residual,packed,packed,sumfact,affine,0.000000e+00,72,2048,128,2146689,2097152,8586756,0,0.0000,n/a,20,7.820522785e-03,1097.9772,8581.1225,268.1601,202.1927,0,0,0,6.759281944370e+00,1,1.000000,1,sumfact,on,on,0,0,0,0,1,,,0.000,,,,,,,
residual_rc_bnd_dt_n128,nid006398,hex8,residual,atomic,atomic,sumfact,affine,0.000000e+00,72,0,128,2146689,2097152,8586756,0,0.0000,n/a,20,1.607977152e-02,534.0098,4173.4961,130.4218,98.3380,0,0,0,6.759329548060e+00,1,1.000000,1,sumfact,on,on,0,0,0,0,1,,,0.000,,,,,,,
residual_rc_perapply_n128,nid006398,hex8,residual,packed,packed,sumfact,affine,0.000000e+00,72,2048,128,2146689,2097152,8586756,0,0.0000,n/a,20,7.587826252e-03,1131.6490,8844.2805,276.3838,208.3934,0,0,0,1.371512495588e-13,1,1.000000,0,sumfact,on,off,0,1,0,0,0,,,0.000,,,,,,,
residual_rc_perapply_n128,nid006398,hex8,residual,atomic,atomic,sumfact,affine,0.000000e+00,72,0,128,2146689,2097152,8586756,0,0.0000,n/a,20,2.070316076e-02,414.7558,3241.4792,101.2962,76.3774,0,0,0,1.381366267032e-13,1,1.000000,0,sumfact,on,off,0,1,0,0,0,,,0.000,,,,,,,
jac_rc_n128,nid006398,hex8,jac_action,packed,packed,sumfact,affine,0.000000e+00,72,2048,128,2146689,2097152,8586756,0,0.0000,n/a,20,1.047397852e-02,819.8180,6407.1989,200.2250,170.1912,0,0,0,7.525805065939e-14,1,1.000000,0,n/a,exact,off,1,0,0,0,0,1.585932800e-03,0.151416,0.000,,,,,,,
jac_rc_n128,nid006398,hex8,jac_action,atomic,atomic,sumfact,affine,0.000000e+00,72,0,128,2146689,2097152,8586756,0,0.0000,n/a,20,1.963342428e-02,437.3540,3418.0927,106.8154,90.7931,0,0,0,8.619374745195e-14,1,1.000000,0,n/a,exact,off,1,0,0,0,0,1.636723200e-03,0.083364,0.000,,,,,,,
jac_rc_bnd_n128,nid006398,hex8,jac_action,packed,packed,sumfact,affine,0.000000e+00,72,2048,128,2146689,2097152,8586756,0,0.0000,n/a,20,1.121827364e-02,765.4258,5982.1026,186.9407,158.8996,0,0,0,5.044940681195e+00,1,1.000000,1,n/a,exact,on,1,0,0,0,0,1.672857600e-03,0.149119,0.000,,,,,,,
jac_rc_bnd_n128,nid006398,hex8,jac_action,atomic,atomic,sumfact,affine,0.000000e+00,72,0,128,2146689,2097152,8586756,0,0.0000,n/a,20,2.012709379e-02,426.6267,3334.2550,104.1955,88.5661,0,0,0,5.044940681195e+00,1,1.000000,1,n/a,exact,on,1,0,0,0,0,1.678208000e-03,0.083381,0.000,,,,,,,
assemble_n128,nid006398,hex8,assemble,packed,packed,sumfact,affine,0.000000e+00,72,2048,128,2146689,2097152,8586756,57066625,6966.1407,f64,20,1.517796636e-01,56.5738,442.1466,13.8171,31.8346,0,0,0,-3.076222088107e-08,0,0.000000,0,sumfact,off,off,0,0,0,0,0,,,0.000,,,,,,,
assemble_n128,nid006398,hex8,assemble,atomic,atomic,sumfact,affine,0.000000e+00,72,0,128,2146689,2097152,8586756,57066625,6966.1407,f64,20,2.274743915e-01,37.7482,295.0172,9.2193,21.2412,0,0,0,-3.076550014682e-08,0,0.000000,0,sumfact,off,off,0,0,0,0,0,,,0.000,,,,,,,
assemble_n128,nid006398,hex8,assemble,colored,colored,sumfact,affine,0.000000e+00,72,2048,128,2146689,2097152,8586756,57066625,6966.1407,f64,20,9.179874659e-02,93.5389,731.0434,22.8451,52.6351,14,72,74,-3.076222088107e-08,0,0.000000,0,sumfact,off,off,0,0,0,0,0,,,0.000,,,,,,,
assemble_n128,nid006398,hex8,assemble,store,store,sumfact,affine,0.000000e+00,72,2048,128,2146689,2097152,8586756,57066625,6966.1407,f64,20,1.133236885e-01,75.7719,592.1874,18.5059,42.6375,0,0,0,-3.076222088107e-08,0,0.000000,0,sumfact,off,off,0,0,0,0,0,,,0.000,,,,,,,
assemble_sympy_n128,nid006398,hex8,assemble,atomic,atomic,sympy,affine,0.000000e+00,72,0,128,2146689,2097152,8586756,57066625,6966.1407,f64,20,1.607847691e-01,53.4053,417.3832,13.0432,30.0516,0,0,0,-3.076550013728e-08,0,0.000000,0,sympy,off,off,0,0,0,0,0,,,0.000,,,,,,,
assemble_sympy_n128,nid006398,hex8,assemble,colored,colored,sympy,affine,0.000000e+00,72,2048,128,2146689,2097152,8586756,57066625,6966.1407,f64,20,9.842174053e-02,87.2445,681.8500,21.3078,49.0932,14,72,74,-3.076222087847e-08,0,0.000000,0,sympy,off,off,0,0,0,0,0,,,0.000,,,,,,,
assemble_diag_n128,nid006398,hex8,assemble_diag,atomic,atomic,sumfact,affine,0.000000e+00,72,0,128,2146689,2097152,8586756,0,0.0000,n/a,20,7.766022682e-02,110.5683,864.1343,27.0042,20.3612,0,0,0,1.651826180067e+03,0,0.000000,0,n/a,off,off,0,0,0,0,0,,,0.000,,,,,,,
spmv_f64_n128,nid006398,hex8,bsr_apply,packed,n/a,sumfact,affine,0.000000e+00,72,2048,128,2146689,2097152,8586756,57066625,6966.1407,f64,20,1.934976578e-02,443.7654,0.0000,0.0000,0.0000,0,0,0,-3.359821589780e-12,0,0.000000,0,n/a,off,off,0,0,0,0,0,,,0.000,,,,,,,
spmv_f32_n128,nid006398,hex8,bsr_apply,packed,n/a,sumfact,affine,0.000000e+00,72,2048,128,2146689,2097152,8586756,57066625,3483.0704,f32,20,1.060795784e-02,809.4636,0.0000,0.0000,0.0000,0,0,0,4.661783736126e-05,0,0.000000,0,n/a,off,off,0,0,0,0,0,,,0.000,,,,,,,
residual_bare_n160,nid006398,hex8,residual,packed,packed,sumfact,affine,0.000000e+00,72,2048,160,4173281,4096000,16693124,0,0.0000,n/a,20,6.832003593e-03,2443.3717,19185.0016,599.5313,452.0466,0,0,0,-6.926008161087e-14,0,0.000000,0,sumfact,off,off,0,0,0,0,0,,,0.000,,,,,,,
residual_bare_n160,nid006398,hex8,residual,atomic,atomic,sumfact,affine,0.000000e+00,72,0,160,4173281,4096000,16693124,0,0.0000,n/a,20,2.180423737e-02,765.5908,6011.3086,187.8534,141.6415,0,0,0,-7.557772766995e-14,0,0.000000,0,sumfact,off,off,0,0,0,0,0,,,0.000,,,,,,,
jac_bare_n160,nid006398,hex8,jac_action,packed,packed,sumfact,affine,0.000000e+00,72,2048,160,4173281,4096000,16693124,0,0.0000,n/a,20,9.498155117e-03,1757.5123,13799.7325,431.2416,366.5554,0,0,0,7.483083570110e-13,0,0.000000,0,n/a,off,off,0,0,0,0,0,,,0.000,,,,,,,
jac_bare_n160,nid006398,hex8,jac_action,atomic,atomic,sumfact,affine,0.000000e+00,72,0,160,4173281,4096000,16693124,0,0.0000,n/a,20,2.012361288e-02,829.5292,6513.3433,203.5420,173.0107,0,0,0,7.531967942138e-13,0,0.000000,0,n/a,off,off,0,0,0,0,0,,,0.000,,,,,,,
residual_current_n160,nid006398,hex8,residual,atomic,atomic,current,affine,0.000000e+00,72,0,160,4173281,4096000,16693124,0,0.0000,n/a,20,2.080473900e-02,802.3712,6300.1031,196.8782,148.4462,0,0,0,-7.131918482433e-14,0,0.000000,0,current,off,off,0,0,0,0,0,,,0.000,,,,,,,
residual_current_n160,nid006398,hex8,residual,packed,packed,current,affine,0.000000e+00,72,2048,160,4173281,4096000,16693124,0,0.0000,n/a,20,8.201801777e-03,2035.2996,15980.8788,499.4025,376.5495,0,0,0,-6.568480297436e-14,0,0.000000,0,current,off,off,0,0,0,0,0,,,0.000,,,,,,,
residual_rc_n160,nid006398,hex8,residual,packed,packed,sumfact,affine,0.000000e+00,72,2048,160,4173281,4096000,16693124,0,0.0000,n/a,20,1.287246943e-02,1296.8082,10182.3509,318.1985,239.9216,0,0,0,-7.066434026468e-14,1,1.000000,0,sumfact,on,off,0,0,0,0,0,,,0.000,,,,,,,
residual_rc_n160,nid006398,hex8,residual,atomic,atomic,sumfact,affine,0.000000e+00,72,0,160,4173281,4096000,16693124,0,0.0000,n/a,20,3.061484098e-02,545.2625,4281.3223,133.7913,100.8787,0,0,0,-7.449527377346e-14,1,1.000000,0,sumfact,on,off,0,0,0,0,0,,,0.000,,,,,,,
residual_rc_bnd_n160,nid006398,hex8,residual,packed,packed,sumfact,affine,0.000000e+00,72,2048,160,4173281,4096000,16693124,0,0.0000,n/a,20,1.388783455e-02,1201.9962,9437.9005,294.9344,222.3805,0,0,0,3.727500000000e+00,1,1.000000,1,sumfact,on,on,0,0,0,0,0,,,0.000,,,,,,,
residual_rc_bnd_n160,nid006398,hex8,residual,atomic,atomic,sumfact,affine,0.000000e+00,72,0,160,4173281,4096000,16693124,0,0.0000,n/a,20,3.190187216e-02,523.2647,4108.5990,128.3937,96.8089,0,0,0,3.727500000000e+00,1,1.000000,1,sumfact,on,on,0,0,0,0,0,,,0.000,,,,,,,
residual_rc_bnd_dt_n160,nid006398,hex8,residual,packed,packed,sumfact,affine,0.000000e+00,72,2048,160,4173281,4096000,16693124,0,0.0000,n/a,20,1.518744230e-02,1099.1399,8630.2879,269.6965,203.3512,0,0,0,6.759317416976e+00,1,1.000000,1,sumfact,on,on,0,0,0,0,1,,,0.000,,,,,,,
residual_rc_bnd_dt_n160,nid006398,hex8,residual,atomic,atomic,sumfact,affine,0.000000e+00,72,0,160,4173281,4096000,16693124,0,0.0000,n/a,20,3.280971050e-02,508.7861,3994.9149,124.8411,94.1302,0,0,0,6.759324573300e+00,1,1.000000,1,sumfact,on,on,0,0,0,0,1,,,0.000,,,,,,,
residual_rc_perapply_n160,nid006398,hex8,residual,packed,packed,sumfact,affine,0.000000e+00,72,2048,160,4173281,4096000,16693124,0,0.0000,n/a,20,1.523915529e-02,1095.4101,8601.0017,268.7813,202.6611,0,0,0,-7.066434026468e-14,1,1.000000,0,sumfact,on,off,0,1,0,0,0,,,0.000,,,,,,,
residual_rc_perapply_n160,nid006398,hex8,residual,atomic,atomic,sumfact,affine,0.000000e+00,72,0,160,4173281,4096000,16693124,0,0.0000,n/a,20,4.208407402e-02,396.6613,3114.5274,97.3290,73.3861,0,0,0,-7.449527377346e-14,1,1.000000,0,sumfact,on,off,0,1,0,0,0,,,0.000,,,,,,,
jac_rc_n160,nid006398,hex8,jac_action,packed,packed,sumfact,affine,0.000000e+00,72,2048,160,4173281,4096000,16693124,0,0.0000,n/a,20,2.088205814e-02,799.4003,6276.7759,196.1492,166.7269,0,0,0,-5.547403831327e-13,1,1.000000,0,n/a,exact,off,1,0,0,0,0,3.501056000e-03,0.167659,0.000,,,,,,,
jac_rc_n160,nid006398,hex8,jac_action,atomic,atomic,sumfact,affine,0.000000e+00,72,0,160,4173281,4096000,16693124,0,0.0000,n/a,20,3.758662939e-02,444.1240,3487.1975,108.9749,92.6287,0,0,0,-5.555626420603e-13,1,1.000000,0,n/a,exact,off,1,0,0,0,0,3.410739200e-03,0.090743,0.000,,,,,,,
jac_rc_bnd_n160,nid006398,hex8,jac_action,packed,packed,sumfact,affine,0.000000e+00,72,2048,160,4173281,4096000,16693124,0,0.0000,n/a,20,2.196688652e-02,759.9222,5966.7992,186.4625,158.4931,0,0,0,5.046148336219e+00,1,1.000000,1,n/a,exact,on,1,0,0,0,0,3.740403200e-03,0.170275,0.000,,,,,,,
jac_rc_bnd_n160,nid006398,hex8,jac_action,atomic,atomic,sumfact,affine,0.000000e+00,72,0,160,4173281,4096000,16693124,0,0.0000,n/a,20,3.875291348e-02,430.7579,3382.2489,105.6953,89.8410,0,0,0,5.046148336219e+00,1,1.000000,1,n/a,exact,on,1,0,0,0,0,3.313216000e-03,0.085496,0.000,,,,,,,
assemble_n160,nid006398,hex8,assemble,packed,packed,sumfact,affine,0.000000e+00,72,2048,160,4173281,4096000,16693124,111284641,13584.5509,f64,20,3.023073912e-01,55.2190,433.5719,13.5491,31.2172,0,0,0,1.165429404451e-08,0,0.000000,0,sumfact,off,off,0,0,0,0,0,,,0.000,,,,,,,
assemble_n160,nid006398,hex8,assemble,atomic,atomic,sumfact,affine,0.000000e+00,72,0,160,4173281,4096000,16693124,111284641,13584.5509,f64,20,4.442688346e-01,37.5744,295.0286,9.2196,21.2421,0,0,0,1.164916721901e-08,0,0.000000,0,sumfact,off,off,0,0,0,0,0,,,0.000,,,,,,,
assemble_n160,nid006398,hex8,assemble,colored,colored,sumfact,affine,0.000000e+00,72,2048,160,4173281,4096000,16693124,111284641,13584.5509,f64,20,1.571729302e-01,106.2086,833.9350,26.0605,60.0433,20,99,101,1.165426806529e-08,0,0.000000,0,sumfact,off,off,0,0,0,0,0,,,0.000,,,,,,,
assemble_n160,nid006398,hex8,assemble,store,store,sumfact,affine,0.000000e+00,72,2048,160,4173281,4096000,16693124,111284641,13584.5509,f64,20,2.287868023e-01,72.9637,572.9002,17.9031,41.2488,0,0,0,1.165429404451e-08,0,0.000000,0,sumfact,off,off,0,0,0,0,0,,,0.000,,,,,,,
assemble_sympy_n160,nid006398,hex8,assemble,atomic,atomic,sympy,affine,0.000000e+00,72,0,160,4173281,4096000,16693124,111284641,13584.5509,f64,20,3.123086452e-01,53.4507,419.6874,13.1152,30.2175,0,0,0,1.167343591505e-08,0,0.000000,0,sympy,off,off,0,0,0,0,0,,,0.000,,,,,,,
assemble_sympy_n160,nid006398,hex8,assemble,colored,colored,sympy,affine,0.000000e+00,72,2048,160,4173281,4096000,16693124,111284641,13584.5509,f64,20,1.661054611e-01,100.4971,789.0890,24.6590,56.8144,20,99,101,1.168506756832e-08,0,0.000000,0,sympy,off,off,0,0,0,0,0,,,0.000,,,,,,,
assemble_diag_n160,nid006398,hex8,assemble_diag,atomic,atomic,sumfact,affine,0.000000e+00,72,0,160,4173281,4096000,16693124,0,0.0000,n/a,20,1.506382108e-01,110.8160,870.1112,27.1910,20.5020,0,0,0,2.371982944015e+03,0,0.000000,0,n/a,off,off,0,0,0,0,0,,,0.000,,,,,,,
spmv_f64_n160,nid006398,hex8,bsr_apply,packed,n/a,sumfact,affine,0.000000e+00,72,2048,160,4173281,4096000,16693124,111284641,13584.5509,f64,20,3.688019514e-02,452.6311,0.0000,0.0000,0.0000,0,0,0,7.157881465282e-13,0,0.000000,0,n/a,off,off,0,0,0,0,0,,,0.000,,,,,,,
spmv_f32_n160,nid006398,hex8,bsr_apply,packed,n/a,sumfact,affine,0.000000e+00,72,2048,160,4173281,4096000,16693124,111284641,6792.2755,f32,20,1.813966036e-02,920.2556,0.0000,0.0000,0.0000,0,0,0,4.118532892879e-05,0,0.000000,0,n/a,off,off,0,0,0,0,0,,,0.000,,,,,,,
residual_bare_n192,nid006398,hex8,residual,packed,packed,sumfact,affine,0.000000e+00,72,2048,192,7189057,7077888,28756228,0,0.0000,n/a,20,1.180816889e-02,2435.2826,19180.9939,599.4061,451.9522,0,0,0,-1.637644013452e-14,0,0.000000,0,sumfact,off,off,0,0,0,0,0,,,0.000,,,,,,,
residual_bare_n192,nid006398,hex8,residual,atomic,atomic,sumfact,affine,0.000000e+00,72,0,192,7189057,7077888,28756228,0,0.0000,n/a,20,3.491002321e-02,823.7241,6487.8907,202.7466,152.8709,0,0,0,-1.625251582621e-14,0,0.000000,0,sumfact,off,off,0,0,0,0,0,,,0.000,,,,,,,
jac_bare_n192,nid006398,hex8,jac_action,packed,packed,sumfact,affine,0.000000e+00,72,2048,192,7189057,7077888,28756228,0,0.0000,n/a,20,1.581223011e-02,1818.6067,14323.8755,447.6211,380.4779,0,0,0,2.364980412027e-11,0,0.000000,0,n/a,off,off,0,0,0,0,0,,,0.000,,,,,,,
jac_bare_n192,nid006398,hex8,jac_action,atomic,atomic,sumfact,affine,0.000000e+00,72,0,192,7189057,7077888,28756228,0,0.0000,n/a,20,3.403323889e-02,844.9454,6655.0356,207.9699,176.7744,0,0,0,2.371232268698e-11,0,0.000000,0,n/a,off,off,0,0,0,0,0,,,0.000,,,,,,,
residual_current_n192,nid006398,hex8,residual,atomic,atomic,current,affine,0.000000e+00,72,0,192,7189057,7077888,28756228,0,0.0000,n/a,20,3.347821236e-02,858.9535,6765.3677,211.4177,159.4090,0,0,0,-1.950513589619e-14,0,0.000000,0,current,off,off,0,0,0,0,0,,,0.000,,,,,,,
residual_current_n192,nid006398,hex8,residual,packed,packed,current,affine,0.000000e+00,72,2048,192,7189057,7077888,28756228,0,0.0000,n/a,20,1.415785551e-02,2031.1147,15997.6499,499.9266,376.9446,0,0,0,-1.793000698001e-14,0,0.000000,0,current,off,off,0,0,0,0,0,,,0.000,,,,,,,
residual_rc_n192,nid006398,hex8,residual,packed,packed,sumfact,affine,0.000000e+00,72,2048,192,7189057,7077888,28756228,0,0.0000,n/a,20,2.157315016e-02,1332.9638,10498.8105,328.0878,247.3782,0,0,0,-1.538764775322e-14,1,1.000000,0,sumfact,on,off,0,0,0,0,0,,,0.000,,,,,,,
residual_rc_n192,nid006398,hex8,residual,atomic,atomic,sumfact,affine,0.000000e+00,72,0,192,7189057,7077888,28756228,0,0.0000,n/a,20,5.127148628e-02,560.8620,4417.5122,138.0473,104.0876,0,0,0,-1.622822969755e-14,1,1.000000,0,sumfact,on,off,0,0,0,0,0,,,0.000,,,,,,,
residual_rc_bnd_n192,nid006398,hex8,residual,packed,packed,sumfact,affine,0.000000e+00,72,2048,192,7189057,7077888,28756228,0,0.0000,n/a,20,2.297867537e-02,1251.4311,9856.6350,308.0198,232.2470,0,0,0,3.727500000000e+00,1,1.000000,1,sumfact,on,on,0,0,0,0,0,,,0.000,,,,,,,
residual_rc_bnd_n192,nid006398,hex8,residual,atomic,atomic,sumfact,affine,0.000000e+00,72,0,192,7189057,7077888,28756228,0,0.0000,n/a,20,5.217491388e-02,551.1505,4341.0214,135.6569,102.2853,0,0,0,3.727500000000e+00,1,1.000000,1,sumfact,on,on,0,0,0,0,0,,,0.000,,,,,,,
residual_rc_bnd_dt_n192,nid006398,hex8,residual,packed,packed,sumfact,affine,0.000000e+00,72,2048,192,7189057,7077888,28756228,0,0.0000,n/a,20,2.506066561e-02,1147.4647,9037.7654,282.4302,212.9523,0,0,0,6.759362918358e+00,1,1.000000,1,sumfact,on,on,0,0,0,0,1,,,0.000,,,,,,,
residual_rc_bnd_dt_n192,nid006398,hex8,residual,atomic,atomic,sumfact,affine,0.000000e+00,72,0,192,7189057,7077888,28756228,0,0.0000,n/a,20,5.353701115e-02,537.1280,4230.5764,132.2055,99.6830,0,0,0,6.759309506134e+00,1,1.000000,1,sumfact,on,on,0,0,0,0,1,,,0.000,,,,,,,
residual_rc_perapply_n192,nid006398,hex8,residual,packed,packed,sumfact,affine,0.000000e+00,72,2048,192,7189057,7077888,28756228,0,0.0000,n/a,20,2.567603588e-02,1119.9637,8821.1598,275.6612,207.8486,0,0,0,-1.538764775322e-14,1,1.000000,0,sumfact,on,off,0,1,0,0,0,,,0.000,,,,,,,
residual_rc_perapply_n192,nid006398,hex8,residual,atomic,atomic,sumfact,affine,0.000000e+00,72,0,192,7189057,7077888,28756228,0,0.0000,n/a,20,6.962074041e-02,413.0411,3253.2319,101.6635,76.6543,0,0,0,-1.622822969755e-14,1,1.000000,0,sumfact,on,off,0,1,0,0,0,,,0.000,,,,,,,
jac_rc_n192,nid006398,hex8,jac_action,packed,packed,sumfact,affine,0.000000e+00,72,2048,192,7189057,7077888,28756228,0,0.0000,n/a,20,3.282160759e-02,876.1371,6900.7106,215.6472,183.3001,0,0,0,1.535864016126e-12,1,1.000000,0,n/a,exact,off,1,0,0,0,0,5.984396800e-03,0.182331,0.000,,,,,,,
jac_rc_n192,nid006398,hex8,jac_action,atomic,atomic,sumfact,affine,0.000000e+00,72,0,192,7189057,7077888,28756228,0,0.0000,n/a,20,6.439765692e-02,446.5415,3517.0909,109.9091,93.4227,0,0,0,1.539739415477e-12,1,1.000000,0,n/a,exact,off,1,0,0,0,0,5.647846400e-03,0.087703,0.000,,,,,,,
jac_rc_bnd_n192,nid006398,hex8,jac_action,packed,packed,sumfact,affine,0.000000e+00,72,2048,192,7189057,7077888,28756228,0,0.0000,n/a,20,3.391591311e-02,847.8683,6678.0574,208.6893,177.3859,0,0,0,5.046108211775e+00,1,1.000000,1,n/a,exact,on,1,0,0,0,0,5.838707200e-03,0.172152,0.000,,,,,,,
jac_rc_bnd_n192,nid006398,hex8,jac_action,atomic,atomic,sumfact,affine,0.000000e+00,72,0,192,7189057,7077888,28756228,0,0.0000,n/a,20,6.664717197e-02,431.4696,3398.3800,106.1994,90.2695,0,0,0,5.046108211775e+00,1,1.000000,1,n/a,exact,on,1,0,0,0,0,5.936153600e-03,0.089068,0.000,,,,,,,
assemble_n192,nid006398,hex8,assemble,packed,packed,sumfact,affine,0.000000e+00,72,2048,192,7189057,7077888,28756228,192100033,23449.7111,f64,20,5.334916949e-01,53.9019,424.5472,13.2671,30.5674,0,0,0,2.591725771935e-09,0,0.000000,0,sumfact,off,off,0,0,0,0,0,,,0.000,,,,,,,
assemble_n192,nid006398,hex8,assemble,atomic,atomic,sumfact,affine,0.000000e+00,72,0,192,7189057,7077888,28756228,192100033,23449.7111,f64,20,7.644760966e-01,37.6156,296.2714,9.2585,21.3315,0,0,0,2.591519757908e-09,0,0.000000,0,sumfact,off,off,0,0,0,0,0,,,0.000,,,,,,,
assemble_n192,nid006398,hex8,assemble,colored,colored,sumfact,affine,0.000000e+00,72,2048,192,7189057,7077888,28756228,192100033,23449.7111,f64,20,2.598376989e-01,110.6700,871.6688,27.2397,62.7602,20,172,173,2.591710339835e-09,0,0.000000,0,sumfact,off,off,0,0,0,0,0,,,0.000,,,,,,,
assemble_n192,nid006398,hex8,assemble,store,store,sumfact,affine,0.000000e+00,72,2048,192,7189057,7077888,28756228,192100033,23449.7111,f64,20,3.882192254e-01,74.0721,583.4137,18.2317,42.0058,0,0,0,2.591725771935e-09,0,0.000000,0,sumfact,off,off,0,0,0,0,0,,,0.000,,,,,,,
assemble_sympy_n192,nid006398,hex8,assemble,atomic,atomic,sympy,affine,0.000000e+00,72,0,192,7189057,7077888,28756228,192100033,23449.7111,f64,20,5.365438938e-01,53.5953,422.1321,13.1916,30.3935,0,0,0,2.579395400885e-09,0,0.000000,0,sympy,off,off,0,0,0,0,0,,,0.000,,,,,,,
assemble_sympy_n192,nid006398,hex8,assemble,colored,colored,sympy,affine,0.000000e+00,72,2048,192,7189057,7077888,28756228,192100033,23449.7111,f64,20,2.708940268e-01,106.1531,836.0923,26.1279,60.1986,20,172,173,2.579494394832e-09,0,0.000000,0,sympy,off,off,0,0,0,0,0,,,0.000,,,,,,,
assemble_diag_n192,nid006398,hex8,assemble_diag,atomic,atomic,sumfact,affine,0.000000e+00,72,0,192,7189057,7077888,28756228,0,0.0000,n/a,20,2.604267836e-01,110.4196,869.6971,27.1780,20.4922,0,0,0,3.215019675301e+03,0,0.000000,0,n/a,off,off,0,0,0,0,0,,,0.000,,,,,,,
