tag,host,element,operation,layout,ran_layout,kernel,geom,warp,threads,pack_size,cube_n,nodes,elements,dofs,bsr_nnz,bsr_values_MiB,bsr_storage,repeat,seconds_per_call,MDOF_s,MDOF_s_element_visits,MELEM_s,GFLOP_s_model,n_colors,packs_per_color_min,packs_per_color_max,checksum,rhie_chow,rhie_chow_scale,boundary,ran_kernel,ran_rc,ran_boundary,exact_rc,pgrad_per_apply,live_vectors,upwind_eps,transient,s_qgrad,frac_qgrad,pa_bytes_per_dof,ms_zero_global,ms_zero_local,ms_gather_u,ms_element_kernel,ms_local_to_global,ms_ghost_reduce,ms_qgrad
residual_bare_n64,nid006538,hex8,residual,packed,packed,sumfact,affine,0.000000e+00,72,2048,64,274625,262144,1098500,0,0.0000,n/a,20,4.008889198e-04,2740.1605,20925.0183,653.9068,493.0457,0,0,0,-1.134075472420e-14,0,0.000000,0,sumfact,off,off,0,0,0,0,0,,,0.000,,,,,,,
residual_bare_n64,nid006538,hex8,residual,atomic,atomic,sumfact,affine,0.000000e+00,72,0,64,274625,262144,1098500,0,0.0000,n/a,20,1.345133781e-03,816.6474,6236.2630,194.8832,146.9419,0,0,0,-1.236760260176e-14,0,0.000000,0,sumfact,off,off,0,0,0,0,0,,,0.000,,,,,,,
jac_bare_n64,nid006538,hex8,jac_action,packed,packed,sumfact,affine,0.000000e+00,72,2048,64,274625,262144,1098500,0,0.0000,n/a,20,5.453944206e-04,2014.1387,15380.8101,480.6503,408.5528,0,0,0,-9.063975156369e-13,0,0.000000,0,n/a,off,off,0,0,0,0,0,,,0.000,,,,,,,
jac_bare_n64,nid006538,hex8,jac_action,atomic,atomic,sumfact,affine,0.000000e+00,72,0,64,274625,262144,1098500,0,0.0000,n/a,20,1.444363594e-03,760.5426,5807.8229,181.4945,154.2703,0,0,0,-9.066751256032e-13,0,0.000000,0,n/a,off,off,0,0,0,0,0,,,0.000,,,,,,,
residual_current_n64,nid006538,hex8,residual,atomic,atomic,current,affine,0.000000e+00,72,0,64,274625,262144,1098500,0,0.0000,n/a,20,1.282763481e-03,856.3543,6539.4815,204.3588,154.0865,0,0,0,-1.240218865106e-14,0,0.000000,0,current,off,off,0,0,0,0,0,,,0.000,,,,,,,
residual_current_n64,nid006538,hex8,residual,packed,packed,current,affine,0.000000e+00,72,2048,64,274625,262144,1098500,0,0.0000,n/a,20,5.355238914e-04,2051.2624,15664.3021,489.5094,369.0901,0,0,0,-1.151401023136e-14,0,0.000000,0,current,off,off,0,0,0,0,0,,,0.000,,,,,,,
residual_rc_n64,nid006538,hex8,residual,packed,packed,sumfact,affine,0.000000e+00,72,2048,64,274625,262144,1098500,0,0.0000,n/a,20,7.652997971e-04,1435.3852,10961.2050,342.5377,258.2734,0,0,0,-1.139626587543e-14,1,1.000000,0,sumfact,on,off,0,0,0,0,0,,,0.000,,,,,,,
residual_rc_n64,nid006538,hex8,residual,atomic,atomic,sumfact,affine,0.000000e+00,72,0,64,274625,262144,1098500,0,0.0000,n/a,20,1.847600937e-03,594.5548,4540.2705,141.8835,106.9801,0,0,0,-1.283597794027e-14,1,1.000000,0,sumfact,on,off,0,0,0,0,0,,,0.000,,,,,,,
residual_rc_bnd_n64,nid006538,hex8,residual,packed,packed,sumfact,affine,0.000000e+00,72,2048,64,274625,262144,1098500,0,0.0000,n/a,20,8.171319962e-04,1344.3360,10265.9155,320.8099,241.8906,0,0,0,3.727500000000e+00,1,1.000000,1,sumfact,on,on,0,0,0,0,0,,,0.000,,,,,,,
residual_rc_bnd_n64,nid006538,hex8,residual,atomic,atomic,sumfact,affine,0.000000e+00,72,0,64,274625,262144,1098500,0,0.0000,n/a,20,1.881396770e-03,583.8747,4458.7129,139.3348,105.0584,0,0,0,3.727500000000e+00,1,1.000000,1,sumfact,on,on,0,0,0,0,0,,,0.000,,,,,,,
residual_rc_bnd_dt_n64,nid006538,hex8,residual,packed,packed,sumfact,affine,0.000000e+00,72,2048,64,274625,262144,1098500,0,0.0000,n/a,20,8.830904961e-04,1243.9269,9499.1488,296.8484,223.8237,0,0,0,6.759321052459e+00,1,1.000000,1,sumfact,on,on,0,0,0,0,1,,,0.000,,,,,,,
residual_rc_bnd_dt_n64,nid006538,hex8,residual,atomic,atomic,sumfact,affine,0.000000e+00,72,0,64,274625,262144,1098500,0,0.0000,n/a,20,1.914024353e-03,573.9216,4382.7070,136.9596,103.2675,0,0,0,6.759448953731e+00,1,1.000000,1,sumfact,on,on,0,0,0,0,1,,,0.000,,,,,,,
residual_rc_perapply_n64,nid006538,hex8,residual,packed,packed,sumfact,affine,0.000000e+00,72,2048,64,274625,262144,1098500,0,0.0000,n/a,20,8.498311043e-04,1292.6098,9870.9119,308.4660,232.5834,0,0,0,-1.139626587543e-14,1,1.000000,0,sumfact,on,off,0,1,0,0,0,,,0.000,,,,,,,
residual_rc_perapply_n64,nid006538,hex8,residual,atomic,atomic,sumfact,affine,0.000000e+00,72,0,64,274625,262144,1098500,0,0.0000,n/a,20,2.724444866e-03,403.2014,3079.0155,96.2192,72.5493,0,0,0,-1.283597794027e-14,1,1.000000,0,sumfact,on,off,0,1,0,0,0,,,0.000,,,,,,,
jac_rc_n64,nid006538,hex8,jac_action,packed,packed,sumfact,affine,0.000000e+00,72,2048,64,274625,262144,1098500,0,0.0000,n/a,20,1.057159901e-03,1039.1049,7935.0418,247.9701,210.7745,0,0,0,-4.672237531762e-13,1,1.000000,0,n/a,exact,off,1,0,0,0,0,1.336448000e-04,0.126419,0.000,,,,,,,
jac_rc_n64,nid006538,hex8,jac_action,atomic,atomic,sumfact,affine,0.000000e+00,72,0,64,274625,262144,1098500,0,0.0000,n/a,20,2.488672733e-03,441.3999,3370.7156,105.3349,89.5346,0,0,0,-4.704104944117e-13,1,1.000000,0,n/a,exact,off,1,0,0,0,0,1.338496000e-04,0.053784,0.000,,,,,,,
jac_rc_bnd_n64,nid006538,hex8,jac_action,packed,packed,sumfact,affine,0.000000e+00,72,2048,64,274625,262144,1098500,0,0.0000,n/a,20,1.126229763e-03,975.3782,7448.3984,232.7625,197.8481,0,0,0,5.044059835243e+00,1,1.000000,1,n/a,exact,on,1,0,0,0,0,1.345792000e-04,0.119495,0.000,,,,,,,
jac_rc_bnd_n64,nid006538,hex8,jac_action,atomic,atomic,sumfact,affine,0.000000e+00,72,0,64,274625,262144,1098500,0,0.0000,n/a,20,2.730035782e-03,402.3757,3072.7099,96.0222,81.6189,0,0,0,5.044059835243e+00,1,1.000000,1,n/a,exact,on,1,0,0,0,0,1.312768000e-04,0.048086,0.000,,,,,,,
assemble_n64,nid006538,hex8,assemble,packed,packed,sumfact,affine,0.000000e+00,72,2048,64,274625,262144,1098500,7189057,877.5704,f64,20,1.941998005e-02,56.5655,431.9576,13.4987,31.1009,0,0,0,2.702430495366e-10,0,0.000000,0,sumfact,off,off,0,0,0,0,0,,,0.000,,,,,,,
assemble_n64,nid006538,hex8,assemble,atomic,atomic,sumfact,affine,0.000000e+00,72,0,64,274625,262144,1098500,7189057,877.5704,f64,20,2.795559168e-02,39.2945,300.0691,9.3772,21.6050,0,0,0,2.702932316173e-10,0,0.000000,0,sumfact,off,off,0,0,0,0,0,,,0.000,,,,,,,
assemble_n64,nid006538,hex8,assemble,colored,colored,sumfact,affine,0.000000e+00,72,2048,64,274625,262144,1098500,7189057,877.5704,f64,20,2.341713905e-02,46.9101,358.2251,11.1945,25.7922,11,11,12,2.702430495366e-10,0,0.000000,0,sumfact,off,off,0,0,0,0,0,,,0.000,,,,,,,
assemble_n64,nid006538,hex8,assemble,store,store,sumfact,affine,0.000000e+00,72,2048,64,274625,262144,1098500,7189057,877.5704,f64,20,1.474635601e-02,74.4930,568.8597,17.7769,40.9579,0,0,0,2.702430495366e-10,0,0.000000,0,sumfact,off,off,0,0,0,0,0,,,0.000,,,,,,,
assemble_sympy_n64,nid006538,hex8,assemble,atomic,atomic,sympy,affine,0.000000e+00,72,0,64,274625,262144,1098500,7189057,877.5704,f64,20,1.966007948e-02,55.8746,426.6823,13.3338,30.7211,0,0,0,2.702932318341e-10,0,0.000000,0,sympy,off,off,0,0,0,0,0,,,0.000,,,,,,,
assemble_sympy_n64,nid006538,hex8,assemble,colored,colored,sympy,affine,0.000000e+00,72,2048,64,274625,262144,1098500,7189057,877.5704,f64,20,2.806625366e-02,39.1395,298.8859,9.3402,21.5198,11,11,12,2.702430497534e-10,0,0.000000,0,sympy,off,off,0,0,0,0,0,,,0.000,,,,,,,
assemble_diag_n64,nid006538,hex8,assemble_diag,atomic,atomic,sumfact,affine,0.000000e+00,72,0,64,274625,262144,1098500,0,0.0000,n/a,20,1.033586264e-02,106.2804,811.6021,25.3626,19.1234,0,0,0,5.801523603040e+02,0,0.000000,0,n/a,off,off,0,0,0,0,0,,,0.000,,,,,,,
spmv_f64_n64,nid006538,hex8,bsr_apply,packed,n/a,sumfact,affine,0.000000e+00,72,2048,64,274625,262144,1098500,7189057,877.5704,f64,20,2.273309231e-03,483.2163,0.0000,0.0000,0.0000,0,0,0,-9.061069494547e-13,0,0.000000,0,n/a,off,off,0,0,0,0,0,,,0.000,,,,,,,
spmv_f32_n64,nid006538,hex8,bsr_apply,packed,n/a,sumfact,affine,0.000000e+00,72,2048,64,274625,262144,1098500,7189057,438.7852,f32,20,1.041674614e-03,1054.5520,0.0000,0.0000,0.0000,0,0,0,1.266297573960e-05,0,0.000000,0,n/a,off,off,0,0,0,0,0,,,0.000,,,,,,,
residual_bare_n96,nid006538,hex8,residual,packed,packed,sumfact,affine,0.000000e+00,72,2048,96,912673,884736,3650692,0,0.0000,n/a,20,1.253461838e-03,2912.4876,22586.6884,705.8340,532.1988,0,0,0,8.463618261095e-14,0,0.000000,0,sumfact,off,off,0,0,0,0,0,,,0.000,,,,,,,
residual_bare_n96,nid006538,hex8,residual,atomic,atomic,sumfact,affine,0.000000e+00,72,0,96,912673,884736,3650692,0,0.0000,n/a,20,4.320383072e-03,844.9927,6553.0189,204.7818,154.4055,0,0,0,9.779471069754e-14,0,0.000000,0,sumfact,off,off,0,0,0,0,0,,,0.000,,,,,,,
jac_bare_n96,nid006538,hex8,jac_action,packed,packed,sumfact,affine,0.000000e+00,72,2048,96,912673,884736,3650692,0,0.0000,n/a,20,1.746082306e-03,2090.7903,16214.3284,506.6978,430.6931,0,0,0,-1.951219960887e-12,0,0.000000,0,n/a,off,off,0,0,0,0,0,,,0.000,,,,,,,
jac_bare_n96,nid006538,hex8,jac_action,atomic,atomic,sumfact,affine,0.000000e+00,72,0,96,912673,884736,3650692,0,0.0000,n/a,20,4.422116280e-03,825.5531,6402.2631,200.0707,170.0601,0,0,0,-1.962634441359e-12,0,0.000000,0,n/a,off,off,0,0,0,0,0,,,0.000,,,,,,,
residual_current_n96,nid006538,hex8,residual,atomic,atomic,current,affine,0.000000e+00,72,0,96,912673,884736,3650692,0,0.0000,n/a,20,4.274153709e-03,854.1321,6623.8965,206.9968,156.0756,0,0,0,1.028125609821e-13,0,0.000000,0,current,off,off,0,0,0,0,0,,,0.000,,,,,,,
residual_current_n96,nid006538,hex8,residual,packed,packed,current,affine,0.000000e+00,72,2048,96,912673,884736,3650692,0,0.0000,n/a,20,1.616513729e-03,2258.3736,17513.9570,547.3112,412.6726,0,0,0,8.832415051077e-14,0,0.000000,0,current,off,off,0,0,0,0,0,,,0.000,,,,,,,
residual_rc_n96,nid006538,hex8,residual,packed,packed,sumfact,affine,0.000000e+00,72,2048,96,912673,884736,3650692,0,0.0000,n/a,20,2.451074123e-03,1489.4254,11550.6715,360.9585,272.1627,0,0,0,8.513567455182e-14,1,1.000000,0,sumfact,on,off,0,0,0,0,0,,,0.000,,,,,,,
residual_rc_n96,nid006538,hex8,residual,atomic,atomic,sumfact,affine,0.000000e+00,72,0,96,912673,884736,3650692,0,0.0000,n/a,20,6.270205975e-03,582.2284,4515.2507,141.1016,106.3906,0,0,0,9.933444041280e-14,1,1.000000,0,sumfact,on,off,0,0,0,0,0,,,0.000,,,,,,,
residual_rc_bnd_n96,nid006538,hex8,residual,packed,packed,sumfact,affine,0.000000e+00,72,2048,96,912673,884736,3650692,0,0.0000,n/a,20,2.690255642e-03,1357.0056,10523.7404,328.8669,247.9656,0,0,0,3.727500000000e+00,1,1.000000,1,sumfact,on,on,0,0,0,0,0,,,0.000,,,,,,,
residual_rc_bnd_n96,nid006538,hex8,residual,atomic,atomic,sumfact,affine,0.000000e+00,72,0,96,912673,884736,3650692,0,0.0000,n/a,20,6.355798244e-03,574.3876,4454.4447,139.2014,104.9579,0,0,0,3.727500000000e+00,1,1.000000,1,sumfact,on,on,0,0,0,0,0,,,0.000,,,,,,,
residual_rc_bnd_dt_n96,nid006538,hex8,residual,packed,packed,sumfact,affine,0.000000e+00,72,2048,96,912673,884736,3650692,0,0.0000,n/a,20,2.900421619e-03,1258.6763,9761.1850,305.0370,229.9979,0,0,0,6.759222128181e+00,1,1.000000,1,sumfact,on,on,0,0,0,0,1,,,0.000,,,,,,,
residual_rc_bnd_dt_n96,nid006538,hex8,residual,atomic,atomic,sumfact,affine,0.000000e+00,72,0,96,912673,884736,3650692,0,0.0000,n/a,20,7.427680492e-03,491.4983,3811.6276,119.1134,89.8115,0,0,0,6.759287405709e+00,1,1.000000,1,sumfact,on,on,0,0,0,0,1,,,0.000,,,,,,,
residual_rc_perapply_n96,nid006538,hex8,residual,packed,packed,sumfact,affine,0.000000e+00,72,2048,96,912673,884736,3650692,0,0.0000,n/a,20,2.871274948e-03,1271.4533,9860.2720,308.1335,232.3327,0,0,0,8.513567455182e-14,1,1.000000,0,sumfact,on,off,0,1,0,0,0,,,0.000,,,,,,,
residual_rc_perapply_n96,nid006538,hex8,residual,atomic,atomic,sumfact,affine,0.000000e+00,72,0,96,912673,884736,3650692,0,0.0000,n/a,20,8.685898781e-03,420.3010,3259.4844,101.8589,76.8016,0,0,0,9.933444041280e-14,1,1.000000,0,sumfact,on,off,0,1,0,0,0,,,0.000,,,,,,,
jac_rc_n96,nid006538,hex8,jac_action,packed,packed,sumfact,affine,0.000000e+00,72,2048,96,912673,884736,3650692,0,0.0000,n/a,20,3.994679451e-03,913.8886,7087.3151,221.4786,188.2568,0,0,0,-2.052185190445e-13,1,1.000000,0,n/a,exact,off,1,0,0,0,0,6.386176000e-04,0.159867,0.000,,,,,,,
jac_rc_n96,nid006538,hex8,jac_action,atomic,atomic,sumfact,affine,0.000000e+00,72,0,96,912673,884736,3650692,0,0.0000,n/a,20,8.458530903e-03,431.5988,3347.1004,104.5969,88.9074,0,0,0,-2.097467978381e-13,1,1.000000,0,n/a,exact,off,1,0,0,0,0,5.368704000e-04,0.063471,0.000,,,,,,,
jac_rc_bnd_n96,nid006538,hex8,jac_action,packed,packed,sumfact,affine,0.000000e+00,72,2048,96,912673,884736,3650692,0,0.0000,n/a,20,4.273962975e-03,854.1702,6624.1922,207.0060,175.9551,0,0,0,5.046234218079e+00,1,1.000000,1,n/a,exact,on,1,0,0,0,0,6.251648000e-04,0.146273,0.000,,,,,,,
jac_rc_bnd_n96,nid006538,hex8,jac_action,atomic,atomic,sumfact,affine,0.000000e+00,72,0,96,912673,884736,3650692,0,0.0000,n/a,20,8.673918247e-03,420.8815,3263.9865,101.9996,86.6996,0,0,0,5.046234218079e+00,1,1.000000,1,n/a,exact,on,1,0,0,0,0,5.536000000e-04,0.063824,0.000,,,,,,,
assemble_n96,nid006538,hex8,assemble,packed,packed,sumfact,affine,0.000000e+00,72,2048,96,912673,884736,3650692,24137569,2946.4806,f64,20,6.690235138e-02,54.5675,423.1772,13.2243,30.4688,0,0,0,7.424116575276e-11,0,0.000000,0,sumfact,off,off,0,0,0,0,0,,,0.000,,,,,,,
assemble_n96,nid006538,hex8,assemble,atomic,atomic,sumfact,affine,0.000000e+00,72,0,96,912673,884736,3650692,24137569,2946.4806,f64,20,9.334058762e-02,39.1115,303.3145,9.4786,21.8386,0,0,0,7.342422201788e-11,0,0.000000,0,sumfact,off,off,0,0,0,0,0,,,0.000,,,,,,,
assemble_n96,nid006538,hex8,assemble,colored,colored,sumfact,affine,0.000000e+00,72,2048,96,912673,884736,3650692,24137569,2946.4806,f64,20,4.516851902e-02,80.8238,626.7983,19.5874,45.1295,17,25,26,7.428368729460e-11,0,0.000000,0,sumfact,off,off,0,0,0,0,0,,,0.000,,,,,,,
assemble_n96,nid006538,hex8,assemble,store,store,sumfact,affine,0.000000e+00,72,2048,96,912673,884736,3650692,24137569,2946.4806,f64,20,5.103168488e-02,71.5378,554.7838,17.3370,39.9444,0,0,0,7.424116575276e-11,0,0.000000,0,sumfact,off,off,0,0,0,0,0,,,0.000,,,,,,,
assemble_sympy_n96,nid006538,hex8,assemble,atomic,atomic,sympy,affine,0.000000e+00,72,0,96,912673,884736,3650692,24137569,2946.4806,f64,20,6.609139442e-02,55.2370,428.3697,13.3866,30.8426,0,0,0,6.578006241380e-11,0,0.000000,0,sympy,off,off,0,0,0,0,0,,,0.000,,,,,,,
assemble_sympy_n96,nid006538,hex8,assemble,colored,colored,sympy,affine,0.000000e+00,72,2048,96,912673,884736,3650692,24137569,2946.4806,f64,20,5.145460367e-02,70.9498,550.2239,17.1945,39.6161,17,25,26,6.667015596822e-11,0,0.000000,0,sympy,off,off,0,0,0,0,0,,,0.000,,,,,,,
assemble_diag_n96,nid006538,hex8,assemble_diag,atomic,atomic,sumfact,affine,0.000000e+00,72,0,96,912673,884736,3650692,0,0.0000,n/a,20,3.257975578e-02,112.0540,868.9921,27.1560,20.4756,0,0,0,1.054549351220e+03,0,0.000000,0,n/a,off,off,0,0,0,0,0,,,0.000,,,,,,,
spmv_f64_n96,nid006538,hex8,bsr_apply,packed,n/a,sumfact,affine,0.000000e+00,72,2048,96,912673,884736,3650692,24137569,2946.4806,f64,20,7.380783558e-03,494.6212,0.0000,0.0000,0.0000,0,0,0,-2.144415680726e-12,0,0.000000,0,n/a,off,off,0,0,0,0,0,,,0.000,,,,,,,
spmv_f32_n96,nid006538,hex8,bsr_apply,packed,n/a,sumfact,affine,0.000000e+00,72,2048,96,912673,884736,3650692,24137569,1473.2403,f32,20,4.415631294e-03,826.7656,0.0000,0.0000,0.0000,0,0,0,-1.160063154236e-06,0,0.000000,0,n/a,off,off,0,0,0,0,0,,,0.000,,,,,,,
residual_bare_n128,nid006538,hex8,residual,packed,packed,sumfact,affine,0.000000e+00,72,2048,128,2146689,2097152,8586756,0,0.0000,n/a,20,3.288149834e-03,2611.4248,20409.3084,637.7909,480.8943,0,0,0,1.371529842822e-13,0,0.000000,0,sumfact,off,off,0,0,0,0,0,,,0.000,,,,,,,
residual_bare_n128,nid006538,hex8,residual,atomic,atomic,sumfact,affine,0.000000e+00,72,0,128,2146689,2097152,8586756,0,0.0000,n/a,20,1.022349596e-02,839.9041,6564.1796,205.1306,154.6685,0,0,0,1.381383614267e-13,0,0.000000,0,sumfact,off,off,0,0,0,0,0,,,0.000,,,,,,,
jac_bare_n128,nid006538,hex8,jac_action,packed,packed,sumfact,affine,0.000000e+00,72,2048,128,2146689,2097152,8586756,0,0.0000,n/a,20,4.505383968e-03,1905.8877,14895.2596,465.4769,395.6553,0,0,0,-3.356411692633e-12,0,0.000000,0,n/a,off,off,0,0,0,0,0,,,0.000,,,,,,,
jac_bare_n128,nid006538,hex8,jac_action,atomic,atomic,sumfact,affine,0.000000e+00,72,0,128,2146689,2097152,8586756,0,0.0000,n/a,20,1.045839787e-02,821.0393,6416.7442,200.5233,170.4448,0,0,0,-3.356466742998e-12,0,0.000000,0,n/a,off,off,0,0,0,0,0,,,0.000,,,,,,,
residual_current_n128,nid006538,hex8,residual,atomic,atomic,current,affine,0.000000e+00,72,0,128,2146689,2097152,8586756,0,0.0000,n/a,20,1.033520699e-02,830.8257,6493.2288,202.9134,152.9967,0,0,0,1.381248631097e-13,0,0.000000,0,current,off,off,0,0,0,0,0,,,0.000,,,,,,,
residual_current_n128,nid006538,hex8,residual,packed,packed,current,affine,0.000000e+00,72,2048,128,2146689,2097152,8586756,0,0.0000,n/a,20,4.084658623e-03,2102.1967,16429.4915,513.4216,387.1199,0,0,0,1.371534179631e-13,0,0.000000,0,current,off,off,0,0,0,0,0,,,0.000,,,,,,,
residual_rc_n128,nid006538,hex8,residual,packed,packed,sumfact,affine,0.000000e+00,72,2048,128,2146689,2097152,8586756,0,0.0000,n/a,20,6.227636337e-03,1378.8146,10775.9767,336.7493,253.9090,0,0,0,1.371512495588e-13,1,1.000000,0,sumfact,on,off,0,0,0,0,0,,,0.000,,,,,,,
residual_rc_n128,nid006538,hex8,residual,atomic,atomic,sumfact,affine,0.000000e+00,72,0,128,2146689,2097152,8586756,0,0.0000,n/a,20,1.453518867e-02,590.7564,4616.9930,144.2810,108.7879,0,0,0,1.381366267032e-13,1,1.000000,0,sumfact,on,off,0,0,0,0,0,,,0.000,,,,,,,
residual_rc_bnd_n128,nid006538,hex8,residual,packed,packed,sumfact,affine,0.000000e+00,72,2048,128,2146689,2097152,8586756,0,0.0000,n/a,20,6.800115108e-03,1262.7369,9868.7835,308.3995,232.5332,0,0,0,3.727500000000e+00,1,1.000000,1,sumfact,on,on,0,0,0,0,0,,,0.000,,,,,,,
residual_rc_bnd_n128,nid006538,hex8,residual,atomic,atomic,sumfact,affine,0.000000e+00,72,0,128,2146689,2097152,8586756,0,0.0000,n/a,20,1.490565538e-02,576.0737,4502.2418,140.6951,106.0841,0,0,0,3.727500000000e+00,1,1.000000,1,sumfact,on,on,0,0,0,0,0,,,0.000,,,,,,,
residual_rc_bnd_dt_n128,nid006538,hex8,residual,packed,packed,sumfact,affine,0.000000e+00,72,2048,128,2146689,2097152,8586756,0,0.0000,n/a,20,7.351648808e-03,1168.0041,9128.4099,285.2628,215.0882,0,0,0,6.759281944370e+00,1,1.000000,1,sumfact,on,on,0,0,0,0,1,,,0.000,,,,,,,
residual_rc_bnd_dt_n128,nid006538,hex8,residual,atomic,atomic,sumfact,affine,0.000000e+00,72,0,128,2146689,2097152,8586756,0,0.0000,n/a,20,1.542612314e-02,556.6373,4350.3389,135.9481,102.5049,0,0,0,6.759329548060e+00,1,1.000000,1,sumfact,on,on,0,0,0,0,1,,,0.000,,,,,,,
residual_rc_perapply_n128,nid006538,hex8,residual,packed,packed,sumfact,affine,0.000000e+00,72,2048,128,2146689,2097152,8586756,0,0.0000,n/a,20,7.241690159e-03,1185.7392,9267.0167,289.5943,218.3541,0,0,0,1.371512495588e-13,1,1.000000,0,sumfact,on,off,0,1,0,0,0,,,0.000,,,,,,,
residual_rc_perapply_n128,nid006538,hex8,residual,atomic,atomic,sumfact,affine,0.000000e+00,72,0,128,2146689,2097152,8586756,0,0.0000,n/a,20,1.985923052e-02,432.3811,3379.2278,105.6009,79.6231,0,0,0,1.381366267032e-13,1,1.000000,0,sumfact,on,off,0,1,0,0,0,,,0.000,,,,,,,
jac_rc_n128,nid006538,hex8,jac_action,packed,packed,sumfact,affine,0.000000e+00,72,2048,128,2146689,2097152,8586756,0,0.0000,n/a,20,9.908831120e-03,866.5761,6772.6317,211.6447,179.8980,0,0,0,7.525805065939e-14,1,1.000000,0,n/a,exact,off,1,0,0,0,0,1.631360000e-03,0.164637,0.000,,,,,,,
jac_rc_n128,nid006538,hex8,jac_action,atomic,atomic,sumfact,affine,0.000000e+00,72,0,128,2146689,2097152,8586756,0,0.0000,n/a,20,1.975504160e-02,434.6615,3397.0500,106.1578,90.2341,0,0,0,9.269852680599e-14,1,1.000000,0,n/a,exact,off,1,0,0,0,0,1.417433600e-03,0.071750,0.000,,,,,,,
jac_rc_bnd_n128,nid006538,hex8,jac_action,packed,packed,sumfact,affine,0.000000e+00,72,2048,128,2146689,2097152,8586756,0,0.0000,n/a,20,1.066867113e-02,804.8571,6290.2739,196.5711,167.0854,0,0,0,5.044940681195e+00,1,1.000000,1,n/a,exact,on,1,0,0,0,0,1.665190400e-03,0.156082,0.000,,,,,,,
jac_rc_bnd_n128,nid006538,hex8,jac_action,atomic,atomic,sumfact,affine,0.000000e+00,72,0,128,2146689,2097152,8586756,0,0.0000,n/a,20,2.024997473e-02,424.0379,3314.0221,103.5632,88.0287,0,0,0,5.044940681195e+00,1,1.000000,1,n/a,exact,on,1,0,0,0,0,1.434534400e-03,0.070841,0.000,,,,,,,
assemble_n128,nid006538,hex8,assemble,packed,packed,sumfact,affine,0.000000e+00,72,2048,128,2146689,2097152,8586756,57066625,6966.1407,f64,20,1.548081994e-01,55.4671,433.4968,13.5468,31.2118,0,0,0,-3.076222088107e-08,0,0.000000,0,sumfact,off,off,0,0,0,0,0,,,0.000,,,,,,,
assemble_n128,nid006538,hex8,assemble,atomic,atomic,sumfact,affine,0.000000e+00,72,0,128,2146689,2097152,8586756,57066625,6966.1407,f64,20,2.237125754e-01,38.3830,299.9781,9.3743,21.5984,0,0,0,-3.076550014682e-08,0,0.000000,0,sumfact,off,off,0,0,0,0,0,,,0.000,,,,,,,
assemble_n128,nid006538,hex8,assemble,colored,colored,sumfact,affine,0.000000e+00,72,2048,128,2146689,2097152,8586756,57066625,6966.1407,f64,20,9.404681921e-02,91.3030,713.5687,22.2990,51.3769,14,72,74,-3.076222088107e-08,0,0.000000,0,sumfact,off,off,0,0,0,0,0,,,0.000,,,,,,,
assemble_n128,nid006538,hex8,assemble,store,store,sumfact,affine,0.000000e+00,72,2048,128,2146689,2097152,8586756,57066625,6966.1407,f64,20,1.207998276e-01,71.0825,555.5377,17.3606,39.9987,0,0,0,-3.076222088107e-08,0,0.000000,0,sumfact,off,off,0,0,0,0,0,,,0.000,,,,,,,
assemble_sympy_n128,nid006538,hex8,assemble,atomic,atomic,sympy,affine,0.000000e+00,72,0,128,2146689,2097152,8586756,57066625,6966.1407,f64,20,1.554318190e-01,55.2445,431.7576,13.4924,31.0865,0,0,0,-3.076550013728e-08,0,0.000000,0,sympy,off,off,0,0,0,0,0,,,0.000,,,,,,,
assemble_sympy_n128,nid006538,hex8,assemble,colored,colored,sympy,affine,0.000000e+00,72,2048,128,2146689,2097152,8586756,57066625,6966.1407,f64,20,1.001978636e-01,85.6980,669.7634,20.9301,48.2230,14,72,74,-3.076222087847e-08,0,0.000000,0,sympy,off,off,0,0,0,0,0,,,0.000,,,,,,,
assemble_diag_n128,nid006538,hex8,assemble_diag,atomic,atomic,sumfact,affine,0.000000e+00,72,0,128,2146689,2097152,8586756,0,0.0000,n/a,20,7.586559057e-02,113.1838,884.5758,27.6430,20.8428,0,0,0,1.651826180067e+03,0,0.000000,0,n/a,off,off,0,0,0,0,0,,,0.000,,,,,,,
spmv_f64_n128,nid006538,hex8,bsr_apply,packed,n/a,sumfact,affine,0.000000e+00,72,2048,128,2146689,2097152,8586756,57066625,6966.1407,f64,20,1.887515783e-02,454.9237,0.0000,0.0000,0.0000,0,0,0,-3.359821589780e-12,0,0.000000,0,n/a,off,off,0,0,0,0,0,,,0.000,,,,,,,
spmv_f32_n128,nid006538,hex8,bsr_apply,packed,n/a,sumfact,affine,0.000000e+00,72,2048,128,2146689,2097152,8586756,57066625,3483.0704,f32,20,1.062229872e-02,808.3708,0.0000,0.0000,0.0000,0,0,0,4.661783736126e-05,0,0.000000,0,n/a,off,off,0,0,0,0,0,,,0.000,,,,,,,
residual_bare_n160,nid006538,hex8,residual,packed,packed,sumfact,affine,0.000000e+00,72,2048,160,4173281,4096000,16693124,0,0.0000,n/a,20,6.655693054e-03,2508.0970,19693.2159,615.4130,464.0214,0,0,0,-6.926008161087e-14,0,0.000000,0,sumfact,off,off,0,0,0,0,0,,,0.000,,,,,,,
residual_bare_n160,nid006538,hex8,residual,atomic,atomic,sumfact,affine,0.000000e+00,72,0,160,4173281,4096000,16693124,0,0.0000,n/a,20,2.086248398e-02,800.1504,6282.6651,196.3333,148.0353,0,0,0,-7.557772766995e-14,0,0.000000,0,sumfact,off,off,0,0,0,0,0,,,0.000,,,,,,,
jac_bare_n160,nid006538,hex8,jac_action,packed,packed,sumfact,affine,0.000000e+00,72,2048,160,4173281,4096000,16693124,0,0.0000,n/a,20,8.861136436e-03,1883.8581,14791.7822,462.2432,392.9067,0,0,0,7.483083570110e-13,0,0.000000,0,n/a,off,off,0,0,0,0,0,,,0.000,,,,,,,
jac_bare_n160,nid006538,hex8,jac_action,atomic,atomic,sumfact,affine,0.000000e+00,72,0,160,4173281,4096000,16693124,0,0.0000,n/a,20,2.017364502e-02,827.4719,6497.1898,203.0372,172.5816,0,0,0,7.566951351536e-13,0,0.000000,0,n/a,off,off,0,0,0,0,0,,,0.000,,,,,,,
residual_current_n160,nid006538,hex8,residual,atomic,atomic,current,affine,0.000000e+00,72,0,160,4173281,4096000,16693124,0,0.0000,n/a,20,1.994705200e-02,836.8717,6570.9961,205.3436,154.8291,0,0,0,-7.131918482433e-14,0,0.000000,0,current,off,off,0,0,0,0,0,,,0.000,,,,,,,
residual_current_n160,nid006538,hex8,residual,packed,packed,current,affine,0.000000e+00,72,2048,160,4173281,4096000,16693124,0,0.0000,n/a,20,7.772600651e-03,2147.6884,16863.3390,526.9793,397.3424,0,0,0,-6.568480297436e-14,0,0.000000,0,current,off,off,0,0,0,0,0,,,0.000,,,,,,,
residual_rc_n160,nid006538,hex8,residual,packed,packed,sumfact,affine,0.000000e+00,72,2048,160,4173281,4096000,16693124,0,0.0000,n/a,20,1.222891808e-02,1365.0532,10718.2008,334.9438,252.5476,0,0,0,-7.066434026468e-14,1,1.000000,0,sumfact,on,off,0,0,0,0,0,,,0.000,,,,,,,
residual_rc_n160,nid006538,hex8,residual,atomic,atomic,sumfact,affine,0.000000e+00,72,0,160,4173281,4096000,16693124,0,0.0000,n/a,20,2.956786156e-02,564.5699,4432.9212,138.5288,104.4507,0,0,0,-7.449527377346e-14,1,1.000000,0,sumfact,on,off,0,0,0,0,0,,,0.000,,,,,,,
residual_rc_bnd_n160,nid006538,hex8,residual,packed,packed,sumfact,affine,0.000000e+00,72,2048,160,4173281,4096000,16693124,0,0.0000,n/a,20,1.318454742e-02,1266.1128,9941.3348,310.6667,234.2427,0,0,0,3.727500000000e+00,1,1.000000,1,sumfact,on,on,0,0,0,0,0,,,0.000,,,,,,,
residual_rc_bnd_n160,nid006538,hex8,residual,atomic,atomic,sumfact,affine,0.000000e+00,72,0,160,4173281,4096000,16693124,0,0.0000,n/a,20,3.022773266e-02,552.2453,4336.1506,135.5047,102.1705,0,0,0,3.727500000000e+00,1,1.000000,1,sumfact,on,on,0,0,0,0,0,,,0.000,,,,,,,
residual_rc_bnd_dt_n160,nid006538,hex8,residual,packed,packed,sumfact,affine,0.000000e+00,72,2048,160,4173281,4096000,16693124,0,0.0000,n/a,20,1.417992115e-02,1177.2367,9243.4929,288.8592,217.7998,0,0,0,6.759317416976e+00,1,1.000000,1,sumfact,on,on,0,0,0,0,1,,,0.000,,,,,,,
residual_rc_bnd_dt_n160,nid006538,hex8,residual,atomic,atomic,sumfact,affine,0.000000e+00,72,0,160,4173281,4096000,16693124,0,0.0000,n/a,20,3.121464252e-02,534.7850,4199.0550,131.2205,98.9402,0,0,0,6.759324573300e+00,1,1.000000,1,sumfact,on,on,0,0,0,0,1,,,0.000,,,,,,,
residual_rc_perapply_n160,nid006538,hex8,residual,packed,packed,sumfact,affine,0.000000e+00,72,2048,160,4173281,4096000,16693124,0,0.0000,n/a,20,1.435716152e-02,1162.7036,9129.3812,285.2932,215.1110,0,0,0,-7.066434026468e-14,1,1.000000,0,sumfact,on,off,0,1,0,0,0,,,0.000,,,,,,,
residual_rc_perapply_n160,nid006538,hex8,residual,atomic,atomic,sumfact,affine,0.000000e+00,72,0,160,4173281,4096000,16693124,0,0.0000,n/a,20,3.978345394e-02,419.5997,3294.6360,102.9574,77.6299,0,0,0,-7.449527377346e-14,1,1.000000,0,sumfact,on,off,0,1,0,0,0,,,0.000,,,,,,,
jac_rc_n160,nid006538,hex8,jac_action,packed,packed,sumfact,affine,0.000000e+00,72,2048,160,4173281,4096000,16693124,0,0.0000,n/a,20,1.995497942e-02,836.5393,6568.3856,205.2621,174.4727,0,0,0,-5.547403831327e-13,1,1.000000,0,n/a,exact,off,1,0,0,0,0,3.334272000e-03,0.167090,0.000,,,,,,,
jac_rc_n160,nid006538,hex8,jac_action,atomic,atomic,sumfact,affine,0.000000e+00,72,0,160,4173281,4096000,16693124,0,0.0000,n/a,20,3.937909603e-02,423.9083,3328.4665,104.0146,88.4124,0,0,0,-5.509523908062e-13,1,1.000000,0,n/a,exact,off,1,0,0,0,0,3.107174400e-03,0.078904,0.000,,,,,,,
jac_rc_bnd_n160,nid006538,hex8,jac_action,packed,packed,sumfact,affine,0.000000e+00,72,2048,160,4173281,4096000,16693124,0,0.0000,n/a,20,2.037705183e-02,819.2119,6432.3338,201.0104,170.8589,0,0,0,5.046148336219e+00,1,1.000000,1,n/a,exact,on,1,0,0,0,0,3.389171200e-03,0.166323,0.000,,,,,,,
jac_rc_bnd_n160,nid006538,hex8,jac_action,atomic,atomic,sumfact,affine,0.000000e+00,72,0,160,4173281,4096000,16693124,0,0.0000,n/a,20,4.032372236e-02,413.9778,3250.4936,101.5779,86.3412,0,0,0,5.046148336219e+00,1,1.000000,1,n/a,exact,on,1,0,0,0,0,3.111769600e-03,0.077170,0.000,,,,,,,
assemble_n160,nid006538,hex8,assemble,packed,packed,sumfact,affine,0.000000e+00,72,2048,160,4173281,4096000,16693124,111284641,13584.5509,f64,20,3.035266995e-01,54.9972,431.8302,13.4947,31.0918,0,0,0,1.165429404451e-08,0,0.000000,0,sumfact,off,off,0,0,0,0,0,,,0.000,,,,,,,
assemble_n160,nid006538,hex8,assemble,atomic,atomic,sumfact,affine,0.000000e+00,72,0,160,4173281,4096000,16693124,111284641,13584.5509,f64,20,4.310333729e-01,38.7281,304.0878,9.5027,21.8943,0,0,0,1.164916721901e-08,0,0.000000,0,sumfact,off,off,0,0,0,0,0,,,0.000,,,,,,,
assemble_n160,nid006538,hex8,assemble,colored,colored,sumfact,affine,0.000000e+00,72,2048,160,4173281,4096000,16693124,111284641,13584.5509,f64,20,1.588384151e-01,105.0950,825.1908,25.7872,59.4137,20,99,101,1.165426806529e-08,0,0.000000,0,sumfact,off,off,0,0,0,0,0,,,0.000,,,,,,,
assemble_n160,nid006538,hex8,assemble,store,store,sumfact,affine,0.000000e+00,72,2048,160,4173281,4096000,16693124,111284641,13584.5509,f64,20,2.439398408e-01,68.4313,537.3128,16.7910,38.6865,0,0,0,1.165429404451e-08,0,0.000000,0,sumfact,off,off,0,0,0,0,0,,,0.000,,,,,,,
assemble_sympy_n160,nid006538,hex8,assemble,atomic,atomic,sympy,affine,0.000000e+00,72,0,160,4173281,4096000,16693124,111284641,13584.5509,f64,20,3.007817864e-01,55.4991,435.7711,13.6178,31.3755,0,0,0,1.167343591505e-08,0,0.000000,0,sympy,off,off,0,0,0,0,0,,,0.000,,,,,,,
assemble_sympy_n160,nid006538,hex8,assemble,colored,colored,sympy,affine,0.000000e+00,72,2048,160,4173281,4096000,16693124,111284641,13584.5509,f64,20,1.687112927e-01,98.9449,776.9012,24.2782,55.9369,20,99,101,1.168506756832e-08,0,0.000000,0,sympy,off,off,0,0,0,0,0,,,0.000,,,,,,,
assemble_diag_n160,nid006538,hex8,assemble_diag,atomic,atomic,sumfact,affine,0.000000e+00,72,0,160,4173281,4096000,16693124,0,0.0000,n/a,20,1.466175079e-01,113.8549,893.9724,27.9366,21.0642,0,0,0,2.371982944015e+03,0,0.000000,0,n/a,off,off,0,0,0,0,0,,,0.000,,,,,,,
spmv_f64_n160,nid006538,hex8,bsr_apply,packed,n/a,sumfact,affine,0.000000e+00,72,2048,160,4173281,4096000,16693124,111284641,13584.5509,f64,20,3.622543812e-02,460.8122,0.0000,0.0000,0.0000,0,0,0,7.157881465282e-13,0,0.000000,0,n/a,off,off,0,0,0,0,0,,,0.000,,,,,,,
spmv_f32_n160,nid006538,hex8,bsr_apply,packed,n/a,sumfact,affine,0.000000e+00,72,2048,160,4173281,4096000,16693124,111284641,6792.2755,f32,20,1.904639006e-02,876.4456,0.0000,0.0000,0.0000,0,0,0,4.118532892879e-05,0,0.000000,0,n/a,off,off,0,0,0,0,0,,,0.000,,,,,,,
residual_bare_n192,nid006538,hex8,residual,packed,packed,sumfact,affine,0.000000e+00,72,2048,192,7189057,7077888,28756228,0,0.0000,n/a,20,1.110731363e-02,2588.9454,20391.2866,637.2277,480.4697,0,0,0,-1.637644013452e-14,0,0.000000,0,sumfact,off,off,0,0,0,0,0,,,0.000,,,,,,,
residual_bare_n192,nid006538,hex8,residual,atomic,atomic,sumfact,affine,0.000000e+00,72,0,192,7189057,7077888,28756228,0,0.0000,n/a,20,3.470085859e-02,828.6892,6526.9975,203.9687,153.7924,0,0,0,-1.625251582621e-14,0,0.000000,0,sumfact,off,off,0,0,0,0,0,,,0.000,,,,,,,
jac_bare_n192,nid006538,hex8,jac_action,packed,packed,sumfact,affine,0.000000e+00,72,2048,192,7189057,7077888,28756228,0,0.0000,n/a,20,1.505794525e-02,1909.7046,15041.3893,470.0434,399.5369,0,0,0,2.364980412027e-11,0,0.000000,0,n/a,off,off,0,0,0,0,0,,,0.000,,,,,,,
jac_bare_n192,nid006538,hex8,jac_action,atomic,atomic,sumfact,affine,0.000000e+00,72,0,192,7189057,7077888,28756228,0,0.0000,n/a,20,3.577357531e-02,803.8399,6331.2770,197.8524,168.1745,0,0,0,2.370846842958e-11,0,0.000000,0,n/a,off,off,0,0,0,0,0,,,0.000,,,,,,,
residual_current_n192,nid006538,hex8,residual,atomic,atomic,current,affine,0.000000e+00,72,0,192,7189057,7077888,28756228,0,0.0000,n/a,20,3.427194357e-02,839.0603,6608.6832,206.5213,155.7171,0,0,0,-1.950513589619e-14,0,0.000000,0,current,off,off,0,0,0,0,0,,,0.000,,,,,,,
residual_current_n192,nid006538,hex8,residual,packed,packed,current,affine,0.000000e+00,72,2048,192,7189057,7077888,28756228,0,0.0000,n/a,20,1.348738670e-02,2132.0830,16792.9059,524.7783,395.6828,0,0,0,-1.793000698001e-14,0,0.000000,0,current,off,off,0,0,0,0,0,,,0.000,,,,,,,
residual_rc_n192,nid006538,hex8,residual,packed,packed,sumfact,affine,0.000000e+00,72,2048,192,7189057,7077888,28756228,0,0.0000,n/a,20,2.084205151e-02,1379.7216,10867.0884,339.5965,256.0558,0,0,0,-1.538764775322e-14,1,1.000000,0,sumfact,on,off,0,0,0,0,0,,,0.000,,,,,,,
residual_rc_n192,nid006538,hex8,residual,atomic,atomic,sumfact,affine,0.000000e+00,72,0,192,7189057,7077888,28756228,0,0.0000,n/a,20,5.081685781e-02,565.8797,4457.0331,139.2823,105.0188,0,0,0,-1.622822969755e-14,1,1.000000,0,sumfact,on,off,0,0,0,0,0,,,0.000,,,,,,,
residual_rc_bnd_n192,nid006538,hex8,residual,packed,packed,sumfact,affine,0.000000e+00,72,2048,192,7189057,7077888,28756228,0,0.0000,n/a,20,2.226394415e-02,1291.6053,10173.0589,317.9081,239.7027,0,0,0,3.727500000000e+00,1,1.000000,1,sumfact,on,on,0,0,0,0,0,,,0.000,,,,,,,
residual_rc_bnd_n192,nid006538,hex8,residual,atomic,atomic,sumfact,affine,0.000000e+00,72,0,192,7189057,7077888,28756228,0,0.0000,n/a,20,5.030348301e-02,571.6548,4502.5196,140.7037,106.0906,0,0,0,3.727500000000e+00,1,1.000000,1,sumfact,on,on,0,0,0,0,0,,,0.000,,,,,,,
residual_rc_bnd_dt_n192,nid006538,hex8,residual,packed,packed,sumfact,affine,0.000000e+00,72,2048,192,7189057,7077888,28756228,0,0.0000,n/a,20,2.390240431e-02,1203.0684,9475.7169,296.1162,223.2716,0,0,0,6.759362918358e+00,1,1.000000,1,sumfact,on,on,0,0,0,0,1,,,0.000,,,,,,,
residual_rc_bnd_dt_n192,nid006538,hex8,residual,atomic,atomic,sumfact,affine,0.000000e+00,72,0,192,7189057,7077888,28756228,0,0.0000,n/a,20,5.245283842e-02,548.2302,4318.0202,134.9381,101.7434,0,0,0,6.759309506134e+00,1,1.000000,1,sumfact,on,on,0,0,0,0,1,,,0.000,,,,,,,
residual_rc_perapply_n192,nid006538,hex8,residual,packed,packed,sumfact,affine,0.000000e+00,72,2048,192,7189057,7077888,28756228,0,0.0000,n/a,20,2.444261312e-02,1176.4793,9266.2930,289.5717,218.3370,0,0,0,-1.538764775322e-14,1,1.000000,0,sumfact,on,off,0,1,0,0,0,,,0.000,,,,,,,
residual_rc_perapply_n192,nid006538,hex8,residual,atomic,atomic,sumfact,affine,0.000000e+00,72,0,192,7189057,7077888,28756228,0,0.0000,n/a,20,6.660209894e-02,431.7616,3400.6799,106.2712,80.1285,0,0,0,-1.622822969755e-14,1,1.000000,0,sumfact,on,off,0,1,0,0,0,,,0.000,,,,,,,
jac_rc_n192,nid006538,hex8,jac_action,packed,packed,sumfact,affine,0.000000e+00,72,2048,192,7189057,7077888,28756228,0,0.0000,n/a,20,3.145226240e-02,914.2817,7201.1486,225.0359,191.2805,0,0,0,1.535864016126e-12,1,1.000000,0,n/a,exact,off,1,0,0,0,0,5.568396800e-03,0.177043,0.000,,,,,,,
jac_rc_n192,nid006538,hex8,jac_action,atomic,atomic,sumfact,affine,0.000000e+00,72,0,192,7189057,7077888,28756228,0,0.0000,n/a,20,6.788533926e-02,423.6000,3336.3966,104.2624,88.6230,0,0,0,1.553785871261e-12,1,1.000000,0,n/a,exact,off,1,0,0,0,0,5.304563200e-03,0.078140,0.000,,,,,,,
jac_rc_bnd_n192,nid006538,hex8,jac_action,packed,packed,sumfact,affine,0.000000e+00,72,2048,192,7189057,7077888,28756228,0,0.0000,n/a,20,3.350969553e-02,858.1465,6759.0115,211.2191,179.5362,0,0,0,5.046108211775e+00,1,1.000000,1,n/a,exact,on,1,0,0,0,0,5.662451200e-03,0.168979,0.000,,,,,,,
jac_rc_bnd_n192,nid006538,hex8,jac_action,atomic,atomic,sumfact,affine,0.000000e+00,72,0,192,7189057,7077888,28756228,0,0.0000,n/a,20,6.932522058e-02,414.8018,3267.0998,102.0969,86.7823,0,0,0,5.046108211775e+00,1,1.000000,1,n/a,exact,on,1,0,0,0,0,5.436723200e-03,0.078423,0.000,,,,,,,
assemble_n192,nid006538,hex8,assemble,packed,packed,sumfact,affine,0.000000e+00,72,2048,192,7189057,7077888,28756228,192100033,23449.7111,f64,20,5.453434706e-01,52.7305,415.3207,12.9788,29.9031,0,0,0,2.591725771935e-09,0,0.000000,0,sumfact,off,off,0,0,0,0,0,,,0.000,,,,,,,
assemble_n192,nid006538,hex8,assemble,atomic,atomic,sumfact,affine,0.000000e+00,72,0,192,7189057,7077888,28756228,192100033,23449.7111,f64,20,7.439518332e-01,38.6533,304.4450,9.5139,21.9200,0,0,0,2.591521534265e-09,0,0.000000,0,sumfact,off,off,0,0,0,0,0,,,0.000,,,,,,,
assemble_n192,nid006538,hex8,assemble,colored,colored,sumfact,affine,0.000000e+00,72,2048,192,7189057,7077888,28756228,192100033,23449.7111,f64,20,2.656515837e-01,108.2479,852.5920,26.6435,61.3866,20,172,173,2.591710339835e-09,0,0.000000,0,sumfact,off,off,0,0,0,0,0,,,0.000,,,,,,,
assemble_n192,nid006538,hex8,assemble,store,store,sumfact,affine,0.000000e+00,72,2048,192,7189057,7077888,28756228,192100033,23449.7111,f64,20,4.170874715e-01,68.9453,543.0334,16.9698,39.0984,0,0,0,2.591725771935e-09,0,0.000000,0,sumfact,off,off,0,0,0,0,0,,,0.000,,,,,,,
assemble_sympy_n192,nid006538,hex8,assemble,atomic,atomic,sympy,affine,0.000000e+00,72,0,192,7189057,7077888,28756228,192100033,23449.7111,f64,20,5.196306825e-01,55.3397,435.8719,13.6210,31.3828,0,0,0,2.579395400885e-09,0,0.000000,0,sympy,off,off,0,0,0,0,0,,,0.000,,,,,,,
assemble_sympy_n192,nid006538,hex8,assemble,colored,colored,sympy,affine,0.000000e+00,72,2048,192,7189057,7077888,28756228,192100033,23449.7111,f64,20,2.707297921e-01,106.2174,836.5995,26.1437,60.2352,20,172,173,2.579494394832e-09,0,0.000000,0,sympy,off,off,0,0,0,0,0,,,0.000,,,,,,,
assemble_diag_n192,nid006538,hex8,assemble_diag,atomic,atomic,sumfact,affine,0.000000e+00,72,0,192,7189057,7077888,28756228,0,0.0000,n/a,20,2.533451080e-01,113.5062,894.0075,27.9377,21.0651,0,0,0,3.215019675301e+03,0,0.000000,0,n/a,off,off,0,0,0,0,0,,,0.000,,,,,,,
spmv_f32_n64,nid006538,hex8,bsr_apply,packed,n/a,sumfact,affine,0.000000e+00,72,2048,64,274625,262144,1098500,7189057,438.7852,f32,20,1.193845272e-03,920.1360,0.0000,0.0000,0.0000,0,0,0,1.266297573960e-05,0,0.000000,0,n/a,off,off,0,0,0,0,0,,,0.000,,,,,,,
spmv_f64_n64,nid006538,hex8,bsr_apply,packed,n/a,sumfact,affine,0.000000e+00,72,2048,64,274625,262144,1098500,7189057,877.5704,f64,20,2.148509026e-03,511.2848,0.0000,0.0000,0.0000,0,0,0,-9.061069494547e-13,0,0.000000,0,n/a,off,off,0,0,0,0,0,,,0.000,,,,,,,
assemble_diag_n64,nid006538,hex8,assemble_diag,atomic,atomic,sumfact,affine,0.000000e+00,72,0,64,274625,262144,1098500,0,0.0000,n/a,20,1.035093069e-02,106.1257,810.4207,25.3256,19.0955,0,0,0,5.801523603040e+02,0,0.000000,0,n/a,off,off,0,0,0,0,0,,,0.000,,,,,,,
assemble_sympy_n64,nid006538,hex8,assemble,colored,colored,sympy,affine,0.000000e+00,72,2048,64,274625,262144,1098500,7189057,877.5704,f64,20,2.803438902e-02,39.1840,299.2256,9.3508,21.5442,11,11,12,2.702430497534e-10,0,0.000000,0,sympy,off,off,0,0,0,0,0,,,0.000,,,,,,,
assemble_sympy_n64,nid006538,hex8,assemble,atomic,atomic,sympy,affine,0.000000e+00,72,0,64,274625,262144,1098500,7189057,877.5704,f64,20,1.954398155e-02,56.2066,429.2169,13.4130,30.9036,0,0,0,2.702932318341e-10,0,0.000000,0,sympy,off,off,0,0,0,0,0,,,0.000,,,,,,,
assemble_n64,nid006538,hex8,assemble,store,store,sumfact,affine,0.000000e+00,72,2048,64,274625,262144,1098500,7189057,877.5704,f64,20,1.452205181e-02,75.6436,577.6462,18.0514,41.5905,0,0,0,2.702430495366e-10,0,0.000000,0,sumfact,off,off,0,0,0,0,0,,,0.000,,,,,,,
assemble_n64,nid006538,hex8,assemble,colored,colored,sumfact,affine,0.000000e+00,72,2048,64,274625,262144,1098500,7189057,877.5704,f64,20,2.297165394e-02,47.8198,365.1721,11.4116,26.2924,11,11,12,2.702430495366e-10,0,0.000000,0,sumfact,off,off,0,0,0,0,0,,,0.000,,,,,,,
assemble_n64,nid006538,hex8,assemble,atomic,atomic,sumfact,affine,0.000000e+00,72,0,64,274625,262144,1098500,7189057,877.5704,f64,20,2.794882059e-02,39.3040,300.1418,9.3794,21.6102,0,0,0,2.702932316173e-10,0,0.000000,0,sumfact,off,off,0,0,0,0,0,,,0.000,,,,,,,
assemble_n64,nid006538,hex8,assemble,packed,packed,sumfact,affine,0.000000e+00,72,2048,64,274625,262144,1098500,7189057,877.5704,f64,20,2.016047239e-02,54.4878,416.0918,13.0029,29.9586,0,0,0,2.702430495366e-10,0,0.000000,0,sumfact,off,off,0,0,0,0,0,,,0.000,,,,,,,
jac_rc_bnd_n64,nid006538,hex8,jac_action,atomic,atomic,sumfact,affine,0.000000e+00,72,0,64,274625,262144,1098500,0,0.0000,n/a,20,2.544212341e-03,431.7643,3297.1336,103.0354,87.5801,0,0,0,5.044059835243e+00,1,1.000000,1,n/a,exact,on,1,0,0,0,0,1.315840000e-04,0.051719,0.000,,,,,,,
jac_rc_bnd_n64,nid006538,hex8,jac_action,packed,packed,sumfact,affine,0.000000e+00,72,2048,64,274625,262144,1098500,0,0.0000,n/a,20,1.134896278e-03,967.9299,7391.5195,230.9850,196.3372,0,0,0,5.044059835243e+00,1,1.000000,1,n/a,exact,on,1,0,0,0,0,1.342464000e-04,0.118290,0.000,,,,,,,
jac_rc_n64,nid006538,hex8,jac_action,atomic,atomic,sumfact,affine,0.000000e+00,72,0,64,274625,262144,1098500,0,0.0000,n/a,20,2.482903004e-03,442.4257,3378.5484,105.5796,89.7427,0,0,0,-4.704104944117e-13,1,1.000000,0,n/a,exact,off,1,0,0,0,0,1.346432000e-04,0.054228,0.000,,,,,,,
jac_rc_n64,nid006538,hex8,jac_action,packed,packed,sumfact,affine,0.000000e+00,72,2048,64,274625,262144,1098500,0,0.0000,n/a,20,1.049721241e-03,1046.4683,7991.2720,249.7273,212.2682,0,0,0,-4.672237531762e-13,1,1.000000,0,n/a,exact,off,1,0,0,0,0,1.348096000e-04,0.128424,0.000,,,,,,,
residual_rc_perapply_n64,nid006538,hex8,residual,atomic,atomic,sumfact,affine,0.000000e+00,72,0,64,274625,262144,1098500,0,0.0000,n/a,20,2.722525597e-03,403.4856,3081.1861,96.2871,72.6004,0,0,0,-1.239188873042e-14,1,1.000000,0,sumfact,on,off,0,1,0,0,0,,,0.000,,,,,,,
residual_rc_perapply_n64,nid006538,hex8,residual,packed,packed,sumfact,affine,0.000000e+00,72,2048,64,274625,262144,1098500,0,0.0000,n/a,20,8.663296700e-04,1267.9930,9682.9282,302.5915,228.1540,0,0,0,-1.139626587543e-14,1,1.000000,0,sumfact,on,off,0,1,0,0,0,,,0.000,,,,,,,
residual_rc_bnd_dt_n64,nid006538,hex8,residual,atomic,atomic,sumfact,affine,0.000000e+00,72,0,64,274625,262144,1098500,0,0.0000,n/a,20,1.909017563e-03,575.4269,4394.2016,137.3188,103.5384,0,0,0,6.759448953731e+00,1,1.000000,1,sumfact,on,on,0,0,0,0,1,,,0.000,,,,,,,
residual_rc_bnd_dt_n64,nid006538,hex8,residual,packed,packed,sumfact,affine,0.000000e+00,72,2048,64,274625,262144,1098500,0,0.0000,n/a,20,8.658289909e-04,1268.7263,9688.5275,302.7665,228.2859,0,0,0,6.759321052459e+00,1,1.000000,1,sumfact,on,on,0,0,0,0,1,,,0.000,,,,,,,
residual_rc_bnd_n64,nid006538,hex8,residual,atomic,atomic,sumfact,affine,0.000000e+00,72,0,64,274625,262144,1098500,0,0.0000,n/a,20,1.912558079e-03,574.3616,4386.0671,137.0646,103.3467,0,0,0,3.727500000000e+00,1,1.000000,1,sumfact,on,on,0,0,0,0,0,,,0.000,,,,,,,
residual_rc_bnd_n64,nid006538,hex8,residual,packed,packed,sumfact,affine,0.000000e+00,72,2048,64,274625,262144,1098500,0,0.0000,n/a,20,8.288264275e-04,1325.3680,10121.0672,316.2834,238.4776,0,0,0,3.727500000000e+00,1,1.000000,1,sumfact,on,on,0,0,0,0,0,,,0.000,,,,,,,
residual_rc_n64,nid006538,hex8,residual,atomic,atomic,sumfact,affine,0.000000e+00,72,0,64,274625,262144,1098500,0,0.0000,n/a,20,1.859533787e-03,590.7395,4511.1350,140.9730,106.2936,0,0,0,-1.283597794027e-14,1,1.000000,0,sumfact,on,off,0,0,0,0,0,,,0.000,,,,,,,
residual_rc_n64,nid006538,hex8,residual,packed,packed,sumfact,affine,0.000000e+00,72,2048,64,274625,262144,1098500,0,0.0000,n/a,20,7.638216019e-04,1438.1630,10982.4179,343.2006,258.7732,0,0,0,-1.139626587543e-14,1,1.000000,0,sumfact,on,off,0,0,0,0,0,,,0.000,,,,,,,
residual_current_n64,nid006538,hex8,residual,packed,packed,current,affine,0.000000e+00,72,2048,64,274625,262144,1098500,0,0.0000,n/a,20,5.345463753e-04,2055.0135,15692.9471,490.4046,369.7651,0,0,0,-1.151401023136e-14,0,0.000000,0,current,off,off,0,0,0,0,0,,,0.000,,,,,,,
residual_current_n64,nid006538,hex8,residual,atomic,atomic,current,affine,0.000000e+00,72,0,64,274625,262144,1098500,0,0.0000,n/a,20,1.285755634e-03,854.3614,6524.2631,203.8832,153.7279,0,0,0,-1.240218865106e-14,0,0.000000,0,current,off,off,0,0,0,0,0,,,0.000,,,,,,,
jac_bare_n64,nid006538,hex8,jac_action,atomic,atomic,sumfact,affine,0.000000e+00,72,0,64,274625,262144,1098500,0,0.0000,n/a,20,1.451492310e-03,756.8073,5779.2990,180.6031,153.5126,0,0,0,-9.066751256032e-13,0,0.000000,0,n/a,off,off,0,0,0,0,0,,,0.000,,,,,,,
jac_bare_n64,nid006538,hex8,jac_action,packed,packed,sumfact,affine,0.000000e+00,72,2048,64,274625,262144,1098500,0,0.0000,n/a,20,5.511283875e-04,1993.1835,15220.7874,475.6496,404.3022,0,0,0,-9.063975156369e-13,0,0.000000,0,n/a,off,off,0,0,0,0,0,,,0.000,,,,,,,
residual_bare_n64,nid006538,hex8,residual,atomic,atomic,sumfact,affine,0.000000e+00,72,0,64,274625,262144,1098500,0,0.0000,n/a,20,1.315224171e-03,835.2188,6378.0823,199.3151,150.2836,0,0,0,-1.236760260176e-14,0,0.000000,0,sumfact,off,off,0,0,0,0,0,,,0.000,,,,,,,
residual_bare_n64,nid006538,hex8,residual,packed,packed,sumfact,affine,0.000000e+00,72,2048,64,274625,262144,1098500,0,0.0000,n/a,20,4.038810730e-04,2719.8601,20769.9953,649.0624,489.3930,0,0,0,-1.134075472420e-14,0,0.000000,0,sumfact,off,off,0,0,0,0,0,,,0.000,,,,,,,
spmv_f32_n96,nid006538,hex8,bsr_apply,packed,n/a,sumfact,affine,0.000000e+00,72,2048,96,912673,884736,3650692,24137569,1473.2403,f32,20,4.477894306e-03,815.2698,0.0000,0.0000,0.0000,0,0,0,-1.160063154236e-06,0,0.000000,0,n/a,off,off,0,0,0,0,0,,,0.000,,,,,,,
spmv_f64_n96,nid006538,hex8,bsr_apply,packed,n/a,sumfact,affine,0.000000e+00,72,2048,96,912673,884736,3650692,24137569,2946.4806,f64,20,7.882928848e-03,463.1137,0.0000,0.0000,0.0000,0,0,0,-2.144415680726e-12,0,0.000000,0,n/a,off,off,0,0,0,0,0,,,0.000,,,,,,,
assemble_diag_n96,nid006538,hex8,assemble_diag,atomic,atomic,sumfact,affine,0.000000e+00,72,0,96,912673,884736,3650692,0,0.0000,n/a,20,3.255473375e-02,112.1401,869.6601,27.1769,20.4914,0,0,0,1.054549351220e+03,0,0.000000,0,n/a,off,off,0,0,0,0,0,,,0.000,,,,,,,
assemble_sympy_n96,nid006538,hex8,assemble,colored,colored,sympy,affine,0.000000e+00,72,2048,96,912673,884736,3650692,24137569,2946.4806,f64,20,5.164470673e-02,70.6886,548.1985,17.1312,39.4703,17,25,26,6.667015596822e-11,0,0.000000,0,sympy,off,off,0,0,0,0,0,,,0.000,,,,,,,
assemble_sympy_n96,nid006538,hex8,assemble,atomic,atomic,sympy,affine,0.000000e+00,72,0,96,912673,884736,3650692,24137569,2946.4806,f64,20,6.531924009e-02,55.8900,433.4336,13.5448,31.2072,0,0,0,6.578006241380e-11,0,0.000000,0,sympy,off,off,0,0,0,0,0,,,0.000,,,,,,,
assemble_n96,nid006538,hex8,assemble,store,store,sumfact,affine,0.000000e+00,72,2048,96,912673,884736,3650692,24137569,2946.4806,f64,20,6.982668638e-02,52.2822,405.4546,12.6705,29.1927,0,0,0,7.424116575276e-11,0,0.000000,0,sumfact,off,off,0,0,0,0,0,,,0.000,,,,,,,
assemble_n96,nid006538,hex8,assemble,colored,colored,sumfact,affine,0.000000e+00,72,2048,96,912673,884736,3650692,24137569,2946.4806,f64,20,4.492229223e-02,81.2668,630.2339,19.6948,45.3768,17,25,26,7.428368729460e-11,0,0.000000,0,sumfact,off,off,0,0,0,0,0,,,0.000,,,,,,,
assemble_n96,nid006538,hex8,assemble,atomic,atomic,sumfact,affine,0.000000e+00,72,0,96,912673,884736,3650692,24137569,2946.4806,f64,20,9.335491657e-02,39.1055,303.2679,9.4771,21.8353,0,0,0,7.342422201788e-11,0,0.000000,0,sumfact,off,off,0,0,0,0,0,,,0.000,,,,,,,
assemble_n96,nid006538,hex8,assemble,packed,packed,sumfact,affine,0.000000e+00,72,2048,96,912673,884736,3650692,24137569,2946.4806,f64,20,6.696345806e-02,54.5177,422.7911,13.2122,30.4410,0,0,0,7.424116575276e-11,0,0.000000,0,sumfact,off,off,0,0,0,0,0,,,0.000,,,,,,,
jac_rc_bnd_n96,nid006538,hex8,jac_action,atomic,atomic,sumfact,affine,0.000000e+00,72,0,96,912673,884736,3650692,0,0.0000,n/a,20,8.773016930e-03,416.1273,3227.1170,100.8474,85.7203,0,0,0,5.046234218079e+00,1,1.000000,1,n/a,exact,on,1,0,0,0,0,5.669120000e-04,0.064620,0.000,,,,,,,
jac_rc_bnd_n96,nid006538,hex8,jac_action,packed,packed,sumfact,affine,0.000000e+00,72,2048,96,912673,884736,3650692,0,0.0000,n/a,20,4.288053513e-03,851.3634,6602.4251,206.3258,175.3769,0,0,0,5.046234218079e+00,1,1.000000,1,n/a,exact,on,1,0,0,0,0,6.430080000e-04,0.149953,0.000,,,,,,,
jac_rc_n96,nid006538,hex8,jac_action,atomic,atomic,sumfact,affine,0.000000e+00,72,0,96,912673,884736,3650692,0,0.0000,n/a,20,8.499455452e-03,429.5207,3330.9842,104.0933,88.4793,0,0,0,-2.097467978381e-13,1,1.000000,0,n/a,exact,off,1,0,0,0,0,5.481856000e-04,0.064497,0.000,,,,,,,
jac_rc_n96,nid006538,hex8,jac_action,packed,packed,sumfact,affine,0.000000e+00,72,2048,96,912673,884736,3650692,0,0.0000,n/a,20,3.965485096e-03,920.6167,7139.4927,223.1091,189.6428,0,0,0,-2.052185190445e-13,1,1.000000,0,n/a,exact,off,1,0,0,0,0,6.699264000e-04,0.168939,0.000,,,,,,,
residual_rc_perapply_n96,nid006538,hex8,residual,atomic,atomic,sumfact,affine,0.000000e+00,72,0,96,912673,884736,3650692,0,0.0000,n/a,20,8.786869049e-03,415.4713,3222.0296,100.6884,75.9191,0,0,0,9.933444041280e-14,1,1.000000,0,sumfact,on,off,0,1,0,0,0,,,0.000,,,,,,,
residual_rc_perapply_n96,nid006538,hex8,residual,packed,packed,sumfact,affine,0.000000e+00,72,2048,96,912673,884736,3650692,0,0.0000,n/a,20,2.847599983e-03,1282.0242,9942.2504,310.6953,234.2643,0,0,0,8.513567455182e-14,1,1.000000,0,sumfact,on,off,0,1,0,0,0,,,0.000,,,,,,,
residual_rc_bnd_dt_n96,nid006538,hex8,residual,atomic,atomic,sumfact,affine,0.000000e+00,72,0,96,912673,884736,3650692,0,0.0000,n/a,20,6.592273712e-03,553.7834,4294.6566,134.2080,101.1928,0,0,0,6.759287405709e+00,1,1.000000,1,sumfact,on,on,0,0,0,0,1,,,0.000,,,,,,,
residual_rc_bnd_dt_n96,nid006538,hex8,residual,packed,packed,sumfact,affine,0.000000e+00,72,2048,96,912673,884736,3650692,0,0.0000,n/a,20,2.859330177e-03,1276.7648,9901.4630,309.4207,233.3032,0,0,0,6.759222128181e+00,1,1.000000,1,sumfact,on,on,0,0,0,0,1,,,0.000,,,,,,,
residual_rc_bnd_n96,nid006538,hex8,residual,atomic,atomic,sumfact,affine,0.000000e+00,72,0,96,912673,884736,3650692,0,0.0000,n/a,20,6.465649605e-03,564.6288,4378.7637,136.8364,103.1746,0,0,0,3.727500000000e+00,1,1.000000,1,sumfact,on,on,0,0,0,0,0,,,0.000,,,,,,,
residual_rc_bnd_n96,nid006538,hex8,residual,packed,packed,sumfact,affine,0.000000e+00,72,2048,96,912673,884736,3650692,0,0.0000,n/a,20,2.691864967e-03,1356.1943,10517.4488,328.6703,247.8174,0,0,0,3.727500000000e+00,1,1.000000,1,sumfact,on,on,0,0,0,0,0,,,0.000,,,,,,,
residual_rc_n96,nid006538,hex8,residual,atomic,atomic,sumfact,affine,0.000000e+00,72,0,96,912673,884736,3650692,0,0.0000,n/a,20,6.299173832e-03,579.5509,4494.4865,140.4527,105.9013,0,0,0,9.933444041280e-14,1,1.000000,0,sumfact,on,off,0,0,0,0,0,,,0.000,,,,,,,
residual_rc_n96,nid006538,hex8,residual,packed,packed,sumfact,affine,0.000000e+00,72,2048,96,912673,884736,3650692,0,0.0000,n/a,20,2.447164059e-03,1491.8052,11569.1271,361.5352,272.5976,0,0,0,8.513567455182e-14,1,1.000000,0,sumfact,on,off,0,0,0,0,0,,,0.000,,,,,,,
residual_current_n96,nid006538,hex8,residual,packed,packed,current,affine,0.000000e+00,72,2048,96,912673,884736,3650692,0,0.0000,n/a,20,1.619303226e-03,2254.4832,17483.7866,546.3683,411.9617,0,0,0,8.832415051077e-14,0,0.000000,0,current,off,off,0,0,0,0,0,,,0.000,,,,,,,
residual_current_n96,nid006538,hex8,residual,atomic,atomic,current,affine,0.000000e+00,72,0,96,912673,884736,3650692,0,0.0000,n/a,20,5.000364780e-03,730.0851,5661.8973,176.9343,133.4085,0,0,0,1.028125609821e-13,0,0.000000,0,current,off,off,0,0,0,0,0,,,0.000,,,,,,,
jac_bare_n96,nid006538,hex8,jac_action,atomic,atomic,sumfact,affine,0.000000e+00,72,0,96,912673,884736,3650692,0,0.0000,n/a,20,4.421055317e-03,825.7513,6403.7995,200.1187,170.1009,0,0,0,-1.962634441359e-12,0,0.000000,0,n/a,off,off,0,0,0,0,0,,,0.000,,,,,,,
jac_bare_n96,nid006538,hex8,jac_action,packed,packed,sumfact,affine,0.000000e+00,72,2048,96,912673,884736,3650692,0,0.0000,n/a,20,1.726603508e-03,2114.3777,16397.2515,512.4141,435.5520,0,0,0,-1.951219960887e-12,0,0.000000,0,n/a,off,off,0,0,0,0,0,,,0.000,,,,,,,
residual_bare_n96,nid006538,hex8,residual,atomic,atomic,sumfact,affine,0.000000e+00,72,0,96,912673,884736,3650692,0,0.0000,n/a,20,4.319155216e-03,845.2329,6554.8818,204.8401,154.4494,0,0,0,9.779471069754e-14,0,0.000000,0,sumfact,off,off,0,0,0,0,0,,,0.000,,,,,,,
residual_bare_n96,nid006538,hex8,residual,packed,packed,sumfact,affine,0.000000e+00,72,2048,96,912673,884736,3650692,0,0.0000,n/a,20,1.238834858e-03,2946.8754,22853.3705,714.1678,538.4825,0,0,0,8.463618261095e-14,0,0.000000,0,sumfact,off,off,0,0,0,0,0,,,0.000,,,,,,,
spmv_f32_n128,nid006538,hex8,bsr_apply,packed,n/a,sumfact,affine,0.000000e+00,72,2048,128,2146689,2097152,8586756,57066625,3483.0704,f32,20,1.030164957e-02,833.5321,0.0000,0.0000,0.0000,0,0,0,4.661783736126e-05,0,0.000000,0,n/a,off,off,0,0,0,0,0,,,0.000,,,,,,,
spmv_f64_n128,nid006538,hex8,bsr_apply,packed,n/a,sumfact,affine,0.000000e+00,72,2048,128,2146689,2097152,8586756,57066625,6966.1407,f64,20,1.915614605e-02,448.2507,0.0000,0.0000,0.0000,0,0,0,-3.359821589780e-12,0,0.000000,0,n/a,off,off,0,0,0,0,0,,,0.000,,,,,,,
assemble_diag_n128,nid006538,hex8,assemble_diag,atomic,atomic,sumfact,affine,0.000000e+00,72,0,128,2146689,2097152,8586756,0,0.0000,n/a,20,7.790199518e-02,110.2251,861.4524,26.9204,20.2980,0,0,0,1.651826180067e+03,0,0.000000,0,n/a,off,off,0,0,0,0,0,,,0.000,,,,,,,
assemble_sympy_n128,nid006538,hex8,assemble,colored,colored,sympy,affine,0.000000e+00,72,2048,128,2146689,2097152,8586756,57066625,6966.1407,f64,20,9.990551472e-02,85.9488,671.7233,20.9914,48.3641,14,72,74,-3.076222087847e-08,0,0.000000,0,sympy,off,off,0,0,0,0,0,,,0.000,,,,,,,
assemble_sympy_n128,nid006538,hex8,assemble,atomic,atomic,sympy,affine,0.000000e+00,72,0,128,2146689,2097152,8586756,57066625,6966.1407,f64,20,1.552517056e-01,55.3086,432.2585,13.5081,31.1226,0,0,0,-3.076550013728e-08,0,0.000000,0,sympy,off,off,0,0,0,0,0,,,0.000,,,,,,,
assemble_n128,nid006538,hex8,assemble,store,store,sumfact,affine,0.000000e+00,72,2048,128,2146689,2097152,8586756,57066625,6966.1407,f64,20,1.166959167e-01,73.5823,575.0747,17.9711,41.4054,0,0,0,-3.076222088107e-08,0,0.000000,0,sumfact,off,off,0,0,0,0,0,,,0.000,,,,,,,
assemble_n128,nid006538,hex8,assemble,colored,colored,sumfact,affine,0.000000e+00,72,2048,128,2146689,2097152,8586756,57066625,6966.1407,f64,20,9.306855202e-02,92.2627,721.0692,22.5334,51.9170,14,72,74,-3.076222088107e-08,0,0.000000,0,sumfact,off,off,0,0,0,0,0,,,0.000,,,,,,,
assemble_n128,nid006538,hex8,assemble,atomic,atomic,sumfact,affine,0.000000e+00,72,0,128,2146689,2097152,8586756,57066625,6966.1407,f64,20,2.209107041e-01,38.8698,303.7828,9.4932,21.8724,0,0,0,-3.076550014682e-08,0,0.000000,0,sumfact,off,off,0,0,0,0,0,,,0.000,,,,,,,
assemble_n128,nid006538,hex8,assemble,packed,packed,sumfact,affine,0.000000e+00,72,2048,128,2146689,2097152,8586756,57066625,6966.1407,f64,20,1.526565313e-01,56.2489,439.6069,13.7377,31.6517,0,0,0,-3.076222088107e-08,0,0.000000,0,sumfact,off,off,0,0,0,0,0,,,0.000,,,,,,,
jac_rc_bnd_n128,nid006538,hex8,jac_action,atomic,atomic,sumfact,affine,0.000000e+00,72,0,128,2146689,2097152,8586756,0,0.0000,n/a,20,2.031421661e-02,422.6969,3303.5418,103.2357,87.7503,0,0,0,5.044940681195e+00,1,1.000000,1,n/a,exact,on,1,0,0,0,0,1.465062400e-03,0.072120,0.000,,,,,,,
jac_rc_bnd_n128,nid006538,hex8,jac_action,packed,packed,sumfact,affine,0.000000e+00,72,2048,128,2146689,2097152,8586756,0,0.0000,n/a,20,1.053577662e-02,815.0093,6369.6172,199.0505,169.1930,0,0,0,5.044940681195e+00,1,1.000000,1,n/a,exact,on,1,0,0,0,0,1.631910400e-03,0.154892,0.000,,,,,,,
jac_rc_n128,nid006538,hex8,jac_action,atomic,atomic,sumfact,affine,0.000000e+00,72,0,128,2146689,2097152,8586756,0,0.0000,n/a,20,1.984790564e-02,432.6278,3381.1559,105.6611,89.8120,0,0,0,9.269852680599e-14,1,1.000000,0,n/a,exact,off,1,0,0,0,0,1.416972800e-03,0.071392,0.000,,,,,,,
jac_rc_n128,nid006538,hex8,jac_action,packed,packed,sumfact,affine,0.000000e+00,72,2048,128,2146689,2097152,8586756,0,0.0000,n/a,20,9.934198856e-03,864.3632,6755.3373,211.1043,179.4386,0,0,0,7.525805065939e-14,1,1.000000,0,n/a,exact,off,1,0,0,0,0,1.642816000e-03,0.165370,0.000,,,,,,,
residual_rc_perapply_n128,nid006538,hex8,residual,atomic,atomic,sumfact,affine,0.000000e+00,72,0,128,2146689,2097152,8586756,0,0.0000,n/a,20,1.984297037e-02,432.7354,3381.9969,105.6874,79.6883,0,0,0,1.381366267032e-13,1,1.000000,0,sumfact,on,off,0,1,0,0,0,,,0.000,,,,,,,
residual_rc_perapply_n128,nid006538,hex8,residual,packed,packed,sumfact,affine,0.000000e+00,72,2048,128,2146689,2097152,8586756,0,0.0000,n/a,20,7.318711281e-03,1173.2607,9169.4919,286.5466,216.0562,0,0,0,1.371512495588e-13,1,1.000000,0,sumfact,on,off,0,1,0,0,0,,,0.000,,,,,,,
residual_rc_bnd_dt_n128,nid006538,hex8,residual,atomic,atomic,sumfact,affine,0.000000e+00,72,0,128,2146689,2097152,8586756,0,0.0000,n/a,20,1.527867317e-02,562.0093,4392.3228,137.2601,103.4941,0,0,0,6.759329548060e+00,1,1.000000,1,sumfact,on,on,0,0,0,0,1,,,0.000,,,,,,,
residual_rc_bnd_dt_n128,nid006538,hex8,residual,packed,packed,sumfact,affine,0.000000e+00,72,2048,128,2146689,2097152,8586756,0,0.0000,n/a,20,7.375288010e-03,1164.2604,9099.1516,284.3485,214.3988,0,0,0,6.759281944370e+00,1,1.000000,1,sumfact,on,on,0,0,0,0,1,,,0.000,,,,,,,
residual_rc_bnd_n128,nid006538,hex8,residual,atomic,atomic,sumfact,affine,0.000000e+00,72,0,128,2146689,2097152,8586756,0,0.0000,n/a,20,1.496467590e-02,573.8017,4484.4850,140.1402,105.6657,0,0,0,3.727500000000e+00,1,1.000000,1,sumfact,on,on,0,0,0,0,0,,,0.000,,,,,,,
residual_rc_bnd_n128,nid006538,hex8,residual,packed,packed,sumfact,affine,0.000000e+00,72,2048,128,2146689,2097152,8586756,0,0.0000,n/a,20,6.778228283e-03,1266.8142,9900.6497,309.3953,233.2841,0,0,0,3.727500000000e+00,1,1.000000,1,sumfact,on,on,0,0,0,0,0,,,0.000,,,,,,,
residual_rc_n128,nid006538,hex8,residual,atomic,atomic,sumfact,affine,0.000000e+00,72,0,128,2146689,2097152,8586756,0,0.0000,n/a,20,1.452362537e-02,591.2268,4620.6689,144.3959,108.8745,0,0,0,1.381366267032e-13,1,1.000000,0,sumfact,on,off,0,0,0,0,0,,,0.000,,,,,,,
residual_rc_n128,nid006538,hex8,residual,packed,packed,sumfact,affine,0.000000e+00,72,2048,128,2146689,2097152,8586756,0,0.0000,n/a,20,6.234228611e-03,1377.3566,10764.5818,336.3932,253.6405,0,0,0,1.371512495588e-13,1,1.000000,0,sumfact,on,off,0,0,0,0,0,,,0.000,,,,,,,
residual_current_n128,nid006538,hex8,residual,packed,packed,current,affine,0.000000e+00,72,2048,128,2146689,2097152,8586756,0,0.0000,n/a,20,4.103326797e-03,2092.6327,16354.7451,511.0858,385.3587,0,0,0,1.371534179631e-13,0,0.000000,0,current,off,off,0,0,0,0,0,,,0.000,,,,,,,
residual_current_n128,nid006538,hex8,residual,atomic,atomic,current,affine,0.000000e+00,72,0,128,2146689,2097152,8586756,0,0.0000,n/a,20,9.886026382e-03,868.5751,6788.2546,212.1330,159.9482,0,0,0,1.381248631097e-13,0,0.000000,0,current,off,off,0,0,0,0,0,,,0.000,,,,,,,
jac_bare_n128,nid006538,hex8,jac_action,atomic,atomic,sumfact,affine,0.000000e+00,72,0,128,2146689,2097152,8586756,0,0.0000,n/a,20,1.049227715e-02,818.3882,6396.0247,199.8758,169.8944,0,0,0,-3.356466742998e-12,0,0.000000,0,n/a,off,off,0,0,0,0,0,,,0.000,,,,,,,
jac_bare_n128,nid006538,hex8,jac_action,packed,packed,sumfact,affine,0.000000e+00,72,2048,128,2146689,2097152,8586756,0,0.0000,n/a,20,4.504442215e-03,1906.2862,14898.3738,465.5742,395.7381,0,0,0,-3.356411692633e-12,0,0.000000,0,n/a,off,off,0,0,0,0,0,,,0.000,,,,,,,
residual_bare_n128,nid006538,hex8,residual,atomic,atomic,sumfact,affine,0.000000e+00,72,0,128,2146689,2097152,8586756,0,0.0000,n/a,20,1.011697054e-02,848.7478,6633.2964,207.2905,156.2970,0,0,0,1.381383614267e-13,0,0.000000,0,sumfact,off,off,0,0,0,0,0,,,0.000,,,,,,,
residual_bare_n128,nid006538,hex8,residual,packed,packed,sumfact,affine,0.000000e+00,72,2048,128,2146689,2097152,8586756,0,0.0000,n/a,20,3.290045261e-03,2609.9203,20397.5504,637.4234,480.6173,0,0,0,1.371529842822e-13,0,0.000000,0,sumfact,off,off,0,0,0,0,0,,,0.000,,,,,,,
spmv_f32_n160,nid006538,hex8,bsr_apply,packed,n/a,sumfact,affine,0.000000e+00,72,2048,160,4173281,4096000,16693124,111284641,6792.2755,f32,20,1.855751276e-02,899.5346,0.0000,0.0000,0.0000,0,0,0,4.118532892879e-05,0,0.000000,0,n/a,off,off,0,0,0,0,0,,,0.000,,,,,,,
spmv_f64_n160,nid006538,hex8,bsr_apply,packed,n/a,sumfact,affine,0.000000e+00,72,2048,160,4173281,4096000,16693124,111284641,13584.5509,f64,20,3.750650883e-02,445.0727,0.0000,0.0000,0.0000,0,0,0,7.157881465282e-13,0,0.000000,0,n/a,off,off,0,0,0,0,0,,,0.000,,,,,,,
assemble_diag_n160,nid006538,hex8,assemble_diag,atomic,atomic,sumfact,affine,0.000000e+00,72,0,160,4173281,4096000,16693124,0,0.0000,n/a,20,1.476472497e-01,113.0609,887.7375,27.7418,20.9173,0,0,0,2.371982944015e+03,0,0.000000,0,n/a,off,off,0,0,0,0,0,,,0.000,,,,,,,
assemble_sympy_n160,nid006538,hex8,assemble,colored,colored,sympy,affine,0.000000e+00,72,2048,160,4173281,4096000,16693124,111284641,13584.5509,f64,20,1.656984210e-01,100.7440,791.0275,24.7196,56.9540,20,99,101,1.168506756832e-08,0,0.000000,0,sympy,off,off,0,0,0,0,0,,,0.000,,,,,,,
assemble_sympy_n160,nid006538,hex8,assemble,atomic,atomic,sympy,affine,0.000000e+00,72,0,160,4173281,4096000,16693124,111284641,13584.5509,f64,20,3.010898352e-01,55.4423,435.3252,13.6039,31.3434,0,0,0,1.167343591505e-08,0,0.000000,0,sympy,off,off,0,0,0,0,0,,,0.000,,,,,,,
assemble_n160,nid006538,hex8,assemble,store,store,sumfact,affine,0.000000e+00,72,2048,160,4173281,4096000,16693124,111284641,13584.5509,f64,20,2.466521859e-01,67.6788,531.4042,16.6064,38.2611,0,0,0,1.165429404451e-08,0,0.000000,0,sumfact,off,off,0,0,0,0,0,,,0.000,,,,,,,
assemble_n160,nid006538,hex8,assemble,colored,colored,sumfact,affine,0.000000e+00,72,2048,160,4173281,4096000,16693124,111284641,13584.5509,f64,20,1.556371212e-01,107.2567,842.1641,26.3176,60.6358,20,99,101,1.165426806529e-08,0,0.000000,0,sumfact,off,off,0,0,0,0,0,,,0.000,,,,,,,
assemble_n160,nid006538,hex8,assemble,atomic,atomic,sumfact,affine,0.000000e+00,72,0,160,4173281,4096000,16693124,111284641,13584.5509,f64,20,4.314934373e-01,38.6869,303.7636,9.4926,21.8710,0,0,0,1.164916721901e-08,0,0.000000,0,sumfact,off,off,0,0,0,0,0,,,0.000,,,,,,,
assemble_n160,nid006538,hex8,assemble,packed,packed,sumfact,affine,0.000000e+00,72,2048,160,4173281,4096000,16693124,111284641,13584.5509,f64,20,2.994723916e-01,55.7418,437.6764,13.6774,31.5127,0,0,0,1.165429404451e-08,0,0.000000,0,sumfact,off,off,0,0,0,0,0,,,0.000,,,,,,,
jac_rc_bnd_n160,nid006538,hex8,jac_action,atomic,atomic,sumfact,affine,0.000000e+00,72,0,160,4173281,4096000,16693124,0,0.0000,n/a,20,4.036993980e-02,413.5038,3246.7722,101.4616,86.2424,0,0,0,5.046148336219e+00,1,1.000000,1,n/a,exact,on,1,0,0,0,0,3.118246400e-03,0.077242,0.000,,,,,,,
jac_rc_bnd_n160,nid006538,hex8,jac_action,packed,packed,sumfact,affine,0.000000e+00,72,2048,160,4173281,4096000,16693124,0,0.0000,n/a,20,2.032498121e-02,821.3107,6448.8128,201.5254,171.2966,0,0,0,5.046148336219e+00,1,1.000000,1,n/a,exact,on,1,0,0,0,0,3.352998400e-03,0.164969,0.000,,,,,,,
jac_rc_n160,nid006538,hex8,jac_action,atomic,atomic,sumfact,affine,0.000000e+00,72,0,160,4173281,4096000,16693124,0,0.0000,n/a,20,3.929280043e-02,424.8393,3335.7765,104.2430,88.6066,0,0,0,-5.509523908062e-13,1,1.000000,0,n/a,exact,off,1,0,0,0,0,3.107404800e-03,0.079083,0.000,,,,,,,
jac_rc_n160,nid006538,hex8,jac_action,packed,packed,sumfact,affine,0.000000e+00,72,2048,160,4173281,4096000,16693124,0,0.0000,n/a,20,1.934477091e-02,862.9269,6775.5778,211.7368,179.9763,0,0,0,-5.547403831327e-13,1,1.000000,0,n/a,exact,off,1,0,0,0,0,3.366105600e-03,0.174006,0.000,,,,,,,
residual_rc_perapply_n160,nid006538,hex8,residual,atomic,atomic,sumfact,affine,0.000000e+00,72,0,160,4173281,4096000,16693124,0,0.0000,n/a,20,4.061564207e-02,411.0023,3227.1311,100.8478,76.0393,0,0,0,-7.449527377346e-14,1,1.000000,0,sumfact,on,off,0,1,0,0,0,,,0.000,,,,,,,
residual_rc_perapply_n160,nid006538,hex8,residual,packed,packed,sumfact,affine,0.000000e+00,72,2048,160,4173281,4096000,16693124,0,0.0000,n/a,20,1.438724995e-02,1160.2721,9110.2887,284.6965,214.6612,0,0,0,-7.066434026468e-14,1,1.000000,0,sumfact,on,off,0,1,0,0,0,,,0.000,,,,,,,
residual_rc_bnd_dt_n160,nid006538,hex8,residual,atomic,atomic,sumfact,affine,0.000000e+00,72,0,160,4173281,4096000,16693124,0,0.0000,n/a,20,3.142608404e-02,531.1869,4170.8028,130.3376,98.2745,0,0,0,6.759324573300e+00,1,1.000000,1,sumfact,on,on,0,0,0,0,1,,,0.000,,,,,,,
residual_rc_bnd_dt_n160,nid006538,hex8,residual,packed,packed,sumfact,affine,0.000000e+00,72,2048,160,4173281,4096000,16693124,0,0.0000,n/a,20,1.424777508e-02,1171.6302,9199.4714,287.4835,216.7625,0,0,0,6.759317416976e+00,1,1.000000,1,sumfact,on,on,0,0,0,0,1,,,0.000,,,,,,,
residual_rc_bnd_n160,nid006538,hex8,residual,atomic,atomic,sumfact,affine,0.000000e+00,72,0,160,4173281,4096000,16693124,0,0.0000,n/a,20,3.007346392e-02,555.0782,4358.3938,136.1998,102.6947,0,0,0,3.727500000000e+00,1,1.000000,1,sumfact,on,on,0,0,0,0,0,,,0.000,,,,,,,
residual_rc_bnd_n160,nid006538,hex8,residual,packed,packed,sumfact,affine,0.000000e+00,72,2048,160,4173281,4096000,16693124,0,0.0000,n/a,20,1.361238956e-02,1226.3184,9628.8752,300.9023,226.8804,0,0,0,3.727500000000e+00,1,1.000000,1,sumfact,on,on,0,0,0,0,0,,,0.000,,,,,,,
residual_rc_n160,nid006538,hex8,residual,atomic,atomic,sumfact,affine,0.000000e+00,72,0,160,4173281,4096000,16693124,0,0.0000,n/a,20,2.953354120e-02,565.2260,4438.0726,138.6898,104.5721,0,0,0,-7.449527377346e-14,1,1.000000,0,sumfact,on,off,0,0,0,0,0,,,0.000,,,,,,,
residual_rc_n160,nid006538,hex8,residual,packed,packed,sumfact,affine,0.000000e+00,72,2048,160,4173281,4096000,16693124,0,0.0000,n/a,20,1.209816933e-02,1379.8058,10834.0358,338.5636,255.2770,0,0,0,-7.066434026468e-14,1,1.000000,0,sumfact,on,off,0,0,0,0,0,,,0.000,,,,,,,
residual_current_n160,nid006538,hex8,residual,packed,packed,current,affine,0.000000e+00,72,2048,160,4173281,4096000,16693124,0,0.0000,n/a,20,7.785689831e-03,2144.0777,16834.9887,526.0934,396.6744,0,0,0,-6.568480297436e-14,0,0.000000,0,current,off,off,0,0,0,0,0,,,0.000,,,,,,,
residual_current_n160,nid006538,hex8,residual,atomic,atomic,current,affine,0.000000e+00,72,0,160,4173281,4096000,16693124,0,0.0000,n/a,20,1.992927790e-02,837.6181,6576.8565,205.5268,154.9672,0,0,0,-7.131918482433e-14,0,0.000000,0,current,off,off,0,0,0,0,0,,,0.000,,,,,,,
jac_bare_n160,nid006538,hex8,jac_action,atomic,atomic,sumfact,affine,0.000000e+00,72,0,160,4173281,4096000,16693124,0,0.0000,n/a,20,2.016825676e-02,827.6930,6498.9256,203.0914,172.6277,0,0,0,7.566951351536e-13,0,0.000000,0,n/a,off,off,0,0,0,0,0,,,0.000,,,,,,,
jac_bare_n160,nid006538,hex8,jac_action,packed,packed,sumfact,affine,0.000000e+00,72,2048,160,4173281,4096000,16693124,0,0.0000,n/a,20,8.895170689e-03,1876.6502,14735.1866,460.4746,391.4034,0,0,0,7.483083570110e-13,0,0.000000,0,n/a,off,off,0,0,0,0,0,,,0.000,,,,,,,
residual_bare_n160,nid006538,hex8,residual,atomic,atomic,sumfact,affine,0.000000e+00,72,0,160,4173281,4096000,16693124,0,0.0000,n/a,20,2.153913975e-02,775.0135,6085.2941,190.1654,143.3847,0,0,0,-7.557772766995e-14,0,0.000000,0,sumfact,off,off,0,0,0,0,0,,,0.000,,,,,,,
residual_bare_n160,nid006538,hex8,residual,packed,packed,sumfact,affine,0.000000e+00,72,2048,160,4173281,4096000,16693124,0,0.0000,n/a,20,6.593680382e-03,2531.6853,19878.4279,621.2009,468.3855,0,0,0,-6.926008161087e-14,0,0.000000,0,sumfact,off,off,0,0,0,0,0,,,0.000,,,,,,,
assemble_diag_n192,nid006538,hex8,assemble_diag,atomic,atomic,sumfact,affine,0.000000e+00,72,0,192,7189057,7077888,28756228,0,0.0000,n/a,20,2.534477830e-01,113.4602,893.6453,27.9264,21.0565,0,0,0,3.215019675301e+03,0,0.000000,0,n/a,off,off,0,0,0,0,0,,,0.000,,,,,,,
assemble_sympy_n192,nid006538,hex8,assemble,colored,colored,sympy,affine,0.000000e+00,72,2048,192,7189057,7077888,28756228,192100033,23449.7111,f64,20,2.679122210e-01,107.3345,845.3979,26.4187,60.8686,20,172,173,2.579494394832e-09,0,0.000000,0,sympy,off,off,0,0,0,0,0,,,0.000,,,,,,,
assemble_sympy_n192,nid006538,hex8,assemble,atomic,atomic,sympy,affine,0.000000e+00,72,0,192,7189057,7077888,28756228,192100033,23449.7111,f64,20,5.196386337e-01,55.3389,435.8652,13.6208,31.3823,0,0,0,2.579395400885e-09,0,0.000000,0,sympy,off,off,0,0,0,0,0,,,0.000,,,,,,,
assemble_n192,nid006538,hex8,assemble,store,store,sumfact,affine,0.000000e+00,72,2048,192,7189057,7077888,28756228,192100033,23449.7111,f64,20,3.961524129e-01,72.5888,571.7305,17.8666,41.1646,0,0,0,2.591725771935e-09,0,0.000000,0,sumfact,off,off,0,0,0,0,0,,,0.000,,,,,,,
assemble_n192,nid006538,hex8,assemble,colored,colored,sumfact,affine,0.000000e+00,72,2048,192,7189057,7077888,28756228,192100033,23449.7111,f64,20,2.540392041e-01,113.1960,891.5648,27.8614,64.1927,20,172,173,2.591710339835e-09,0,0.000000,0,sumfact,off,off,0,0,0,0,0,,,0.000,,,,,,,
assemble_n192,nid006538,hex8,assemble,atomic,atomic,sumfact,affine,0.000000e+00,72,0,192,7189057,7077888,28756228,192100033,23449.7111,f64,20,7.440460086e-01,38.6485,304.4065,9.5127,21.9173,0,0,0,2.591521534265e-09,0,0.000000,0,sumfact,off,off,0,0,0,0,0,,,0.000,,,,,,,
assemble_n192,nid006538,hex8,assemble,packed,packed,sumfact,affine,0.000000e+00,72,2048,192,7189057,7077888,28756228,192100033,23449.7111,f64,20,5.136265874e-01,55.9866,440.9671,13.7802,31.7496,0,0,0,2.591725771935e-09,0,0.000000,0,sumfact,off,off,0,0,0,0,0,,,0.000,,,,,,,
jac_rc_bnd_n192,nid006538,hex8,jac_action,atomic,atomic,sumfact,affine,0.000000e+00,72,0,192,7189057,7077888,28756228,0,0.0000,n/a,20,6.975535154e-02,412.2440,3246.9540,101.4673,86.2472,0,0,0,5.046108211775e+00,1,1.000000,1,n/a,exact,on,1,0,0,0,0,5.479705600e-03,0.078556,0.000,,,,,,,
jac_rc_bnd_n192,nid006538,hex8,jac_action,packed,packed,sumfact,affine,0.000000e+00,72,2048,192,7189057,7077888,28756228,0,0.0000,n/a,20,3.248597383e-02,885.1890,6972.0064,217.8752,185.1939,0,0,0,5.046108211775e+00,1,1.000000,1,n/a,exact,on,1,0,0,0,0,5.623308800e-03,0.173100,0.000,,,,,,,
jac_rc_n192,nid006538,hex8,jac_action,atomic,atomic,sumfact,affine,0.000000e+00,72,0,192,7189057,7077888,28756228,0,0.0000,n/a,20,6.786506176e-02,423.7265,3337.3935,104.2935,88.6495,0,0,0,1.553785871261e-12,1,1.000000,0,n/a,exact,off,1,0,0,0,0,5.280230400e-03,0.077805,0.000,,,,,,,
jac_rc_n192,nid006538,hex8,jac_action,packed,packed,sumfact,affine,0.000000e+00,72,2048,192,7189057,7077888,28756228,0,0.0000,n/a,20,3.095930815e-02,928.8395,7315.8100,228.6191,194.3262,0,0,0,1.535864016126e-12,1,1.000000,0,n/a,exact,off,1,0,0,0,0,5.545216000e-03,0.179113,0.000,,,,,,,
residual_rc_perapply_n192,nid006538,hex8,residual,atomic,atomic,sumfact,affine,0.000000e+00,72,0,192,7189057,7077888,28756228,0,0.0000,n/a,20,6.766983271e-02,424.9490,3347.0220,104.5944,78.8642,0,0,0,-1.622822969755e-14,1,1.000000,0,sumfact,on,off,0,1,0,0,0,,,0.000,,,,,,,
residual_rc_perapply_n192,nid006538,hex8,residual,packed,packed,sumfact,affine,0.000000e+00,72,2048,192,7189057,7077888,28756228,0,0.0000,n/a,20,2.437469959e-02,1179.7572,9292.1111,290.3785,218.9454,0,0,0,-1.538764775322e-14,1,1.000000,0,sumfact,on,off,0,1,0,0,0,,,0.000,,,,,,,
residual_rc_bnd_dt_n192,nid006538,hex8,residual,atomic,atomic,sumfact,affine,0.000000e+00,72,0,192,7189057,7077888,28756228,0,0.0000,n/a,20,5.283112526e-02,544.3047,4287.1019,133.9719,101.0148,0,0,0,6.759309506134e+00,1,1.000000,1,sumfact,on,on,0,0,0,0,1,,,0.000,,,,,,,
residual_rc_bnd_dt_n192,nid006538,hex8,residual,packed,packed,sumfact,affine,0.000000e+00,72,2048,192,7189057,7077888,28756228,0,0.0000,n/a,20,2.378355265e-02,1209.0804,9523.0691,297.5959,224.3873,0,0,0,6.759362918358e+00,1,1.000000,1,sumfact,on,on,0,0,0,0,1,,,0.000,,,,,,,
residual_rc_bnd_n192,nid006538,hex8,residual,atomic,atomic,sumfact,affine,0.000000e+00,72,0,192,7189057,7077888,28756228,0,0.0000,n/a,20,5.168035030e-02,556.4248,4382.5635,136.9551,103.2642,0,0,0,3.727500000000e+00,1,1.000000,1,sumfact,on,on,0,0,0,0,0,,,0.000,,,,,,,
residual_rc_bnd_n192,nid006538,hex8,residual,packed,packed,sumfact,affine,0.000000e+00,72,2048,192,7189057,7077888,28756228,0,0.0000,n/a,20,2.196961641e-02,1308.9090,10309.3478,322.1671,242.9140,0,0,0,3.727500000000e+00,1,1.000000,1,sumfact,on,on,0,0,0,0,0,,,0.000,,,,,,,
residual_rc_n192,nid006538,hex8,residual,atomic,atomic,sumfact,affine,0.000000e+00,72,0,192,7189057,7077888,28756228,0,0.0000,n/a,20,4.947265387e-02,581.2550,4578.1335,143.0667,107.8723,0,0,0,-1.622822969755e-14,1,1.000000,0,sumfact,on,off,0,0,0,0,0,,,0.000,,,,,,,
residual_rc_n192,nid006538,hex8,residual,packed,packed,sumfact,affine,0.000000e+00,72,2048,192,7189057,7077888,28756228,0,0.0000,n/a,20,2.062499523e-02,1394.2417,10981.4530,343.1704,258.7505,0,0,0,-1.538764775322e-14,1,1.000000,0,sumfact,on,off,0,0,0,0,0,,,0.000,,,,,,,
residual_current_n192,nid006538,hex8,residual,packed,packed,current,affine,0.000000e+00,72,2048,192,7189057,7077888,28756228,0,0.0000,n/a,20,1.348773241e-02,2132.0284,16792.4755,524.7649,395.6727,0,0,0,-1.793000698001e-14,0,0.000000,0,current,off,off,0,0,0,0,0,,,0.000,,,,,,,
residual_current_n192,nid006538,hex8,residual,atomic,atomic,current,affine,0.000000e+00,72,0,192,7189057,7077888,28756228,0,0.0000,n/a,20,3.386929035e-02,849.0354,6687.2501,208.9766,157.5683,0,0,0,-1.950513589619e-14,0,0.000000,0,current,off,off,0,0,0,0,0,,,0.000,,,,,,,
jac_bare_n192,nid006538,hex8,jac_action,atomic,atomic,sumfact,affine,0.000000e+00,72,0,192,7189057,7077888,28756228,0,0.0000,n/a,20,3.475968838e-02,827.2867,6515.9507,203.6235,173.0799,0,0,0,2.370846842958e-11,0,0.000000,0,n/a,off,off,0,0,0,0,0,,,0.000,,,,,,,
jac_bare_n192,nid006538,hex8,jac_action,packed,packed,sumfact,affine,0.000000e+00,72,2048,192,7189057,7077888,28756228,0,0.0000,n/a,20,1.500277519e-02,1916.7272,15096.7013,471.7719,401.0061,0,0,0,2.364980412027e-11,0,0.000000,0,n/a,off,off,0,0,0,0,0,,,0.000,,,,,,,
residual_bare_n192,nid006538,hex8,residual,atomic,atomic,sumfact,affine,0.000000e+00,72,0,192,7189057,7077888,28756228,0,0.0000,n/a,20,3.445956707e-02,834.4919,6572.7006,205.3969,154.8693,0,0,0,-1.625251582621e-14,0,0.000000,0,sumfact,off,off,0,0,0,0,0,,,0.000,,,,,,,
residual_bare_n192,nid006538,hex8,residual,packed,packed,sumfact,affine,0.000000e+00,72,2048,192,7189057,7077888,28756228,0,0.0000,n/a,20,1.109231710e-02,2592.4455,20418.8551,638.0892,481.1193,0,0,0,-1.637644013452e-14,0,0.000000,0,sumfact,off,off,0,0,0,0,0,,,0.000,,,,,,,
residual_bare_n64,nid006538,hex8,residual,packed,packed,sumfact,affine,0.000000e+00,72,2048,64,274625,262144,1098500,0,0.0000,n/a,20,4.076719284e-04,2694.5687,20576.8595,643.0269,484.8423,0,0,0,-1.134075472420e-14,0,0.000000,0,sumfact,off,off,0,0,0,0,0,,,0.000,,,,,,,
residual_bare_n64,nid006538,hex8,residual,atomic,atomic,sumfact,affine,0.000000e+00,72,0,64,274625,262144,1098500,0,0.0000,n/a,20,1.313209534e-03,836.5002,6387.8671,199.6208,150.5141,0,0,0,-1.236760260176e-14,0,0.000000,0,sumfact,off,off,0,0,0,0,0,,,0.000,,,,,,,
jac_bare_n64,nid006538,hex8,jac_action,packed,packed,sumfact,affine,0.000000e+00,72,2048,64,274625,262144,1098500,0,0.0000,n/a,20,5.480051041e-04,2004.5434,15307.5363,478.3605,406.6064,0,0,0,-9.063975156369e-13,0,0.000000,0,n/a,off,off,0,0,0,0,0,,,0.000,,,,,,,
jac_bare_n64,nid006538,hex8,jac_action,atomic,atomic,sumfact,affine,0.000000e+00,72,0,64,274625,262144,1098500,0,0.0000,n/a,20,1.476848125e-03,743.8138,5680.0749,177.5023,150.8770,0,0,0,-9.066751256032e-13,0,0.000000,0,n/a,off,off,0,0,0,0,0,,,0.000,,,,,,,
residual_current_n64,nid006538,hex8,residual,atomic,atomic,current,affine,0.000000e+00,72,0,64,274625,262144,1098500,0,0.0000,n/a,20,1.270473003e-03,864.6386,6602.7440,206.3357,155.5772,0,0,0,-1.240218865106e-14,0,0.000000,0,current,off,off,0,0,0,0,0,,,0.000,,,,,,,
residual_current_n64,nid006538,hex8,residual,packed,packed,current,affine,0.000000e+00,72,2048,64,274625,262144,1098500,0,0.0000,n/a,20,5.347847939e-04,2054.0973,15685.9509,490.1860,369.6002,0,0,0,-1.151401023136e-14,0,0.000000,0,current,off,off,0,0,0,0,0,,,0.000,,,,,,,
residual_rc_n64,nid006538,hex8,residual,packed,packed,sumfact,affine,0.000000e+00,72,2048,64,274625,262144,1098500,0,0.0000,n/a,20,7.838129997e-04,1401.4822,10702.3078,334.4471,252.1731,0,0,0,-1.139626587543e-14,1,1.000000,0,sumfact,on,off,0,0,0,0,0,,,0.000,,,,,,,
residual_rc_n64,nid006538,hex8,residual,atomic,atomic,sumfact,affine,0.000000e+00,72,0,64,274625,262144,1098500,0,0.0000,n/a,20,1.822793484e-03,602.6464,4602.0617,143.8144,108.4361,0,0,0,-1.283597794027e-14,1,1.000000,0,sumfact,on,off,0,0,0,0,0,,,0.000,,,,,,,
residual_rc_bnd_n64,nid006538,hex8,residual,packed,packed,sumfact,affine,0.000000e+00,72,2048,64,274625,262144,1098500,0,0.0000,n/a,20,8.206248283e-04,1338.6141,10222.2206,319.4444,240.8611,0,0,0,3.727500000000e+00,1,1.000000,1,sumfact,on,on,0,0,0,0,0,,,0.000,,,,,,,
residual_rc_bnd_n64,nid006538,hex8,residual,atomic,atomic,sumfact,affine,0.000000e+00,72,0,64,274625,262144,1098500,0,0.0000,n/a,20,1.895725727e-03,579.4615,4425.0114,138.2816,104.2643,0,0,0,3.727500000000e+00,1,1.000000,1,sumfact,on,on,0,0,0,0,0,,,0.000,,,,,,,
residual_rc_bnd_dt_n64,nid006538,hex8,residual,packed,packed,sumfact,affine,0.000000e+00,72,2048,64,274625,262144,1098500,0,0.0000,n/a,20,8.563995361e-04,1282.6957,9795.2038,306.1001,230.7995,0,0,0,6.759321052459e+00,1,1.000000,1,sumfact,on,on,0,0,0,0,1,,,0.000,,,,,,,
residual_rc_bnd_dt_n64,nid006538,hex8,residual,atomic,atomic,sumfact,affine,0.000000e+00,72,0,64,274625,262144,1098500,0,0.0000,n/a,20,1.928174496e-03,569.7098,4350.5440,135.9545,102.5097,0,0,0,6.759448953731e+00,1,1.000000,1,sumfact,on,on,0,0,0,0,1,,,0.000,,,,,,,
residual_rc_perapply_n64,nid006538,hex8,residual,packed,packed,sumfact,affine,0.000000e+00,72,2048,64,274625,262144,1098500,0,0.0000,n/a,20,8.870840073e-04,1238.3269,9456.3851,295.5120,222.8161,0,0,0,-1.139626587543e-14,1,1.000000,0,sumfact,on,off,0,1,0,0,0,,,0.000,,,,,,,
residual_rc_perapply_n64,nid006538,hex8,residual,atomic,atomic,sumfact,affine,0.000000e+00,72,0,64,274625,262144,1098500,0,0.0000,n/a,20,2.681291103e-03,409.6907,3128.5704,97.7678,73.7169,0,0,0,-1.283597794027e-14,1,1.000000,0,sumfact,on,off,0,1,0,0,0,,,0.000,,,,,,,
jac_rc_n64,nid006538,hex8,jac_action,packed,packed,sumfact,affine,0.000000e+00,72,2048,64,274625,262144,1098500,0,0.0000,n/a,20,1.037609577e-03,1058.6834,8084.5514,252.6422,214.7459,0,0,0,-4.672237531762e-13,1,1.000000,0,n/a,exact,off,1,0,0,0,0,1.327616000e-04,0.127949,0.000,,,,,,,
jac_rc_n64,nid006538,hex8,jac_action,atomic,atomic,sumfact,affine,0.000000e+00,72,0,64,274625,262144,1098500,0,0.0000,n/a,20,2.481067181e-03,442.7530,3381.0483,105.6578,89.8091,0,0,0,-4.704104944117e-13,1,1.000000,0,n/a,exact,off,1,0,0,0,0,1.343104000e-04,0.054134,0.000,,,,,,,
jac_rc_bnd_n64,nid006538,hex8,jac_action,packed,packed,sumfact,affine,0.000000e+00,72,2048,64,274625,262144,1098500,0,0.0000,n/a,20,1.127910614e-03,973.9247,7437.2986,232.4156,197.5532,0,0,0,5.044059835243e+00,1,1.000000,1,n/a,exact,on,1,0,0,0,0,1.311616000e-04,0.116287,0.000,,,,,,,
jac_rc_bnd_n64,nid006538,hex8,jac_action,atomic,atomic,sumfact,affine,0.000000e+00,72,0,64,274625,262144,1098500,0,0.0000,n/a,20,2.541387081e-03,432.2443,3300.7990,103.1500,87.6775,0,0,0,5.044059835243e+00,1,1.000000,1,n/a,exact,on,1,0,0,0,0,1.315840000e-04,0.051776,0.000,,,,,,,
assemble_n64,nid006538,hex8,assemble,packed,packed,sumfact,affine,0.000000e+00,72,2048,64,274625,262144,1098500,7189057,877.5704,f64,20,1.999411583e-02,54.9412,419.5538,13.1111,30.2079,0,0,0,2.702430495366e-10,0,0.000000,0,sumfact,off,off,0,0,0,0,0,,,0.000,,,,,,,
assemble_n64,nid006538,hex8,assemble,atomic,atomic,sumfact,affine,0.000000e+00,72,0,64,274625,262144,1098500,7189057,877.5704,f64,20,2.789446115e-02,39.3806,300.7267,9.3977,21.6523,0,0,0,2.702932316173e-10,0,0.000000,0,sumfact,off,off,0,0,0,0,0,,,0.000,,,,,,,
assemble_n64,nid006538,hex8,assemble,colored,colored,sumfact,affine,0.000000e+00,72,2048,64,274625,262144,1098500,7189057,877.5704,f64,20,2.325116396e-02,47.2449,360.7823,11.2744,25.9763,11,11,12,2.702430495366e-10,0,0.000000,0,sumfact,off,off,0,0,0,0,0,,,0.000,,,,,,,
assemble_n64,nid006538,hex8,assemble,store,store,sumfact,affine,0.000000e+00,72,2048,64,274625,262144,1098500,7189057,877.5704,f64,20,1.476769447e-02,74.3853,568.0378,17.7512,40.8987,0,0,0,2.702430495366e-10,0,0.000000,0,sumfact,off,off,0,0,0,0,0,,,0.000,,,,,,,
assemble_sympy_n64,nid006538,hex8,assemble,atomic,atomic,sympy,affine,0.000000e+00,72,0,64,274625,262144,1098500,7189057,877.5704,f64,20,1.957327127e-02,56.1225,428.5747,13.3930,30.8574,0,0,0,2.702932318341e-10,0,0.000000,0,sympy,off,off,0,0,0,0,0,,,0.000,,,,,,,
assemble_sympy_n64,nid006538,hex8,assemble,colored,colored,sympy,affine,0.000000e+00,72,2048,64,274625,262144,1098500,7189057,877.5704,f64,20,2.818052769e-02,38.9808,297.6739,9.3023,21.4325,11,11,12,2.702430497534e-10,0,0.000000,0,sympy,off,off,0,0,0,0,0,,,0.000,,,,,,,
assemble_diag_n64,nid006538,hex8,assemble_diag,atomic,atomic,sumfact,affine,0.000000e+00,72,0,64,274625,262144,1098500,0,0.0000,n/a,20,1.030591726e-02,106.5893,813.9603,25.4363,19.1789,0,0,0,5.801523603040e+02,0,0.000000,0,n/a,off,off,0,0,0,0,0,,,0.000,,,,,,,
spmv_f64_n64,nid006538,hex8,bsr_apply,packed,n/a,sumfact,affine,0.000000e+00,72,2048,64,274625,262144,1098500,7189057,877.5704,f64,20,2.266073227e-03,484.7593,0.0000,0.0000,0.0000,0,0,0,-9.061069494547e-13,0,0.000000,0,n/a,off,off,0,0,0,0,0,,,0.000,,,,,,,
spmv_f32_n64,nid006538,hex8,bsr_apply,packed,n/a,sumfact,affine,0.000000e+00,72,2048,64,274625,262144,1098500,7189057,438.7852,f32,20,1.021277905e-03,1075.6132,0.0000,0.0000,0.0000,0,0,0,1.266297573960e-05,0,0.000000,0,n/a,off,off,0,0,0,0,0,,,0.000,,,,,,,
residual_bare_n96,nid006538,hex8,residual,packed,packed,sumfact,affine,0.000000e+00,72,2048,96,912673,884736,3650692,0,0.0000,n/a,20,1.244604588e-03,2933.2143,22747.4270,710.8571,535.9862,0,0,0,8.463618261095e-14,0,0.000000,0,sumfact,off,off,0,0,0,0,0,,,0.000,,,,,,,
residual_bare_n96,nid006538,hex8,residual,atomic,atomic,sumfact,affine,0.000000e+00,72,0,96,912673,884736,3650692,0,0.0000,n/a,20,4.218411446e-03,865.4187,6711.4250,209.7320,158.1380,0,0,0,9.779471069754e-14,0,0.000000,0,sumfact,off,off,0,0,0,0,0,,,0.000,,,,,,,
jac_bare_n96,nid006538,hex8,jac_action,packed,packed,sumfact,affine,0.000000e+00,72,2048,96,912673,884736,3650692,0,0.0000,n/a,20,1.725506783e-03,2115.7216,16407.6736,512.7398,435.8288,0,0,0,-1.951219960887e-12,0,0.000000,0,n/a,off,off,0,0,0,0,0,,,0.000,,,,,,,
jac_bare_n96,nid006538,hex8,jac_action,atomic,atomic,sumfact,affine,0.000000e+00,72,0,96,912673,884736,3650692,0,0.0000,n/a,20,4.452633858e-03,819.8949,6358.3831,198.6995,168.8946,0,0,0,-1.962634441359e-12,0,0.000000,0,n/a,off,off,0,0,0,0,0,,,0.000,,,,,,,
residual_current_n96,nid006538,hex8,residual,atomic,atomic,current,affine,0.000000e+00,72,0,96,912673,884736,3650692,0,0.0000,n/a,20,4.097175598e-03,891.0265,6910.0167,215.9380,162.8173,0,0,0,1.028125609821e-13,0,0.000000,0,current,off,off,0,0,0,0,0,,,0.000,,,,,,,
residual_current_n96,nid006538,hex8,residual,packed,packed,current,affine,0.000000e+00,72,2048,96,912673,884736,3650692,0,0.0000,n/a,20,1.631200314e-03,2238.0403,17356.2693,542.3834,408.9571,0,0,0,8.832415051077e-14,0,0.000000,0,current,off,off,0,0,0,0,0,,,0.000,,,,,,,
residual_rc_n96,nid006538,hex8,residual,packed,packed,sumfact,affine,0.000000e+00,72,2048,96,912673,884736,3650692,0,0.0000,n/a,20,2.435696125e-03,1498.8290,11623.5978,363.2374,273.8810,0,0,0,8.513567455182e-14,1,1.000000,0,sumfact,on,off,0,0,0,0,0,,,0.000,,,,,,,
residual_rc_n96,nid006538,hex8,residual,atomic,atomic,sumfact,affine,0.000000e+00,72,0,96,912673,884736,3650692,0,0.0000,n/a,20,6.267201900e-03,582.5075,4517.4150,141.1692,106.4416,0,0,0,9.933444041280e-14,1,1.000000,0,sumfact,on,off,0,0,0,0,0,,,0.000,,,,,,,
residual_rc_bnd_n96,nid006538,hex8,residual,packed,packed,sumfact,affine,0.000000e+00,72,2048,96,912673,884736,3650692,0,0.0000,n/a,20,2.712261677e-03,1345.9955,10438.3557,326.1986,245.9538,0,0,0,3.727500000000e+00,1,1.000000,1,sumfact,on,on,0,0,0,0,0,,,0.000,,,,,,,
residual_rc_bnd_n96,nid006538,hex8,residual,atomic,atomic,sumfact,affine,0.000000e+00,72,0,96,912673,884736,3650692,0,0.0000,n/a,20,6.476354599e-03,563.6955,4371.5259,136.6102,103.0041,0,0,0,3.727500000000e+00,1,1.000000,1,sumfact,on,on,0,0,0,0,0,,,0.000,,,,,,,
residual_rc_bnd_dt_n96,nid006538,hex8,residual,packed,packed,sumfact,affine,0.000000e+00,72,2048,96,912673,884736,3650692,0,0.0000,n/a,20,2.868688107e-03,1272.5998,9869.1635,308.4114,232.5422,0,0,0,6.759222128181e+00,1,1.000000,1,sumfact,on,on,0,0,0,0,1,,,0.000,,,,,,,
residual_rc_bnd_dt_n96,nid006538,hex8,residual,atomic,atomic,sumfact,affine,0.000000e+00,72,0,96,912673,884736,3650692,0,0.0000,n/a,20,6.465387344e-03,564.6517,4378.9414,136.8419,103.1788,0,0,0,6.759287405709e+00,1,1.000000,1,sumfact,on,on,0,0,0,0,1,,,0.000,,,,,,,
residual_rc_perapply_n96,nid006538,hex8,residual,packed,packed,sumfact,affine,0.000000e+00,72,2048,96,912673,884736,3650692,0,0.0000,n/a,20,2.847158909e-03,1282.2228,9943.7906,310.7435,234.3006,0,0,0,8.513567455182e-14,1,1.000000,0,sumfact,on,off,0,1,0,0,0,,,0.000,,,,,,,
residual_rc_perapply_n96,nid006538,hex8,residual,atomic,atomic,sumfact,affine,0.000000e+00,72,0,96,912673,884736,3650692,0,0.0000,n/a,20,9.601509571e-03,380.2206,2948.6563,92.1455,69.4777,0,0,0,9.933444041280e-14,1,1.000000,0,sumfact,on,off,0,1,0,0,0,,,0.000,,,,,,,
jac_rc_n96,nid006538,hex8,jac_action,packed,packed,sumfact,affine,0.000000e+00,72,2048,96,912673,884736,3650692,0,0.0000,n/a,20,4.125154018e-03,884.9832,6863.1503,214.4734,182.3024,0,0,0,-2.052185190445e-13,1,1.000000,0,n/a,exact,off,1,0,0,0,0,6.619520000e-04,0.160467,0.000,,,,,,,
jac_rc_n96,nid006538,hex8,jac_action,atomic,atomic,sumfact,affine,0.000000e+00,72,0,96,912673,884736,3650692,0,0.0000,n/a,20,8.450317383e-03,432.0183,3350.3537,104.6986,88.9938,0,0,0,-2.097467978381e-13,1,1.000000,0,n/a,exact,off,1,0,0,0,0,5.481984000e-04,0.064873,0.000,,,,,,,
jac_rc_bnd_n96,nid006538,hex8,jac_action,packed,packed,sumfact,affine,0.000000e+00,72,2048,96,912673,884736,3650692,0,0.0000,n/a,20,4.311299324e-03,846.7730,6566.8259,205.2133,174.4313,0,0,0,5.046234218079e+00,1,1.000000,1,n/a,exact,on,1,0,0,0,0,6.327424000e-04,0.146764,0.000,,,,,,,
jac_rc_bnd_n96,nid006538,hex8,jac_action,atomic,atomic,sumfact,affine,0.000000e+00,72,0,96,912673,884736,3650692,0,0.0000,n/a,20,8.720588684e-03,418.6291,3246.5184,101.4537,86.2356,0,0,0,5.046234218079e+00,1,1.000000,1,n/a,exact,on,1,0,0,0,0,5.479936000e-04,0.062839,0.000,,,,,,,
assemble_n96,nid006538,hex8,assemble,packed,packed,sumfact,affine,0.000000e+00,72,2048,96,912673,884736,3650692,24137569,2946.4806,f64,20,6.764935255e-02,53.9649,418.5044,13.0783,30.1323,0,0,0,7.424116575276e-11,0,0.000000,0,sumfact,off,off,0,0,0,0,0,,,0.000,,,,,,,
assemble_n96,nid006538,hex8,assemble,atomic,atomic,sumfact,affine,0.000000e+00,72,0,96,912673,884736,3650692,24137569,2946.4806,f64,20,9.343850613e-02,39.0705,302.9966,9.4686,21.8158,0,0,0,7.342422201788e-11,0,0.000000,0,sumfact,off,off,0,0,0,0,0,,,0.000,,,,,,,
assemble_n96,nid006538,hex8,assemble,colored,colored,sumfact,affine,0.000000e+00,72,2048,96,912673,884736,3650692,24137569,2946.4806,f64,20,4.482486248e-02,81.4435,631.6038,19.7376,45.4755,17,25,26,7.428368729460e-11,0,0.000000,0,sumfact,off,off,0,0,0,0,0,,,0.000,,,,,,,
assemble_n96,nid006538,hex8,assemble,store,store,sumfact,affine,0.000000e+00,72,2048,96,912673,884736,3650692,24137569,2946.4806,f64,20,7.145400047e-02,51.0915,396.2207,12.3819,28.5279,0,0,0,7.424116575276e-11,0,0.000000,0,sumfact,off,off,0,0,0,0,0,,,0.000,,,,,,,
assemble_sympy_n96,nid006538,hex8,assemble,atomic,atomic,sympy,affine,0.000000e+00,72,0,96,912673,884736,3650692,24137569,2946.4806,f64,20,6.530678272e-02,55.9007,433.5163,13.5474,31.2132,0,0,0,6.578006241380e-11,0,0.000000,0,sympy,off,off,0,0,0,0,0,,,0.000,,,,,,,
assemble_sympy_n96,nid006538,hex8,assemble,colored,colored,sympy,affine,0.000000e+00,72,2048,96,912673,884736,3650692,24137569,2946.4806,f64,20,5.135393143e-02,71.0889,551.3025,17.2282,39.6938,17,25,26,6.667015596822e-11,0,0.000000,0,sympy,off,off,0,0,0,0,0,,,0.000,,,,,,,
assemble_diag_n96,nid006538,hex8,assemble_diag,atomic,atomic,sumfact,affine,0.000000e+00,72,0,96,912673,884736,3650692,0,0.0000,n/a,20,3.253703117e-02,112.2011,870.1332,27.1917,20.5025,0,0,0,1.054549351220e+03,0,0.000000,0,n/a,off,off,0,0,0,0,0,,,0.000,,,,,,,
spmv_f64_n96,nid006538,hex8,bsr_apply,packed,n/a,sumfact,affine,0.000000e+00,72,2048,96,912673,884736,3650692,24137569,2946.4806,f64,20,8.083295822e-03,451.6341,0.0000,0.0000,0.0000,0,0,0,-2.144415680726e-12,0,0.000000,0,n/a,off,off,0,0,0,0,0,,,0.000,,,,,,,
spmv_f32_n96,nid006538,hex8,bsr_apply,packed,n/a,sumfact,affine,0.000000e+00,72,2048,96,912673,884736,3650692,24137569,1473.2403,f32,20,4.372525215e-03,834.9162,0.0000,0.0000,0.0000,0,0,0,-1.160063154236e-06,0,0.000000,0,n/a,off,off,0,0,0,0,0,,,0.000,,,,,,,
residual_bare_n128,nid006538,hex8,residual,packed,packed,sumfact,affine,0.000000e+00,72,2048,128,2146689,2097152,8586756,0,0.0000,n/a,20,3.272569180e-03,2623.8577,20506.4768,640.8274,483.1839,0,0,0,1.371529842822e-13,0,0.000000,0,sumfact,off,off,0,0,0,0,0,,,0.000,,,,,,,
residual_bare_n128,nid006538,hex8,residual,atomic,atomic,sumfact,affine,0.000000e+00,72,0,128,2146689,2097152,8586756,0,0.0000,n/a,20,1.007134914e-02,852.5924,6663.3440,208.2295,157.0050,0,0,0,1.381383614267e-13,0,0.000000,0,sumfact,off,off,0,0,0,0,0,,,0.000,,,,,,,
jac_bare_n128,nid006538,hex8,jac_action,packed,packed,sumfact,affine,0.000000e+00,72,2048,128,2146689,2097152,8586756,0,0.0000,n/a,20,4.517149925e-03,1900.9234,14856.4615,464.2644,394.6248,0,0,0,-3.356411692633e-12,0,0.000000,0,n/a,off,off,0,0,0,0,0,,,0.000,,,,,,,
jac_bare_n128,nid006538,hex8,jac_action,atomic,atomic,sumfact,affine,0.000000e+00,72,0,128,2146689,2097152,8586756,0,0.0000,n/a,20,1.043401957e-02,822.9576,6431.7365,200.9918,170.8430,0,0,0,-3.356466742998e-12,0,0.000000,0,n/a,off,off,0,0,0,0,0,,,0.000,,,,,,,
residual_current_n128,nid006538,hex8,residual,atomic,atomic,current,affine,0.000000e+00,72,0,128,2146689,2097152,8586756,0,0.0000,n/a,20,9.733664989e-03,882.1709,6894.5114,215.4535,162.4519,0,0,0,1.381248631097e-13,0,0.000000,0,current,off,off,0,0,0,0,0,,,0.000,,,,,,,
residual_current_n128,nid006538,hex8,residual,packed,packed,current,affine,0.000000e+00,72,2048,128,2146689,2097152,8586756,0,0.0000,n/a,20,4.035484791e-03,2127.8128,16629.6907,519.6778,391.8371,0,0,0,1.371534179631e-13,0,0.000000,0,current,off,off,0,0,0,0,0,,,0.000,,,,,,,
residual_rc_n128,nid006538,hex8,residual,packed,packed,sumfact,affine,0.000000e+00,72,2048,128,2146689,2097152,8586756,0,0.0000,n/a,20,6.200611591e-03,1384.8240,10822.9427,338.2170,255.0156,0,0,0,1.371512495588e-13,1,1.000000,0,sumfact,on,off,0,0,0,0,0,,,0.000,,,,,,,
residual_rc_n128,nid006538,hex8,residual,atomic,atomic,sumfact,affine,0.000000e+00,72,0,128,2146689,2097152,8586756,0,0.0000,n/a,20,1.442432404e-02,595.2969,4652.4790,145.3900,109.6240,0,0,0,1.381366267032e-13,1,1.000000,0,sumfact,on,off,0,0,0,0,0,,,0.000,,,,,,,
residual_rc_bnd_n128,nid006538,hex8,residual,packed,packed,sumfact,affine,0.000000e+00,72,2048,128,2146689,2097152,8586756,0,0.0000,n/a,20,6.752991676e-03,1271.5484,9937.6494,310.5515,234.1559,0,0,0,3.727500000000e+00,1,1.000000,1,sumfact,on,on,0,0,0,0,0,,,0.000,,,,,,,
residual_rc_bnd_n128,nid006538,hex8,residual,atomic,atomic,sumfact,affine,0.000000e+00,72,0,128,2146689,2097152,8586756,0,0.0000,n/a,20,1.483712196e-02,578.7346,4523.0378,141.3449,106.5741,0,0,0,3.727500000000e+00,1,1.000000,1,sumfact,on,on,0,0,0,0,0,,,0.000,,,,,,,
residual_rc_bnd_dt_n128,nid006538,hex8,residual,packed,packed,sumfact,affine,0.000000e+00,72,2048,128,2146689,2097152,8586756,0,0.0000,n/a,20,7.283437252e-03,1178.9428,9213.9002,287.9344,217.1025,0,0,0,6.759281944370e+00,1,1.000000,1,sumfact,on,on,0,0,0,0,1,,,0.000,,,,,,,
residual_rc_bnd_dt_n128,nid006538,hex8,residual,atomic,atomic,sumfact,affine,0.000000e+00,72,0,128,2146689,2097152,8586756,0,0.0000,n/a,20,1.540367603e-02,557.4485,4356.6785,136.1462,102.6542,0,0,0,6.759329548060e+00,1,1.000000,1,sumfact,on,on,0,0,0,0,1,,,0.000,,,,,,,
residual_rc_perapply_n128,nid006538,hex8,residual,packed,packed,sumfact,affine,0.000000e+00,72,2048,128,2146689,2097152,8586756,0,0.0000,n/a,20,7.260942459e-03,1182.5952,9242.4454,288.8264,217.7751,0,0,0,1.371512495588e-13,1,1.000000,0,sumfact,on,off,0,1,0,0,0,,,0.000,,,,,,,
residual_rc_perapply_n128,nid006538,hex8,residual,atomic,atomic,sumfact,affine,0.000000e+00,72,0,128,2146689,2097152,8586756,0,0.0000,n/a,20,1.991374493e-02,431.1974,3369.9771,105.3118,79.4051,0,0,0,1.381366267032e-13,1,1.000000,0,sumfact,on,off,0,1,0,0,0,,,0.000,,,,,,,
jac_rc_n128,nid006538,hex8,jac_action,packed,packed,sumfact,affine,0.000000e+00,72,2048,128,2146689,2097152,8586756,0,0.0000,n/a,20,9.841144085e-03,872.5364,6819.2136,213.1004,181.1354,0,0,0,7.525805065939e-14,1,1.000000,0,n/a,exact,off,1,0,0,0,0,1.586534400e-03,0.161214,0.000,,,,,,,
jac_rc_n128,nid006538,hex8,jac_action,atomic,atomic,sumfact,affine,0.000000e+00,72,0,128,2146689,2097152,8586756,0,0.0000,n/a,20,1.979632378e-02,433.7551,3389.9660,105.9364,90.0460,0,0,0,9.269852680599e-14,1,1.000000,0,n/a,exact,off,1,0,0,0,0,1.418137600e-03,0.071636,0.000,,,,,,,
jac_rc_bnd_n128,nid006538,hex8,jac_action,packed,packed,sumfact,affine,0.000000e+00,72,2048,128,2146689,2097152,8586756,0,0.0000,n/a,20,1.054166555e-02,814.5540,6366.0589,198.9393,169.0984,0,0,0,5.044940681195e+00,1,1.000000,1,n/a,exact,on,1,0,0,0,0,1.623526400e-03,0.154010,0.000,,,,,,,
jac_rc_bnd_n128,nid006538,hex8,jac_action,atomic,atomic,sumfact,affine,0.000000e+00,72,0,128,2146689,2097152,8586756,0,0.0000,n/a,20,2.025634050e-02,423.9046,3312.9806,103.5306,88.0010,0,0,0,5.044940681195e+00,1,1.000000,1,n/a,exact,on,1,0,0,0,0,1.442572800e-03,0.071216,0.000,,,,,,,
assemble_n128,nid006538,hex8,assemble,packed,packed,sumfact,affine,0.000000e+00,72,2048,128,2146689,2097152,8586756,57066625,6966.1407,f64,20,1.509804487e-01,56.8733,444.4871,13.8902,32.0031,0,0,0,-3.076222088107e-08,0,0.000000,0,sumfact,off,off,0,0,0,0,0,,,0.000,,,,,,,
assemble_n128,nid006538,hex8,assemble,atomic,atomic,sumfact,affine,0.000000e+00,72,0,128,2146689,2097152,8586756,57066625,6966.1407,f64,20,2.231271148e-01,38.4837,300.7652,9.3989,21.6551,0,0,0,-3.076550014682e-08,0,0.000000,0,sumfact,off,off,0,0,0,0,0,,,0.000,,,,,,,
assemble_n128,nid006538,hex8,assemble,colored,colored,sumfact,affine,0.000000e+00,72,2048,128,2146689,2097152,8586756,57066625,6966.1407,f64,20,9.091727734e-02,94.4458,738.1310,23.0666,53.1454,14,72,74,-3.076222088107e-08,0,0.000000,0,sumfact,off,off,0,0,0,0,0,,,0.000,,,,,,,
assemble_n128,nid006538,hex8,assemble,store,store,sumfact,affine,0.000000e+00,72,2048,128,2146689,2097152,8586756,57066625,6966.1407,f64,20,1.145362735e-01,74.9698,585.9180,18.3099,42.1861,0,0,0,-3.076222088107e-08,0,0.000000,0,sumfact,off,off,0,0,0,0,0,,,0.000,,,,,,,
assemble_sympy_n128,nid006538,hex8,assemble,atomic,atomic,sympy,affine,0.000000e+00,72,0,128,2146689,2097152,8586756,57066625,6966.1407,f64,20,1.553600311e-01,55.2700,431.9571,13.4987,31.1009,0,0,0,-3.076550013728e-08,0,0.000000,0,sympy,off,off,0,0,0,0,0,,,0.000,,,,,,,
assemble_sympy_n128,nid006538,hex8,assemble,colored,colored,sympy,affine,0.000000e+00,72,2048,128,2146689,2097152,8586756,57066625,6966.1407,f64,20,9.832812548e-02,87.3276,682.4992,21.3281,49.1399,14,72,74,-3.076222087847e-08,0,0.000000,0,sympy,off,off,0,0,0,0,0,,,0.000,,,,,,,
assemble_diag_n128,nid006538,hex8,assemble_diag,atomic,atomic,sumfact,affine,0.000000e+00,72,0,128,2146689,2097152,8586756,0,0.0000,n/a,20,7.578097582e-02,113.3102,885.5635,27.6739,20.8661,0,0,0,1.651826180067e+03,0,0.000000,0,n/a,off,off,0,0,0,0,0,,,0.000,,,,,,,
spmv_f64_n128,nid006538,hex8,bsr_apply,packed,n/a,sumfact,affine,0.000000e+00,72,2048,128,2146689,2097152,8586756,57066625,6966.1407,f64,20,1.901824474e-02,451.5010,0.0000,0.0000,0.0000,0,0,0,-3.359821589780e-12,0,0.000000,0,n/a,off,off,0,0,0,0,0,,,0.000,,,,,,,
spmv_f32_n128,nid006538,hex8,bsr_apply,packed,n/a,sumfact,affine,0.000000e+00,72,2048,128,2146689,2097152,8586756,57066625,3483.0704,f32,20,1.069067717e-02,803.2004,0.0000,0.0000,0.0000,0,0,0,4.661783736126e-05,0,0.000000,0,n/a,off,off,0,0,0,0,0,,,0.000,,,,,,,
residual_bare_n160,nid006538,hex8,residual,packed,packed,sumfact,affine,0.000000e+00,72,2048,160,4173281,4096000,16693124,0,0.0000,n/a,20,6.540358067e-03,2552.3257,20040.4930,626.2654,472.2041,0,0,0,-6.926008161087e-14,0,0.000000,0,sumfact,off,off,0,0,0,0,0,,,0.000,,,,,,,
residual_bare_n160,nid006538,hex8,residual,atomic,atomic,sumfact,affine,0.000000e+00,72,0,160,4173281,4096000,16693124,0,0.0000,n/a,20,2.071321011e-02,805.9168,6327.9424,197.7482,149.1021,0,0,0,-7.557772766995e-14,0,0.000000,0,sumfact,off,off,0,0,0,0,0,,,0.000,,,,,,,
jac_bare_n160,nid006538,hex8,jac_action,packed,packed,sumfact,affine,0.000000e+00,72,2048,160,4173281,4096000,16693124,0,0.0000,n/a,20,8.892822266e-03,1877.1458,14739.0779,460.5962,391.5068,0,0,0,7.483083570110e-13,0,0.000000,0,n/a,off,off,0,0,0,0,0,,,0.000,,,,,,,
jac_bare_n160,nid006538,hex8,jac_action,atomic,atomic,sumfact,affine,0.000000e+00,72,0,160,4173281,4096000,16693124,0,0.0000,n/a,20,2.021708488e-02,825.6939,6483.2294,202.6009,172.2108,0,0,0,7.566951351536e-13,0,0.000000,0,n/a,off,off,0,0,0,0,0,,,0.000,,,,,,,
residual_current_n160,nid006538,hex8,residual,atomic,atomic,current,affine,0.000000e+00,72,0,160,4173281,4096000,16693124,0,0.0000,n/a,20,1.994827986e-02,836.8202,6570.5916,205.3310,154.8196,0,0,0,-7.131918482433e-14,0,0.000000,0,current,off,off,0,0,0,0,0,,,0.000,,,,,,,
residual_current_n160,nid006538,hex8,residual,packed,packed,current,affine,0.000000e+00,72,2048,160,4173281,4096000,16693124,0,0.0000,n/a,20,7.803189754e-03,2139.2693,16797.2335,524.9135,395.7848,0,0,0,-6.568480297436e-14,0,0.000000,0,current,off,off,0,0,0,0,0,,,0.000,,,,,,,
residual_rc_n160,nid006538,hex8,residual,packed,packed,sumfact,affine,0.000000e+00,72,2048,160,4173281,4096000,16693124,0,0.0000,n/a,20,1.218465567e-02,1370.0120,10757.1362,336.1605,253.4650,0,0,0,-7.066434026468e-14,1,1.000000,0,sumfact,on,off,0,0,0,0,0,,,0.000,,,,,,,
residual_rc_n160,nid006538,hex8,residual,atomic,atomic,sumfact,affine,0.000000e+00,72,0,160,4173281,4096000,16693124,0,0.0000,n/a,20,2.945736647e-02,566.6876,4449.5492,139.0484,104.8425,0,0,0,-7.449527377346e-14,1,1.000000,0,sumfact,on,off,0,0,0,0,0,,,0.000,,,,,,,
residual_rc_bnd_n160,nid006538,hex8,residual,packed,packed,sumfact,affine,0.000000e+00,72,2048,160,4173281,4096000,16693124,0,0.0000,n/a,20,1.304385662e-02,1279.7691,10048.5618,314.0176,236.7692,0,0,0,3.727500000000e+00,1,1.000000,1,sumfact,on,on,0,0,0,0,0,,,0.000,,,,,,,
residual_rc_bnd_n160,nid006538,hex8,residual,atomic,atomic,sumfact,affine,0.000000e+00,72,0,160,4173281,4096000,16693124,0,0.0000,n/a,20,3.008224964e-02,554.9161,4357.1209,136.1600,102.6647,0,0,0,3.727500000000e+00,1,1.000000,1,sumfact,on,on,0,0,0,0,0,,,0.000,,,,,,,
residual_rc_bnd_dt_n160,nid006538,hex8,residual,packed,packed,sumfact,affine,0.000000e+00,72,2048,160,4173281,4096000,16693124,0,0.0000,n/a,20,1.419808865e-02,1175.7304,9231.6651,288.4895,217.5211,0,0,0,6.759317416976e+00,1,1.000000,1,sumfact,on,on,0,0,0,0,1,,,0.000,,,,,,,
residual_rc_bnd_dt_n160,nid006538,hex8,residual,atomic,atomic,sumfact,affine,0.000000e+00,72,0,160,4173281,4096000,16693124,0,0.0000,n/a,20,3.129601479e-02,533.3946,4188.1371,130.8793,98.6830,0,0,0,6.759324573300e+00,1,1.000000,1,sumfact,on,on,0,0,0,0,1,,,0.000,,,,,,,
residual_rc_perapply_n160,nid006538,hex8,residual,packed,packed,sumfact,affine,0.000000e+00,72,2048,160,4173281,4096000,16693124,0,0.0000,n/a,20,1.429982185e-02,1167.3659,9165.9883,286.4371,215.9736,0,0,0,-7.066434026468e-14,1,1.000000,0,sumfact,on,off,0,1,0,0,0,,,0.000,,,,,,,
residual_rc_perapply_n160,nid006538,hex8,residual,atomic,atomic,sumfact,affine,0.000000e+00,72,0,160,4173281,4096000,16693124,0,0.0000,n/a,20,3.990780115e-02,418.2923,3284.3704,102.6366,77.3880,0,0,0,-7.449527377346e-14,1,1.000000,0,sumfact,on,off,0,1,0,0,0,,,0.000,,,,,,,
jac_rc_n160,nid006538,hex8,jac_action,packed,packed,sumfact,affine,0.000000e+00,72,2048,160,4173281,4096000,16693124,0,0.0000,n/a,20,1.911863089e-02,873.1339,6855.7210,214.2413,182.1051,0,0,0,-5.547403831327e-13,1,1.000000,0,n/a,exact,off,1,0,0,0,0,3.339097600e-03,0.174652,0.000,,,,,,,
jac_rc_n160,nid006538,hex8,jac_action,atomic,atomic,sumfact,affine,0.000000e+00,72,0,160,4173281,4096000,16693124,0,0.0000,n/a,20,3.925482035e-02,425.2503,3339.0039,104.3439,88.6923,0,0,0,-5.509523908062e-13,1,1.000000,0,n/a,exact,off,1,0,0,0,0,3.006912000e-03,0.076600,0.000,,,,,,,
jac_rc_bnd_n160,nid006538,hex8,jac_action,packed,packed,sumfact,affine,0.000000e+00,72,2048,160,4173281,4096000,16693124,0,0.0000,n/a,20,2.018926144e-02,826.8318,6492.1642,202.8801,172.4481,0,0,0,5.046148336219e+00,1,1.000000,1,n/a,exact,on,1,0,0,0,0,3.354739200e-03,0.166165,0.000,,,,,,,
jac_rc_bnd_n160,nid006538,hex8,jac_action,atomic,atomic,sumfact,affine,0.000000e+00,72,0,160,4173281,4096000,16693124,0,0.0000,n/a,20,4.037545919e-02,413.4473,3246.3284,101.4478,86.2306,0,0,0,5.046148336219e+00,1,1.000000,1,n/a,exact,on,1,0,0,0,0,3.081113600e-03,0.076312,0.000,,,,,,,
assemble_n160,nid006538,hex8,assemble,packed,packed,sumfact,affine,0.000000e+00,72,2048,160,4173281,4096000,16693124,111284641,13584.5509,f64,20,3.065304279e-01,54.4583,427.5987,13.3625,30.7871,0,0,0,1.165429404451e-08,0,0.000000,0,sumfact,off,off,0,0,0,0,0,,,0.000,,,,,,,
assemble_n160,nid006538,hex8,assemble,atomic,atomic,sumfact,affine,0.000000e+00,72,0,160,4173281,4096000,16693124,111284641,13584.5509,f64,20,4.309069991e-01,38.7395,304.1770,9.5055,21.9007,0,0,0,1.164916721901e-08,0,0.000000,0,sumfact,off,off,0,0,0,0,0,,,0.000,,,,,,,
assemble_n160,nid006538,hex8,assemble,colored,colored,sumfact,affine,0.000000e+00,72,2048,160,4173281,4096000,16693124,111284641,13584.5509,f64,20,1.563835979e-01,106.7447,838.1442,26.1920,60.3464,20,99,101,1.165426806529e-08,0,0.000000,0,sumfact,off,off,0,0,0,0,0,,,0.000,,,,,,,
assemble_n160,nid006538,hex8,assemble,store,store,sumfact,affine,0.000000e+00,72,2048,160,4173281,4096000,16693124,111284641,13584.5509,f64,20,2.368087053e-01,70.4920,553.4932,17.2967,39.8515,0,0,0,1.165429404451e-08,0,0.000000,0,sumfact,off,off,0,0,0,0,0,,,0.000,,,,,,,
assemble_sympy_n160,nid006538,hex8,assemble,atomic,atomic,sympy,affine,0.000000e+00,72,0,160,4173281,4096000,16693124,111284641,13584.5509,f64,20,3.021812439e-01,55.2421,433.7529,13.5548,31.2302,0,0,0,1.167343591505e-08,0,0.000000,0,sympy,off,off,0,0,0,0,0,,,0.000,,,,,,,
assemble_sympy_n160,nid006538,hex8,assemble,colored,colored,sympy,affine,0.000000e+00,72,2048,160,4173281,4096000,16693124,111284641,13584.5509,f64,20,1.663762331e-01,100.3336,787.8048,24.6189,56.7219,20,99,101,1.168506756832e-08,0,0.000000,0,sympy,off,off,0,0,0,0,0,,,0.000,,,,,,,
assemble_diag_n160,nid006538,hex8,assemble_diag,atomic,atomic,sumfact,affine,0.000000e+00,72,0,160,4173281,4096000,16693124,0,0.0000,n/a,20,1.467785478e-01,113.7300,892.9915,27.9060,21.0411,0,0,0,2.371982944015e+03,0,0.000000,0,n/a,off,off,0,0,0,0,0,,,0.000,,,,,,,
spmv_f64_n160,nid006538,hex8,bsr_apply,packed,n/a,sumfact,affine,0.000000e+00,72,2048,160,4173281,4096000,16693124,111284641,13584.5509,f64,20,3.685351610e-02,452.9588,0.0000,0.0000,0.0000,0,0,0,7.157881465282e-13,0,0.000000,0,n/a,off,off,0,0,0,0,0,,,0.000,,,,,,,
spmv_f32_n160,nid006538,hex8,bsr_apply,packed,n/a,sumfact,affine,0.000000e+00,72,2048,160,4173281,4096000,16693124,111284641,6792.2755,f32,20,1.809421778e-02,922.5668,0.0000,0.0000,0.0000,0,0,0,4.118532892879e-05,0,0.000000,0,n/a,off,off,0,0,0,0,0,,,0.000,,,,,,,
residual_bare_n192,nid006538,hex8,residual,packed,packed,sumfact,affine,0.000000e+00,72,2048,192,7189057,7077888,28756228,0,0.0000,n/a,20,1.139471531e-02,2523.6460,19876.9701,621.1553,468.3511,0,0,0,-1.637644013452e-14,0,0.000000,0,sumfact,off,off,0,0,0,0,0,,,0.000,,,,,,,
residual_bare_n192,nid006538,hex8,residual,atomic,atomic,sumfact,affine,0.000000e+00,72,0,192,7189057,7077888,28756228,0,0.0000,n/a,20,3.382930756e-02,850.0389,6695.1538,209.2236,157.7546,0,0,0,-1.625251582621e-14,0,0.000000,0,sumfact,off,off,0,0,0,0,0,,,0.000,,,,,,,
jac_bare_n192,nid006538,hex8,jac_action,packed,packed,sumfact,affine,0.000000e+00,72,2048,192,7189057,7077888,28756228,0,0.0000,n/a,20,1.510802507e-02,1903.3744,14991.5303,468.4853,398.2125,0,0,0,2.364980412027e-11,0,0.000000,0,n/a,off,off,0,0,0,0,0,,,0.000,,,,,,,
jac_bare_n192,nid006538,hex8,jac_action,atomic,atomic,sumfact,affine,0.000000e+00,72,0,192,7189057,7077888,28756228,0,0.0000,n/a,20,3.615801334e-02,795.2934,6263.9618,195.7488,166.3865,0,0,0,2.370846842958e-11,0,0.000000,0,n/a,off,off,0,0,0,0,0,,,0.000,,,,,,,
residual_current_n192,nid006538,hex8,residual,atomic,atomic,current,affine,0.000000e+00,72,0,192,7189057,7077888,28756228,0,0.0000,n/a,20,3.323398829e-02,865.2656,6815.0838,212.9714,160.5804,0,0,0,-1.950513589619e-14,0,0.000000,0,current,off,off,0,0,0,0,0,,,0.000,,,,,,,
residual_current_n192,nid006538,hex8,residual,packed,packed,current,affine,0.000000e+00,72,2048,192,7189057,7077888,28756228,0,0.0000,n/a,20,1.347965002e-02,2133.3067,16802.5443,525.0795,395.9099,0,0,0,-1.793000698001e-14,0,0.000000,0,current,off,off,0,0,0,0,0,,,0.000,,,,,,,
residual_rc_n192,nid006538,hex8,residual,packed,packed,sumfact,affine,0.000000e+00,72,2048,192,7189057,7077888,28756228,0,0.0000,n/a,20,2.075630426e-02,1385.4214,10911.9819,340.9994,257.1136,0,0,0,-1.538764775322e-14,1,1.000000,0,sumfact,on,off,0,0,0,0,0,,,0.000,,,,,,,
residual_rc_n192,nid006538,hex8,residual,atomic,atomic,sumfact,affine,0.000000e+00,72,0,192,7189057,7077888,28756228,0,0.0000,n/a,20,4.931993484e-02,583.0549,4592.3097,143.5097,108.2063,0,0,0,-1.622822969755e-14,1,1.000000,0,sumfact,on,off,0,0,0,0,0,,,0.000,,,,,,,
residual_rc_bnd_n192,nid006538,hex8,residual,packed,packed,sumfact,affine,0.000000e+00,72,2048,192,7189057,7077888,28756228,0,0.0000,n/a,20,2.211371660e-02,1300.3797,10242.1687,320.0678,241.3311,0,0,0,3.727500000000e+00,1,1.000000,1,sumfact,on,on,0,0,0,0,0,,,0.000,,,,,,,
residual_rc_bnd_n192,nid006538,hex8,residual,atomic,atomic,sumfact,affine,0.000000e+00,72,0,192,7189057,7077888,28756228,0,0.0000,n/a,20,5.130687952e-02,560.4751,4414.4648,137.9520,104.0158,0,0,0,3.727500000000e+00,1,1.000000,1,sumfact,on,on,0,0,0,0,0,,,0.000,,,,,,,
residual_rc_bnd_dt_n192,nid006538,hex8,residual,packed,packed,sumfact,affine,0.000000e+00,72,2048,192,7189057,7077888,28756228,0,0.0000,n/a,20,2.376514673e-02,1210.0169,9530.4447,297.8264,224.5611,0,0,0,6.759362918358e+00,1,1.000000,1,sumfact,on,on,0,0,0,0,1,,,0.000,,,,,,,
residual_rc_bnd_dt_n192,nid006538,hex8,residual,atomic,atomic,sumfact,affine,0.000000e+00,72,0,192,7189057,7077888,28756228,0,0.0000,n/a,20,5.286059380e-02,544.0012,4284.7119,133.8972,100.9585,0,0,0,6.759309506134e+00,1,1.000000,1,sumfact,on,on,0,0,0,0,1,,,0.000,,,,,,,
residual_rc_perapply_n192,nid006538,hex8,residual,packed,packed,sumfact,affine,0.000000e+00,72,2048,192,7189057,7077888,28756228,0,0.0000,n/a,20,2.443494797e-02,1176.8483,9269.1998,289.6625,218.4055,0,0,0,-1.538764775322e-14,1,1.000000,0,sumfact,on,off,0,1,0,0,0,,,0.000,,,,,,,
residual_rc_perapply_n192,nid006538,hex8,residual,atomic,atomic,sumfact,affine,0.000000e+00,72,0,192,7189057,7077888,28756228,0,0.0000,n/a,20,6.719058752e-02,427.9800,3370.8950,105.3405,79.4267,0,0,0,-1.622822969755e-14,1,1.000000,0,sumfact,on,off,0,1,0,0,0,,,0.000,,,,,,,
jac_rc_n192,nid006538,hex8,jac_action,packed,packed,sumfact,affine,0.000000e+00,72,2048,192,7189057,7077888,28756228,0,0.0000,n/a,20,3.095864058e-02,928.8595,7315.9677,228.6240,194.3304,0,0,0,1.535864016126e-12,1,1.000000,0,n/a,exact,off,1,0,0,0,0,5.593715200e-03,0.180683,0.000,,,,,,,
jac_rc_n192,nid006538,hex8,jac_action,atomic,atomic,sumfact,affine,0.000000e+00,72,0,192,7189057,7077888,28756228,0,0.0000,n/a,20,6.767587662e-02,424.9111,3346.7230,104.5851,88.8973,0,0,0,1.553785871261e-12,1,1.000000,0,n/a,exact,off,1,0,0,0,0,5.272473600e-03,0.077908,0.000,,,,,,,
jac_rc_bnd_n192,nid006538,hex8,jac_action,packed,packed,sumfact,affine,0.000000e+00,72,2048,192,7189057,7077888,28756228,0,0.0000,n/a,20,3.292170763e-02,873.4732,6879.7287,214.9915,182.7428,0,0,0,5.046108211775e+00,1,1.000000,1,n/a,exact,on,1,0,0,0,0,5.832435200e-03,0.177161,0.000,,,,,,,
jac_rc_bnd_n192,nid006538,hex8,jac_action,atomic,atomic,sumfact,affine,0.000000e+00,72,0,192,7189057,7077888,28756228,0,0.0000,n/a,20,7.033339739e-02,408.8559,3220.2684,100.6334,85.5384,0,0,0,5.046108211775e+00,1,1.000000,1,n/a,exact,on,1,0,0,0,0,5.465510400e-03,0.077709,0.000,,,,,,,
assemble_n192,nid006538,hex8,assemble,packed,packed,sumfact,affine,0.000000e+00,72,2048,192,7189057,7077888,28756228,192100033,23449.7111,f64,20,5.340497255e-01,53.8456,424.1036,13.2532,30.5355,0,0,0,2.591725771935e-09,0,0.000000,0,sumfact,off,off,0,0,0,0,0,,,0.000,,,,,,,
assemble_n192,nid006538,hex8,assemble,atomic,atomic,sumfact,affine,0.000000e+00,72,0,192,7189057,7077888,28756228,192100033,23449.7111,f64,20,7.442173958e-01,38.6396,304.3364,9.5105,21.9122,0,0,0,2.591521534265e-09,0,0.000000,0,sumfact,off,off,0,0,0,0,0,,,0.000,,,,,,,
assemble_n192,nid006538,hex8,assemble,colored,colored,sumfact,affine,0.000000e+00,72,2048,192,7189057,7077888,28756228,192100033,23449.7111,f64,20,2.588236690e-01,111.1035,875.0839,27.3464,63.0060,20,172,173,2.591710339835e-09,0,0.000000,0,sumfact,off,off,0,0,0,0,0,,,0.000,,,,,,,
assemble_n192,nid006538,hex8,assemble,store,store,sumfact,affine,0.000000e+00,72,2048,192,7189057,7077888,28756228,192100033,23449.7111,f64,20,3.981993318e-01,72.2157,568.7916,17.7747,40.9530,0,0,0,2.591725771935e-09,0,0.000000,0,sumfact,off,off,0,0,0,0,0,,,0.000,,,,,,,
assemble_sympy_n192,nid006538,hex8,assemble,atomic,atomic,sympy,affine,0.000000e+00,72,0,192,7189057,7077888,28756228,192100033,23449.7111,f64,20,5.222265363e-01,55.0647,433.7053,13.5533,31.2268,0,0,0,2.579395400885e-09,0,0.000000,0,sympy,off,off,0,0,0,0,0,,,0.000,,,,,,,
assemble_sympy_n192,nid006538,hex8,assemble,colored,colored,sympy,affine,0.000000e+00,72,2048,192,7189057,7077888,28756228,192100033,23449.7111,f64,20,2.704463720e-01,106.3288,837.4763,26.1711,60.2983,20,172,173,2.579494394832e-09,0,0.000000,0,sympy,off,off,0,0,0,0,0,,,0.000,,,,,,,
assemble_diag_n192,nid006538,hex8,assemble_diag,atomic,atomic,sumfact,affine,0.000000e+00,72,0,192,7189057,7077888,28756228,0,0.0000,n/a,20,2.551020384e-01,112.7244,887.8503,27.7453,20.9200,0,0,0,3.215019675301e+03,0,0.000000,0,n/a,off,off,0,0,0,0,0,,,0.000,,,,,,,
spmv_f32_n64,nid006538,hex8,bsr_apply,packed,n/a,sumfact,affine,0.000000e+00,72,2048,64,274625,262144,1098500,7189057,438.7852,f32,20,1.324403286e-03,829.4301,0.0000,0.0000,0.0000,0,0,0,1.266297573960e-05,0,0.000000,0,n/a,off,off,0,0,0,0,0,,,0.000,,,,,,,
spmv_f64_n64,nid006538,hex8,bsr_apply,packed,n/a,sumfact,affine,0.000000e+00,72,2048,64,274625,262144,1098500,7189057,877.5704,f64,20,2.237677574e-03,490.9108,0.0000,0.0000,0.0000,0,0,0,-9.061069494547e-13,0,0.000000,0,n/a,off,off,0,0,0,0,0,,,0.000,,,,,,,
assemble_diag_n64,nid006538,hex8,assemble_diag,atomic,atomic,sumfact,affine,0.000000e+00,72,0,64,274625,262144,1098500,0,0.0000,n/a,20,1.036255360e-02,106.0067,809.5117,25.2972,19.0741,0,0,0,5.801523603040e+02,0,0.000000,0,n/a,off,off,0,0,0,0,0,,,0.000,,,,,,,
assemble_sympy_n64,nid006538,hex8,assemble,colored,colored,sympy,affine,0.000000e+00,72,2048,64,274625,262144,1098500,7189057,877.5704,f64,20,2.822775841e-02,38.9156,297.1758,9.2867,21.3967,11,11,12,2.702430497534e-10,0,0.000000,0,sympy,off,off,0,0,0,0,0,,,0.000,,,,,,,
assemble_sympy_n64,nid006538,hex8,assemble,atomic,atomic,sympy,affine,0.000000e+00,72,0,64,274625,262144,1098500,7189057,877.5704,f64,20,1.967121363e-02,55.8430,426.4408,13.3263,30.7037,0,0,0,2.702932318341e-10,0,0.000000,0,sympy,off,off,0,0,0,0,0,,,0.000,,,,,,,
assemble_n64,nid006538,hex8,assemble,store,store,sumfact,affine,0.000000e+00,72,2048,64,274625,262144,1098500,7189057,877.5704,f64,20,1.451314688e-02,75.6900,578.0006,18.0625,41.6160,0,0,0,2.702430495366e-10,0,0.000000,0,sumfact,off,off,0,0,0,0,0,,,0.000,,,,,,,
assemble_n64,nid006538,hex8,assemble,colored,colored,sumfact,affine,0.000000e+00,72,2048,64,274625,262144,1098500,7189057,877.5704,f64,20,2.297568321e-02,47.8114,365.1081,11.4096,26.2878,11,11,12,2.702430495366e-10,0,0.000000,0,sumfact,off,off,0,0,0,0,0,,,0.000,,,,,,,
assemble_n64,nid006538,hex8,assemble,atomic,atomic,sumfact,affine,0.000000e+00,72,0,64,274625,262144,1098500,7189057,877.5704,f64,20,2.793142796e-02,39.3285,300.3286,9.3853,21.6237,0,0,0,2.702932316173e-10,0,0.000000,0,sumfact,off,off,0,0,0,0,0,,,0.000,,,,,,,
assemble_n64,nid006538,hex8,assemble,packed,packed,sumfact,affine,0.000000e+00,72,2048,64,274625,262144,1098500,7189057,877.5704,f64,20,1.956709623e-02,56.1402,428.7099,13.3972,30.8671,0,0,0,2.702430495366e-10,0,0.000000,0,sumfact,off,off,0,0,0,0,0,,,0.000,,,,,,,
jac_rc_bnd_n64,nid006538,hex8,jac_action,atomic,atomic,sumfact,affine,0.000000e+00,72,0,64,274625,262144,1098500,0,0.0000,n/a,20,2.565479279e-03,428.1851,3269.8015,102.1813,86.8541,0,0,0,5.044059835243e+00,1,1.000000,1,n/a,exact,on,1,0,0,0,0,1.332864000e-04,0.051954,0.000,,,,,,,
jac_rc_bnd_n64,nid006538,hex8,jac_action,packed,packed,sumfact,affine,0.000000e+00,72,2048,64,274625,262144,1098500,0,0.0000,n/a,20,1.137781143e-03,965.4757,7372.7782,230.3993,195.8394,0,0,0,5.044059835243e+00,1,1.000000,1,n/a,exact,on,1,0,0,0,0,1.319424000e-04,0.115965,0.000,,,,,,,
jac_rc_n64,nid006538,hex8,jac_action,atomic,atomic,sumfact,affine,0.000000e+00,72,0,64,274625,262144,1098500,0,0.0000,n/a,20,2.494788170e-03,440.3179,3362.4530,105.0767,89.3152,0,0,0,-4.704104944117e-13,1,1.000000,0,n/a,exact,off,1,0,0,0,0,1.354880000e-04,0.054308,0.000,,,,,,,
jac_rc_n64,nid006538,hex8,jac_action,packed,packed,sumfact,affine,0.000000e+00,72,2048,64,274625,262144,1098500,0,0.0000,n/a,20,1.062786579e-03,1033.6036,7893.0315,246.6572,209.6587,0,0,0,-4.672237531762e-13,1,1.000000,0,n/a,exact,off,1,0,0,0,0,1.309568000e-04,0.123220,0.000,,,,,,,
residual_rc_perapply_n64,nid006538,hex8,residual,atomic,atomic,sumfact,affine,0.000000e+00,72,0,64,274625,262144,1098500,0,0.0000,n/a,20,2.709424496e-03,405.4367,3096.0848,96.7527,72.9515,0,0,0,-1.283597794027e-14,1,1.000000,0,sumfact,on,off,0,1,0,0,0,,,0.000,,,,,,,
residual_rc_perapply_n64,nid006538,hex8,residual,packed,packed,sumfact,affine,0.000000e+00,72,2048,64,274625,262144,1098500,0,0.0000,n/a,20,8.536815643e-04,1286.7796,9826.3900,307.0747,231.5343,0,0,0,-1.139626587543e-14,1,1.000000,0,sumfact,on,off,0,1,0,0,0,,,0.000,,,,,,,
residual_rc_bnd_dt_n64,nid006538,hex8,residual,atomic,atomic,sumfact,affine,0.000000e+00,72,0,64,274625,262144,1098500,0,0.0000,n/a,20,1.941442490e-03,565.8164,4320.8120,135.0254,101.8091,0,0,0,6.759448953731e+00,1,1.000000,1,sumfact,on,on,0,0,0,0,1,,,0.000,,,,,,,
residual_rc_bnd_dt_n64,nid006538,hex8,residual,packed,packed,sumfact,affine,0.000000e+00,72,2048,64,274625,262144,1098500,0,0.0000,n/a,20,8.636355400e-04,1271.9486,9713.1343,303.5354,228.8657,0,0,0,6.759321052459e+00,1,1.000000,1,sumfact,on,on,0,0,0,0,1,,,0.000,,,,,,,
residual_rc_bnd_n64,nid006538,hex8,residual,atomic,atomic,sumfact,affine,0.000000e+00,72,0,64,274625,262144,1098500,0,0.0000,n/a,20,1.871538162e-03,586.9504,4482.1998,140.0687,105.6118,0,0,0,3.727500000000e+00,1,1.000000,1,sumfact,on,on,0,0,0,0,0,,,0.000,,,,,,,
residual_rc_bnd_n64,nid006538,hex8,residual,packed,packed,sumfact,affine,0.000000e+00,72,2048,64,274625,262144,1098500,0,0.0000,n/a,20,8.223414421e-04,1335.8198,10200.8820,318.7776,240.3583,0,0,0,3.727500000000e+00,1,1.000000,1,sumfact,on,on,0,0,0,0,0,,,0.000,,,,,,,
residual_rc_n64,nid006538,hex8,residual,atomic,atomic,sumfact,affine,0.000000e+00,72,0,64,274625,262144,1098500,0,0.0000,n/a,20,1.843023300e-03,596.0315,4551.5474,142.2359,107.2458,0,0,0,-1.283597794027e-14,1,1.000000,0,sumfact,on,off,0,0,0,0,0,,,0.000,,,,,,,
residual_rc_n64,nid006538,hex8,residual,packed,packed,sumfact,affine,0.000000e+00,72,2048,64,274625,262144,1098500,0,0.0000,n/a,20,7.601141930e-04,1445.1776,11035.9839,344.8745,260.0354,0,0,0,-1.139626587543e-14,1,1.000000,0,sumfact,on,off,0,0,0,0,0,,,0.000,,,,,,,
residual_current_n64,nid006538,hex8,residual,packed,packed,current,affine,0.000000e+00,72,2048,64,274625,262144,1098500,0,0.0000,n/a,20,5.322933197e-04,2063.7118,15759.3712,492.4803,371.3302,0,0,0,-1.151401023136e-14,0,0.000000,0,current,off,off,0,0,0,0,0,,,0.000,,,,,,,
residual_current_n64,nid006538,hex8,residual,atomic,atomic,current,affine,0.000000e+00,72,0,64,274625,262144,1098500,0,0.0000,n/a,20,1.282370090e-03,856.6170,6541.4876,204.4215,154.1338,0,0,0,-1.240218865106e-14,0,0.000000,0,current,off,off,0,0,0,0,0,,,0.000,,,,,,,
jac_bare_n64,nid006538,hex8,jac_action,atomic,atomic,sumfact,affine,0.000000e+00,72,0,64,274625,262144,1098500,0,0.0000,n/a,20,1.439201832e-03,763.2703,5828.6529,182.1454,154.8236,0,0,0,-9.066751256032e-13,0,0.000000,0,n/a,off,off,0,0,0,0,0,,,0.000,,,,,,,
jac_bare_n64,nid006538,hex8,jac_action,packed,packed,sumfact,affine,0.000000e+00,72,2048,64,274625,262144,1098500,0,0.0000,n/a,20,5.574703217e-04,1970.5085,15047.6315,470.2385,399.7027,0,0,0,-9.063975156369e-13,0,0.000000,0,n/a,off,off,0,0,0,0,0,,,0.000,,,,,,,
residual_bare_n64,nid006538,hex8,residual,atomic,atomic,sumfact,affine,0.000000e+00,72,0,64,274625,262144,1098500,0,0.0000,n/a,20,1.472914219e-03,745.8004,5695.2454,177.9764,134.1942,0,0,0,-1.236760260176e-14,0,0.000000,0,sumfact,off,off,0,0,0,0,0,,,0.000,,,,,,,
residual_bare_n64,nid006538,hex8,residual,packed,packed,sumfact,affine,0.000000e+00,72,2048,64,274625,262144,1098500,0,0.0000,n/a,20,4.039287567e-04,2719.5390,20767.5434,648.9857,489.3352,0,0,0,-1.134075472420e-14,0,0.000000,0,sumfact,off,off,0,0,0,0,0,,,0.000,,,,,,,
spmv_f32_n96,nid006538,hex8,bsr_apply,packed,n/a,sumfact,affine,0.000000e+00,72,2048,96,912673,884736,3650692,24137569,1473.2403,f32,20,4.254841805e-03,858.0089,0.0000,0.0000,0.0000,0,0,0,-1.160063154236e-06,0,0.000000,0,n/a,off,off,0,0,0,0,0,,,0.000,,,,,,,
spmv_f64_n96,nid006538,hex8,bsr_apply,packed,n/a,sumfact,affine,0.000000e+00,72,2048,96,912673,884736,3650692,24137569,2946.4806,f64,20,8.196485043e-03,445.3973,0.0000,0.0000,0.0000,0,0,0,-2.144415680726e-12,0,0.000000,0,n/a,off,off,0,0,0,0,0,,,0.000,,,,,,,
assemble_diag_n96,nid006538,hex8,assemble_diag,atomic,atomic,sumfact,affine,0.000000e+00,72,0,96,912673,884736,3650692,0,0.0000,n/a,20,3.268634081e-02,111.6886,866.1585,27.0675,20.4089,0,0,0,1.054549351220e+03,0,0.000000,0,n/a,off,off,0,0,0,0,0,,,0.000,,,,,,,
assemble_sympy_n96,nid006538,hex8,assemble,colored,colored,sympy,affine,0.000000e+00,72,2048,96,912673,884736,3650692,24137569,2946.4806,f64,20,5.140219927e-02,71.0221,550.7848,17.2120,39.6565,17,25,26,6.667015596822e-11,0,0.000000,0,sympy,off,off,0,0,0,0,0,,,0.000,,,,,,,
assemble_sympy_n96,nid006538,hex8,assemble,atomic,atomic,sympy,affine,0.000000e+00,72,0,96,912673,884736,3650692,24137569,2946.4806,f64,20,6.535650492e-02,55.8581,433.1864,13.5371,31.1894,0,0,0,6.578006241380e-11,0,0.000000,0,sympy,off,off,0,0,0,0,0,,,0.000,,,,,,,
assemble_n96,nid006538,hex8,assemble,store,store,sumfact,affine,0.000000e+00,72,2048,96,912673,884736,3650692,24137569,2946.4806,f64,20,5.065377951e-02,72.0715,558.9228,17.4663,40.2424,0,0,0,7.424116575276e-11,0,0.000000,0,sumfact,off,off,0,0,0,0,0,,,0.000,,,,,,,
assemble_n96,nid006538,hex8,assemble,colored,colored,sumfact,affine,0.000000e+00,72,2048,96,912673,884736,3650692,24137569,2946.4806,f64,20,4.554131031e-02,80.1622,621.6675,19.4271,44.7601,17,25,26,7.428368729460e-11,0,0.000000,0,sumfact,off,off,0,0,0,0,0,,,0.000,,,,,,,
assemble_n96,nid006538,hex8,assemble,atomic,atomic,sumfact,affine,0.000000e+00,72,0,96,912673,884736,3650692,24137569,2946.4806,f64,20,9.334102869e-02,39.1113,303.3130,9.4785,21.8385,0,0,0,7.342422201788e-11,0,0.000000,0,sumfact,off,off,0,0,0,0,0,,,0.000,,,,,,,
assemble_n96,nid006538,hex8,assemble,packed,packed,sumfact,affine,0.000000e+00,72,2048,96,912673,884736,3650692,24137569,2946.4806,f64,20,6.649725437e-02,54.8999,425.7552,13.3049,30.6544,0,0,0,7.424116575276e-11,0,0.000000,0,sumfact,off,off,0,0,0,0,0,,,0.000,,,,,,,
jac_rc_bnd_n96,nid006538,hex8,jac_action,atomic,atomic,sumfact,affine,0.000000e+00,72,0,96,912673,884736,3650692,0,0.0000,n/a,20,8.914208412e-03,409.5363,3176.0029,99.2501,84.3626,0,0,0,5.046234218079e+00,1,1.000000,1,n/a,exact,on,1,0,0,0,0,5.452672000e-04,0.061168,0.000,,,,,,,
jac_rc_bnd_n96,nid006538,hex8,jac_action,packed,packed,sumfact,affine,0.000000e+00,72,2048,96,912673,884736,3650692,0,0.0000,n/a,20,4.258680344e-03,857.2355,6647.9636,207.7489,176.5865,0,0,0,5.046234218079e+00,1,1.000000,1,n/a,exact,on,1,0,0,0,0,6.202880000e-04,0.145653,0.000,,,,,,,
jac_rc_n96,nid006538,hex8,jac_action,atomic,atomic,sumfact,affine,0.000000e+00,72,0,96,912673,884736,3650692,0,0.0000,n/a,20,8.478701115e-03,430.5721,3339.1379,104.3481,88.6958,0,0,0,-2.097467978381e-13,1,1.000000,0,n/a,exact,off,1,0,0,0,0,5.282944000e-04,0.062308,0.000,,,,,,,
jac_rc_n96,nid006538,hex8,jac_action,packed,packed,sumfact,affine,0.000000e+00,72,2048,96,912673,884736,3650692,0,0.0000,n/a,20,3.944444656e-03,925.5275,7177.5762,224.2993,190.6544,0,0,0,-2.052185190445e-13,1,1.000000,0,n/a,exact,off,1,0,0,0,0,6.411648000e-04,0.162549,0.000,,,,,,,
residual_rc_perapply_n96,nid006538,hex8,residual,atomic,atomic,sumfact,affine,0.000000e+00,72,0,96,912673,884736,3650692,0,0.0000,n/a,20,8.712530136e-03,419.0163,3249.5213,101.5475,76.5668,0,0,0,9.933444041280e-14,1,1.000000,0,sumfact,on,off,0,1,0,0,0,,,0.000,,,,,,,
residual_rc_perapply_n96,nid006538,hex8,residual,packed,packed,sumfact,affine,0.000000e+00,72,2048,96,912673,884736,3650692,0,0.0000,n/a,20,2.849113941e-03,1281.3429,9936.9673,310.5302,234.1398,0,0,0,8.513567455182e-14,1,1.000000,0,sumfact,on,off,0,1,0,0,0,,,0.000,,,,,,,
residual_rc_bnd_dt_n96,nid006538,hex8,residual,atomic,atomic,sumfact,affine,0.000000e+00,72,0,96,912673,884736,3650692,0,0.0000,n/a,20,6.554746628e-03,556.9539,4319.2443,134.9764,101.7722,0,0,0,6.759287405709e+00,1,1.000000,1,sumfact,on,on,0,0,0,0,1,,,0.000,,,,,,,
residual_rc_bnd_dt_n96,nid006538,hex8,residual,packed,packed,sumfact,affine,0.000000e+00,72,2048,96,912673,884736,3650692,0,0.0000,n/a,20,2.882790565e-03,1266.3743,9820.8841,306.9026,231.4046,0,0,0,6.759222128181e+00,1,1.000000,1,sumfact,on,on,0,0,0,0,1,,,0.000,,,,,,,
residual_rc_bnd_n96,nid006538,hex8,residual,atomic,atomic,sumfact,affine,0.000000e+00,72,0,96,912673,884736,3650692,0,0.0000,n/a,20,6.382524967e-03,571.9824,4435.7918,138.6185,104.5183,0,0,0,3.727500000000e+00,1,1.000000,1,sumfact,on,on,0,0,0,0,0,,,0.000,,,,,,,
residual_rc_bnd_n96,nid006538,hex8,residual,packed,packed,sumfact,affine,0.000000e+00,72,2048,96,912673,884736,3650692,0,0.0000,n/a,20,2.680492401e-03,1361.9483,10562.0714,330.0647,248.8688,0,0,0,3.727500000000e+00,1,1.000000,1,sumfact,on,on,0,0,0,0,0,,,0.000,,,,,,,
residual_rc_n96,nid006538,hex8,residual,atomic,atomic,sumfact,affine,0.000000e+00,72,0,96,912673,884736,3650692,0,0.0000,n/a,20,6.226289272e-03,586.3351,4547.0987,142.0968,107.1410,0,0,0,9.933444041280e-14,1,1.000000,0,sumfact,on,off,0,0,0,0,0,,,0.000,,,,,,,
residual_rc_n96,nid006538,hex8,residual,packed,packed,sumfact,affine,0.000000e+00,72,2048,96,912673,884736,3650692,0,0.0000,n/a,20,2.450716496e-03,1489.6427,11552.3571,361.0112,272.2024,0,0,0,8.513567455182e-14,1,1.000000,0,sumfact,on,off,0,0,0,0,0,,,0.000,,,,,,,
residual_current_n96,nid006538,hex8,residual,packed,packed,current,affine,0.000000e+00,72,2048,96,912673,884736,3650692,0,0.0000,n/a,20,1.635134220e-03,2232.6559,17314.5126,541.0785,407.9732,0,0,0,8.832415051077e-14,0,0.000000,0,current,off,off,0,0,0,0,0,,,0.000,,,,,,,
residual_current_n96,nid006538,hex8,residual,atomic,atomic,current,affine,0.000000e+00,72,0,96,912673,884736,3650692,0,0.0000,n/a,20,4.191935062e-03,870.8847,6753.8145,211.0567,159.1368,0,0,0,1.028125609821e-13,0,0.000000,0,current,off,off,0,0,0,0,0,,,0.000,,,,,,,
jac_bare_n96,nid006538,hex8,jac_action,atomic,atomic,sumfact,affine,0.000000e+00,72,0,96,912673,884736,3650692,0,0.0000,n/a,20,4.406976700e-03,828.3892,6424.2572,200.7580,170.6443,0,0,0,-1.962634441359e-12,0,0.000000,0,n/a,off,off,0,0,0,0,0,,,0.000,,,,,,,
jac_bare_n96,nid006538,hex8,jac_action,packed,packed,sumfact,affine,0.000000e+00,72,2048,96,912673,884736,3650692,0,0.0000,n/a,20,1.724314690e-03,2117.1843,16419.0169,513.0943,436.1301,0,0,0,-1.951219960887e-12,0,0.000000,0,n/a,off,off,0,0,0,0,0,,,0.000,,,,,,,
residual_bare_n96,nid006538,hex8,residual,atomic,atomic,sumfact,affine,0.000000e+00,72,0,96,912673,884736,3650692,0,0.0000,n/a,20,4.226827621e-03,863.6955,6698.0617,209.3144,157.8231,0,0,0,9.779471069754e-14,0,0.000000,0,sumfact,off,off,0,0,0,0,0,,,0.000,,,,,,,
residual_bare_n96,nid006538,hex8,residual,packed,packed,sumfact,affine,0.000000e+00,72,2048,96,912673,884736,3650692,0,0.0000,n/a,20,1.247477531e-03,2926.4591,22695.0396,709.2200,534.7519,0,0,0,8.463618261095e-14,0,0.000000,0,sumfact,off,off,0,0,0,0,0,,,0.000,,,,,,,
spmv_f32_n128,nid006538,hex8,bsr_apply,packed,n/a,sumfact,affine,0.000000e+00,72,2048,128,2146689,2097152,8586756,57066625,3483.0704,f32,20,1.039897203e-02,825.7312,0.0000,0.0000,0.0000,0,0,0,4.661783736126e-05,0,0.000000,0,n/a,off,off,0,0,0,0,0,,,0.000,,,,,,,
spmv_f64_n128,nid006538,hex8,bsr_apply,packed,n/a,sumfact,affine,0.000000e+00,72,2048,128,2146689,2097152,8586756,57066625,6966.1407,f64,20,1.949967146e-02,440.3539,0.0000,0.0000,0.0000,0,0,0,-3.359821589780e-12,0,0.000000,0,n/a,off,off,0,0,0,0,0,,,0.000,,,,,,,
assemble_diag_n128,nid006538,hex8,assemble_diag,atomic,atomic,sumfact,affine,0.000000e+00,72,0,128,2146689,2097152,8586756,0,0.0000,n/a,20,7.605686188e-02,112.8992,882.3512,27.5735,20.7904,0,0,0,1.651826180067e+03,0,0.000000,0,n/a,off,off,0,0,0,0,0,,,0.000,,,,,,,
assemble_sympy_n128,nid006538,hex8,assemble,colored,colored,sympy,affine,0.000000e+00,72,2048,128,2146689,2097152,8586756,57066625,6966.1407,f64,20,9.897042513e-02,86.7608,678.0699,21.1897,48.8210,14,72,74,-3.076222087847e-08,0,0.000000,0,sympy,off,off,0,0,0,0,0,,,0.000,,,,,,,
assemble_sympy_n128,nid006538,hex8,assemble,atomic,atomic,sympy,affine,0.000000e+00,72,0,128,2146689,2097152,8586756,57066625,6966.1407,f64,20,1.554720998e-01,55.2302,431.6457,13.4889,31.0785,0,0,0,-3.076550013728e-08,0,0.000000,0,sympy,off,off,0,0,0,0,0,,,0.000,,,,,,,
assemble_n128,nid006538,hex8,assemble,store,store,sumfact,affine,0.000000e+00,72,2048,128,2146689,2097152,8586756,57066625,6966.1407,f64,20,1.248330832e-01,68.7859,537.5888,16.7996,38.7064,0,0,0,-3.076222088107e-08,0,0.000000,0,sumfact,off,off,0,0,0,0,0,,,0.000,,,,,,,
assemble_n128,nid006538,hex8,assemble,colored,colored,sumfact,affine,0.000000e+00,72,2048,128,2146689,2097152,8586756,57066625,6966.1407,f64,20,9.222295284e-02,93.1087,727.6807,22.7400,52.3930,14,72,74,-3.076222088107e-08,0,0.000000,0,sumfact,off,off,0,0,0,0,0,,,0.000,,,,,,,
assemble_n128,nid006538,hex8,assemble,atomic,atomic,sumfact,affine,0.000000e+00,72,0,128,2146689,2097152,8586756,57066625,6966.1407,f64,20,2.222795367e-01,38.6304,301.9120,9.4348,21.7377,0,0,0,-3.076550014682e-08,0,0.000000,0,sumfact,off,off,0,0,0,0,0,,,0.000,,,,,,,
assemble_n128,nid006538,hex8,assemble,packed,packed,sumfact,affine,0.000000e+00,72,2048,128,2146689,2097152,8586756,57066625,6966.1407,f64,20,1.515970945e-01,56.6420,442.6791,13.8337,31.8729,0,0,0,-3.076222088107e-08,0,0.000000,0,sumfact,off,off,0,0,0,0,0,,,0.000,,,,,,,
jac_rc_bnd_n128,nid006538,hex8,jac_action,atomic,atomic,sumfact,affine,0.000000e+00,72,0,128,2146689,2097152,8586756,0,0.0000,n/a,20,2.032711506e-02,422.4287,3301.4456,103.1702,87.6946,0,0,0,5.044940681195e+00,1,1.000000,1,n/a,exact,on,1,0,0,0,0,1.437580800e-03,0.070722,0.000,,,,,,,
jac_rc_bnd_n128,nid006538,hex8,jac_action,packed,packed,sumfact,affine,0.000000e+00,72,2048,128,2146689,2097152,8586756,0,0.0000,n/a,20,1.045958996e-02,820.9458,6416.0129,200.5004,170.4253,0,0,0,5.044940681195e+00,1,1.000000,1,n/a,exact,on,1,0,0,0,0,1.578611200e-03,0.150925,0.000,,,,,,,
jac_rc_n128,nid006538,hex8,jac_action,atomic,atomic,sumfact,affine,0.000000e+00,72,0,128,2146689,2097152,8586756,0,0.0000,n/a,20,1.970654726e-02,435.7311,3405.4095,106.4190,90.4562,0,0,0,9.269852680599e-14,1,1.000000,0,n/a,exact,off,1,0,0,0,0,1.400985600e-03,0.071092,0.000,,,,,,,
jac_rc_n128,nid006538,hex8,jac_action,packed,packed,sumfact,affine,0.000000e+00,72,2048,128,2146689,2097152,8586756,0,0.0000,n/a,20,9.927201271e-03,864.9725,6760.0991,211.2531,179.5651,0,0,0,7.525805065939e-14,1,1.000000,0,n/a,exact,off,1,0,0,0,0,1.611878400e-03,0.162370,0.000,,,,,,,
residual_rc_perapply_n128,nid006538,hex8,residual,atomic,atomic,sumfact,affine,0.000000e+00,72,0,128,2146689,2097152,8586756,0,0.0000,n/a,20,1.974985600e-02,434.7756,3397.9419,106.1857,80.0640,0,0,0,1.381366267032e-13,1,1.000000,0,sumfact,on,off,0,1,0,0,0,,,0.000,,,,,,,
residual_rc_perapply_n128,nid006538,hex8,residual,packed,packed,sumfact,affine,0.000000e+00,72,2048,128,2146689,2097152,8586756,0,0.0000,n/a,20,7.275593281e-03,1180.2139,9223.8339,288.2448,217.3366,0,0,0,1.371512495588e-13,1,1.000000,0,sumfact,on,off,0,1,0,0,0,,,0.000,,,,,,,
residual_rc_bnd_dt_n128,nid006538,hex8,residual,atomic,atomic,sumfact,affine,0.000000e+00,72,0,128,2146689,2097152,8586756,0,0.0000,n/a,20,1.542184353e-02,556.7918,4351.5462,135.9858,102.5333,0,0,0,6.759329548060e+00,1,1.000000,1,sumfact,on,on,0,0,0,0,1,,,0.000,,,,,,,
residual_rc_bnd_dt_n128,nid006538,hex8,residual,packed,packed,sumfact,affine,0.000000e+00,72,2048,128,2146689,2097152,8586756,0,0.0000,n/a,20,7.492423058e-03,1146.0586,8956.8973,279.9030,211.0469,0,0,0,6.759281944370e+00,1,1.000000,1,sumfact,on,on,0,0,0,0,1,,,0.000,,,,,,,
residual_rc_bnd_n128,nid006538,hex8,residual,atomic,atomic,sumfact,affine,0.000000e+00,72,0,128,2146689,2097152,8586756,0,0.0000,n/a,20,1.486876011e-02,577.5032,4513.4136,141.0442,106.3473,0,0,0,3.727500000000e+00,1,1.000000,1,sumfact,on,on,0,0,0,0,0,,,0.000,,,,,,,
residual_rc_bnd_n128,nid006538,hex8,residual,packed,packed,sumfact,affine,0.000000e+00,72,2048,128,2146689,2097152,8586756,0,0.0000,n/a,20,6.789302826e-03,1264.7478,9884.5000,308.8906,232.9035,0,0,0,3.727500000000e+00,1,1.000000,1,sumfact,on,on,0,0,0,0,0,,,0.000,,,,,,,
residual_rc_n128,nid006538,hex8,residual,atomic,atomic,sumfact,affine,0.000000e+00,72,0,128,2146689,2097152,8586756,0,0.0000,n/a,20,1.449424028e-02,592.4254,4630.0367,144.6886,109.0952,0,0,0,1.381366267032e-13,1,1.000000,0,sumfact,on,off,0,0,0,0,0,,,0.000,,,,,,,
residual_rc_n128,nid006538,hex8,residual,packed,packed,sumfact,affine,0.000000e+00,72,2048,128,2146689,2097152,8586756,0,0.0000,n/a,20,6.250572205e-03,1373.7552,10736.4353,335.5136,252.9773,0,0,0,1.371512495588e-13,1,1.000000,0,sumfact,on,off,0,0,0,0,0,,,0.000,,,,,,,
residual_current_n128,nid006538,hex8,residual,packed,packed,current,affine,0.000000e+00,72,2048,128,2146689,2097152,8586756,0,0.0000,n/a,20,4.088640213e-03,2100.1496,16413.4921,512.9216,386.7429,0,0,0,1.371534179631e-13,0,0.000000,0,current,off,off,0,0,0,0,0,,,0.000,,,,,,,
residual_current_n128,nid006538,hex8,residual,atomic,atomic,current,affine,0.000000e+00,72,0,128,2146689,2097152,8586756,0,0.0000,n/a,20,9.734416008e-03,882.1028,6893.9795,215.4369,162.4394,0,0,0,1.381248631097e-13,0,0.000000,0,current,off,off,0,0,0,0,0,,,0.000,,,,,,,
jac_bare_n128,nid006538,hex8,jac_action,atomic,atomic,sumfact,affine,0.000000e+00,72,0,128,2146689,2097152,8586756,0,0.0000,n/a,20,1.042867899e-02,823.3791,6435.0302,201.0947,170.9305,0,0,0,-3.356466742998e-12,0,0.000000,0,n/a,off,off,0,0,0,0,0,,,0.000,,,,,,,
jac_bare_n128,nid006538,hex8,jac_action,packed,packed,sumfact,affine,0.000000e+00,72,2048,128,2146689,2097152,8586756,0,0.0000,n/a,20,4.551863670e-03,1886.4264,14743.1621,460.7238,391.6152,0,0,0,-3.356411692633e-12,0,0.000000,0,n/a,off,off,0,0,0,0,0,,,0.000,,,,,,,
residual_bare_n128,nid006538,hex8,residual,atomic,atomic,sumfact,affine,0.000000e+00,72,0,128,2146689,2097152,8586756,0,0.0000,n/a,20,1.005067825e-02,854.3459,6677.0483,208.6578,157.3280,0,0,0,1.381383614267e-13,0,0.000000,0,sumfact,off,off,0,0,0,0,0,,,0.000,,,,,,,
residual_bare_n128,nid006538,hex8,residual,packed,packed,sumfact,affine,0.000000e+00,72,2048,128,2146689,2097152,8586756,0,0.0000,n/a,20,3.303802013e-03,2599.0528,20312.6167,634.7693,478.6160,0,0,0,1.371529842822e-13,0,0.000000,0,sumfact,off,off,0,0,0,0,0,,,0.000,,,,,,,
spmv_f32_n160,nid006538,hex8,bsr_apply,packed,n/a,sumfact,affine,0.000000e+00,72,2048,160,4173281,4096000,16693124,111284641,6792.2755,f32,20,1.866732836e-02,894.2428,0.0000,0.0000,0.0000,0,0,0,4.118532892879e-05,0,0.000000,0,n/a,off,off,0,0,0,0,0,,,0.000,,,,,,,
spmv_f64_n160,nid006538,hex8,bsr_apply,packed,n/a,sumfact,affine,0.000000e+00,72,2048,160,4173281,4096000,16693124,111284641,13584.5509,f64,20,3.715277910e-02,449.3102,0.0000,0.0000,0.0000,0,0,0,7.157881465282e-13,0,0.000000,0,n/a,off,off,0,0,0,0,0,,,0.000,,,,,,,
assemble_diag_n160,nid006538,hex8,assemble_diag,atomic,atomic,sumfact,affine,0.000000e+00,72,0,160,4173281,4096000,16693124,0,0.0000,n/a,20,1.472611189e-01,113.3573,890.0652,27.8145,20.9722,0,0,0,2.371982944015e+03,0,0.000000,0,n/a,off,off,0,0,0,0,0,,,0.000,,,,,,,
assemble_sympy_n160,nid006538,hex8,assemble,colored,colored,sympy,affine,0.000000e+00,72,2048,160,4173281,4096000,16693124,111284641,13584.5509,f64,20,1.656689525e-01,100.7619,791.1682,24.7240,56.9641,20,99,101,1.168506756832e-08,0,0.000000,0,sympy,off,off,0,0,0,0,0,,,0.000,,,,,,,
assemble_sympy_n160,nid006538,hex8,assemble,atomic,atomic,sympy,affine,0.000000e+00,72,0,160,4173281,4096000,16693124,111284641,13584.5509,f64,20,3.028024554e-01,55.1288,432.8631,13.5270,31.1661,0,0,0,1.167343591505e-08,0,0.000000,0,sympy,off,off,0,0,0,0,0,,,0.000,,,,,,,
assemble_n160,nid006538,hex8,assemble,store,store,sumfact,affine,0.000000e+00,72,2048,160,4173281,4096000,16693124,111284641,13584.5509,f64,20,2.301132083e-01,72.5431,569.5979,17.7999,41.0110,0,0,0,1.165429404451e-08,0,0.000000,0,sumfact,off,off,0,0,0,0,0,,,0.000,,,,,,,
assemble_n160,nid006538,hex8,assemble,colored,colored,sumfact,affine,0.000000e+00,72,2048,160,4173281,4096000,16693124,111284641,13584.5509,f64,20,1.553207159e-01,107.4752,843.8797,26.3712,60.7593,20,99,101,1.165426806529e-08,0,0.000000,0,sumfact,off,off,0,0,0,0,0,,,0.000,,,,,,,
assemble_n160,nid006538,hex8,assemble,atomic,atomic,sumfact,affine,0.000000e+00,72,0,160,4173281,4096000,16693124,111284641,13584.5509,f64,20,4.310801387e-01,38.7239,304.0548,9.5017,21.8919,0,0,0,1.164916721901e-08,0,0.000000,0,sumfact,off,off,0,0,0,0,0,,,0.000,,,,,,,
assemble_n160,nid006538,hex8,assemble,packed,packed,sumfact,affine,0.000000e+00,72,2048,160,4173281,4096000,16693124,111284641,13584.5509,f64,20,2.940669417e-01,56.7664,445.7216,13.9288,32.0920,0,0,0,1.165429404451e-08,0,0.000000,0,sumfact,off,off,0,0,0,0,0,,,0.000,,,,,,,
jac_rc_bnd_n160,nid006538,hex8,jac_action,atomic,atomic,sumfact,affine,0.000000e+00,72,0,160,4173281,4096000,16693124,0,0.0000,n/a,20,4.036153555e-02,413.5899,3247.4483,101.4828,86.2603,0,0,0,5.046148336219e+00,1,1.000000,1,n/a,exact,on,1,0,0,0,0,3.076787200e-03,0.076231,0.000,,,,,,,
jac_rc_bnd_n160,nid006538,hex8,jac_action,packed,packed,sumfact,affine,0.000000e+00,72,2048,160,4173281,4096000,16693124,0,0.0000,n/a,20,2.017624378e-02,827.3653,6496.3529,203.0110,172.5594,0,0,0,5.046148336219e+00,1,1.000000,1,n/a,exact,on,1,0,0,0,0,3.320601600e-03,0.164580,0.000,,,,,,,
jac_rc_n160,nid006538,hex8,jac_action,atomic,atomic,sumfact,affine,0.000000e+00,72,0,160,4173281,4096000,16693124,0,0.0000,n/a,20,3.936769962e-02,424.0310,3329.4300,104.0447,88.4380,0,0,0,-5.509523908062e-13,1,1.000000,0,n/a,exact,off,1,0,0,0,0,2.994009600e-03,0.076052,0.000,,,,,,,
jac_rc_n160,nid006538,hex8,jac_action,packed,packed,sumfact,affine,0.000000e+00,72,2048,160,4173281,4096000,16693124,0,0.0000,n/a,20,1.921739578e-02,868.6465,6820.4871,213.1402,181.1692,0,0,0,-5.547403831327e-13,1,1.000000,0,n/a,exact,off,1,0,0,0,0,3.302950400e-03,0.171873,0.000,,,,,,,
residual_rc_perapply_n160,nid006538,hex8,residual,atomic,atomic,sumfact,affine,0.000000e+00,72,0,160,4173281,4096000,16693124,0,0.0000,n/a,20,4.010329247e-02,416.2532,3268.3601,102.1363,77.0107,0,0,0,-7.449527377346e-14,1,1.000000,0,sumfact,on,off,0,1,0,0,0,,,0.000,,,,,,,
residual_rc_perapply_n160,nid006538,hex8,residual,packed,packed,sumfact,affine,0.000000e+00,72,2048,160,4173281,4096000,16693124,0,0.0000,n/a,20,1.422392130e-02,1173.5951,9214.8991,287.9656,217.1261,0,0,0,-7.066434026468e-14,1,1.000000,0,sumfact,on,off,0,1,0,0,0,,,0.000,,,,,,,
residual_rc_bnd_dt_n160,nid006538,hex8,residual,atomic,atomic,sumfact,affine,0.000000e+00,72,0,160,4173281,4096000,16693124,0,0.0000,n/a,20,3.104803562e-02,537.6548,4221.5875,131.9246,99.4712,0,0,0,6.759324573300e+00,1,1.000000,1,sumfact,on,on,0,0,0,0,1,,,0.000,,,,,,,
residual_rc_bnd_dt_n160,nid006538,hex8,residual,packed,packed,sumfact,affine,0.000000e+00,72,2048,160,4173281,4096000,16693124,0,0.0000,n/a,20,1.418147087e-02,1177.1081,9242.4828,288.8276,217.7760,0,0,0,6.759317416976e+00,1,1.000000,1,sumfact,on,on,0,0,0,0,1,,,0.000,,,,,,,
residual_rc_bnd_n160,nid006538,hex8,residual,atomic,atomic,sumfact,affine,0.000000e+00,72,0,160,4173281,4096000,16693124,0,0.0000,n/a,20,3.004338741e-02,555.6339,4362.7570,136.3362,102.7975,0,0,0,3.727500000000e+00,1,1.000000,1,sumfact,on,on,0,0,0,0,0,,,0.000,,,,,,,
residual_rc_bnd_n160,nid006538,hex8,residual,packed,packed,sumfact,affine,0.000000e+00,72,2048,160,4173281,4096000,16693124,0,0.0000,n/a,20,1.306266785e-02,1277.9261,10034.0912,313.5653,236.4283,0,0,0,3.727500000000e+00,1,1.000000,1,sumfact,on,on,0,0,0,0,0,,,0.000,,,,,,,
residual_rc_n160,nid006538,hex8,residual,atomic,atomic,sumfact,affine,0.000000e+00,72,0,160,4173281,4096000,16693124,0,0.0000,n/a,20,2.941198349e-02,567.5620,4456.4149,139.2630,105.0043,0,0,0,-7.449527377346e-14,1,1.000000,0,sumfact,on,off,0,0,0,0,0,,,0.000,,,,,,,
residual_rc_n160,nid006538,hex8,residual,packed,packed,sumfact,affine,0.000000e+00,72,2048,160,4173281,4096000,16693124,0,0.0000,n/a,20,1.211670637e-02,1377.6949,10817.4611,338.0457,254.8864,0,0,0,-7.066434026468e-14,1,1.000000,0,sumfact,on,off,0,0,0,0,0,,,0.000,,,,,,,
residual_current_n160,nid006538,hex8,residual,packed,packed,current,affine,0.000000e+00,72,2048,160,4173281,4096000,16693124,0,0.0000,n/a,20,7.784366608e-03,2144.4422,16837.8503,526.1828,396.7418,0,0,0,-6.568480297436e-14,0,0.000000,0,current,off,off,0,0,0,0,0,,,0.000,,,,,,,
residual_current_n160,nid006538,hex8,residual,atomic,atomic,current,affine,0.000000e+00,72,0,160,4173281,4096000,16693124,0,0.0000,n/a,20,1.991837025e-02,838.0768,6580.4581,205.6393,155.0520,0,0,0,-7.131918482433e-14,0,0.000000,0,current,off,off,0,0,0,0,0,,,0.000,,,,,,,
jac_bare_n160,nid006538,hex8,jac_action,atomic,atomic,sumfact,affine,0.000000e+00,72,0,160,4173281,4096000,16693124,0,0.0000,n/a,20,2.025412321e-02,824.1840,6471.3737,202.2304,171.8959,0,0,0,7.566951351536e-13,0,0.000000,0,n/a,off,off,0,0,0,0,0,,,0.000,,,,,,,
jac_bare_n160,nid006538,hex8,jac_action,packed,packed,sumfact,affine,0.000000e+00,72,2048,160,4173281,4096000,16693124,0,0.0000,n/a,20,8.886337280e-03,1878.5157,14749.8340,460.9323,391.7925,0,0,0,7.483083570110e-13,0,0.000000,0,n/a,off,off,0,0,0,0,0,,,0.000,,,,,,,
residual_bare_n160,nid006538,hex8,residual,atomic,atomic,sumfact,affine,0.000000e+00,72,0,160,4173281,4096000,16693124,0,0.0000,n/a,20,2.050840855e-02,813.9649,6391.1346,199.7230,150.5911,0,0,0,-7.557772766995e-14,0,0.000000,0,sumfact,off,off,0,0,0,0,0,,,0.000,,,,,,,
residual_bare_n160,nid006538,hex8,residual,packed,packed,sumfact,affine,0.000000e+00,72,2048,160,4173281,4096000,16693124,0,0.0000,n/a,20,6.608676910e-03,2525.9404,19833.3194,619.7912,467.3226,0,0,0,-6.926008161087e-14,0,0.000000,0,sumfact,off,off,0,0,0,0,0,,,0.000,,,,,,,
assemble_diag_n192,nid006538,hex8,assemble_diag,atomic,atomic,sumfact,affine,0.000000e+00,72,0,192,7189057,7077888,28756228,0,0.0000,n/a,20,2.534381270e-01,113.4645,893.6793,27.9275,21.0573,0,0,0,3.215019675301e+03,0,0.000000,0,n/a,off,off,0,0,0,0,0,,,0.000,,,,,,,
assemble_sympy_n192,nid006538,hex8,assemble,colored,colored,sympy,affine,0.000000e+00,72,2048,192,7189057,7077888,28756228,192100033,23449.7111,f64,20,2.680546641e-01,107.2775,844.9486,26.4046,60.8363,20,172,173,2.579494394832e-09,0,0.000000,0,sympy,off,off,0,0,0,0,0,,,0.000,,,,,,,
assemble_sympy_n192,nid006538,hex8,assemble,atomic,atomic,sympy,affine,0.000000e+00,72,0,192,7189057,7077888,28756228,192100033,23449.7111,f64,20,5.252564549e-01,54.7470,431.2035,13.4751,31.0467,0,0,0,2.579395400885e-09,0,0.000000,0,sympy,off,off,0,0,0,0,0,,,0.000,,,,,,,
assemble_n192,nid006538,hex8,assemble,store,store,sumfact,affine,0.000000e+00,72,2048,192,7189057,7077888,28756228,192100033,23449.7111,f64,20,3.950778604e-01,72.7862,573.2855,17.9152,41.2766,0,0,0,2.591725771935e-09,0,0.000000,0,sumfact,off,off,0,0,0,0,0,,,0.000,,,,,,,
assemble_n192,nid006538,hex8,assemble,colored,colored,sumfact,affine,0.000000e+00,72,2048,192,7189057,7077888,28756228,192100033,23449.7111,f64,20,2.539327145e-01,113.2435,891.9387,27.8731,64.2196,20,172,173,2.591710339835e-09,0,0.000000,0,sumfact,off,off,0,0,0,0,0,,,0.000,,,,,,,
assemble_n192,nid006538,hex8,assemble,atomic,atomic,sumfact,affine,0.000000e+00,72,0,192,7189057,7077888,28756228,192100033,23449.7111,f64,20,7.500238419e-01,38.3404,301.9803,9.4369,21.7426,0,0,0,2.591521534265e-09,0,0.000000,0,sumfact,off,off,0,0,0,0,0,,,0.000,,,,,,,
assemble_n192,nid006538,hex8,assemble,packed,packed,sumfact,affine,0.000000e+00,72,2048,192,7189057,7077888,28756228,192100033,23449.7111,f64,20,7.066868782e-01,40.6916,320.4990,10.0156,23.0759,0,0,0,2.591725771935e-09,0,0.000000,0,sumfact,off,off,0,0,0,0,0,,,0.000,,,,,,,
jac_rc_bnd_n192,nid006538,hex8,jac_action,atomic,atomic,sumfact,affine,0.000000e+00,72,0,192,7189057,7077888,28756228,0,0.0000,n/a,20,6.959421635e-02,413.1985,3254.4718,101.7022,86.4469,0,0,0,5.046108211775e+00,1,1.000000,1,n/a,exact,on,1,0,0,0,0,5.368371200e-03,0.077138,0.000,,,,,,,
jac_rc_bnd_n192,nid006538,hex8,jac_action,packed,packed,sumfact,affine,0.000000e+00,72,2048,192,7189057,7077888,28756228,0,0.0000,n/a,20,3.249437809e-02,884.9601,6970.2031,217.8188,185.1460,0,0,0,5.046108211775e+00,1,1.000000,1,n/a,exact,on,1,0,0,0,0,5.558720000e-03,0.171067,0.000,,,,,,,
jac_rc_n192,nid006538,hex8,jac_action,atomic,atomic,sumfact,affine,0.000000e+00,72,0,192,7189057,7077888,28756228,0,0.0000,n/a,20,6.891598701e-02,417.2650,3286.5004,102.7031,87.2977,0,0,0,1.553785871261e-12,1,1.000000,0,n/a,exact,off,1,0,0,0,0,5.549337600e-03,0.080523,0.000,,,,,,,
jac_rc_n192,nid006538,hex8,jac_action,packed,packed,sumfact,affine,0.000000e+00,72,2048,192,7189057,7077888,28756228,0,0.0000,n/a,20,3.110076189e-02,924.6149,7282.5359,227.5792,193.4424,0,0,0,1.535864016126e-12,1,1.000000,0,n/a,exact,off,1,0,0,0,0,5.496499200e-03,0.176732,0.000,,,,,,,
residual_rc_perapply_n192,nid006538,hex8,residual,atomic,atomic,sumfact,affine,0.000000e+00,72,0,192,7189057,7077888,28756228,0,0.0000,n/a,20,6.684902906e-02,430.1667,3388.1183,105.8787,79.8325,0,0,0,-1.622822969755e-14,1,1.000000,0,sumfact,on,off,0,1,0,0,0,,,0.000,,,,,,,
residual_rc_perapply_n192,nid006538,hex8,residual,packed,packed,sumfact,affine,0.000000e+00,72,2048,192,7189057,7077888,28756228,0,0.0000,n/a,20,2.447923422e-02,1174.7193,9252.4306,289.1385,218.0104,0,0,0,-1.538764775322e-14,1,1.000000,0,sumfact,on,off,0,1,0,0,0,,,0.000,,,,,,,
residual_rc_bnd_dt_n192,nid006538,hex8,residual,atomic,atomic,sumfact,affine,0.000000e+00,72,0,192,7189057,7077888,28756228,0,0.0000,n/a,20,5.225707293e-02,550.2839,4334.1964,135.4436,102.1245,0,0,0,6.759309506134e+00,1,1.000000,1,sumfact,on,on,0,0,0,0,1,,,0.000,,,,,,,
residual_rc_bnd_dt_n192,nid006538,hex8,residual,packed,packed,sumfact,affine,0.000000e+00,72,2048,192,7189057,7077888,28756228,0,0.0000,n/a,20,2.379328012e-02,1208.5861,9519.1758,297.4742,224.2956,0,0,0,6.759362918358e+00,1,1.000000,1,sumfact,on,on,0,0,0,0,1,,,0.000,,,,,,,
residual_rc_bnd_n192,nid006538,hex8,residual,atomic,atomic,sumfact,affine,0.000000e+00,72,0,192,7189057,7077888,28756228,0,0.0000,n/a,20,5.121170282e-02,561.5167,4422.6691,138.2084,104.2091,0,0,0,3.727500000000e+00,1,1.000000,1,sumfact,on,on,0,0,0,0,0,,,0.000,,,,,,,
residual_rc_bnd_n192,nid006538,hex8,residual,packed,packed,sumfact,affine,0.000000e+00,72,2048,192,7189057,7077888,28756228,0,0.0000,n/a,20,2.197607756e-02,1308.5241,10306.3167,322.0724,242.8426,0,0,0,3.727500000000e+00,1,1.000000,1,sumfact,on,on,0,0,0,0,0,,,0.000,,,,,,,
residual_rc_n192,nid006538,hex8,residual,atomic,atomic,sumfact,affine,0.000000e+00,72,0,192,7189057,7077888,28756228,0,0.0000,n/a,20,4.948499203e-02,581.1101,4576.9921,143.0310,107.8454,0,0,0,-1.622822969755e-14,1,1.000000,0,sumfact,on,off,0,0,0,0,0,,,0.000,,,,,,,
residual_rc_n192,nid006538,hex8,residual,packed,packed,sumfact,affine,0.000000e+00,72,2048,192,7189057,7077888,28756228,0,0.0000,n/a,20,2.081936598e-02,1381.2250,10878.9296,339.9665,256.3348,0,0,0,-1.538764775322e-14,1,1.000000,0,sumfact,on,off,0,0,0,0,0,,,0.000,,,,,,,
residual_current_n192,nid006538,hex8,residual,packed,packed,current,affine,0.000000e+00,72,2048,192,7189057,7077888,28756228,0,0.0000,n/a,20,1.354966164e-02,2122.2838,16715.7249,522.3664,393.8643,0,0,0,-1.793000698001e-14,0,0.000000,0,current,off,off,0,0,0,0,0,,,0.000,,,,,,,
residual_current_n192,nid006538,hex8,residual,atomic,atomic,current,affine,0.000000e+00,72,0,192,7189057,7077888,28756228,0,0.0000,n/a,20,3.331829309e-02,863.0763,6797.8397,212.4325,160.1741,0,0,0,-1.950513589619e-14,0,0.000000,0,current,off,off,0,0,0,0,0,,,0.000,,,,,,,
jac_bare_n192,nid006538,hex8,jac_action,atomic,atomic,sumfact,affine,0.000000e+00,72,0,192,7189057,7077888,28756228,0,0.0000,n/a,20,3.467515707e-02,829.3035,6531.8353,204.1199,173.5019,0,0,0,2.370846842958e-11,0,0.000000,0,n/a,off,off,0,0,0,0,0,,,0.000,,,,,,,
jac_bare_n192,nid006538,hex8,jac_action,packed,packed,sumfact,affine,0.000000e+00,72,2048,192,7189057,7077888,28756228,0,0.0000,n/a,20,1.505243778e-02,1910.4034,15046.8927,470.2154,399.6831,0,0,0,2.364980412027e-11,0,0.000000,0,n/a,off,off,0,0,0,0,0,,,0.000,,,,,,,
residual_bare_n192,nid006538,hex8,residual,atomic,atomic,sumfact,affine,0.000000e+00,72,0,192,7189057,7077888,28756228,0,0.0000,n/a,20,3.373007774e-02,852.5396,6714.8501,209.8391,158.2187,0,0,0,-1.625251582621e-14,0,0.000000,0,sumfact,off,off,0,0,0,0,0,,,0.000,,,,,,,
residual_bare_n192,nid006538,hex8,residual,packed,packed,sumfact,affine,0.000000e+00,72,2048,192,7189057,7077888,28756228,0,0.0000,n/a,20,1.112432480e-02,2584.9864,20360.1046,636.2533,479.7350,0,0,0,-1.637644013452e-14,0,0.000000,0,sumfact,off,off,0,0,0,0,0,,,0.000,,,,,,,
residual_bare_n64,nid006538,hex8,residual,packed,packed,sumfact,affine,0.000000e+00,72,2048,64,274625,262144,1098500,0,0.0000,n/a,20,4.076719284e-04,2694.5687,20576.8595,643.0269,484.8423,0,0,0,-1.134075472420e-14,0,0.000000,0,sumfact,off,off,0,0,0,0,0,,,0.000,,,,,,,
residual_bare_n64,nid006538,hex8,residual,atomic,atomic,sumfact,affine,0.000000e+00,72,0,64,274625,262144,1098500,0,0.0000,n/a,20,1.343691349e-03,817.5241,6242.9575,195.0924,147.0997,0,0,0,-1.236760260176e-14,0,0.000000,0,sumfact,off,off,0,0,0,0,0,,,0.000,,,,,,,
jac_bare_n64,nid006538,hex8,jac_action,packed,packed,sumfact,affine,0.000000e+00,72,2048,64,274625,262144,1098500,0,0.0000,n/a,20,5.501747131e-04,1996.6385,15247.1711,476.4741,405.0030,0,0,0,-9.063975156369e-13,0,0.000000,0,n/a,off,off,0,0,0,0,0,,,0.000,,,,,,,
jac_bare_n64,nid006538,hex8,jac_action,atomic,atomic,sumfact,affine,0.000000e+00,72,0,64,274625,262144,1098500,0,0.0000,n/a,20,1.438045502e-03,763.8840,5833.3398,182.2919,154.9481,0,0,0,-9.066751256032e-13,0,0.000000,0,n/a,off,off,0,0,0,0,0,,,0.000,,,,,,,
residual_current_n64,nid006538,hex8,residual,atomic,atomic,current,affine,0.000000e+00,72,0,64,274625,262144,1098500,0,0.0000,n/a,20,1.268601418e-03,865.9142,6612.4851,206.6402,155.8067,0,0,0,-1.240218865106e-14,0,0.000000,0,current,off,off,0,0,0,0,0,,,0.000,,,,,,,
residual_current_n64,nid006538,hex8,residual,packed,packed,current,affine,0.000000e+00,72,2048,64,274625,262144,1098500,0,0.0000,n/a,20,5.419254303e-04,2027.0317,15479.2662,483.7271,364.7302,0,0,0,-1.151401023136e-14,0,0.000000,0,current,off,off,0,0,0,0,0,,,0.000,,,,,,,
residual_rc_n64,nid006538,hex8,residual,packed,packed,sumfact,affine,0.000000e+00,72,2048,64,274625,262144,1098500,0,0.0000,n/a,20,7.677912712e-04,1430.7274,10925.6361,341.4261,257.4353,0,0,0,-1.139626587543e-14,1,1.000000,0,sumfact,on,off,0,0,0,0,0,,,0.000,,,,,,,
residual_rc_n64,nid006538,hex8,residual,atomic,atomic,sumfact,affine,0.000000e+00,72,0,64,274625,262144,1098500,0,0.0000,n/a,20,1.832723618e-03,599.3812,4577.1266,143.0352,107.8485,0,0,0,-1.283597794027e-14,1,1.000000,0,sumfact,on,off,0,0,0,0,0,,,0.000,,,,,,,
residual_rc_bnd_n64,nid006538,hex8,residual,packed,packed,sumfact,affine,0.000000e+00,72,2048,64,274625,262144,1098500,0,0.0000,n/a,20,8.362531662e-04,1313.5974,10031.1823,313.4744,236.3597,0,0,0,3.727500000000e+00,1,1.000000,1,sumfact,on,on,0,0,0,0,0,,,0.000,,,,,,,
residual_rc_bnd_n64,nid006538,hex8,residual,atomic,atomic,sumfact,affine,0.000000e+00,72,0,64,274625,262144,1098500,0,0.0000,n/a,20,1.871013641e-03,587.1149,4483.4564,140.1080,105.6414,0,0,0,3.727500000000e+00,1,1.000000,1,sumfact,on,on,0,0,0,0,0,,,0.000,,,,,,,
residual_rc_bnd_dt_n64,nid006538,hex8,residual,packed,packed,sumfact,affine,0.000000e+00,72,2048,64,274625,262144,1098500,0,0.0000,n/a,20,8.695960045e-04,1263.2303,9646.5577,301.4549,227.2970,0,0,0,6.759321052459e+00,1,1.000000,1,sumfact,on,on,0,0,0,0,1,,,0.000,,,,,,,
residual_rc_bnd_dt_n64,nid006538,hex8,residual,atomic,atomic,sumfact,affine,0.000000e+00,72,0,64,274625,262144,1098500,0,0.0000,n/a,20,1.926112175e-03,570.3198,4355.2022,136.1001,102.6195,0,0,0,6.759448953731e+00,1,1.000000,1,sumfact,on,on,0,0,0,0,1,,,0.000,,,,,,,
residual_rc_perapply_n64,nid006538,hex8,residual,packed,packed,sumfact,affine,0.000000e+00,72,2048,64,274625,262144,1098500,0,0.0000,n/a,20,8.627653122e-04,1273.2315,9722.9315,303.8416,229.0966,0,0,0,-1.139626587543e-14,1,1.000000,0,sumfact,on,off,0,1,0,0,0,,,0.000,,,,,,,
residual_rc_perapply_n64,nid006538,hex8,residual,atomic,atomic,sumfact,affine,0.000000e+00,72,0,64,274625,262144,1098500,0,0.0000,n/a,20,2.699935436e-03,406.8616,3106.9661,97.0927,73.2079,0,0,0,-1.283597794027e-14,1,1.000000,0,sumfact,on,off,0,1,0,0,0,,,0.000,,,,,,,
jac_rc_n64,nid006538,hex8,jac_action,packed,packed,sumfact,affine,0.000000e+00,72,2048,64,274625,262144,1098500,0,0.0000,n/a,20,1.066946983e-03,1029.5732,7862.2538,245.6954,208.8411,0,0,0,-4.672237531762e-13,1,1.000000,0,n/a,exact,off,1,0,0,0,0,1.291136000e-04,0.121012,0.000,,,,,,,
jac_rc_n64,nid006538,hex8,jac_action,atomic,atomic,sumfact,affine,0.000000e+00,72,0,64,274625,262144,1098500,0,0.0000,n/a,20,2.492928505e-03,440.6464,3364.9613,105.1550,89.3818,0,0,0,-4.704104944117e-13,1,1.000000,0,n/a,exact,off,1,0,0,0,0,1.359360000e-04,0.054529,0.000,,,,,,,
jac_rc_bnd_n64,nid006538,hex8,jac_action,packed,packed,sumfact,affine,0.000000e+00,72,2048,64,274625,262144,1098500,0,0.0000,n/a,20,1.135253906e-03,967.6249,7389.1910,230.9122,196.2754,0,0,0,5.044059835243e+00,1,1.000000,1,n/a,exact,on,1,0,0,0,0,1.313792000e-04,0.115727,0.000,,,,,,,
jac_rc_bnd_n64,nid006538,hex8,jac_action,atomic,atomic,sumfact,affine,0.000000e+00,72,0,64,274625,262144,1098500,0,0.0000,n/a,20,2.556622028e-03,429.6685,3281.1295,102.5353,87.1550,0,0,0,5.044059835243e+00,1,1.000000,1,n/a,exact,on,1,0,0,0,0,1.323136000e-04,0.051753,0.000,,,,,,,
assemble_n64,nid006538,hex8,assemble,packed,packed,sumfact,affine,0.000000e+00,72,2048,64,274625,262144,1098500,7189057,877.5704,f64,20,1.931161880e-02,56.8829,434.3814,13.5744,31.2755,0,0,0,2.702430495366e-10,0,0.000000,0,sumfact,off,off,0,0,0,0,0,,,0.000,,,,,,,
assemble_n64,nid006538,hex8,assemble,atomic,atomic,sumfact,affine,0.000000e+00,72,0,64,274625,262144,1098500,7189057,877.5704,f64,20,2.810065746e-02,39.0916,298.5200,9.3287,21.4934,0,0,0,2.702932316173e-10,0,0.000000,0,sumfact,off,off,0,0,0,0,0,,,0.000,,,,,,,
assemble_n64,nid006538,hex8,assemble,colored,colored,sumfact,affine,0.000000e+00,72,2048,64,274625,262144,1098500,7189057,877.5704,f64,20,2.305012941e-02,47.6570,363.9289,11.3728,26.2029,11,11,12,2.702430495366e-10,0,0.000000,0,sumfact,off,off,0,0,0,0,0,,,0.000,,,,,,,
assemble_n64,nid006538,hex8,assemble,store,store,sumfact,affine,0.000000e+00,72,2048,64,274625,262144,1098500,7189057,877.5704,f64,20,1.448689699e-02,75.8271,579.0479,18.0952,41.6915,0,0,0,2.702430495366e-10,0,0.000000,0,sumfact,off,off,0,0,0,0,0,,,0.000,,,,,,,
assemble_sympy_n64,nid006538,hex8,assemble,atomic,atomic,sympy,affine,0.000000e+00,72,0,64,274625,262144,1098500,7189057,877.5704,f64,20,1.960432529e-02,56.0336,427.8958,13.3717,30.8085,0,0,0,2.702932318341e-10,0,0.000000,0,sympy,off,off,0,0,0,0,0,,,0.000,,,,,,,
assemble_sympy_n64,nid006538,hex8,assemble,colored,colored,sympy,affine,0.000000e+00,72,2048,64,274625,262144,1098500,7189057,877.5704,f64,20,2.822221518e-02,38.9232,297.2342,9.2886,21.4009,11,11,12,2.702430497534e-10,0,0.000000,0,sympy,off,off,0,0,0,0,0,,,0.000,,,,,,,
assemble_diag_n64,nid006538,hex8,assemble_diag,atomic,atomic,sumfact,affine,0.000000e+00,72,0,64,274625,262144,1098500,0,0.0000,n/a,20,1.037307978e-02,105.8991,808.6902,25.2716,19.0548,0,0,0,5.801523603040e+02,0,0.000000,0,n/a,off,off,0,0,0,0,0,,,0.000,,,,,,,
spmv_f64_n64,nid006538,hex8,bsr_apply,packed,n/a,sumfact,affine,0.000000e+00,72,2048,64,274625,262144,1098500,7189057,877.5704,f64,20,2.302002907e-03,477.1931,0.0000,0.0000,0.0000,0,0,0,-9.061069494547e-13,0,0.000000,0,n/a,off,off,0,0,0,0,0,,,0.000,,,,,,,
spmv_f32_n64,nid006538,hex8,bsr_apply,packed,n/a,sumfact,affine,0.000000e+00,72,2048,64,274625,262144,1098500,7189057,438.7852,f32,20,1.039004326e-03,1057.2622,0.0000,0.0000,0.0000,0,0,0,1.266297573960e-05,0,0.000000,0,n/a,off,off,0,0,0,0,0,,,0.000,,,,,,,
residual_bare_n96,nid006538,hex8,residual,packed,packed,sumfact,affine,0.000000e+00,72,2048,96,912673,884736,3650692,0,0.0000,n/a,20,1.248824596e-03,2923.3024,22670.5592,708.4550,534.1751,0,0,0,8.463618261095e-14,0,0.000000,0,sumfact,off,off,0,0,0,0,0,,,0.000,,,,,,,
residual_bare_n96,nid006538,hex8,residual,atomic,atomic,sumfact,affine,0.000000e+00,72,0,96,912673,884736,3650692,0,0.0000,n/a,20,4.396808147e-03,830.3050,6439.1147,201.2223,151.7216,0,0,0,9.779471069754e-14,0,0.000000,0,sumfact,off,off,0,0,0,0,0,,,0.000,,,,,,,
jac_bare_n96,nid006538,hex8,jac_action,packed,packed,sumfact,affine,0.000000e+00,72,2048,96,912673,884736,3650692,0,0.0000,n/a,20,1.735961437e-03,2102.9799,16308.8600,509.6519,433.2041,0,0,0,-1.951219960887e-12,0,0.000000,0,n/a,off,off,0,0,0,0,0,,,0.000,,,,,,,
jac_bare_n96,nid006538,hex8,jac_action,atomic,atomic,sumfact,affine,0.000000e+00,72,0,96,912673,884736,3650692,0,0.0000,n/a,20,4.425489902e-03,824.9238,6397.3826,199.9182,169.9305,0,0,0,-1.962634441359e-12,0,0.000000,0,n/a,off,off,0,0,0,0,0,,,0.000,,,,,,,
residual_current_n96,nid006538,hex8,residual,atomic,atomic,current,affine,0.000000e+00,72,0,96,912673,884736,3650692,0,0.0000,n/a,20,4.986023903e-03,732.1850,5678.1822,177.4432,133.7922,0,0,0,1.028125609821e-13,0,0.000000,0,current,off,off,0,0,0,0,0,,,0.000,,,,,,,
residual_current_n96,nid006538,hex8,residual,packed,packed,current,affine,0.000000e+00,72,2048,96,912673,884736,3650692,0,0.0000,n/a,20,1.642453671e-03,2222.7062,17237.3520,538.6672,406.1551,0,0,0,8.832415051077e-14,0,0.000000,0,current,off,off,0,0,0,0,0,,,0.000,,,,,,,
residual_rc_n96,nid006538,hex8,residual,packed,packed,sumfact,affine,0.000000e+00,72,2048,96,912673,884736,3650692,0,0.0000,n/a,20,2.471148968e-03,1477.3257,11456.8374,358.0262,269.9517,0,0,0,8.513567455182e-14,1,1.000000,0,sumfact,on,off,0,0,0,0,0,,,0.000,,,,,,,
residual_rc_n96,nid006538,hex8,residual,atomic,atomic,sumfact,affine,0.000000e+00,72,0,96,912673,884736,3650692,0,0.0000,n/a,20,6.247651577e-03,584.3303,4531.5510,141.6110,106.7747,0,0,0,9.933444041280e-14,1,1.000000,0,sumfact,on,off,0,0,0,0,0,,,0.000,,,,,,,
residual_rc_bnd_n96,nid006538,hex8,residual,packed,packed,sumfact,affine,0.000000e+00,72,2048,96,912673,884736,3650692,0,0.0000,n/a,20,2.711164951e-03,1346.5400,10442.5782,326.3306,246.0532,0,0,0,3.727500000000e+00,1,1.000000,1,sumfact,on,on,0,0,0,0,0,,,0.000,,,,,,,
residual_rc_bnd_n96,nid006538,hex8,residual,atomic,atomic,sumfact,affine,0.000000e+00,72,0,96,912673,884736,3650692,0,0.0000,n/a,20,6.412363052e-03,569.3209,4415.1511,137.9735,104.0320,0,0,0,3.727500000000e+00,1,1.000000,1,sumfact,on,on,0,0,0,0,0,,,0.000,,,,,,,
residual_rc_bnd_dt_n96,nid006538,hex8,residual,packed,packed,sumfact,affine,0.000000e+00,72,2048,96,912673,884736,3650692,0,0.0000,n/a,20,2.874386311e-03,1270.0770,9849.5988,307.8000,232.0812,0,0,0,6.759222128181e+00,1,1.000000,1,sumfact,on,on,0,0,0,0,1,,,0.000,,,,,,,
residual_rc_bnd_dt_n96,nid006538,hex8,residual,atomic,atomic,sumfact,affine,0.000000e+00,72,0,96,912673,884736,3650692,0,0.0000,n/a,20,6.601953506e-03,552.9715,4288.3598,134.0112,101.0445,0,0,0,6.759287405709e+00,1,1.000000,1,sumfact,on,on,0,0,0,0,1,,,0.000,,,,,,,
residual_rc_perapply_n96,nid006538,hex8,residual,packed,packed,sumfact,affine,0.000000e+00,72,2048,96,912673,884736,3650692,0,0.0000,n/a,20,2.839303017e-03,1285.7705,9971.3035,311.6032,234.9488,0,0,0,8.513567455182e-14,1,1.000000,0,sumfact,on,off,0,1,0,0,0,,,0.000,,,,,,,
residual_rc_perapply_n96,nid006538,hex8,residual,atomic,atomic,sumfact,affine,0.000000e+00,72,0,96,912673,884736,3650692,0,0.0000,n/a,20,8.800137043e-03,414.8449,3217.1717,100.5366,75.8046,0,0,0,9.933444041280e-14,1,1.000000,0,sumfact,on,off,0,1,0,0,0,,,0.000,,,,,,,
jac_rc_n96,nid006538,hex8,jac_action,packed,packed,sumfact,affine,0.000000e+00,72,2048,96,912673,884736,3650692,0,0.0000,n/a,20,3.965628147e-03,920.5835,7139.2352,223.1011,189.6359,0,0,0,-2.052185190445e-13,1,1.000000,0,n/a,exact,off,1,0,0,0,0,6.651136000e-04,0.167720,0.000,,,,,,,
jac_rc_n96,nid006538,hex8,jac_action,atomic,atomic,sumfact,affine,0.000000e+00,72,0,96,912673,884736,3650692,0,0.0000,n/a,20,8.549618721e-03,427.0006,3311.4403,103.4825,87.9601,0,0,0,-2.097467978381e-13,1,1.000000,0,n/a,exact,off,1,0,0,0,0,5.292928000e-04,0.061908,0.000,,,,,,,
jac_rc_bnd_n96,nid006538,hex8,jac_action,packed,packed,sumfact,affine,0.000000e+00,72,2048,96,912673,884736,3650692,0,0.0000,n/a,20,4.260778427e-03,856.8134,6644.6900,207.6466,176.4996,0,0,0,5.046234218079e+00,1,1.000000,1,n/a,exact,on,1,0,0,0,0,6.358400000e-04,0.149231,0.000,,,,,,,
jac_rc_bnd_n96,nid006538,hex8,jac_action,atomic,atomic,sumfact,affine,0.000000e+00,72,0,96,912673,884736,3650692,0,0.0000,n/a,20,8.779609203e-03,415.8149,3224.6939,100.7717,85.6559,0,0,0,5.046234218079e+00,1,1.000000,1,n/a,exact,on,1,0,0,0,0,5.423360000e-04,0.061772,0.000,,,,,,,
assemble_n96,nid006538,hex8,assemble,packed,packed,sumfact,affine,0.000000e+00,72,2048,96,912673,884736,3650692,24137569,2946.4806,f64,20,6.582576036e-02,55.4599,430.0984,13.4406,30.9671,0,0,0,7.424116575276e-11,0,0.000000,0,sumfact,off,off,0,0,0,0,0,,,0.000,,,,,,,
assemble_n96,nid006538,hex8,assemble,atomic,atomic,sumfact,affine,0.000000e+00,72,0,96,912673,884736,3650692,24137569,2946.4806,f64,20,9.389479160e-02,38.8807,301.5242,9.4226,21.7097,0,0,0,7.342422201788e-11,0,0.000000,0,sumfact,off,off,0,0,0,0,0,,,0.000,,,,,,,
assemble_n96,nid006538,hex8,assemble,colored,colored,sumfact,affine,0.000000e+00,72,2048,96,912673,884736,3650692,24137569,2946.4806,f64,20,4.477256536e-02,81.5386,632.3415,19.7607,45.5286,17,25,26,7.428368729460e-11,0,0.000000,0,sumfact,off,off,0,0,0,0,0,,,0.000,,,,,,,
assemble_n96,nid006538,hex8,assemble,store,store,sumfact,affine,0.000000e+00,72,2048,96,912673,884736,3650692,24137569,2946.4806,f64,20,5.025235415e-02,72.6472,563.3876,17.6059,40.5639,0,0,0,7.424116575276e-11,0,0.000000,0,sumfact,off,off,0,0,0,0,0,,,0.000,,,,,,,
assemble_sympy_n96,nid006538,hex8,assemble,atomic,atomic,sympy,affine,0.000000e+00,72,0,96,912673,884736,3650692,24137569,2946.4806,f64,20,6.743180752e-02,54.1390,419.8546,13.1205,30.2295,0,0,0,6.578006241380e-11,0,0.000000,0,sympy,off,off,0,0,0,0,0,,,0.000,,,,,,,
assemble_sympy_n96,nid006538,hex8,assemble,colored,colored,sympy,affine,0.000000e+00,72,2048,96,912673,884736,3650692,24137569,2946.4806,f64,20,5.144455433e-02,70.9636,550.3314,17.1979,39.6239,17,25,26,6.667015596822e-11,0,0.000000,0,sympy,off,off,0,0,0,0,0,,,0.000,,,,,,,
assemble_diag_n96,nid006538,hex8,assemble_diag,atomic,atomic,sumfact,affine,0.000000e+00,72,0,96,912673,884736,3650692,0,0.0000,n/a,20,3.272334337e-02,111.5623,865.1791,27.0368,20.3858,0,0,0,1.054549351220e+03,0,0.000000,0,n/a,off,off,0,0,0,0,0,,,0.000,,,,,,,
spmv_f64_n96,nid006538,hex8,bsr_apply,packed,n/a,sumfact,affine,0.000000e+00,72,2048,96,912673,884736,3650692,24137569,2946.4806,f64,20,8.273816109e-03,441.2344,0.0000,0.0000,0.0000,0,0,0,-2.144415680726e-12,0,0.000000,0,n/a,off,off,0,0,0,0,0,,,0.000,,,,,,,
spmv_f32_n96,nid006538,hex8,bsr_apply,packed,n/a,sumfact,affine,0.000000e+00,72,2048,96,912673,884736,3650692,24137569,1473.2403,f32,20,4.280292988e-03,852.9070,0.0000,0.0000,0.0000,0,0,0,-1.160063154236e-06,0,0.000000,0,n/a,off,off,0,0,0,0,0,,,0.000,,,,,,,
residual_bare_n128,nid006538,hex8,residual,packed,packed,sumfact,affine,0.000000e+00,72,2048,128,2146689,2097152,8586756,0,0.0000,n/a,20,3.376173973e-03,2543.3393,19877.1937,621.1623,468.3564,0,0,0,1.371529842822e-13,0,0.000000,0,sumfact,off,off,0,0,0,0,0,,,0.000,,,,,,,
residual_bare_n128,nid006538,hex8,residual,atomic,atomic,sumfact,affine,0.000000e+00,72,0,128,2146689,2097152,8586756,0,0.0000,n/a,20,1.011788845e-02,848.6708,6632.6946,207.2717,156.2829,0,0,0,1.381383614267e-13,0,0.000000,0,sumfact,off,off,0,0,0,0,0,,,0.000,,,,,,,
jac_bare_n128,nid006538,hex8,jac_action,packed,packed,sumfact,affine,0.000000e+00,72,2048,128,2146689,2097152,8586756,0,0.0000,n/a,20,4.538905621e-03,1891.8120,14785.2521,462.0391,392.7333,0,0,0,-3.356411692633e-12,0,0.000000,0,n/a,off,off,0,0,0,0,0,,,0.000,,,,,,,
jac_bare_n128,nid006538,hex8,jac_action,atomic,atomic,sumfact,affine,0.000000e+00,72,0,128,2146689,2097152,8586756,0,0.0000,n/a,20,1.045645475e-02,821.1919,6417.9366,200.5605,170.4764,0,0,0,-3.356466742998e-12,0,0.000000,0,n/a,off,off,0,0,0,0,0,,,0.000,,,,,,,
residual_current_n128,nid006538,hex8,residual,atomic,atomic,current,affine,0.000000e+00,72,0,128,2146689,2097152,8586756,0,0.0000,n/a,20,9.759867191e-03,879.8025,6876.0018,214.8751,162.0158,0,0,0,1.381248631097e-13,0,0.000000,0,current,off,off,0,0,0,0,0,,,0.000,,,,,,,
residual_current_n128,nid006538,hex8,residual,packed,packed,current,affine,0.000000e+00,72,2048,128,2146689,2097152,8586756,0,0.0000,n/a,20,4.078280926e-03,2105.4842,16455.1842,514.2245,387.7253,0,0,0,1.371534179631e-13,0,0.000000,0,current,off,off,0,0,0,0,0,,,0.000,,,,,,,
residual_rc_n128,nid006538,hex8,residual,packed,packed,sumfact,affine,0.000000e+00,72,2048,128,2146689,2097152,8586756,0,0.0000,n/a,20,6.426537037e-03,1336.1404,10442.4613,326.3269,246.0505,0,0,0,1.371512495588e-13,1,1.000000,0,sumfact,on,off,0,0,0,0,0,,,0.000,,,,,,,
residual_rc_n128,nid006538,hex8,residual,atomic,atomic,sumfact,affine,0.000000e+00,72,0,128,2146689,2097152,8586756,0,0.0000,n/a,20,1.472456455e-02,583.1586,4557.6128,142.4254,107.3888,0,0,0,1.381366267032e-13,1,1.000000,0,sumfact,on,off,0,0,0,0,0,,,0.000,,,,,,,
residual_rc_bnd_n128,nid006538,hex8,residual,packed,packed,sumfact,affine,0.000000e+00,72,2048,128,2146689,2097152,8586756,0,0.0000,n/a,20,6.759536266e-03,1270.3173,9928.0278,310.2509,233.9292,0,0,0,3.727500000000e+00,1,1.000000,1,sumfact,on,on,0,0,0,0,0,,,0.000,,,,,,,
residual_rc_bnd_n128,nid006538,hex8,residual,atomic,atomic,sumfact,affine,0.000000e+00,72,0,128,2146689,2097152,8586756,0,0.0000,n/a,20,1.483215094e-02,578.9286,4524.5537,141.3923,106.6098,0,0,0,3.727500000000e+00,1,1.000000,1,sumfact,on,on,0,0,0,0,0,,,0.000,,,,,,,
residual_rc_bnd_dt_n128,nid006538,hex8,residual,packed,packed,sumfact,affine,0.000000e+00,72,2048,128,2146689,2097152,8586756,0,0.0000,n/a,20,8.253824711e-03,1040.3366,8130.6384,254.0824,191.5782,0,0,0,6.759281944370e+00,1,1.000000,1,sumfact,on,on,0,0,0,0,1,,,0.000,,,,,,,
residual_rc_bnd_dt_n128,nid006538,hex8,residual,atomic,atomic,sumfact,affine,0.000000e+00,72,0,128,2146689,2097152,8586756,0,0.0000,n/a,20,1.540306807e-02,557.4705,4356.8504,136.1516,102.6583,0,0,0,6.759329548060e+00,1,1.000000,1,sumfact,on,on,0,0,0,0,1,,,0.000,,,,,,,
residual_rc_perapply_n128,nid006538,hex8,residual,packed,packed,sumfact,affine,0.000000e+00,72,2048,128,2146689,2097152,8586756,0,0.0000,n/a,20,7.286679745e-03,1178.4182,9209.8001,287.8063,217.0059,0,0,0,1.371512495588e-13,1,1.000000,0,sumfact,on,off,0,1,0,0,0,,,0.000,,,,,,,
residual_rc_perapply_n128,nid006538,hex8,residual,atomic,atomic,sumfact,affine,0.000000e+00,72,0,128,2146689,2097152,8586756,0,0.0000,n/a,20,1.983857155e-02,432.8314,3382.7468,105.7108,79.7060,0,0,0,1.381366267032e-13,1,1.000000,0,sumfact,on,off,0,1,0,0,0,,,0.000,,,,,,,
jac_rc_n128,nid006538,hex8,jac_action,packed,packed,sumfact,affine,0.000000e+00,72,2048,128,2146689,2097152,8586756,0,0.0000,n/a,20,9.954249859e-03,862.6221,6741.7299,210.6791,179.0772,0,0,0,7.525805065939e-14,1,1.000000,0,n/a,exact,off,1,0,0,0,0,1.621043200e-03,0.162849,0.000,,,,,,,
jac_rc_n128,nid006538,hex8,jac_action,atomic,atomic,sumfact,affine,0.000000e+00,72,0,128,2146689,2097152,8586756,0,0.0000,n/a,20,1.992214918e-02,431.0155,3368.5554,105.2674,89.4773,0,0,0,9.269852680599e-14,1,1.000000,0,n/a,exact,off,1,0,0,0,0,1.446707200e-03,0.072618,0.000,,,,,,,
jac_rc_bnd_n128,nid006538,hex8,jac_action,packed,packed,sumfact,affine,0.000000e+00,72,2048,128,2146689,2097152,8586756,0,0.0000,n/a,20,1.046289206e-02,820.6867,6413.9880,200.4371,170.3716,0,0,0,5.044940681195e+00,1,1.000000,1,n/a,exact,on,1,0,0,0,0,1.609676800e-03,0.153846,0.000,,,,,,,
jac_rc_bnd_n128,nid006538,hex8,jac_action,atomic,atomic,sumfact,affine,0.000000e+00,72,0,128,2146689,2097152,8586756,0,0.0000,n/a,20,2.066123486e-02,415.5974,3248.0568,101.5018,86.2765,0,0,0,5.044940681195e+00,1,1.000000,1,n/a,exact,on,1,0,0,0,0,1.449331200e-03,0.070147,0.000,,,,,,,
assemble_n128,nid006538,hex8,assemble,packed,packed,sumfact,affine,0.000000e+00,72,2048,128,2146689,2097152,8586756,57066625,6966.1407,f64,20,1.517761469e-01,56.5751,442.1569,13.8174,31.8353,0,0,0,-3.076222088107e-08,0,0.000000,0,sumfact,off,off,0,0,0,0,0,,,0.000,,,,,,,
assemble_n128,nid006538,hex8,assemble,atomic,atomic,sumfact,affine,0.000000e+00,72,0,128,2146689,2097152,8586756,57066625,6966.1407,f64,20,2.250636458e-01,38.1526,298.1773,9.3180,21.4688,0,0,0,-3.076550014682e-08,0,0.000000,0,sumfact,off,off,0,0,0,0,0,,,0.000,,,,,,,
assemble_n128,nid006538,hex8,assemble,colored,colored,sumfact,affine,0.000000e+00,72,2048,128,2146689,2097152,8586756,57066625,6966.1407,f64,20,9.124156237e-02,94.1101,735.5076,22.9846,52.9565,14,72,74,-3.076222088107e-08,0,0.000000,0,sumfact,off,off,0,0,0,0,0,,,0.000,,,,,,,
assemble_n128,nid006538,hex8,assemble,store,store,sumfact,affine,0.000000e+00,72,2048,128,2146689,2097152,8586756,57066625,6966.1407,f64,20,1.128351927e-01,76.1000,594.7512,18.5860,42.8221,0,0,0,-3.076222088107e-08,0,0.000000,0,sumfact,off,off,0,0,0,0,0,,,0.000,,,,,,,
assemble_sympy_n128,nid006538,hex8,assemble,atomic,atomic,sympy,affine,0.000000e+00,72,0,128,2146689,2097152,8586756,57066625,6966.1407,f64,20,1.564927459e-01,54.8700,428.8305,13.4010,30.8758,0,0,0,-3.076550013728e-08,0,0.000000,0,sympy,off,off,0,0,0,0,0,,,0.000,,,,,,,
assemble_sympy_n128,nid006538,hex8,assemble,colored,colored,sympy,affine,0.000000e+00,72,2048,128,2146689,2097152,8586756,57066625,6966.1407,f64,20,9.818174839e-02,87.4578,683.5167,21.3599,49.2132,14,72,74,-3.076222087847e-08,0,0.000000,0,sympy,off,off,0,0,0,0,0,,,0.000,,,,,,,
assemble_diag_n128,nid006538,hex8,assemble_diag,atomic,atomic,sumfact,affine,0.000000e+00,72,0,128,2146689,2097152,8586756,0,0.0000,n/a,20,7.616267204e-02,112.7423,881.1254,27.5352,20.7615,0,0,0,1.651826180067e+03,0,0.000000,0,n/a,off,off,0,0,0,0,0,,,0.000,,,,,,,
spmv_f64_n128,nid006538,hex8,bsr_apply,packed,n/a,sumfact,affine,0.000000e+00,72,2048,128,2146689,2097152,8586756,57066625,6966.1407,f64,20,1.937252283e-02,443.2441,0.0000,0.0000,0.0000,0,0,0,-3.359821589780e-12,0,0.000000,0,n/a,off,off,0,0,0,0,0,,,0.000,,,,,,,
spmv_f32_n128,nid006538,hex8,bsr_apply,packed,n/a,sumfact,affine,0.000000e+00,72,2048,128,2146689,2097152,8586756,57066625,3483.0704,f32,20,1.043721437e-02,822.7057,0.0000,0.0000,0.0000,0,0,0,4.661783736126e-05,0,0.000000,0,n/a,off,off,0,0,0,0,0,,,0.000,,,,,,,
residual_bare_n160,nid006538,hex8,residual,packed,packed,sumfact,affine,0.000000e+00,72,2048,160,4173281,4096000,16693124,0,0.0000,n/a,20,6.501245499e-03,2567.6809,20161.0599,630.0331,475.0450,0,0,0,-6.926008161087e-14,0,0.000000,0,sumfact,off,off,0,0,0,0,0,,,0.000,,,,,,,
residual_bare_n160,nid006538,hex8,residual,atomic,atomic,sumfact,affine,0.000000e+00,72,0,160,4173281,4096000,16693124,0,0.0000,n/a,20,2.050098181e-02,814.2597,6393.4499,199.7953,150.6457,0,0,0,-7.557772766995e-14,0,0.000000,0,sumfact,off,off,0,0,0,0,0,,,0.000,,,,,,,
jac_bare_n160,nid006538,hex8,jac_action,packed,packed,sumfact,affine,0.000000e+00,72,2048,160,4173281,4096000,16693124,0,0.0000,n/a,20,8.916401863e-03,1872.1817,14700.1001,459.3781,390.4714,0,0,0,7.483083570110e-13,0,0.000000,0,n/a,off,off,0,0,0,0,0,,,0.000,,,,,,,
jac_bare_n160,nid006538,hex8,jac_action,atomic,atomic,sumfact,affine,0.000000e+00,72,0,160,4173281,4096000,16693124,0,0.0000,n/a,20,2.040989399e-02,817.8937,6421.9834,200.6870,170.5839,0,0,0,7.566951351536e-13,0,0.000000,0,n/a,off,off,0,0,0,0,0,,,0.000,,,,,,,
residual_current_n160,nid006538,hex8,residual,atomic,atomic,current,affine,0.000000e+00,72,0,160,4173281,4096000,16693124,0,0.0000,n/a,20,2.015577555e-02,828.2055,6502.9500,203.2172,153.2258,0,0,0,-7.131918482433e-14,0,0.000000,0,current,off,off,0,0,0,0,0,,,0.000,,,,,,,
residual_current_n160,nid006538,hex8,residual,packed,packed,current,affine,0.000000e+00,72,2048,160,4173281,4096000,16693124,0,0.0000,n/a,20,7.828223705e-03,2132.4281,16743.5174,523.2349,394.5191,0,0,0,-6.568480297436e-14,0,0.000000,0,current,off,off,0,0,0,0,0,,,0.000,,,,,,,
residual_rc_n160,nid006538,hex8,residual,packed,packed,sumfact,affine,0.000000e+00,72,2048,160,4173281,4096000,16693124,0,0.0000,n/a,20,1.240364313e-02,1345.8243,10567.2179,330.2256,248.9901,0,0,0,-7.066434026468e-14,1,1.000000,0,sumfact,on,off,0,0,0,0,0,,,0.000,,,,,,,
residual_rc_n160,nid006538,hex8,residual,atomic,atomic,sumfact,affine,0.000000e+00,72,0,160,4173281,4096000,16693124,0,0.0000,n/a,20,2.968609333e-02,562.3213,4415.2660,137.9771,104.0347,0,0,0,-7.449527377346e-14,1,1.000000,0,sumfact,on,off,0,0,0,0,0,,,0.000,,,,,,,
residual_rc_bnd_n160,nid006538,hex8,residual,packed,packed,sumfact,affine,0.000000e+00,72,2048,160,4173281,4096000,16693124,0,0.0000,n/a,20,1.325697899e-02,1259.1952,9887.0188,308.9693,232.9629,0,0,0,3.727500000000e+00,1,1.000000,1,sumfact,on,on,0,0,0,0,0,,,0.000,,,,,,,
residual_rc_bnd_n160,nid006538,hex8,residual,atomic,atomic,sumfact,affine,0.000000e+00,72,0,160,4173281,4096000,16693124,0,0.0000,n/a,20,3.025767803e-02,551.6988,4331.8592,135.3706,102.0694,0,0,0,3.727500000000e+00,1,1.000000,1,sumfact,on,on,0,0,0,0,0,,,0.000,,,,,,,
residual_rc_bnd_dt_n160,nid006538,hex8,residual,packed,packed,sumfact,affine,0.000000e+00,72,2048,160,4173281,4096000,16693124,0,0.0000,n/a,20,1.417975426e-02,1177.2506,9243.6017,288.8626,217.8024,0,0,0,6.759317416976e+00,1,1.000000,1,sumfact,on,on,0,0,0,0,1,,,0.000,,,,,,,
residual_rc_bnd_dt_n160,nid006538,hex8,residual,atomic,atomic,sumfact,affine,0.000000e+00,72,0,160,4173281,4096000,16693124,0,0.0000,n/a,20,3.128184080e-02,533.6362,4190.0347,130.9386,98.7277,0,0,0,6.759324573300e+00,1,1.000000,1,sumfact,on,on,0,0,0,0,1,,,0.000,,,,,,,
residual_rc_perapply_n160,nid006538,hex8,residual,packed,packed,sumfact,affine,0.000000e+00,72,2048,160,4173281,4096000,16693124,0,0.0000,n/a,20,1.435154676e-02,1163.1585,9132.9529,285.4048,215.1952,0,0,0,-7.066434026468e-14,1,1.000000,0,sumfact,on,off,0,1,0,0,0,,,0.000,,,,,,,
residual_rc_perapply_n160,nid006538,hex8,residual,atomic,atomic,sumfact,affine,0.000000e+00,72,0,160,4173281,4096000,16693124,0,0.0000,n/a,20,3.988468647e-02,418.5347,3286.2738,102.6961,77.4328,0,0,0,-7.449527377346e-14,1,1.000000,0,sumfact,on,off,0,1,0,0,0,,,0.000,,,,,,,
jac_rc_n160,nid006538,hex8,jac_action,packed,packed,sumfact,affine,0.000000e+00,72,2048,160,4173281,4096000,16693124,0,0.0000,n/a,20,1.905138493e-02,876.2158,6879.9198,214.9975,182.7479,0,0,0,-5.547403831327e-13,1,1.000000,0,n/a,exact,off,1,0,0,0,0,3.284556800e-03,0.172405,0.000,,,,,,,
jac_rc_n160,nid006538,hex8,jac_action,atomic,atomic,sumfact,affine,0.000000e+00,72,0,160,4173281,4096000,16693124,0,0.0000,n/a,20,3.938746452e-02,423.8182,3327.7593,103.9925,88.3936,0,0,0,-5.509523908062e-13,1,1.000000,0,n/a,exact,off,1,0,0,0,0,3.005312000e-03,0.076301,0.000,,,,,,,
jac_rc_bnd_n160,nid006538,hex8,jac_action,packed,packed,sumfact,affine,0.000000e+00,72,2048,160,4173281,4096000,16693124,0,0.0000,n/a,20,2.017152309e-02,827.5589,6497.8732,203.0585,172.5998,0,0,0,5.046148336219e+00,1,1.000000,1,n/a,exact,on,1,0,0,0,0,3.257958400e-03,0.161513,0.000,,,,,,,
jac_rc_bnd_n160,nid006538,hex8,jac_action,atomic,atomic,sumfact,affine,0.000000e+00,72,0,160,4173281,4096000,16693124,0,0.0000,n/a,20,4.069931507e-02,410.1574,3220.4965,100.6405,85.5444,0,0,0,5.046148336219e+00,1,1.000000,1,n/a,exact,on,1,0,0,0,0,3.205568000e-03,0.078762,0.000,,,,,,,
assemble_n160,nid006538,hex8,assemble,packed,packed,sumfact,affine,0.000000e+00,72,2048,160,4173281,4096000,16693124,111284641,13584.5509,f64,20,3.001487851e-01,55.6162,436.6901,13.6466,31.4417,0,0,0,1.165429404451e-08,0,0.000000,0,sumfact,off,off,0,0,0,0,0,,,0.000,,,,,,,
assemble_n160,nid006538,hex8,assemble,atomic,atomic,sumfact,affine,0.000000e+00,72,0,160,4173281,4096000,16693124,111284641,13584.5509,f64,20,4.333561182e-01,38.5206,302.4579,9.4518,21.7770,0,0,0,1.164916721901e-08,0,0.000000,0,sumfact,off,off,0,0,0,0,0,,,0.000,,,,,,,
assemble_n160,nid006538,hex8,assemble,colored,colored,sumfact,affine,0.000000e+00,72,2048,160,4173281,4096000,16693124,111284641,13584.5509,f64,20,1.570334435e-01,106.3030,834.6757,26.0836,60.0967,20,99,101,1.165426806529e-08,0,0.000000,0,sumfact,off,off,0,0,0,0,0,,,0.000,,,,,,,
assemble_n160,nid006538,hex8,assemble,store,store,sumfact,affine,0.000000e+00,72,2048,160,4173281,4096000,16693124,111284641,13584.5509,f64,20,2.284521937e-01,73.0705,573.7393,17.9294,41.3092,0,0,0,1.165429404451e-08,0,0.000000,0,sumfact,off,off,0,0,0,0,0,,,0.000,,,,,,,
assemble_sympy_n160,nid006538,hex8,assemble,atomic,atomic,sympy,affine,0.000000e+00,72,0,160,4173281,4096000,16693124,111284641,13584.5509,f64,20,3.032947421e-01,55.0393,432.1605,13.5050,31.1156,0,0,0,1.167343591505e-08,0,0.000000,0,sympy,off,off,0,0,0,0,0,,,0.000,,,,,,,
assemble_sympy_n160,nid006538,hex8,assemble,colored,colored,sympy,affine,0.000000e+00,72,2048,160,4173281,4096000,16693124,111284641,13584.5509,f64,20,1.669550896e-01,99.9857,785.0734,24.5335,56.5253,20,99,101,1.168506756832e-08,0,0.000000,0,sympy,off,off,0,0,0,0,0,,,0.000,,,,,,,
assemble_diag_n160,nid006538,hex8,assemble_diag,atomic,atomic,sumfact,affine,0.000000e+00,72,0,160,4173281,4096000,16693124,0,0.0000,n/a,20,1.474737763e-01,113.1938,888.7817,27.7744,20.9419,0,0,0,2.371982944015e+03,0,0.000000,0,n/a,off,off,0,0,0,0,0,,,0.000,,,,,,,
spmv_f64_n160,nid006538,hex8,bsr_apply,packed,n/a,sumfact,affine,0.000000e+00,72,2048,160,4173281,4096000,16693124,111284641,13584.5509,f64,20,3.836469650e-02,435.1168,0.0000,0.0000,0.0000,0,0,0,7.157881465282e-13,0,0.000000,0,n/a,off,off,0,0,0,0,0,,,0.000,,,,,,,
spmv_f32_n160,nid006538,hex8,bsr_apply,packed,n/a,sumfact,affine,0.000000e+00,72,2048,160,4173281,4096000,16693124,111284641,6792.2755,f32,20,1.877081394e-02,889.3127,0.0000,0.0000,0.0000,0,0,0,4.118532892879e-05,0,0.000000,0,n/a,off,off,0,0,0,0,0,,,0.000,,,,,,,
residual_bare_n192,nid006538,hex8,residual,packed,packed,sumfact,affine,0.000000e+00,72,2048,192,7189057,7077888,28756228,0,0.0000,n/a,20,1.107571125e-02,2596.3324,20449.4692,639.0459,481.8406,0,0,0,-1.637644013452e-14,0,0.000000,0,sumfact,off,off,0,0,0,0,0,,,0.000,,,,,,,
residual_bare_n192,nid006538,hex8,residual,atomic,atomic,sumfact,affine,0.000000e+00,72,0,192,7189057,7077888,28756228,0,0.0000,n/a,20,3.459910154e-02,831.1264,6546.1936,204.5685,154.2447,0,0,0,-1.625251582621e-14,0,0.000000,0,sumfact,off,off,0,0,0,0,0,,,0.000,,,,,,,
jac_bare_n192,nid006538,hex8,jac_action,packed,packed,sumfact,affine,0.000000e+00,72,2048,192,7189057,7077888,28756228,0,0.0000,n/a,20,1.506656408e-02,1908.6122,15032.7848,469.7745,399.3083,0,0,0,2.364980412027e-11,0,0.000000,0,n/a,off,off,0,0,0,0,0,,,0.000,,,,,,,
jac_bare_n192,nid006538,hex8,jac_action,atomic,atomic,sumfact,affine,0.000000e+00,72,0,192,7189057,7077888,28756228,0,0.0000,n/a,20,3.500051498e-02,821.5944,6471.1167,202.2224,171.8890,0,0,0,2.370846842958e-11,0,0.000000,0,n/a,off,off,0,0,0,0,0,,,0.000,,,,,,,
residual_current_n192,nid006538,hex8,residual,atomic,atomic,current,affine,0.000000e+00,72,0,192,7189057,7077888,28756228,0,0.0000,n/a,20,3.319491148e-02,866.2842,6823.1065,213.2221,160.7694,0,0,0,-1.950513589619e-14,0,0.000000,0,current,off,off,0,0,0,0,0,,,0.000,,,,,,,
residual_current_n192,nid006538,hex8,residual,packed,packed,current,affine,0.000000e+00,72,2048,192,7189057,7077888,28756228,0,0.0000,n/a,20,1.358672380e-02,2116.4946,16670.1273,520.9415,392.7899,0,0,0,-1.793000698001e-14,0,0.000000,0,current,off,off,0,0,0,0,0,,,0.000,,,,,,,
residual_rc_n192,nid006538,hex8,residual,packed,packed,sumfact,affine,0.000000e+00,72,2048,192,7189057,7077888,28756228,0,0.0000,n/a,20,2.091914415e-02,1374.6369,10827.0403,338.3450,255.1121,0,0,0,-1.538764775322e-14,1,1.000000,0,sumfact,on,off,0,0,0,0,0,,,0.000,,,,,,,
residual_rc_n192,nid006538,hex8,residual,atomic,atomic,sumfact,affine,0.000000e+00,72,0,192,7189057,7077888,28756228,0,0.0000,n/a,20,4.984867573e-02,576.8705,4543.5995,141.9875,107.0586,0,0,0,-1.622822969755e-14,1,1.000000,0,sumfact,on,off,0,0,0,0,0,,,0.000,,,,,,,
residual_rc_bnd_n192,nid006538,hex8,residual,packed,packed,sumfact,affine,0.000000e+00,72,2048,192,7189057,7077888,28756228,0,0.0000,n/a,20,2.209117413e-02,1301.7066,10252.6201,320.3944,241.5774,0,0,0,3.727500000000e+00,1,1.000000,1,sumfact,on,on,0,0,0,0,0,,,0.000,,,,,,,
residual_rc_bnd_n192,nid006538,hex8,residual,atomic,atomic,sumfact,affine,0.000000e+00,72,0,192,7189057,7077888,28756228,0,0.0000,n/a,20,5.080085993e-02,566.0579,4458.4367,139.3261,105.0519,0,0,0,3.727500000000e+00,1,1.000000,1,sumfact,on,on,0,0,0,0,0,,,0.000,,,,,,,
residual_rc_bnd_dt_n192,nid006538,hex8,residual,packed,packed,sumfact,affine,0.000000e+00,72,2048,192,7189057,7077888,28756228,0,0.0000,n/a,20,2.375009060e-02,1210.7839,9536.4864,298.0152,224.7035,0,0,0,6.759362918358e+00,1,1.000000,1,sumfact,on,on,0,0,0,0,1,,,0.000,,,,,,,
residual_rc_bnd_dt_n192,nid006538,hex8,residual,atomic,atomic,sumfact,affine,0.000000e+00,72,0,192,7189057,7077888,28756228,0,0.0000,n/a,20,5.272279978e-02,545.4230,4295.9103,134.2472,101.2224,0,0,0,6.759309506134e+00,1,1.000000,1,sumfact,on,on,0,0,0,0,1,,,0.000,,,,,,,
residual_rc_perapply_n192,nid006538,hex8,residual,packed,packed,sumfact,affine,0.000000e+00,72,2048,192,7189057,7077888,28756228,0,0.0000,n/a,20,2.452479601e-02,1172.5369,9235.2416,288.6013,217.6054,0,0,0,-1.538764775322e-14,1,1.000000,0,sumfact,on,off,0,1,0,0,0,,,0.000,,,,,,,
residual_rc_perapply_n192,nid006538,hex8,residual,atomic,atomic,sumfact,affine,0.000000e+00,72,0,192,7189057,7077888,28756228,0,0.0000,n/a,20,6.684228182e-02,430.2101,3388.4603,105.8894,79.8406,0,0,0,-1.622822969755e-14,1,1.000000,0,sumfact,on,off,0,1,0,0,0,,,0.000,,,,,,,
jac_rc_n192,nid006538,hex8,jac_action,packed,packed,sumfact,affine,0.000000e+00,72,2048,192,7189057,7077888,28756228,0,0.0000,n/a,20,3.146662712e-02,913.8643,7197.8612,224.9332,191.1932,0,0,0,1.535864016126e-12,1,1.000000,0,n/a,exact,off,1,0,0,0,0,5.500736000e-03,0.174812,0.000,,,,,,,
jac_rc_n192,nid006538,hex8,jac_action,atomic,atomic,sumfact,affine,0.000000e+00,72,0,192,7189057,7077888,28756228,0,0.0000,n/a,20,7.019612789e-02,409.6555,3226.5657,100.8302,85.7057,0,0,0,1.553785871261e-12,1,1.000000,0,n/a,exact,off,1,0,0,0,0,5.300710400e-03,0.075513,0.000,,,,,,,
jac_rc_bnd_n192,nid006538,hex8,jac_action,packed,packed,sumfact,affine,0.000000e+00,72,2048,192,7189057,7077888,28756228,0,0.0000,n/a,20,3.362675905e-02,855.1591,6735.4816,210.4838,178.9112,0,0,0,5.046108211775e+00,1,1.000000,1,n/a,exact,on,1,0,0,0,0,5.675686400e-03,0.168785,0.000,,,,,,,
jac_rc_bnd_n192,nid006538,hex8,jac_action,atomic,atomic,sumfact,affine,0.000000e+00,72,0,192,7189057,7077888,28756228,0,0.0000,n/a,20,6.969279051e-02,412.6141,3249.8687,101.5584,86.3246,0,0,0,5.046108211775e+00,1,1.000000,1,n/a,exact,on,1,0,0,0,0,5.333324800e-03,0.076526,0.000,,,,,,,
assemble_n192,nid006538,hex8,assemble,packed,packed,sumfact,affine,0.000000e+00,72,2048,192,7189057,7077888,28756228,192100033,23449.7111,f64,20,1.121181703e+00,25.6481,202.0122,6.3129,14.5449,0,0,0,2.591725771935e-09,0,0.000000,0,sumfact,off,off,0,0,0,0,0,,,0.000,,,,,,,
assemble_n192,nid006538,hex8,assemble,atomic,atomic,sumfact,affine,0.000000e+00,72,0,192,7189057,7077888,28756228,192100033,23449.7111,f64,20,7.506274343e-01,38.3096,301.7375,9.4293,21.7251,0,0,0,2.591521534265e-09,0,0.000000,0,sumfact,off,off,0,0,0,0,0,,,0.000,,,,,,,
assemble_n192,nid006538,hex8,assemble,colored,colored,sumfact,affine,0.000000e+00,72,2048,192,7189057,7077888,28756228,192100033,23449.7111,f64,20,2.619390965e-01,109.7821,864.6759,27.0211,62.2567,20,172,173,2.591710339835e-09,0,0.000000,0,sumfact,off,off,0,0,0,0,0,,,0.000,,,,,,,
assemble_n192,nid006538,hex8,assemble,store,store,sumfact,affine,0.000000e+00,72,2048,192,7189057,7077888,28756228,192100033,23449.7111,f64,20,3.848072767e-01,74.7289,588.5866,18.3933,42.3782,0,0,0,2.591725771935e-09,0,0.000000,0,sumfact,off,off,0,0,0,0,0,,,0.000,,,,,,,
assemble_sympy_n192,nid006538,hex8,assemble,atomic,atomic,sympy,affine,0.000000e+00,72,0,192,7189057,7077888,28756228,192100033,23449.7111,f64,20,5.246943951e-01,54.8057,431.6654,13.4895,31.0799,0,0,0,2.579395400885e-09,0,0.000000,0,sympy,off,off,0,0,0,0,0,,,0.000,,,,,,,
assemble_sympy_n192,nid006538,hex8,assemble,colored,colored,sympy,affine,0.000000e+00,72,2048,192,7189057,7077888,28756228,192100033,23449.7111,f64,20,2.721619129e-01,105.6585,832.1973,26.0062,59.9182,20,172,173,2.579494394832e-09,0,0.000000,0,sympy,off,off,0,0,0,0,0,,,0.000,,,,,,,
assemble_diag_n192,nid006538,hex8,assemble_diag,atomic,atomic,sumfact,affine,0.000000e+00,72,0,192,7189057,7077888,28756228,0,0.0000,n/a,20,2.543374896e-01,113.0633,890.5192,27.8287,20.9829,0,0,0,3.215019675301e+03,0,0.000000,0,n/a,off,off,0,0,0,0,0,,,0.000,,,,,,,
